{
"type": "FeatureCollection",
"name": "bike_stations",
"crs": { "type": "name", "properties": { "name": "urn:ogc:def:crs:OGC:1.3:CRS84" } },
"features": [
{ "type": "Feature", "properties": { "station_id": "Bains des Pâquis", "name": "Bains des Pâquis", "short_name": "", "lat": 46.2112069, "lon": 6.1526709, "address": "", "capacity": null, "region_id": "", "rental_methods": null, "has_kiosk": null, "history": [ ] }, "geometry": { "type": "Point", "coordinates": [ 6.1526709, 46.2112069 ] } },
{ "type": "Feature", "properties": { "station_id": "Genève Cornavin", "name": "Genève Cornavin", "short_name": "", "lat": 46.2093526, "lon": 6.1425051, "address": "", "capacity": null, "region_id": "", "rental_methods": null, "has_kiosk": null, "history": [ ] }, "geometry": { "type": "Point", "coordinates": [ 6.1425051, 46.2093526 ] } },
{ "type": "Feature", "properties": { "station_id": "Baby-Plage", "name": "Baby-Plage", "short_name": "", "lat": 46.2080538, "lon": 6.1634415, "address": "", "capacity": null, "region_id": "", "rental_methods": null, "has_kiosk": null, "history": [ ] }, "geometry": { "type": "Point", "coordinates": [ 6.1634415, 46.2080538 ] } },
{ "type": "Feature", "properties": { "station_id": "P+R Genève-Plage", "name": "P+R Genève-Plage", "short_name": "", "lat": 46.2128125, "lon": 6.1738125, "address": "", "capacity": null, "region_id": "", "rental_methods": null, "has_kiosk": null, "history": [ ] }, "geometry": { "type": "Point", "coordinates": [ 6.1738125, 46.2128125 ] } },
{ "type": "Feature", "properties": { "station_id": "Rue de la Confédération 2", "name": "Rue de la Confédération 2", "short_name": "", "lat": 46.2038067, "lon": 6.1433116, "address": "", "capacity": null, "region_id": "", "rental_methods": null, "has_kiosk": null, "history": [ ] }, "geometry": { "type": "Point", "coordinates": [ 6.1433116, 46.2038067 ] } },
{ "type": "Feature", "properties": { "station_id": "Jonction", "name": "Jonction", "short_name": "", "lat": 46.2009968, "lon": 6.13053, "address": "", "capacity": null, "region_id": "", "rental_methods": null, "has_kiosk": null, "history": [ ] }, "geometry": { "type": "Point", "coordinates": [ 6.13053, 46.2009968 ] } },
{ "type": "Feature", "properties": { "station_id": "Pont Mont Blanc S", "name": "Pont Mont Blanc S", "short_name": "", "lat": 46.2041793, "lon": 6.149528, "address": "", "capacity": null, "region_id": "", "rental_methods": null, "has_kiosk": null, "history": [ ] }, "geometry": { "type": "Point", "coordinates": [ 6.149528, 46.2041793 ] } },
{ "type": "Feature", "properties": { "station_id": "Gare Lancy Pont-Rouge", "name": "Gare Lancy Pont-Rouge", "short_name": "", "lat": 46.1877149, "lon": 6.1270083, "address": "", "capacity": null, "region_id": "", "rental_methods": null, "has_kiosk": null, "history": [ ] }, "geometry": { "type": "Point", "coordinates": [ 6.1270083, 46.1877149 ] } },
{ "type": "Feature", "properties": { "station_id": "Gare Cornavin Montbrillant", "name": "Gare Cornavin Montbrillant", "short_name": "", "lat": 46.2099986, "lon": 6.1406665, "address": "", "capacity": null, "region_id": "", "rental_methods": null, "has_kiosk": null, "history": [ ] }, "geometry": { "type": "Point", "coordinates": [ 6.1406665, 46.2099986 ] } },
{ "type": "Feature", "properties": { "station_id": "Rhône Quai général Guisan", "name": "Rhône Quai général Guisan", "short_name": "", "lat": 46.2046831, "lon": 6.147013, "address": "", "capacity": null, "region_id": "", "rental_methods": null, "has_kiosk": null, "history": [ ] }, "geometry": { "type": "Point", "coordinates": [ 6.147013, 46.2046831 ] } },
{ "type": "Feature", "properties": { "station_id": "Place St-Gervais", "name": "Place St-Gervais", "short_name": "", "lat": 46.2057147, "lon": 6.1427931, "address": "", "capacity": null, "region_id": "", "rental_methods": null, "has_kiosk": null, "history": [ ] }, "geometry": { "type": "Point", "coordinates": [ 6.1427931, 46.2057147 ] } },
{ "type": "Feature", "properties": { "station_id": "Cité Universitaire (hub mob)", "name": "Cité Universitaire (hub mob)", "short_name": "", "lat": 46.1870167, "lon": 6.1594558, "address": "", "capacity": null, "region_id": "", "rental_methods": null, "has_kiosk": null, "history": [ ] }, "geometry": { "type": "Point", "coordinates": [ 6.1594558, 46.1870167 ] } },
{ "type": "Feature", "properties": { "station_id": "La Praille", "name": "La Praille", "short_name": "", "lat": 46.1801691, "lon": 6.1285301, "address": "", "capacity": null, "region_id": "", "rental_methods": null, "has_kiosk": null, "history": [ ] }, "geometry": { "type": "Point", "coordinates": [ 6.1285301, 46.1801691 ] } },
{ "type": "Feature", "properties": { "station_id": "Augustins", "name": "Augustins", "short_name": "", "lat": 46.1915882, "lon": 6.1444798, "address": "", "capacity": null, "region_id": "", "rental_methods": null, "has_kiosk": null, "history": [ ] }, "geometry": { "type": "Point", "coordinates": [ 6.1444798, 46.1915882 ] } },
{ "type": "Feature", "properties": { "station_id": "Lancy-Bachet-Gare (hub mob)", "name": "Lancy-Bachet-Gare (hub mob)", "short_name": "", "lat": 46.1739743, "lon": 6.1299527, "address": "", "capacity": null, "region_id": "", "rental_methods": null, "has_kiosk": null, "history": [ ] }, "geometry": { "type": "Point", "coordinates": [ 6.1299527, 46.1739743 ] } },
{ "type": "Feature", "properties": { "station_id": "Maraîchers 46", "name": "Maraîchers 46", "short_name": "", "lat": 46.1974694, "lon": 6.1383047, "address": "", "capacity": null, "region_id": "", "rental_methods": null, "has_kiosk": null, "history": [ ] }, "geometry": { "type": "Point", "coordinates": [ 6.1383047, 46.1974694 ] } },
{ "type": "Feature", "properties": { "station_id": "Uni Mail", "name": "Uni Mail", "short_name": "", "lat": 46.1953993, "lon": 6.1406472, "address": "", "capacity": null, "region_id": "", "rental_methods": null, "has_kiosk": null, "history": [ ] }, "geometry": { "type": "Point", "coordinates": [ 6.1406472, 46.1953993 ] } },
{ "type": "Feature", "properties": { "station_id": "Gare des Eaux-Vives 1 (hub mob)", "name": "Gare des Eaux-Vives 1 (hub mob)", "short_name": "", "lat": 46.2006875, "lon": 6.1663125, "address": "", "capacity": null, "region_id": "", "rental_methods": null, "has_kiosk": null, "history": [ ] }, "geometry": { "type": "Point", "coordinates": [ 6.1663125, 46.2006875 ] } },
{ "type": "Feature", "properties": { "station_id": "Jean Violette", "name": "Jean Violette", "short_name": "", "lat": 46.1940149, "lon": 6.1438287, "address": "", "capacity": null, "region_id": "", "rental_methods": null, "has_kiosk": null, "history": [ ] }, "geometry": { "type": "Point", "coordinates": [ 6.1438287, 46.1940149 ] } },
{ "type": "Feature", "properties": { "station_id": "Gare de Champel - Dumas", "name": "Gare de Champel - Dumas", "short_name": "", "lat": 46.1923125, "lon": 6.1541875, "address": "", "capacity": null, "region_id": "", "rental_methods": null, "has_kiosk": null, "history": [ ] }, "geometry": { "type": "Point", "coordinates": [ 6.1541875, 46.1923125 ] } },
{ "type": "Feature", "properties": { "station_id": "Rue de la Navigation", "name": "Rue de la Navigation", "short_name": "", "lat": 46.2115266, "lon": 6.1495787, "address": "", "capacity": null, "region_id": "", "rental_methods": null, "has_kiosk": null, "history": [ ] }, "geometry": { "type": "Point", "coordinates": [ 6.1495787, 46.2115266 ] } },
{ "type": "Feature", "properties": { "station_id": "Rive", "name": "Rive", "short_name": "", "lat": 46.2014375, "lon": 6.1530625, "address": "", "capacity": null, "region_id": "", "rental_methods": null, "has_kiosk": null, "history": [ ] }, "geometry": { "type": "Point", "coordinates": [ 6.1530625, 46.2014375 ] } },
{ "type": "Feature", "properties": { "station_id": "Leschot", "name": "Leschot", "short_name": "", "lat": 46.1965365, "lon": 6.1432303, "address": "", "capacity": null, "region_id": "", "rental_methods": null, "has_kiosk": null, "history": [ ] }, "geometry": { "type": "Point", "coordinates": [ 6.1432303, 46.1965365 ] } },
{ "type": "Feature", "properties": { "station_id": "Rue du Nant 12", "name": "Rue du Nant 12", "short_name": "", "lat": 46.2023981, "lon": 6.1607241, "address": "", "capacity": null, "region_id": "", "rental_methods": null, "has_kiosk": null, "history": [ ] }, "geometry": { "type": "Point", "coordinates": [ 6.1607241, 46.2023981 ] } },
{ "type": "Feature", "properties": { "station_id": "Pharma 24", "name": "Pharma 24", "short_name": "", "lat": 46.192095, "lon": 6.1467022, "address": "", "capacity": null, "region_id": "", "rental_methods": null, "has_kiosk": null, "history": [ ] }, "geometry": { "type": "Point", "coordinates": [ 6.1467022, 46.192095 ] } },
{ "type": "Feature", "properties": { "station_id": "Carouge Rondeau", "name": "Carouge Rondeau", "short_name": "", "lat": 46.1803125, "lon": 6.1390625, "address": "", "capacity": null, "region_id": "", "rental_methods": null, "has_kiosk": null, "history": [ ] }, "geometry": { "type": "Point", "coordinates": [ 6.1390625, 46.1803125 ] } },
{ "type": "Feature", "properties": { "station_id": "Palladium", "name": "Palladium", "short_name": "", "lat": 46.2030625, "lon": 6.1340625, "address": "", "capacity": null, "region_id": "", "rental_methods": null, "has_kiosk": null, "history": [ ] }, "geometry": { "type": "Point", "coordinates": [ 6.1340625, 46.2030625 ] } },
{ "type": "Feature", "properties": { "station_id": "31 Décembre 6", "name": "31 Décembre 6", "short_name": "", "lat": 46.2053158, "lon": 6.1578497, "address": "", "capacity": null, "region_id": "", "rental_methods": null, "has_kiosk": null, "history": [ ] }, "geometry": { "type": "Point", "coordinates": [ 6.1578497, 46.2053158 ] } },
{ "type": "Feature", "properties": { "station_id": "Rond-Point de Rive", "name": "Rond-Point de Rive", "short_name": "", "lat": 46.2016212, "lon": 6.1538102, "address": "", "capacity": null, "region_id": "", "rental_methods": null, "has_kiosk": null, "history": [ ] }, "geometry": { "type": "Point", "coordinates": [ 6.1538102, 46.2016212 ] } },
{ "type": "Feature", "properties": { "station_id": "Place de la Fusterie", "name": "Place de la Fusterie", "short_name": "", "lat": 46.2041587, "lon": 6.1460944, "address": "", "capacity": null, "region_id": "", "rental_methods": null, "has_kiosk": null, "history": [ ] }, "geometry": { "type": "Point", "coordinates": [ 6.1460944, 46.2041587 ] } },
{ "type": "Feature", "properties": { "station_id": "Place du Cirque", "name": "Place du Cirque", "short_name": "", "lat": 46.2011859, "lon": 6.1398463, "address": "", "capacity": null, "region_id": "", "rental_methods": null, "has_kiosk": null, "history": [ ] }, "geometry": { "type": "Point", "coordinates": [ 6.1398463, 46.2011859 ] } },
{ "type": "Feature", "properties": { "station_id": "Lausanne 137", "name": "Lausanne 137", "short_name": "", "lat": 46.2223895, "lon": 6.1490149, "address": "", "capacity": null, "region_id": "", "rental_methods": null, "has_kiosk": null, "history": [ ] }, "geometry": { "type": "Point", "coordinates": [ 6.1490149, 46.2223895 ] } },
{ "type": "Feature", "properties": { "station_id": "Av. De la Jonction", "name": "Av. De la Jonction", "short_name": "", "lat": 46.2012492, "lon": 6.1282267, "address": "", "capacity": null, "region_id": "", "rental_methods": null, "has_kiosk": null, "history": [ ] }, "geometry": { "type": "Point", "coordinates": [ 6.1282267, 46.2012492 ] } },
{ "type": "Feature", "properties": { "station_id": "Terrassières", "name": "Terrassières", "short_name": "", "lat": 46.2012952, "lon": 6.1558235, "address": "", "capacity": null, "region_id": "", "rental_methods": null, "has_kiosk": null, "history": [ ] }, "geometry": { "type": "Point", "coordinates": [ 6.1558235, 46.2012952 ] } },
{ "type": "Feature", "properties": { "station_id": "Chaponnière", "name": "Chaponnière", "short_name": "", "lat": 46.2089975, "lon": 6.1443209, "address": "", "capacity": null, "region_id": "", "rental_methods": null, "has_kiosk": null, "history": [ ] }, "geometry": { "type": "Point", "coordinates": [ 6.1443209, 46.2089975 ] } },
{ "type": "Feature", "properties": { "station_id": "Gravière", "name": "Gravière", "short_name": "", "lat": 46.1969002, "lon": 6.129928, "address": "", "capacity": null, "region_id": "", "rental_methods": null, "has_kiosk": null, "history": [ ] }, "geometry": { "type": "Point", "coordinates": [ 6.129928, 46.1969002 ] } },
{ "type": "Feature", "properties": { "station_id": "Gare Chêne Bourg", "name": "Gare Chêne Bourg", "short_name": "", "lat": 46.1968767, "lon": 6.1951589, "address": "", "capacity": null, "region_id": "", "rental_methods": null, "has_kiosk": null, "history": [ ] }, "geometry": { "type": "Point", "coordinates": [ 6.1951589, 46.1968767 ] } },
{ "type": "Feature", "properties": { "station_id": "Dancet 1", "name": "Dancet 1", "short_name": "", "lat": 46.1945202, "lon": 6.1418347, "address": "", "capacity": null, "region_id": "", "rental_methods": null, "has_kiosk": null, "history": [ ] }, "geometry": { "type": "Point", "coordinates": [ 6.1418347, 46.1945202 ] } },
{ "type": "Feature", "properties": { "station_id": "Jean-Jaquet", "name": "Jean-Jaquet", "short_name": "", "lat": 46.2138681, "lon": 6.1511388, "address": "", "capacity": null, "region_id": "", "rental_methods": null, "has_kiosk": null, "history": [ ] }, "geometry": { "type": "Point", "coordinates": [ 6.1511388, 46.2138681 ] } },
{ "type": "Feature", "properties": { "station_id": "Roi-Victor-Amé 3", "name": "Roi-Victor-Amé 3", "short_name": "", "lat": 46.1853056, "lon": 6.1418333, "address": "", "capacity": null, "region_id": "", "rental_methods": null, "has_kiosk": null, "history": [ ] }, "geometry": { "type": "Point", "coordinates": [ 6.1418333, 46.1853056 ] } },
{ "type": "Feature", "properties": { "station_id": "Place des Eaux-Vives", "name": "Place des Eaux-Vives", "short_name": "", "lat": 46.2023076, "lon": 6.1563643, "address": "", "capacity": null, "region_id": "", "rental_methods": null, "has_kiosk": null, "history": [ ] }, "geometry": { "type": "Point", "coordinates": [ 6.1563643, 46.2023076 ] } },
{ "type": "Feature", "properties": { "station_id": "Pont de la Machine", "name": "Pont de la Machine", "short_name": "", "lat": 46.2064075, "lon": 6.1447417, "address": "", "capacity": null, "region_id": "", "rental_methods": null, "has_kiosk": null, "history": [ ] }, "geometry": { "type": "Point", "coordinates": [ 6.1447417, 46.2064075 ] } },
{ "type": "Feature", "properties": { "station_id": "Eaux-Vives 2000", "name": "Eaux-Vives 2000", "short_name": "", "lat": 46.2004779, "lon": 6.1594871, "address": "", "capacity": null, "region_id": "", "rental_methods": null, "has_kiosk": null, "history": [ ] }, "geometry": { "type": "Point", "coordinates": [ 6.1594871, 46.2004779 ] } },
{ "type": "Feature", "properties": { "station_id": "P+R de la Paix", "name": "P+R de la Paix", "short_name": "", "lat": 46.2203492, "lon": 6.1477965, "address": "", "capacity": null, "region_id": "", "rental_methods": null, "has_kiosk": null, "history": [ ] }, "geometry": { "type": "Point", "coordinates": [ 6.1477965, 46.2203492 ] } },
{ "type": "Feature", "properties": { "station_id": "Rue Marguerite-Dellenbach", "name": "Rue Marguerite-Dellenbach", "short_name": "", "lat": 46.1978853, "lon": 6.1380616, "address": "", "capacity": null, "region_id": "", "rental_methods": null, "has_kiosk": null, "history": [ ] }, "geometry": { "type": "Point", "coordinates": [ 6.1380616, 46.1978853 ] } },
{ "type": "Feature", "properties": { "station_id": "Fribourg 2", "name": "Fribourg 2", "short_name": "", "lat": 46.2102549, "lon": 6.1449087, "address": "", "capacity": null, "region_id": "", "rental_methods": null, "has_kiosk": null, "history": [ ] }, "geometry": { "type": "Point", "coordinates": [ 6.1449087, 46.2102549 ] } },
{ "type": "Feature", "properties": { "station_id": "Carl-Vogt 20", "name": "Carl-Vogt 20", "short_name": "", "lat": 46.2003679, "lon": 6.1318601, "address": "", "capacity": null, "region_id": "", "rental_methods": null, "has_kiosk": null, "history": [ ] }, "geometry": { "type": "Point", "coordinates": [ 6.1318601, 46.2003679 ] } },
{ "type": "Feature", "properties": { "station_id": "Plantamour 22", "name": "Plantamour 22", "short_name": "", "lat": 46.2104074, "lon": 6.1498047, "address": "", "capacity": null, "region_id": "", "rental_methods": null, "has_kiosk": null, "history": [ ] }, "geometry": { "type": "Point", "coordinates": [ 6.1498047, 46.2104074 ] } },
{ "type": "Feature", "properties": { "station_id": "Jardin des Alpes", "name": "Jardin des Alpes", "short_name": "", "lat": 46.2080078, "lon": 6.1488421, "address": "", "capacity": null, "region_id": "", "rental_methods": null, "has_kiosk": null, "history": [ ] }, "geometry": { "type": "Point", "coordinates": [ 6.1488421, 46.2080078 ] } },
{ "type": "Feature", "properties": { "station_id": "P+R Bout-du-Monde", "name": "P+R Bout-du-Monde", "short_name": "", "lat": 46.181627, "lon": 6.1571528, "address": "", "capacity": null, "region_id": "", "rental_methods": null, "has_kiosk": null, "history": [ ] }, "geometry": { "type": "Point", "coordinates": [ 6.1571528, 46.181627 ] } },
{ "type": "Feature", "properties": { "station_id": "Quai de Cologny 1", "name": "Quai de Cologny 1", "short_name": "", "lat": 46.2150029, "lon": 6.1756257, "address": "", "capacity": null, "region_id": "", "rental_methods": null, "has_kiosk": null, "history": [ ] }, "geometry": { "type": "Point", "coordinates": [ 6.1756257, 46.2150029 ] } },
{ "type": "Feature", "properties": { "station_id": "Maternité", "name": "Maternité", "short_name": "", "lat": 46.191157, "lon": 6.14602, "address": "", "capacity": null, "region_id": "", "rental_methods": null, "has_kiosk": null, "history": [ ] }, "geometry": { "type": "Point", "coordinates": [ 6.14602, 46.191157 ] } },
{ "type": "Feature", "properties": { "station_id": "Plainpalais", "name": "Plainpalais", "short_name": "", "lat": 46.1995996, "lon": 6.141155, "address": "", "capacity": null, "region_id": "", "rental_methods": null, "has_kiosk": null, "history": [ ] }, "geometry": { "type": "Point", "coordinates": [ 6.141155, 46.1995996 ] } },
{ "type": "Feature", "properties": { "station_id": "Hôpital 1", "name": "Hôpital 1", "short_name": "", "lat": 46.1933165, "lon": 6.1475439, "address": "", "capacity": null, "region_id": "", "rental_methods": null, "has_kiosk": null, "history": [ ] }, "geometry": { "type": "Point", "coordinates": [ 6.1475439, 46.1933165 ] } },
{ "type": "Feature", "properties": { "station_id": "Rue du Prince", "name": "Rue du Prince", "short_name": "", "lat": 46.2031806, "lon": 6.1514251, "address": "", "capacity": null, "region_id": "", "rental_methods": null, "has_kiosk": null, "history": [ ] }, "geometry": { "type": "Point", "coordinates": [ 6.1514251, 46.2031806 ] } },
{ "type": "Feature", "properties": { "station_id": "Pré Jérôme", "name": "Pré Jérôme", "short_name": "", "lat": 46.1930898, "lon": 6.1449177, "address": "", "capacity": null, "region_id": "", "rental_methods": null, "has_kiosk": null, "history": [ ] }, "geometry": { "type": "Point", "coordinates": [ 6.1449177, 46.1930898 ] } },
{ "type": "Feature", "properties": { "station_id": "Rue de Carouge 3", "name": "Rue de Carouge 3", "short_name": "", "lat": 46.1972413, "lon": 6.1431529, "address": "", "capacity": null, "region_id": "", "rental_methods": null, "has_kiosk": null, "history": [ ] }, "geometry": { "type": "Point", "coordinates": [ 6.1431529, 46.1972413 ] } },
{ "type": "Feature", "properties": { "station_id": "L'Annexe", "name": "L'Annexe", "short_name": "", "lat": 46.2236673, "lon": 6.1484331, "address": "", "capacity": null, "region_id": "", "rental_methods": null, "has_kiosk": null, "history": [ ] }, "geometry": { "type": "Point", "coordinates": [ 6.1484331, 46.2236673 ] } },
{ "type": "Feature", "properties": { "station_id": "Gare de Champel - Hôpitaux", "name": "Gare de Champel - Hôpitaux", "short_name": "", "lat": 46.1929375, "lon": 6.1506875, "address": "", "capacity": null, "region_id": "", "rental_methods": null, "has_kiosk": null, "history": [ ] }, "geometry": { "type": "Point", "coordinates": [ 6.1506875, 46.1929375 ] } },
{ "type": "Feature", "properties": { "station_id": "Philosophes", "name": "Philosophes", "short_name": "", "lat": 46.1969609, "lon": 6.1452873, "address": "", "capacity": null, "region_id": "", "rental_methods": null, "has_kiosk": null, "history": [ ] }, "geometry": { "type": "Point", "coordinates": [ 6.1452873, 46.1969609 ] } },
{ "type": "Feature", "properties": { "station_id": "Uni Dufour", "name": "Uni Dufour", "short_name": "", "lat": 46.1996601, "lon": 6.1429661, "address": "", "capacity": null, "region_id": "", "rental_methods": null, "has_kiosk": null, "history": [ ] }, "geometry": { "type": "Point", "coordinates": [ 6.1429661, 46.1996601 ] } },
{ "type": "Feature", "properties": { "station_id": "Rue d'Italie", "name": "Rue d'Italie", "short_name": "", "lat": 46.2027213, "lon": 6.1525064, "address": "", "capacity": null, "region_id": "", "rental_methods": null, "has_kiosk": null, "history": [ ] }, "geometry": { "type": "Point", "coordinates": [ 6.1525064, 46.2027213 ] } },
{ "type": "Feature", "properties": { "station_id": "HEG Tambourine 2", "name": "HEG Tambourine 2", "short_name": "", "lat": 46.1753433, "lon": 6.1390055, "address": "", "capacity": null, "region_id": "", "rental_methods": null, "has_kiosk": null, "history": [ ] }, "geometry": { "type": "Point", "coordinates": [ 6.1390055, 46.1753433 ] } },
{ "type": "Feature", "properties": { "station_id": "Hôpital 3 (hub mob)", "name": "Hôpital 3 (hub mob)", "short_name": "", "lat": 46.1948567, "lon": 6.1487596, "address": "", "capacity": null, "region_id": "", "rental_methods": null, "has_kiosk": null, "history": [ ] }, "geometry": { "type": "Point", "coordinates": [ 6.1487596, 46.1948567 ] } },
{ "type": "Feature", "properties": { "station_id": "Piscine Fontenette", "name": "Piscine Fontenette", "short_name": "", "lat": 46.1848543, "lon": 6.1501828, "address": "", "capacity": null, "region_id": "", "rental_methods": null, "has_kiosk": null, "history": [ ] }, "geometry": { "type": "Point", "coordinates": [ 6.1501828, 46.1848543 ] } },
{ "type": "Feature", "properties": { "station_id": "Carl-Vogt 80", "name": "Carl-Vogt 80", "short_name": "", "lat": 46.1963724, "lon": 6.1387761, "address": "", "capacity": null, "region_id": "", "rental_methods": null, "has_kiosk": null, "history": [ ] }, "geometry": { "type": "Point", "coordinates": [ 6.1387761, 46.1963724 ] } },
{ "type": "Feature", "properties": { "station_id": "Gare Thônex-Moillesulaz", "name": "Gare Thônex-Moillesulaz", "short_name": "", "lat": 46.1926476, "lon": 6.2068293, "address": "", "capacity": null, "region_id": "", "rental_methods": null, "has_kiosk": null, "history": [ ] }, "geometry": { "type": "Point", "coordinates": [ 6.2068293, 46.1926476 ] } },
{ "type": "Feature", "properties": { "station_id": "Piscine des Vernets", "name": "Piscine des Vernets", "short_name": "", "lat": 46.1941658, "lon": 6.1348118, "address": "", "capacity": null, "region_id": "", "rental_methods": null, "has_kiosk": null, "history": [ ] }, "geometry": { "type": "Point", "coordinates": [ 6.1348118, 46.1941658 ] } },
{ "type": "Feature", "properties": { "station_id": "Rue des Rois", "name": "Rue des Rois", "short_name": "", "lat": 46.2031888, "lon": 6.1377357, "address": "", "capacity": null, "region_id": "", "rental_methods": null, "has_kiosk": null, "history": [ ] }, "geometry": { "type": "Point", "coordinates": [ 6.1377357, 46.2031888 ] } },
{ "type": "Feature", "properties": { "station_id": "Plantaporrêts 4", "name": "Plantaporrêts 4", "short_name": "", "lat": 46.2024573, "lon": 6.1315325, "address": "", "capacity": null, "region_id": "", "rental_methods": null, "has_kiosk": null, "history": [ ] }, "geometry": { "type": "Point", "coordinates": [ 6.1315325, 46.2024573 ] } },
{ "type": "Feature", "properties": { "station_id": "Hôpital 2", "name": "Hôpital 2", "short_name": "", "lat": 46.1941134, "lon": 6.1484971, "address": "", "capacity": null, "region_id": "", "rental_methods": null, "has_kiosk": null, "history": [ ] }, "geometry": { "type": "Point", "coordinates": [ 6.1484971, 46.1941134 ] } },
{ "type": "Feature", "properties": { "station_id": "Sainte-Clotilde", "name": "Sainte-Clotilde", "short_name": "", "lat": 46.2012334, "lon": 6.1352668, "address": "", "capacity": null, "region_id": "", "rental_methods": null, "has_kiosk": null, "history": [ ] }, "geometry": { "type": "Point", "coordinates": [ 6.1352668, 46.2012334 ] } },
{ "type": "Feature", "properties": { "station_id": "Rue des Alpes", "name": "Rue des Alpes", "short_name": "", "lat": 46.209689, "lon": 6.1457237, "address": "", "capacity": null, "region_id": "", "rental_methods": null, "has_kiosk": null, "history": [ ] }, "geometry": { "type": "Point", "coordinates": [ 6.1457237, 46.209689 ] } },
{ "type": "Feature", "properties": { "station_id": "Pont du Mont-Blanc", "name": "Pont du Mont-Blanc", "short_name": "", "lat": 46.2069193, "lon": 6.1473036, "address": "", "capacity": null, "region_id": "", "rental_methods": null, "has_kiosk": null, "history": [ ] }, "geometry": { "type": "Point", "coordinates": [ 6.1473036, 46.2069193 ] } },
{ "type": "Feature", "properties": { "station_id": "Rue du Rhône 54", "name": "Rue du Rhône 54", "short_name": "", "lat": 46.2040222, "lon": 6.1481548, "address": "", "capacity": null, "region_id": "", "rental_methods": null, "has_kiosk": null, "history": [ ] }, "geometry": { "type": "Point", "coordinates": [ 6.1481548, 46.2040222 ] } },
{ "type": "Feature", "properties": { "station_id": "Rue de la Madeleine", "name": "Rue de la Madeleine", "short_name": "", "lat": 46.2023685, "lon": 6.1473478, "address": "", "capacity": null, "region_id": "", "rental_methods": null, "has_kiosk": null, "history": [ ] }, "geometry": { "type": "Point", "coordinates": [ 6.1473478, 46.2023685 ] } },
{ "type": "Feature", "properties": { "station_id": "Pictet de Rochemont 7", "name": "Pictet de Rochemont 7", "short_name": "", "lat": 46.2023365, "lon": 6.1576766, "address": "", "capacity": null, "region_id": "", "rental_methods": null, "has_kiosk": null, "history": [ ] }, "geometry": { "type": "Point", "coordinates": [ 6.1576766, 46.2023365 ] } },
{ "type": "Feature", "properties": { "station_id": "Rue des Bains 31", "name": "Rue des Bains 31", "short_name": "", "lat": 46.198606, "lon": 6.1371926, "address": "", "capacity": null, "region_id": "", "rental_methods": null, "has_kiosk": null, "history": [ ] }, "geometry": { "type": "Point", "coordinates": [ 6.1371926, 46.198606 ] } },
{ "type": "Feature", "properties": { "station_id": "Carouge Marché", "name": "Carouge Marché", "short_name": "", "lat": 46.1839255, "lon": 6.140532, "address": "", "capacity": null, "region_id": "", "rental_methods": null, "has_kiosk": null, "history": [ ] }, "geometry": { "type": "Point", "coordinates": [ 6.140532, 46.1839255 ] } },
{ "type": "Feature", "properties": { "station_id": "Dancet", "name": "Dancet", "short_name": "", "lat": 46.1936652, "lon": 6.1420419, "address": "", "capacity": null, "region_id": "", "rental_methods": null, "has_kiosk": null, "history": [ ] }, "geometry": { "type": "Point", "coordinates": [ 6.1420419, 46.1936652 ] } },
{ "type": "Feature", "properties": { "station_id": "Bourg de Four", "name": "Bourg de Four", "short_name": "", "lat": 46.2000917, "lon": 6.1484456, "address": "", "capacity": null, "region_id": "", "rental_methods": null, "has_kiosk": null, "history": [ ] }, "geometry": { "type": "Point", "coordinates": [ 6.1484456, 46.2000917 ] } },
{ "type": "Feature", "properties": { "station_id": "Quai des Forces-Motrices", "name": "Quai des Forces-Motrices", "short_name": "", "lat": 46.2041899, "lon": 6.139265, "address": "", "capacity": null, "region_id": "", "rental_methods": null, "has_kiosk": null, "history": [ ] }, "geometry": { "type": "Point", "coordinates": [ 6.139265, 46.2041899 ] } },
{ "type": "Feature", "properties": { "station_id": "Carl Vogt 66", "name": "Carl Vogt 66", "short_name": "", "lat": 46.1973313, "lon": 6.1369809, "address": "", "capacity": null, "region_id": "", "rental_methods": null, "has_kiosk": null, "history": [ ] }, "geometry": { "type": "Point", "coordinates": [ 6.1369809, 46.1973313 ] } },
{ "type": "Feature", "properties": { "station_id": "En Chardon (tpg_event)", "name": "En Chardon (tpg_event)", "short_name": "", "lat": 46.2234543, "lon": 6.0909951, "address": "", "capacity": null, "region_id": "", "rental_methods": null, "has_kiosk": null, "history": [ ] }, "geometry": { "type": "Point", "coordinates": [ 6.0909951, 46.2234543 ] } },
{ "type": "Feature", "properties": { "station_id": "Robert-Céard 10", "name": "Robert-Céard 10", "short_name": "", "lat": 46.2032448, "lon": 6.1488988, "address": "", "capacity": null, "region_id": "", "rental_methods": null, "has_kiosk": null, "history": [ ] }, "geometry": { "type": "Point", "coordinates": [ 6.1488988, 46.2032448 ] } },
{ "type": "Feature", "properties": { "station_id": "Ecole de Médecine 16", "name": "Ecole de Médecine 16", "short_name": "", "lat": 46.196533, "lon": 6.137587, "address": "", "capacity": null, "region_id": "", "rental_methods": null, "has_kiosk": null, "history": [ ] }, "geometry": { "type": "Point", "coordinates": [ 6.137587, 46.196533 ] } },
{ "type": "Feature", "properties": { "station_id": "Rue Gourgas", "name": "Rue Gourgas", "short_name": "", "lat": 46.1996679, "lon": 6.1370686, "address": "", "capacity": null, "region_id": "", "rental_methods": null, "has_kiosk": null, "history": [ ] }, "geometry": { "type": "Point", "coordinates": [ 6.1370686, 46.1996679 ] } },
{ "type": "Feature", "properties": { "station_id": "Théâtre Carouge", "name": "Théâtre Carouge", "short_name": "", "lat": 46.1813317, "lon": 6.1427941, "address": "", "capacity": null, "region_id": "", "rental_methods": null, "has_kiosk": null, "history": [ ] }, "geometry": { "type": "Point", "coordinates": [ 6.1427941, 46.1813317 ] } },
{ "type": "Feature", "properties": { "station_id": "Maison de la Paix", "name": "Maison de la Paix", "short_name": "", "lat": 46.2208506, "lon": 6.1430261, "address": "", "capacity": null, "region_id": "", "rental_methods": null, "has_kiosk": null, "history": [ ] }, "geometry": { "type": "Point", "coordinates": [ 6.1430261, 46.2208506 ] } },
{ "type": "Feature", "properties": { "station_id": "Parc des Eaux-Vives", "name": "Parc des Eaux-Vives", "short_name": "", "lat": 46.2093747, "lon": 6.1667147, "address": "", "capacity": null, "region_id": "", "rental_methods": null, "has_kiosk": null, "history": [ ] }, "geometry": { "type": "Point", "coordinates": [ 6.1667147, 46.2093747 ] } },
{ "type": "Feature", "properties": { "station_id": "Beth-Yaacov", "name": "Beth-Yaacov", "short_name": "", "lat": 46.2028401, "lon": 6.1414002, "address": "", "capacity": null, "region_id": "", "rental_methods": null, "has_kiosk": null, "history": [ ] }, "geometry": { "type": "Point", "coordinates": [ 6.1414002, 46.2028401 ] } },
{ "type": "Feature", "properties": { "station_id": "Geneva Hostel", "name": "Geneva Hostel", "short_name": "", "lat": 46.2147354, "lon": 6.1495471, "address": "", "capacity": null, "region_id": "", "rental_methods": null, "has_kiosk": null, "history": [ ] }, "geometry": { "type": "Point", "coordinates": [ 6.1495471, 46.2147354 ] } },
{ "type": "Feature", "properties": { "station_id": "Saint-Jean", "name": "Saint-Jean", "short_name": "", "lat": 46.2044247, "lon": 6.1257624, "address": "", "capacity": null, "region_id": "", "rental_methods": null, "has_kiosk": null, "history": [ ] }, "geometry": { "type": "Point", "coordinates": [ 6.1257624, 46.2044247 ] } },
{ "type": "Feature", "properties": { "station_id": "Vollandes 16", "name": "Vollandes 16", "short_name": "", "lat": 46.205223, "lon": 6.1602549, "address": "", "capacity": null, "region_id": "", "rental_methods": null, "has_kiosk": null, "history": [ ] }, "geometry": { "type": "Point", "coordinates": [ 6.1602549, 46.205223 ] } },
{ "type": "Feature", "properties": { "station_id": "Rue Blanche 9", "name": "Rue Blanche 9", "short_name": "", "lat": 46.1889796, "lon": 6.1441851, "address": "", "capacity": null, "region_id": "", "rental_methods": null, "has_kiosk": null, "history": [ ] }, "geometry": { "type": "Point", "coordinates": [ 6.1441851, 46.1889796 ] } },
{ "type": "Feature", "properties": { "station_id": "Carouge Armes", "name": "Carouge Armes", "short_name": "", "lat": 46.1867876, "lon": 6.1404857, "address": "", "capacity": null, "region_id": "", "rental_methods": null, "has_kiosk": null, "history": [ ] }, "geometry": { "type": "Point", "coordinates": [ 6.1404857, 46.1867876 ] } },
{ "type": "Feature", "properties": { "station_id": "Cherbuliez", "name": "Cherbuliez", "short_name": "", "lat": 46.2035996, "lon": 6.1586265, "address": "", "capacity": null, "region_id": "", "rental_methods": null, "has_kiosk": null, "history": [ ] }, "geometry": { "type": "Point", "coordinates": [ 6.1586265, 46.2035996 ] } },
{ "type": "Feature", "properties": { "station_id": "Rue du Grand Bureau 21", "name": "Rue du Grand Bureau 21", "short_name": "", "lat": 46.1898914, "lon": 6.1372298, "address": "", "capacity": null, "region_id": "", "rental_methods": null, "has_kiosk": null, "history": [ ] }, "geometry": { "type": "Point", "coordinates": [ 6.1372298, 46.1898914 ] } },
{ "type": "Feature", "properties": { "station_id": "Place Camoletti", "name": "Place Camoletti", "short_name": "", "lat": 46.2031314, "lon": 6.1555808, "address": "", "capacity": null, "region_id": "", "rental_methods": null, "has_kiosk": null, "history": [ ] }, "geometry": { "type": "Point", "coordinates": [ 6.1555808, 46.2031314 ] } },
{ "type": "Feature", "properties": { "station_id": "Rue de Berne 36", "name": "Rue de Berne 36", "short_name": "", "lat": 46.2111603, "lon": 6.1466122, "address": "", "capacity": null, "region_id": "", "rental_methods": null, "has_kiosk": null, "history": [ ] }, "geometry": { "type": "Point", "coordinates": [ 6.1466122, 46.2111603 ] } },
{ "type": "Feature", "properties": { "station_id": "Rue du Môle 31", "name": "Rue du Môle 31", "short_name": "", "lat": 46.2134789, "lon": 6.1458686, "address": "", "capacity": null, "region_id": "", "rental_methods": null, "has_kiosk": null, "history": [ ] }, "geometry": { "type": "Point", "coordinates": [ 6.1458686, 46.2134789 ] } },
{ "type": "Feature", "properties": { "station_id": "William-Favre 19", "name": "William-Favre 19", "short_name": "", "lat": 46.2054951, "lon": 6.1643652, "address": "", "capacity": null, "region_id": "", "rental_methods": null, "has_kiosk": null, "history": [ ] }, "geometry": { "type": "Point", "coordinates": [ 6.1643652, 46.2054951 ] } },
{ "type": "Feature", "properties": { "station_id": "Pont des Bergues", "name": "Pont des Bergues", "short_name": "", "lat": 46.2067751, "lon": 6.1464734, "address": "", "capacity": null, "region_id": "", "rental_methods": null, "has_kiosk": null, "history": [ ] }, "geometry": { "type": "Point", "coordinates": [ 6.1464734, 46.2067751 ] } },
{ "type": "Feature", "properties": { "station_id": "Saint-Georges 60", "name": "Saint-Georges 60", "short_name": "", "lat": 46.2013132, "lon": 6.1372219, "address": "", "capacity": null, "region_id": "", "rental_methods": null, "has_kiosk": null, "history": [ ] }, "geometry": { "type": "Point", "coordinates": [ 6.1372219, 46.2013132 ] } },
{ "type": "Feature", "properties": { "station_id": "Rue de Berne 65", "name": "Rue de Berne 65", "short_name": "", "lat": 46.2135399, "lon": 6.1483013, "address": "", "capacity": null, "region_id": "", "rental_methods": null, "has_kiosk": null, "history": [ ] }, "geometry": { "type": "Point", "coordinates": [ 6.1483013, 46.2135399 ] } },
{ "type": "Feature", "properties": { "station_id": "Verdaine 6", "name": "Verdaine 6", "short_name": "", "lat": 46.2016987, "lon": 6.1506667, "address": "", "capacity": null, "region_id": "", "rental_methods": null, "has_kiosk": null, "history": [ ] }, "geometry": { "type": "Point", "coordinates": [ 6.1506667, 46.2016987 ] } },
{ "type": "Feature", "properties": { "station_id": "Av. De la Grenade 11", "name": "Av. De la Grenade 11", "short_name": "", "lat": 46.2057451, "lon": 6.1607702, "address": "", "capacity": null, "region_id": "", "rental_methods": null, "has_kiosk": null, "history": [ ] }, "geometry": { "type": "Point", "coordinates": [ 6.1607702, 46.2057451 ] } },
{ "type": "Feature", "properties": { "station_id": "Place de Neuve", "name": "Place de Neuve", "short_name": "", "lat": 46.2017625, "lon": 6.1438301, "address": "", "capacity": null, "region_id": "", "rental_methods": null, "has_kiosk": null, "history": [ ] }, "geometry": { "type": "Point", "coordinates": [ 6.1438301, 46.2017625 ] } },
{ "type": "Feature", "properties": { "station_id": "Av. De la Praille 55", "name": "Av. De la Praille 55", "short_name": "", "lat": 46.1868851, "lon": 6.1291748, "address": "", "capacity": null, "region_id": "", "rental_methods": null, "has_kiosk": null, "history": [ ] }, "geometry": { "type": "Point", "coordinates": [ 6.1291748, 46.1868851 ] } },
{ "type": "Feature", "properties": { "station_id": "Charles Page", "name": "Charles Page", "short_name": "", "lat": 46.1931539, "lon": 6.1401122, "address": "", "capacity": null, "region_id": "", "rental_methods": null, "has_kiosk": null, "history": [ ] }, "geometry": { "type": "Point", "coordinates": [ 6.1401122, 46.1931539 ] } },
{ "type": "Feature", "properties": { "station_id": "Sablons", "name": "Sablons", "short_name": "", "lat": 46.2008162, "lon": 6.1376221, "address": "", "capacity": null, "region_id": "", "rental_methods": null, "has_kiosk": null, "history": [ ] }, "geometry": { "type": "Point", "coordinates": [ 6.1376221, 46.2008162 ] } },
{ "type": "Feature", "properties": { "station_id": "Château-Bruyant", "name": "Château-Bruyant", "short_name": "", "lat": 46.2151449, "lon": 6.1503958, "address": "", "capacity": null, "region_id": "", "rental_methods": null, "has_kiosk": null, "history": [ ] }, "geometry": { "type": "Point", "coordinates": [ 6.1503958, 46.2151449 ] } },
{ "type": "Feature", "properties": { "station_id": "Village-Suisse", "name": "Village-Suisse", "short_name": "", "lat": 46.1989667, "lon": 6.1345087, "address": "", "capacity": null, "region_id": "", "rental_methods": null, "has_kiosk": null, "history": [ ] }, "geometry": { "type": "Point", "coordinates": [ 6.1345087, 46.1989667 ] } },
{ "type": "Feature", "properties": { "station_id": "Bonivard", "name": "Bonivard", "short_name": "", "lat": 46.2077679, "lon": 6.1465002, "address": "", "capacity": null, "region_id": "", "rental_methods": null, "has_kiosk": null, "history": [ ] }, "geometry": { "type": "Point", "coordinates": [ 6.1465002, 46.2077679 ] } },
{ "type": "Feature", "properties": { "station_id": "Délices 2", "name": "Délices 2", "short_name": "", "lat": 46.2061679, "lon": 6.1328757, "address": "", "capacity": null, "region_id": "", "rental_methods": null, "has_kiosk": null, "history": [ ] }, "geometry": { "type": "Point", "coordinates": [ 6.1328757, 46.2061679 ] } },
{ "type": "Feature", "properties": { "station_id": "Bouchet", "name": "Bouchet", "short_name": "", "lat": 46.2164451, "lon": 6.11887, "address": "", "capacity": null, "region_id": "", "rental_methods": null, "has_kiosk": null, "history": [ ] }, "geometry": { "type": "Point", "coordinates": [ 6.11887, 46.2164451 ] } },
{ "type": "Feature", "properties": { "station_id": "Carrefour Bachet", "name": "Carrefour Bachet", "short_name": "", "lat": 46.1741807, "lon": 6.1284354, "address": "", "capacity": null, "region_id": "", "rental_methods": null, "has_kiosk": null, "history": [ ] }, "geometry": { "type": "Point", "coordinates": [ 6.1284354, 46.1741807 ] } },
{ "type": "Feature", "properties": { "station_id": "Aux Deux Avenues", "name": "Aux Deux Avenues", "short_name": "", "lat": 46.2075873, "lon": 6.1237405, "address": "", "capacity": null, "region_id": "", "rental_methods": null, "has_kiosk": null, "history": [ ] }, "geometry": { "type": "Point", "coordinates": [ 6.1237405, 46.2075873 ] } },
{ "type": "Feature", "properties": { "station_id": "Route de Veyrier", "name": "Route de Veyrier", "short_name": "", "lat": 46.184996, "lon": 6.1472321, "address": "", "capacity": null, "region_id": "", "rental_methods": null, "has_kiosk": null, "history": [ ] }, "geometry": { "type": "Point", "coordinates": [ 6.1472321, 46.184996 ] } },
{ "type": "Feature", "properties": { "station_id": "Florissant 86", "name": "Florissant 86", "short_name": "", "lat": 46.1921836, "lon": 6.1642395, "address": "", "capacity": null, "region_id": "", "rental_methods": null, "has_kiosk": null, "history": [ ] }, "geometry": { "type": "Point", "coordinates": [ 6.1642395, 46.1921836 ] } },
{ "type": "Feature", "properties": { "station_id": "Ponton du Port de Cologny", "name": "Ponton du Port de Cologny", "short_name": "", "lat": 46.22296, "lon": 6.1814236, "address": "", "capacity": null, "region_id": "", "rental_methods": null, "has_kiosk": null, "history": [ ] }, "geometry": { "type": "Point", "coordinates": [ 6.1814236, 46.22296 ] } },
{ "type": "Feature", "properties": { "station_id": "Montchoisy 33", "name": "Montchoisy 33", "short_name": "", "lat": 46.2041465, "lon": 6.1617559, "address": "", "capacity": null, "region_id": "", "rental_methods": null, "has_kiosk": null, "history": [ ] }, "geometry": { "type": "Point", "coordinates": [ 6.1617559, 46.2041465 ] } },
{ "type": "Feature", "properties": { "station_id": "Palais des Nations - portail Pregny", "name": "Palais des Nations - portail Pregny", "short_name": "", "lat": 46.227458, "lon": 6.1384996, "address": "", "capacity": null, "region_id": "", "rental_methods": null, "has_kiosk": null, "history": [ ] }, "geometry": { "type": "Point", "coordinates": [ 6.1384996, 46.227458 ] } },
{ "type": "Feature", "properties": { "station_id": "Pierre-Fatio", "name": "Pierre-Fatio", "short_name": "", "lat": 46.2029882, "lon": 6.1541791, "address": "", "capacity": null, "region_id": "", "rental_methods": null, "has_kiosk": null, "history": [ ] }, "geometry": { "type": "Point", "coordinates": [ 6.1541791, 46.2029882 ] } },
{ "type": "Feature", "properties": { "station_id": "Rue de Carouge 99", "name": "Rue de Carouge 99", "short_name": "", "lat": 46.1883703, "lon": 6.1429755, "address": "", "capacity": null, "region_id": "", "rental_methods": null, "has_kiosk": null, "history": [ ] }, "geometry": { "type": "Point", "coordinates": [ 6.1429755, 46.1883703 ] } },
{ "type": "Feature", "properties": { "station_id": "Carrefour Servette", "name": "Carrefour Servette", "short_name": "", "lat": 46.2132968, "lon": 6.1293581, "address": "", "capacity": null, "region_id": "", "rental_methods": null, "has_kiosk": null, "history": [ ] }, "geometry": { "type": "Point", "coordinates": [ 6.1293581, 46.2132968 ] } },
{ "type": "Feature", "properties": { "station_id": "Liotard 36 XXX", "name": "Liotard 36 XXX", "short_name": "", "lat": 46.2114115, "lon": 6.1308238, "address": "", "capacity": null, "region_id": "", "rental_methods": null, "has_kiosk": null, "history": [ ] }, "geometry": { "type": "Point", "coordinates": [ 6.1308238, 46.2114115 ] } },
{ "type": "Feature", "properties": { "station_id": "Place de l'Octroi 8", "name": "Place de l'Octroi 8", "short_name": "", "lat": 46.1868624, "lon": 6.1421692, "address": "", "capacity": null, "region_id": "", "rental_methods": null, "has_kiosk": null, "history": [ ] }, "geometry": { "type": "Point", "coordinates": [ 6.1421692, 46.1868624 ] } },
{ "type": "Feature", "properties": { "station_id": "Saint-Léger 14", "name": "Saint-Léger 14", "short_name": "", "lat": 46.1986323, "lon": 6.147423, "address": "", "capacity": null, "region_id": "", "rental_methods": null, "has_kiosk": null, "history": [ ] }, "geometry": { "type": "Point", "coordinates": [ 6.147423, 46.1986323 ] } },
{ "type": "Feature", "properties": { "station_id": "Residence Universitaire", "name": "Residence Universitaire", "short_name": "", "lat": 46.2147665, "lon": 6.1475462, "address": "", "capacity": null, "region_id": "", "rental_methods": null, "has_kiosk": null, "history": [ ] }, "geometry": { "type": "Point", "coordinates": [ 6.1475462, 46.2147665 ] } },
{ "type": "Feature", "properties": { "station_id": "Daubin", "name": "Daubin", "short_name": "", "lat": 46.2065885, "lon": 6.1298586, "address": "", "capacity": null, "region_id": "", "rental_methods": null, "has_kiosk": null, "history": [ ] }, "geometry": { "type": "Point", "coordinates": [ 6.1298586, 46.2065885 ] } },
{ "type": "Feature", "properties": { "station_id": "Bd. d'Yvoy", "name": "Bd. d'Yvoy", "short_name": "", "lat": 46.198303, "lon": 6.1334751, "address": "", "capacity": null, "region_id": "", "rental_methods": null, "has_kiosk": null, "history": [ ] }, "geometry": { "type": "Point", "coordinates": [ 6.1334751, 46.198303 ] } },
{ "type": "Feature", "properties": { "station_id": "Vernets", "name": "Vernets", "short_name": "", "lat": 46.1935454, "lon": 6.1333333, "address": "", "capacity": null, "region_id": "", "rental_methods": null, "has_kiosk": null, "history": [ ] }, "geometry": { "type": "Point", "coordinates": [ 6.1333333, 46.1935454 ] } },
{ "type": "Feature", "properties": { "station_id": "Rue Giuseppe Motta", "name": "Rue Giuseppe Motta", "short_name": "", "lat": 46.2191586, "lon": 6.1342364, "address": "", "capacity": null, "region_id": "", "rental_methods": null, "has_kiosk": null, "history": [ ] }, "geometry": { "type": "Point", "coordinates": [ 6.1342364, 46.2191586 ] } },
{ "type": "Feature", "properties": { "station_id": "Rousseau 5", "name": "Rousseau 5", "short_name": "", "lat": 46.2068767, "lon": 6.1441195, "address": "", "capacity": null, "region_id": "", "rental_methods": null, "has_kiosk": null, "history": [ ] }, "geometry": { "type": "Point", "coordinates": [ 6.1441195, 46.2068767 ] } },
{ "type": "Feature", "properties": { "station_id": "Uni Bastions", "name": "Uni Bastions", "short_name": "", "lat": 46.1987529, "lon": 6.1441602, "address": "", "capacity": null, "region_id": "", "rental_methods": null, "has_kiosk": null, "history": [ ] }, "geometry": { "type": "Point", "coordinates": [ 6.1441602, 46.1987529 ] } },
{ "type": "Feature", "properties": { "station_id": "Onex", "name": "Onex", "short_name": "", "lat": 46.1833637, "lon": 6.1005354, "address": "", "capacity": null, "region_id": "", "rental_methods": null, "has_kiosk": null, "history": [ ] }, "geometry": { "type": "Point", "coordinates": [ 6.1005354, 46.1833637 ] } },
{ "type": "Feature", "properties": { "station_id": "Vibert", "name": "Vibert", "short_name": "", "lat": 46.182835, "lon": 6.1344554, "address": "", "capacity": null, "region_id": "", "rental_methods": null, "has_kiosk": null, "history": [ ] }, "geometry": { "type": "Point", "coordinates": [ 6.1344554, 46.182835 ] } },
{ "type": "Feature", "properties": { "station_id": "Piscine du Lignon", "name": "Piscine du Lignon", "short_name": "", "lat": 46.2041211, "lon": 6.1004238, "address": "", "capacity": null, "region_id": "", "rental_methods": null, "has_kiosk": null, "history": [ ] }, "geometry": { "type": "Point", "coordinates": [ 6.1004238, 46.2041211 ] } },
{ "type": "Feature", "properties": { "station_id": "Quai Gustave-Ador 2", "name": "Quai Gustave-Ador 2", "short_name": "", "lat": 46.2113173, "lon": 6.1716778, "address": "", "capacity": null, "region_id": "", "rental_methods": null, "has_kiosk": null, "history": [ ] }, "geometry": { "type": "Point", "coordinates": [ 6.1716778, 46.2113173 ] } },
{ "type": "Feature", "properties": { "station_id": "Champel", "name": "Champel", "short_name": "", "lat": 46.1907713, "lon": 6.1526665, "address": "", "capacity": null, "region_id": "", "rental_methods": null, "has_kiosk": null, "history": [ ] }, "geometry": { "type": "Point", "coordinates": [ 6.1526665, 46.1907713 ] } },
{ "type": "Feature", "properties": { "station_id": "Balexert", "name": "Balexert", "short_name": "", "lat": 46.2203536, "lon": 6.1140876, "address": "", "capacity": null, "region_id": "", "rental_methods": null, "has_kiosk": null, "history": [ ] }, "geometry": { "type": "Point", "coordinates": [ 6.1140876, 46.2203536 ] } },
{ "type": "Feature", "properties": { "station_id": "Place des Nations (hub mob)", "name": "Place des Nations (hub mob)", "short_name": "", "lat": 46.2225658, "lon": 6.1392161, "address": "", "capacity": null, "region_id": "", "rental_methods": null, "has_kiosk": null, "history": [ ] }, "geometry": { "type": "Point", "coordinates": [ 6.1392161, 46.2225658 ] } },
{ "type": "Feature", "properties": { "station_id": "Rue Du-Roveray 9", "name": "Rue Du-Roveray 9", "short_name": "", "lat": 46.2051736, "lon": 6.1591623, "address": "", "capacity": null, "region_id": "", "rental_methods": null, "has_kiosk": null, "history": [ ] }, "geometry": { "type": "Point", "coordinates": [ 6.1591623, 46.2051736 ] } },
{ "type": "Feature", "properties": { "station_id": "Berne 2", "name": "Berne 2", "short_name": "", "lat": 46.2087736, "lon": 6.1447897, "address": "", "capacity": null, "region_id": "", "rental_methods": null, "has_kiosk": null, "history": [ ] }, "geometry": { "type": "Point", "coordinates": [ 6.1447897, 46.2087736 ] } },
{ "type": "Feature", "properties": { "station_id": "Route de Chancy", "name": "Route de Chancy", "short_name": "", "lat": 46.1878207, "lon": 6.111713, "address": "", "capacity": null, "region_id": "", "rental_methods": null, "has_kiosk": null, "history": [ ] }, "geometry": { "type": "Point", "coordinates": [ 6.111713, 46.1878207 ] } },
{ "type": "Feature", "properties": { "station_id": "Grand-Bureau 7", "name": "Grand-Bureau 7", "short_name": "", "lat": 46.1912411, "lon": 6.1379691, "address": "", "capacity": null, "region_id": "", "rental_methods": null, "has_kiosk": null, "history": [ ] }, "geometry": { "type": "Point", "coordinates": [ 6.1379691, 46.1912411 ] } },
{ "type": "Feature", "properties": { "station_id": "Basilique Notre Dame", "name": "Basilique Notre Dame", "short_name": "", "lat": 46.2085539, "lon": 6.1424073, "address": "", "capacity": null, "region_id": "", "rental_methods": null, "has_kiosk": null, "history": [ ] }, "geometry": { "type": "Point", "coordinates": [ 6.1424073, 46.2085539 ] } },
{ "type": "Feature", "properties": { "station_id": "Rue des Eaux-Vives 118", "name": "Rue des Eaux-Vives 118", "short_name": "", "lat": 46.2068414, "lon": 6.1622934, "address": "", "capacity": null, "region_id": "", "rental_methods": null, "has_kiosk": null, "history": [ ] }, "geometry": { "type": "Point", "coordinates": [ 6.1622934, 46.2068414 ] } },
{ "type": "Feature", "properties": { "station_id": "Rue de l'Arquebuse", "name": "Rue de l'Arquebuse", "short_name": "", "lat": 46.2016516, "lon": 6.139445, "address": "", "capacity": null, "region_id": "", "rental_methods": null, "has_kiosk": null, "history": [ ] }, "geometry": { "type": "Point", "coordinates": [ 6.139445, 46.2016516 ] } },
{ "type": "Feature", "properties": { "station_id": "Muzy 7", "name": "Muzy 7", "short_name": "", "lat": 46.2039075, "lon": 6.15607, "address": "", "capacity": null, "region_id": "", "rental_methods": null, "has_kiosk": null, "history": [ ] }, "geometry": { "type": "Point", "coordinates": [ 6.15607, 46.2039075 ] } },
{ "type": "Feature", "properties": { "station_id": "Rue de Lausanne 67", "name": "Rue de Lausanne 67", "short_name": "", "lat": 46.2158323, "lon": 6.1471882, "address": "", "capacity": null, "region_id": "", "rental_methods": null, "has_kiosk": null, "history": [ ] }, "geometry": { "type": "Point", "coordinates": [ 6.1471882, 46.2158323 ] } },
{ "type": "Feature", "properties": { "station_id": "Châtelaine 74", "name": "Châtelaine 74", "short_name": "", "lat": 46.2113397, "lon": 6.1129031, "address": "", "capacity": null, "region_id": "", "rental_methods": null, "has_kiosk": null, "history": [ ] }, "geometry": { "type": "Point", "coordinates": [ 6.1129031, 46.2113397 ] } },
{ "type": "Feature", "properties": { "station_id": "HEAD", "name": "HEAD", "short_name": "", "lat": 46.2087165, "lon": 6.1412041, "address": "", "capacity": null, "region_id": "", "rental_methods": null, "has_kiosk": null, "history": [ ] }, "geometry": { "type": "Point", "coordinates": [ 6.1412041, 46.2087165 ] } },
{ "type": "Feature", "properties": { "station_id": "Quai Gustave-Ador 100", "name": "Quai Gustave-Ador 100", "short_name": "", "lat": 46.2103269, "lon": 6.1688967, "address": "", "capacity": null, "region_id": "", "rental_methods": null, "has_kiosk": null, "history": [ ] }, "geometry": { "type": "Point", "coordinates": [ 6.1688967, 46.2103269 ] } },
{ "type": "Feature", "properties": { "station_id": "Roseraie", "name": "Roseraie", "short_name": "", "lat": 46.1890918, "lon": 6.1453717, "address": "", "capacity": null, "region_id": "", "rental_methods": null, "has_kiosk": null, "history": [ ] }, "geometry": { "type": "Point", "coordinates": [ 6.1453717, 46.1890918 ] } },
{ "type": "Feature", "properties": { "station_id": "Chemin Malombré", "name": "Chemin Malombré", "short_name": "", "lat": 46.1949789, "lon": 6.1516402, "address": "", "capacity": null, "region_id": "", "rental_methods": null, "has_kiosk": null, "history": [ ] }, "geometry": { "type": "Point", "coordinates": [ 6.1516402, 46.1949789 ] } },
{ "type": "Feature", "properties": { "station_id": "Place de Grenus", "name": "Place de Grenus", "short_name": "", "lat": 46.2069752, "lon": 6.1428894, "address": "", "capacity": null, "region_id": "", "rental_methods": null, "has_kiosk": null, "history": [ ] }, "geometry": { "type": "Point", "coordinates": [ 6.1428894, 46.2069752 ] } },
{ "type": "Feature", "properties": { "station_id": "Rue Merle-D'Aubigné", "name": "Rue Merle-D'Aubigné", "short_name": "", "lat": 46.2052924, "lon": 6.1637673, "address": "", "capacity": null, "region_id": "", "rental_methods": null, "has_kiosk": null, "history": [ ] }, "geometry": { "type": "Point", "coordinates": [ 6.1637673, 46.2052924 ] } },
{ "type": "Feature", "properties": { "station_id": "Rue Sillem", "name": "Rue Sillem", "short_name": "", "lat": 46.2053963, "lon": 6.1625304, "address": "", "capacity": null, "region_id": "", "rental_methods": null, "has_kiosk": null, "history": [ ] }, "geometry": { "type": "Point", "coordinates": [ 6.1625304, 46.2053963 ] } },
{ "type": "Feature", "properties": { "station_id": "Salon 1+1", "name": "Salon 1+1", "short_name": "", "lat": 46.2001583, "lon": 6.1631242, "address": "", "capacity": null, "region_id": "", "rental_methods": null, "has_kiosk": null, "history": [ ] }, "geometry": { "type": "Point", "coordinates": [ 6.1631242, 46.2001583 ] } },
{ "type": "Feature", "properties": { "station_id": "Place du 1e Août 2", "name": "Place du 1e Août 2", "short_name": "", "lat": 46.182324, "lon": 6.1204327, "address": "", "capacity": null, "region_id": "", "rental_methods": null, "has_kiosk": null, "history": [ ] }, "geometry": { "type": "Point", "coordinates": [ 6.1204327, 46.182324 ] } },
{ "type": "Feature", "properties": { "station_id": "Chemin de la Tourelle 17", "name": "Chemin de la Tourelle 17", "short_name": "", "lat": 46.2231243, "lon": 6.1254948, "address": "", "capacity": null, "region_id": "", "rental_methods": null, "has_kiosk": null, "history": [ ] }, "geometry": { "type": "Point", "coordinates": [ 6.1254948, 46.2231243 ] } },
{ "type": "Feature", "properties": { "station_id": "Tir 1", "name": "Tir 1", "short_name": "", "lat": 46.2034058, "lon": 6.1364113, "address": "", "capacity": null, "region_id": "", "rental_methods": null, "has_kiosk": null, "history": [ ] }, "geometry": { "type": "Point", "coordinates": [ 6.1364113, 46.2034058 ] } },
{ "type": "Feature", "properties": { "station_id": "Rue de la Gabelle1", "name": "Rue de la Gabelle1", "short_name": "", "lat": 46.1892222, "lon": 6.1333889, "address": "", "capacity": null, "region_id": "", "rental_methods": null, "has_kiosk": null, "history": [ ] }, "geometry": { "type": "Point", "coordinates": [ 6.1333889, 46.1892222 ] } },
{ "type": "Feature", "properties": { "station_id": "Aubepine", "name": "Aubepine", "short_name": "", "lat": 46.1879289, "lon": 6.1461304, "address": "", "capacity": null, "region_id": "", "rental_methods": null, "has_kiosk": null, "history": [ ] }, "geometry": { "type": "Point", "coordinates": [ 6.1461304, 46.1879289 ] } },
{ "type": "Feature", "properties": { "station_id": "Road Runner", "name": "Road Runner", "short_name": "", "lat": 46.1998548, "lon": 6.1736274, "address": "", "capacity": null, "region_id": "", "rental_methods": null, "has_kiosk": null, "history": [ ] }, "geometry": { "type": "Point", "coordinates": [ 6.1736274, 46.1998548 ] } },
{ "type": "Feature", "properties": { "station_id": "Devin du Village", "name": "Devin du Village", "short_name": "", "lat": 46.2034541, "lon": 6.1230235, "address": "", "capacity": null, "region_id": "", "rental_methods": null, "has_kiosk": null, "history": [ ] }, "geometry": { "type": "Point", "coordinates": [ 6.1230235, 46.2034541 ] } },
{ "type": "Feature", "properties": { "station_id": "Giovanni-Gambini", "name": "Giovanni-Gambini", "short_name": "", "lat": 46.1909457, "lon": 6.1636372, "address": "", "capacity": null, "region_id": "", "rental_methods": null, "has_kiosk": null, "history": [ ] }, "geometry": { "type": "Point", "coordinates": [ 6.1636372, 46.1909457 ] } },
{ "type": "Feature", "properties": { "station_id": "P+R Sécheron", "name": "P+R Sécheron", "short_name": "", "lat": 46.2213497, "lon": 6.1456074, "address": "", "capacity": null, "region_id": "", "rental_methods": null, "has_kiosk": null, "history": [ ] }, "geometry": { "type": "Point", "coordinates": [ 6.1456074, 46.2213497 ] } },
{ "type": "Feature", "properties": { "station_id": "Gare Cornavin gallerie", "name": "Gare Cornavin gallerie", "short_name": "", "lat": 46.209146, "lon": 6.1404056, "address": "", "capacity": null, "region_id": "", "rental_methods": null, "has_kiosk": null, "history": [ ] }, "geometry": { "type": "Point", "coordinates": [ 6.1404056, 46.209146 ] } },
{ "type": "Feature", "properties": { "station_id": "Place de l'Etang", "name": "Place de l'Etang", "short_name": "", "lat": 46.2173075, "lon": 6.1036041, "address": "", "capacity": null, "region_id": "", "rental_methods": null, "has_kiosk": null, "history": [ ] }, "geometry": { "type": "Point", "coordinates": [ 6.1036041, 46.2173075 ] } },
{ "type": "Feature", "properties": { "station_id": "Rue Dentand", "name": "Rue Dentand", "short_name": "", "lat": 46.2176638, "lon": 6.1468508, "address": "", "capacity": null, "region_id": "", "rental_methods": null, "has_kiosk": null, "history": [ ] }, "geometry": { "type": "Point", "coordinates": [ 6.1468508, 46.2176638 ] } },
{ "type": "Feature", "properties": { "station_id": "Seujet", "name": "Seujet", "short_name": "", "lat": 46.2041192, "lon": 6.1338794, "address": "", "capacity": null, "region_id": "", "rental_methods": null, "has_kiosk": null, "history": [ ] }, "geometry": { "type": "Point", "coordinates": [ 6.1338794, 46.2041192 ] } },
{ "type": "Feature", "properties": { "station_id": "Rue Jacques Grosselin 15", "name": "Rue Jacques Grosselin 15", "short_name": "", "lat": 46.1845, "lon": 6.1355833, "address": "", "capacity": null, "region_id": "", "rental_methods": null, "has_kiosk": null, "history": [ ] }, "geometry": { "type": "Point", "coordinates": [ 6.1355833, 46.1845 ] } },
{ "type": "Feature", "properties": { "station_id": "Place de Carantec", "name": "Place de Carantec", "short_name": "", "lat": 46.2339612, "lon": 6.123807, "address": "", "capacity": null, "region_id": "", "rental_methods": null, "has_kiosk": null, "history": [ ] }, "geometry": { "type": "Point", "coordinates": [ 6.123807, 46.2339612 ] } },
{ "type": "Feature", "properties": { "station_id": "Place de Sardaigne", "name": "Place de Sardaigne", "short_name": "", "lat": 46.1837925, "lon": 6.1395225, "address": "", "capacity": null, "region_id": "", "rental_methods": null, "has_kiosk": null, "history": [ ] }, "geometry": { "type": "Point", "coordinates": [ 6.1395225, 46.1837925 ] } },
{ "type": "Feature", "properties": { "station_id": "UNHCR", "name": "UNHCR", "short_name": "", "lat": 46.220866, "lon": 6.140563, "address": "", "capacity": null, "region_id": "", "rental_methods": null, "has_kiosk": null, "history": [ ] }, "geometry": { "type": "Point", "coordinates": [ 6.140563, 46.220866 ] } },
{ "type": "Feature", "properties": { "station_id": "Rue des Allobroges 5", "name": "Rue des Allobroges 5", "short_name": "", "lat": 46.1881375, "lon": 6.1395276, "address": "", "capacity": null, "region_id": "", "rental_methods": null, "has_kiosk": null, "history": [ ] }, "geometry": { "type": "Point", "coordinates": [ 6.1395276, 46.1881375 ] } },
{ "type": "Feature", "properties": { "station_id": "Av. des Communes-Réunies 64", "name": "Av. des Communes-Réunies 64", "short_name": "", "lat": 46.1734887, "lon": 6.123296, "address": "", "capacity": null, "region_id": "", "rental_methods": null, "has_kiosk": null, "history": [ ] }, "geometry": { "type": "Point", "coordinates": [ 6.123296, 46.1734887 ] } },
{ "type": "Feature", "properties": { "station_id": "Seymaz", "name": "Seymaz", "short_name": "", "lat": 46.20688, "lon": 6.20102, "address": "", "capacity": null, "region_id": "", "rental_methods": null, "has_kiosk": null, "history": [ ] }, "geometry": { "type": "Point", "coordinates": [ 6.20102, 46.20688 ] } },
{ "type": "Feature", "properties": { "station_id": "My Little Room", "name": "My Little Room", "short_name": "", "lat": 46.2022268, "lon": 6.1592887, "address": "", "capacity": null, "region_id": "", "rental_methods": null, "has_kiosk": null, "history": [ ] }, "geometry": { "type": "Point", "coordinates": [ 6.1592887, 46.2022268 ] } },
{ "type": "Feature", "properties": { "station_id": "Casa Tiki", "name": "Casa Tiki", "short_name": "", "lat": 46.2002138, "lon": 6.1309038, "address": "", "capacity": null, "region_id": "", "rental_methods": null, "has_kiosk": null, "history": [ ] }, "geometry": { "type": "Point", "coordinates": [ 6.1309038, 46.2002138 ] } },
{ "type": "Feature", "properties": { "station_id": "Place du Temple 6", "name": "Place du Temple 6", "short_name": "", "lat": 46.1852293, "lon": 6.1405322, "address": "", "capacity": null, "region_id": "", "rental_methods": null, "has_kiosk": null, "history": [ ] }, "geometry": { "type": "Point", "coordinates": [ 6.1405322, 46.1852293 ] } },
{ "type": "Feature", "properties": { "station_id": "Coulouvrenière", "name": "Coulouvrenière", "short_name": "", "lat": 46.2038939, "lon": 6.1380224, "address": "", "capacity": null, "region_id": "", "rental_methods": null, "has_kiosk": null, "history": [ ] }, "geometry": { "type": "Point", "coordinates": [ 6.1380224, 46.2038939 ] } },
{ "type": "Feature", "properties": { "station_id": "Dancet 22", "name": "Dancet 22", "short_name": "", "lat": 46.1925342, "lon": 6.1422982, "address": "", "capacity": null, "region_id": "", "rental_methods": null, "has_kiosk": null, "history": [ ] }, "geometry": { "type": "Point", "coordinates": [ 6.1422982, 46.1925342 ] } },
{ "type": "Feature", "properties": { "station_id": "Dôle", "name": "Dôle", "short_name": "", "lat": 46.2073026, "lon": 6.1311852, "address": "", "capacity": null, "region_id": "", "rental_methods": null, "has_kiosk": null, "history": [ ] }, "geometry": { "type": "Point", "coordinates": [ 6.1311852, 46.2073026 ] } },
{ "type": "Feature", "properties": { "station_id": "Jungle Pop", "name": "Jungle Pop", "short_name": "", "lat": 46.2000422, "lon": 6.1619803, "address": "", "capacity": null, "region_id": "", "rental_methods": null, "has_kiosk": null, "history": [ ] }, "geometry": { "type": "Point", "coordinates": [ 6.1619803, 46.2000422 ] } },
{ "type": "Feature", "properties": { "station_id": "Concorde", "name": "Concorde", "short_name": "", "lat": 46.2058569, "lon": 6.1114246, "address": "", "capacity": null, "region_id": "", "rental_methods": null, "has_kiosk": null, "history": [ ] }, "geometry": { "type": "Point", "coordinates": [ 6.1114246, 46.2058569 ] } },
{ "type": "Feature", "properties": { "station_id": "GVA Airport", "name": "GVA Airport", "short_name": "", "lat": 46.2312386, "lon": 6.1094352, "address": "", "capacity": null, "region_id": "", "rental_methods": null, "has_kiosk": null, "history": [ ] }, "geometry": { "type": "Point", "coordinates": [ 6.1094352, 46.2312386 ] } },
{ "type": "Feature", "properties": { "station_id": "Caroubiers 21", "name": "Caroubiers 21", "short_name": "", "lat": 46.1857476, "lon": 6.1339411, "address": "", "capacity": null, "region_id": "", "rental_methods": null, "has_kiosk": null, "history": [ ] }, "geometry": { "type": "Point", "coordinates": [ 6.1339411, 46.1857476 ] } },
{ "type": "Feature", "properties": { "station_id": "Montchoisy 8", "name": "Montchoisy 8", "short_name": "", "lat": 46.2027891, "lon": 6.1594761, "address": "", "capacity": null, "region_id": "", "rental_methods": null, "has_kiosk": null, "history": [ ] }, "geometry": { "type": "Point", "coordinates": [ 6.1594761, 46.2027891 ] } },
{ "type": "Feature", "properties": { "station_id": "Grand-Pré 54", "name": "Grand-Pré 54", "short_name": "", "lat": 46.2151683, "lon": 6.1334721, "address": "", "capacity": null, "region_id": "", "rental_methods": null, "has_kiosk": null, "history": [ ] }, "geometry": { "type": "Point", "coordinates": [ 6.1334721, 46.2151683 ] } },
{ "type": "Feature", "properties": { "station_id": "Merle-d'Aubigné 5", "name": "Merle-d'Aubigné 5", "short_name": "", "lat": 46.2065734, "lon": 6.1617932, "address": "", "capacity": null, "region_id": "", "rental_methods": null, "has_kiosk": null, "history": [ ] }, "geometry": { "type": "Point", "coordinates": [ 6.1617932, 46.2065734 ] } },
{ "type": "Feature", "properties": { "station_id": "Av. Sainte-Cécile 43", "name": "Av. Sainte-Cécile 43", "short_name": "", "lat": 46.2362148, "lon": 6.0829248, "address": "", "capacity": null, "region_id": "", "rental_methods": null, "has_kiosk": null, "history": [ ] }, "geometry": { "type": "Point", "coordinates": [ 6.0829248, 46.2362148 ] } },
{ "type": "Feature", "properties": { "station_id": "Sapay", "name": "Sapay", "short_name": "", "lat": 46.1695546, "lon": 6.1313478, "address": "", "capacity": null, "region_id": "", "rental_methods": null, "has_kiosk": null, "history": [ ] }, "geometry": { "type": "Point", "coordinates": [ 6.1313478, 46.1695546 ] } },
{ "type": "Feature", "properties": { "station_id": "Vésenaz", "name": "Vésenaz", "short_name": "", "lat": 46.2391855, "lon": 6.1971366, "address": "", "capacity": null, "region_id": "", "rental_methods": null, "has_kiosk": null, "history": [ ] }, "geometry": { "type": "Point", "coordinates": [ 6.1971366, 46.2391855 ] } },
{ "type": "Feature", "properties": { "station_id": "Rue de Lausanne 17", "name": "Rue de Lausanne 17", "short_name": "", "lat": 46.2113707, "lon": 6.1442478, "address": "", "capacity": null, "region_id": "", "rental_methods": null, "has_kiosk": null, "history": [ ] }, "geometry": { "type": "Point", "coordinates": [ 6.1442478, 46.2113707 ] } },
{ "type": "Feature", "properties": { "station_id": "Place des Charmilles", "name": "Place des Charmilles", "short_name": "", "lat": 46.2082245, "lon": 6.1272708, "address": "", "capacity": null, "region_id": "", "rental_methods": null, "has_kiosk": null, "history": [ ] }, "geometry": { "type": "Point", "coordinates": [ 6.1272708, 46.2082245 ] } },
{ "type": "Feature", "properties": { "station_id": "Maladière", "name": "Maladière", "short_name": "", "lat": 46.1898414, "lon": 6.141977, "address": "", "capacity": null, "region_id": "", "rental_methods": null, "has_kiosk": null, "history": [ ] }, "geometry": { "type": "Point", "coordinates": [ 6.141977, 46.1898414 ] } },
{ "type": "Feature", "properties": { "station_id": "Gare de Champel", "name": "Gare de Champel", "short_name": "", "lat": 46.1916875, "lon": 6.1534958, "address": "", "capacity": null, "region_id": "", "rental_methods": null, "has_kiosk": null, "history": [ ] }, "geometry": { "type": "Point", "coordinates": [ 6.1534958, 46.1916875 ] } },
{ "type": "Feature", "properties": { "station_id": "L'Ancien-Port", "name": "L'Ancien-Port", "short_name": "", "lat": 46.2123003, "lon": 6.15037, "address": "", "capacity": null, "region_id": "", "rental_methods": null, "has_kiosk": null, "history": [ ] }, "geometry": { "type": "Point", "coordinates": [ 6.15037, 46.2123003 ] } },
{ "type": "Feature", "properties": { "station_id": "Rue Caroline 11", "name": "Rue Caroline 11", "short_name": "", "lat": 46.1914868, "lon": 6.138701, "address": "", "capacity": null, "region_id": "", "rental_methods": null, "has_kiosk": null, "history": [ ] }, "geometry": { "type": "Point", "coordinates": [ 6.138701, 46.1914868 ] } },
{ "type": "Feature", "properties": { "station_id": "Montchoisy 21", "name": "Montchoisy 21", "short_name": "", "lat": 46.2036159, "lon": 6.1608192, "address": "", "capacity": null, "region_id": "", "rental_methods": null, "has_kiosk": null, "history": [ ] }, "geometry": { "type": "Point", "coordinates": [ 6.1608192, 46.2036159 ] } },
{ "type": "Feature", "properties": { "station_id": "Carteret", "name": "Carteret", "short_name": "", "lat": 46.2141172, "lon": 6.1354675, "address": "", "capacity": null, "region_id": "", "rental_methods": null, "has_kiosk": null, "history": [ ] }, "geometry": { "type": "Point", "coordinates": [ 6.1354675, 46.2141172 ] } },
{ "type": "Feature", "properties": { "station_id": "Rue Thalberg 8", "name": "Rue Thalberg 8", "short_name": "", "lat": 46.2096233, "lon": 6.1467867, "address": "", "capacity": null, "region_id": "", "rental_methods": null, "has_kiosk": null, "history": [ ] }, "geometry": { "type": "Point", "coordinates": [ 6.1467867, 46.2096233 ] } },
{ "type": "Feature", "properties": { "station_id": "Gare Routière", "name": "Gare Routière", "short_name": "", "lat": 46.2084035, "lon": 6.1463984, "address": "", "capacity": null, "region_id": "", "rental_methods": null, "has_kiosk": null, "history": [ ] }, "geometry": { "type": "Point", "coordinates": [ 6.1463984, 46.2084035 ] } },
{ "type": "Feature", "properties": { "station_id": "Campus de la Santé", "name": "Campus de la Santé", "short_name": "", "lat": 46.2300205, "lon": 6.1259045, "address": "", "capacity": null, "region_id": "", "rental_methods": null, "has_kiosk": null, "history": [ ] }, "geometry": { "type": "Point", "coordinates": [ 6.1259045, 46.2300205 ] } },
{ "type": "Feature", "properties": { "station_id": "Charles-Page 21", "name": "Charles-Page 21", "short_name": "", "lat": 46.1912034, "lon": 6.1410805, "address": "", "capacity": null, "region_id": "", "rental_methods": null, "has_kiosk": null, "history": [ ] }, "geometry": { "type": "Point", "coordinates": [ 6.1410805, 46.1912034 ] } },
{ "type": "Feature", "properties": { "station_id": "Chemin du Ruisseau", "name": "Chemin du Ruisseau", "short_name": "", "lat": 46.224837, "lon": 6.1056026, "address": "", "capacity": null, "region_id": "", "rental_methods": null, "has_kiosk": null, "history": [ ] }, "geometry": { "type": "Point", "coordinates": [ 6.1056026, 46.224837 ] } },
{ "type": "Feature", "properties": { "station_id": "Rue Barton", "name": "Rue Barton", "short_name": "", "lat": 46.2107688, "lon": 6.1510593, "address": "", "capacity": null, "region_id": "", "rental_methods": null, "has_kiosk": null, "history": [ ] }, "geometry": { "type": "Point", "coordinates": [ 6.1510593, 46.2107688 ] } },
{ "type": "Feature", "properties": { "station_id": "WTC", "name": "WTC", "short_name": "", "lat": 46.2294623, "lon": 6.106326, "address": "", "capacity": null, "region_id": "", "rental_methods": null, "has_kiosk": null, "history": [ ] }, "geometry": { "type": "Point", "coordinates": [ 6.106326, 46.2294623 ] } },
{ "type": "Feature", "properties": { "station_id": "Frontenex 60", "name": "Frontenex 60", "short_name": "", "lat": 46.2027861, "lon": 6.165844, "address": "", "capacity": null, "region_id": "", "rental_methods": null, "has_kiosk": null, "history": [ ] }, "geometry": { "type": "Point", "coordinates": [ 6.165844, 46.2027861 ] } },
{ "type": "Feature", "properties": { "station_id": "Grand-Pré 72", "name": "Grand-Pré 72", "short_name": "", "lat": 46.2157543, "lon": 6.1317222, "address": "", "capacity": null, "region_id": "", "rental_methods": null, "has_kiosk": null, "history": [ ] }, "geometry": { "type": "Point", "coordinates": [ 6.1317222, 46.2157543 ] } },
{ "type": "Feature", "properties": { "station_id": "Voltaire 20", "name": "Voltaire 20", "short_name": "", "lat": 46.2080365, "lon": 6.1368786, "address": "", "capacity": null, "region_id": "", "rental_methods": null, "has_kiosk": null, "history": [ ] }, "geometry": { "type": "Point", "coordinates": [ 6.1368786, 46.2080365 ] } },
{ "type": "Feature", "properties": { "station_id": "Centre Sportif Cologny", "name": "Centre Sportif Cologny", "short_name": "", "lat": 46.2059284, "lon": 6.1850462, "address": "", "capacity": null, "region_id": "", "rental_methods": null, "has_kiosk": null, "history": [ ] }, "geometry": { "type": "Point", "coordinates": [ 6.1850462, 46.2059284 ] } },
{ "type": "Feature", "properties": { "station_id": "Lamartine-Faller", "name": "Lamartine-Faller", "short_name": "", "lat": 46.2108492, "lon": 6.1287092, "address": "", "capacity": null, "region_id": "", "rental_methods": null, "has_kiosk": null, "history": [ ] }, "geometry": { "type": "Point", "coordinates": [ 6.1287092, 46.2108492 ] } },
{ "type": "Feature", "properties": { "station_id": "Rue de L'Ecole-de-Chimie", "name": "Rue de L'Ecole-de-Chimie", "short_name": "", "lat": 46.1965564, "lon": 6.1466746, "address": "", "capacity": null, "region_id": "", "rental_methods": null, "has_kiosk": null, "history": [ ] }, "geometry": { "type": "Point", "coordinates": [ 6.1466746, 46.1965564 ] } },
{ "type": "Feature", "properties": { "station_id": "Place Pont de la Fin", "name": "Place Pont de la Fin", "short_name": "", "lat": 46.1440569, "lon": 6.1374089, "address": "", "capacity": null, "region_id": "", "rental_methods": null, "has_kiosk": null, "history": [ ] }, "geometry": { "type": "Point", "coordinates": [ 6.1374089, 46.1440569 ] } },
{ "type": "Feature", "properties": { "station_id": "Michel-Simon", "name": "Michel-Simon", "short_name": "", "lat": 46.2011213, "lon": 6.1335254, "address": "", "capacity": null, "region_id": "", "rental_methods": null, "has_kiosk": null, "history": [ ] }, "geometry": { "type": "Point", "coordinates": [ 6.1335254, 46.2011213 ] } },
{ "type": "Feature", "properties": { "station_id": "Lyon 100", "name": "Lyon 100", "short_name": "", "lat": 46.2086856, "lon": 6.1248569, "address": "", "capacity": null, "region_id": "", "rental_methods": null, "has_kiosk": null, "history": [ ] }, "geometry": { "type": "Point", "coordinates": [ 6.1248569, 46.2086856 ] } },
{ "type": "Feature", "properties": { "station_id": "Rue de Contamines", "name": "Rue de Contamines", "short_name": "", "lat": 46.1955643, "lon": 6.1555544, "address": "", "capacity": null, "region_id": "", "rental_methods": null, "has_kiosk": null, "history": [ ] }, "geometry": { "type": "Point", "coordinates": [ 6.1555544, 46.1955643 ] } },
{ "type": "Feature", "properties": { "station_id": "Rue de Genève 106", "name": "Rue de Genève 106", "short_name": "", "lat": 46.1929893, "lon": 6.2015369, "address": "", "capacity": null, "region_id": "", "rental_methods": null, "has_kiosk": null, "history": [ ] }, "geometry": { "type": "Point", "coordinates": [ 6.2015369, 46.1929893 ] } },
{ "type": "Feature", "properties": { "station_id": "Route de Meyrin 122", "name": "Route de Meyrin 122", "short_name": "", "lat": 46.2198764, "lon": 6.105968, "address": "", "capacity": null, "region_id": "", "rental_methods": null, "has_kiosk": null, "history": [ ] }, "geometry": { "type": "Point", "coordinates": [ 6.105968, 46.2198764 ] } },
{ "type": "Feature", "properties": { "station_id": "Arsenal", "name": "Arsenal", "short_name": "", "lat": 46.1960095, "lon": 6.13688, "address": "", "capacity": null, "region_id": "", "rental_methods": null, "has_kiosk": null, "history": [ ] }, "geometry": { "type": "Point", "coordinates": [ 6.13688, 46.1960095 ] } },
{ "type": "Feature", "properties": { "station_id": "Route de Florissant", "name": "Route de Florissant", "short_name": "", "lat": 46.1934709, "lon": 6.1613761, "address": "", "capacity": null, "region_id": "", "rental_methods": null, "has_kiosk": null, "history": [ ] }, "geometry": { "type": "Point", "coordinates": [ 6.1613761, 46.1934709 ] } },
{ "type": "Feature", "properties": { "station_id": "Servette 18", "name": "Servette 18", "short_name": "", "lat": 46.2102756, "lon": 6.1374097, "address": "", "capacity": null, "region_id": "", "rental_methods": null, "has_kiosk": null, "history": [ ] }, "geometry": { "type": "Point", "coordinates": [ 6.1374097, 46.2102756 ] } },
{ "type": "Feature", "properties": { "station_id": "Rue Henri-Blanvalet", "name": "Rue Henri-Blanvalet", "short_name": "", "lat": 46.2032123, "lon": 6.1587204, "address": "", "capacity": null, "region_id": "", "rental_methods": null, "has_kiosk": null, "history": [ ] }, "geometry": { "type": "Point", "coordinates": [ 6.1587204, 46.2032123 ] } },
{ "type": "Feature", "properties": { "station_id": "Alfred Bertrand", "name": "Alfred Bertrand", "short_name": "", "lat": 46.1942431, "lon": 6.1562107, "address": "", "capacity": null, "region_id": "", "rental_methods": null, "has_kiosk": null, "history": [ ] }, "geometry": { "type": "Point", "coordinates": [ 6.1562107, 46.1942431 ] } },
{ "type": "Feature", "properties": { "station_id": "Encyclopédie 1", "name": "Encyclopédie 1", "short_name": "", "lat": 46.2081224, "lon": 6.1360497, "address": "", "capacity": null, "region_id": "", "rental_methods": null, "has_kiosk": null, "history": [ ] }, "geometry": { "type": "Point", "coordinates": [ 6.1360497, 46.2081224 ] } },
{ "type": "Feature", "properties": { "station_id": "Port Cologny", "name": "Port Cologny", "short_name": "", "lat": 46.2248967, "lon": 6.1827889, "address": "", "capacity": null, "region_id": "", "rental_methods": null, "has_kiosk": null, "history": [ ] }, "geometry": { "type": "Point", "coordinates": [ 6.1827889, 46.2248967 ] } },
{ "type": "Feature", "properties": { "station_id": "Troinex-Zone Sportive", "name": "Troinex-Zone Sportive", "short_name": "", "lat": 46.1632679, "lon": 6.1445617, "address": "", "capacity": null, "region_id": "", "rental_methods": null, "has_kiosk": null, "history": [ ] }, "geometry": { "type": "Point", "coordinates": [ 6.1445617, 46.1632679 ] } },
{ "type": "Feature", "properties": { "station_id": "Colibri", "name": "Colibri", "short_name": "", "lat": 46.1929841, "lon": 6.1440325, "address": "", "capacity": null, "region_id": "", "rental_methods": null, "has_kiosk": null, "history": [ ] }, "geometry": { "type": "Point", "coordinates": [ 6.1440325, 46.1929841 ] } },
{ "type": "Feature", "properties": { "station_id": "RTS", "name": "RTS", "short_name": "", "lat": 46.1960136, "lon": 6.1355364, "address": "", "capacity": null, "region_id": "", "rental_methods": null, "has_kiosk": null, "history": [ ] }, "geometry": { "type": "Point", "coordinates": [ 6.1355364, 46.1960136 ] } },
{ "type": "Feature", "properties": { "station_id": "Vélodrome, Chemin de Champ-Joly", "name": "Vélodrome, Chemin de Champ-Joly", "short_name": "", "lat": 46.1691526, "lon": 6.1121086, "address": "", "capacity": null, "region_id": "", "rental_methods": null, "has_kiosk": null, "history": [ ] }, "geometry": { "type": "Point", "coordinates": [ 6.1121086, 46.1691526 ] } },
{ "type": "Feature", "properties": { "station_id": "Chemin des Semailles 44", "name": "Chemin des Semailles 44", "short_name": "", "lat": 46.1755328, "lon": 6.1182855, "address": "", "capacity": null, "region_id": "", "rental_methods": null, "has_kiosk": null, "history": [ ] }, "geometry": { "type": "Point", "coordinates": [ 6.1182855, 46.1755328 ] } },
{ "type": "Feature", "properties": { "station_id": "Rue de Lyon 118", "name": "Rue de Lyon 118", "short_name": "", "lat": 46.2093243, "lon": 6.1216274, "address": "", "capacity": null, "region_id": "", "rental_methods": null, "has_kiosk": null, "history": [ ] }, "geometry": { "type": "Point", "coordinates": [ 6.1216274, 46.2093243 ] } },
{ "type": "Feature", "properties": { "station_id": "Cui Yuan", "name": "Cui Yuan", "short_name": "", "lat": 46.2160508, "lon": 6.1466601, "address": "", "capacity": null, "region_id": "", "rental_methods": null, "has_kiosk": null, "history": [ ] }, "geometry": { "type": "Point", "coordinates": [ 6.1466601, 46.2160508 ] } },
{ "type": "Feature", "properties": { "station_id": "Rue Fendt", "name": "Rue Fendt", "short_name": "", "lat": 46.2111408, "lon": 6.1409182, "address": "", "capacity": null, "region_id": "", "rental_methods": null, "has_kiosk": null, "history": [ ] }, "geometry": { "type": "Point", "coordinates": [ 6.1409182, 46.2111408 ] } },
{ "type": "Feature", "properties": { "station_id": "Violier", "name": "Violier", "short_name": "", "lat": 46.2012819, "lon": 6.1646326, "address": "", "capacity": null, "region_id": "", "rental_methods": null, "has_kiosk": null, "history": [ ] }, "geometry": { "type": "Point", "coordinates": [ 6.1646326, 46.2012819 ] } },
{ "type": "Feature", "properties": { "station_id": "La Turbine", "name": "La Turbine", "short_name": "", "lat": 46.2039152, "lon": 6.1369485, "address": "", "capacity": null, "region_id": "", "rental_methods": null, "has_kiosk": null, "history": [ ] }, "geometry": { "type": "Point", "coordinates": [ 6.1369485, 46.2039152 ] } },
{ "type": "Feature", "properties": { "station_id": "Vélodrome ( Champ-Ravy)", "name": "Vélodrome ( Champ-Ravy)", "short_name": "", "lat": 46.1710947, "lon": 6.1120542, "address": "", "capacity": null, "region_id": "", "rental_methods": null, "has_kiosk": null, "history": [ ] }, "geometry": { "type": "Point", "coordinates": [ 6.1120542, 46.1710947 ] } },
{ "type": "Feature", "properties": { "station_id": "Rue Hoffmann", "name": "Rue Hoffmann", "short_name": "", "lat": 46.2146967, "lon": 6.1302306, "address": "", "capacity": null, "region_id": "", "rental_methods": null, "has_kiosk": null, "history": [ ] }, "geometry": { "type": "Point", "coordinates": [ 6.1302306, 46.2146967 ] } },
{ "type": "Feature", "properties": { "station_id": "Caroubiers 8", "name": "Caroubiers 8", "short_name": "", "lat": 46.1879435, "lon": 6.134159, "address": "", "capacity": null, "region_id": "", "rental_methods": null, "has_kiosk": null, "history": [ ] }, "geometry": { "type": "Point", "coordinates": [ 6.134159, 46.1879435 ] } },
{ "type": "Feature", "properties": { "station_id": "Terreaux-du-Temple", "name": "Terreaux-du-Temple", "short_name": "", "lat": 46.2072477, "lon": 6.1412344, "address": "", "capacity": null, "region_id": "", "rental_methods": null, "has_kiosk": null, "history": [ ] }, "geometry": { "type": "Point", "coordinates": [ 6.1412344, 46.2072477 ] } },
{ "type": "Feature", "properties": { "station_id": "Le Shogun", "name": "Le Shogun", "short_name": "", "lat": 46.204237, "lon": 6.1589403, "address": "", "capacity": null, "region_id": "", "rental_methods": null, "has_kiosk": null, "history": [ ] }, "geometry": { "type": "Point", "coordinates": [ 6.1589403, 46.204237 ] } },
{ "type": "Feature", "properties": { "station_id": "Battoirs 9", "name": "Battoirs 9", "short_name": "", "lat": 46.1913354, "lon": 6.1418084, "address": "", "capacity": null, "region_id": "", "rental_methods": null, "has_kiosk": null, "history": [ ] }, "geometry": { "type": "Point", "coordinates": [ 6.1418084, 46.1913354 ] } },
{ "type": "Feature", "properties": { "station_id": "Champendale", "name": "Champendale", "short_name": "", "lat": 46.1917611, "lon": 6.1663264, "address": "", "capacity": null, "region_id": "", "rental_methods": null, "has_kiosk": null, "history": [ ] }, "geometry": { "type": "Point", "coordinates": [ 6.1663264, 46.1917611 ] } },
{ "type": "Feature", "properties": { "station_id": "Grand Morillon IUHEI", "name": "Grand Morillon IUHEI", "short_name": "", "lat": 46.2278866, "lon": 6.1298639, "address": "", "capacity": null, "region_id": "", "rental_methods": null, "has_kiosk": null, "history": [ ] }, "geometry": { "type": "Point", "coordinates": [ 6.1298639, 46.2278866 ] } },
{ "type": "Feature", "properties": { "station_id": "Au Chien Bleu", "name": "Au Chien Bleu", "short_name": "", "lat": 46.1966174, "lon": 6.1442388, "address": "", "capacity": null, "region_id": "", "rental_methods": null, "has_kiosk": null, "history": [ ] }, "geometry": { "type": "Point", "coordinates": [ 6.1442388, 46.1966174 ] } },
{ "type": "Feature", "properties": { "station_id": "Rue Necker", "name": "Rue Necker", "short_name": "", "lat": 46.2076433, "lon": 6.1409662, "address": "", "capacity": null, "region_id": "", "rental_methods": null, "has_kiosk": null, "history": [ ] }, "geometry": { "type": "Point", "coordinates": [ 6.1409662, 46.2076433 ] } },
{ "type": "Feature", "properties": { "station_id": "Sciences II", "name": "Sciences II", "short_name": "", "lat": 46.1978244, "lon": 6.1323619, "address": "", "capacity": null, "region_id": "", "rental_methods": null, "has_kiosk": null, "history": [ ] }, "geometry": { "type": "Point", "coordinates": [ 6.1323619, 46.1978244 ] } },
{ "type": "Feature", "properties": { "station_id": "Avenue d'Aïre", "name": "Avenue d'Aïre", "short_name": "", "lat": 46.2068473, "lon": 6.1200501, "address": "", "capacity": null, "region_id": "", "rental_methods": null, "has_kiosk": null, "history": [ ] }, "geometry": { "type": "Point", "coordinates": [ 6.1200501, 46.2068473 ] } },
{ "type": "Feature", "properties": { "station_id": "Mileant", "name": "Mileant", "short_name": "", "lat": 46.2060149, "lon": 6.1272746, "address": "", "capacity": null, "region_id": "", "rental_methods": null, "has_kiosk": null, "history": [ ] }, "geometry": { "type": "Point", "coordinates": [ 6.1272746, 46.2060149 ] } },
{ "type": "Feature", "properties": { "station_id": "François-Bartholoni", "name": "François-Bartholoni", "short_name": "", "lat": 46.200731, "lon": 6.1429667, "address": "", "capacity": null, "region_id": "", "rental_methods": null, "has_kiosk": null, "history": [ ] }, "geometry": { "type": "Point", "coordinates": [ 6.1429667, 46.200731 ] } },
{ "type": "Feature", "properties": { "station_id": "Cimetière Carouge", "name": "Cimetière Carouge", "short_name": "", "lat": 46.181678, "lon": 6.1455038, "address": "", "capacity": null, "region_id": "", "rental_methods": null, "has_kiosk": null, "history": [ ] }, "geometry": { "type": "Point", "coordinates": [ 6.1455038, 46.181678 ] } },
{ "type": "Feature", "properties": { "station_id": "Av. du Plateau", "name": "Av. du Plateau", "short_name": "", "lat": 46.1963759, "lon": 6.1173322, "address": "", "capacity": null, "region_id": "", "rental_methods": null, "has_kiosk": null, "history": [ ] }, "geometry": { "type": "Point", "coordinates": [ 6.1173322, 46.1963759 ] } },
{ "type": "Feature", "properties": { "station_id": "William-Favre 38", "name": "William-Favre 38", "short_name": "", "lat": 46.2040117, "lon": 6.1667536, "address": "", "capacity": null, "region_id": "", "rental_methods": null, "has_kiosk": null, "history": [ ] }, "geometry": { "type": "Point", "coordinates": [ 6.1667536, 46.2040117 ] } },
{ "type": "Feature", "properties": { "station_id": "Rue des Savoises 3", "name": "Rue des Savoises 3", "short_name": "", "lat": 46.2007559, "lon": 6.1396609, "address": "", "capacity": null, "region_id": "", "rental_methods": null, "has_kiosk": null, "history": [ ] }, "geometry": { "type": "Point", "coordinates": [ 6.1396609, 46.2007559 ] } },
{ "type": "Feature", "properties": { "station_id": "Musée d'Art et Histoire", "name": "Musée d'Art et Histoire", "short_name": "", "lat": 46.199425, "lon": 6.1518549, "address": "", "capacity": null, "region_id": "", "rental_methods": null, "has_kiosk": null, "history": [ ] }, "geometry": { "type": "Point", "coordinates": [ 6.1518549, 46.199425 ] } },
{ "type": "Feature", "properties": { "station_id": "Malagnou", "name": "Malagnou", "short_name": "", "lat": 46.1977199, "lon": 6.1608216, "address": "", "capacity": null, "region_id": "", "rental_methods": null, "has_kiosk": null, "history": [ ] }, "geometry": { "type": "Point", "coordinates": [ 6.1608216, 46.1977199 ] } },
{ "type": "Feature", "properties": { "station_id": "Chemin des Sports", "name": "Chemin des Sports", "short_name": "", "lat": 46.2090593, "lon": 6.116958, "address": "", "capacity": null, "region_id": "", "rental_methods": null, "has_kiosk": null, "history": [ ] }, "geometry": { "type": "Point", "coordinates": [ 6.116958, 46.2090593 ] } },
{ "type": "Feature", "properties": { "station_id": "Rue du Prieuré 32", "name": "Rue du Prieuré 32", "short_name": "", "lat": 46.2147902, "lon": 6.145709, "address": "", "capacity": null, "region_id": "", "rental_methods": null, "has_kiosk": null, "history": [ ] }, "geometry": { "type": "Point", "coordinates": [ 6.145709, 46.2147902 ] } },
{ "type": "Feature", "properties": { "station_id": "Epinettes 12", "name": "Epinettes 12", "short_name": "", "lat": 46.1901998, "lon": 6.1357744, "address": "", "capacity": null, "region_id": "", "rental_methods": null, "has_kiosk": null, "history": [ ] }, "geometry": { "type": "Point", "coordinates": [ 6.1357744, 46.1901998 ] } },
{ "type": "Feature", "properties": { "station_id": "Rue de la Prulay 68", "name": "Rue de la Prulay 68", "short_name": "", "lat": 46.2312715, "lon": 6.0770025, "address": "", "capacity": null, "region_id": "", "rental_methods": null, "has_kiosk": null, "history": [ ] }, "geometry": { "type": "Point", "coordinates": [ 6.0770025, 46.2312715 ] } },
{ "type": "Feature", "properties": { "station_id": "Ansermet - Bains", "name": "Ansermet - Bains", "short_name": "", "lat": 46.1964309, "lon": 6.1345486, "address": "", "capacity": null, "region_id": "", "rental_methods": null, "has_kiosk": null, "history": [ ] }, "geometry": { "type": "Point", "coordinates": [ 6.1345486, 46.1964309 ] } },
{ "type": "Feature", "properties": { "station_id": "Plan les Ouates, Aviateurs", "name": "Plan les Ouates, Aviateurs", "short_name": "", "lat": 46.1695462, "lon": 6.1203708, "address": "", "capacity": null, "region_id": "", "rental_methods": null, "has_kiosk": null, "history": [ ] }, "geometry": { "type": "Point", "coordinates": [ 6.1203708, 46.1695462 ] } },
{ "type": "Feature", "properties": { "station_id": "Ecole de Tivoli", "name": "Ecole de Tivoli", "short_name": "", "lat": 46.1949565, "lon": 6.1235895, "address": "", "capacity": null, "region_id": "", "rental_methods": null, "has_kiosk": null, "history": [ ] }, "geometry": { "type": "Point", "coordinates": [ 6.1235895, 46.1949565 ] } },
{ "type": "Feature", "properties": { "station_id": "Pervenches", "name": "Pervenches", "short_name": "", "lat": 46.1869013, "lon": 6.1366381, "address": "", "capacity": null, "region_id": "", "rental_methods": null, "has_kiosk": null, "history": [ ] }, "geometry": { "type": "Point", "coordinates": [ 6.1366381, 46.1869013 ] } },
{ "type": "Feature", "properties": { "station_id": "Eugène-Marziano", "name": "Eugène-Marziano", "short_name": "", "lat": 46.1907666, "lon": 6.1340863, "address": "", "capacity": null, "region_id": "", "rental_methods": null, "has_kiosk": null, "history": [ ] }, "geometry": { "type": "Point", "coordinates": [ 6.1340863, 46.1907666 ] } },
{ "type": "Feature", "properties": { "station_id": "Rue des Pâquis 36", "name": "Rue des Pâquis 36", "short_name": "", "lat": 46.2133671, "lon": 6.1504783, "address": "", "capacity": null, "region_id": "", "rental_methods": null, "has_kiosk": null, "history": [ ] }, "geometry": { "type": "Point", "coordinates": [ 6.1504783, 46.2133671 ] } },
{ "type": "Feature", "properties": { "station_id": "Chemin des Tulipiers", "name": "Chemin des Tulipiers", "short_name": "", "lat": 46.2011179, "lon": 6.17287, "address": "", "capacity": null, "region_id": "", "rental_methods": null, "has_kiosk": null, "history": [ ] }, "geometry": { "type": "Point", "coordinates": [ 6.17287, 46.2011179 ] } },
{ "type": "Feature", "properties": { "station_id": "Temple des Pâquis", "name": "Temple des Pâquis", "short_name": "", "lat": 46.2116452, "lon": 6.1472369, "address": "", "capacity": null, "region_id": "", "rental_methods": null, "has_kiosk": null, "history": [ ] }, "geometry": { "type": "Point", "coordinates": [ 6.1472369, 46.2116452 ] } },
{ "type": "Feature", "properties": { "station_id": "Chemin de la Caroline", "name": "Chemin de la Caroline", "short_name": "", "lat": 46.1914228, "lon": 6.1083479, "address": "", "capacity": null, "region_id": "", "rental_methods": null, "has_kiosk": null, "history": [ ] }, "geometry": { "type": "Point", "coordinates": [ 6.1083479, 46.1914228 ] } },
{ "type": "Feature", "properties": { "station_id": "Grand théàtre", "name": "Grand théàtre", "short_name": "", "lat": 46.2018665, "lon": 6.143123, "address": "", "capacity": null, "region_id": "", "rental_methods": null, "has_kiosk": null, "history": [ ] }, "geometry": { "type": "Point", "coordinates": [ 6.143123, 46.2018665 ] } },
{ "type": "Feature", "properties": { "station_id": "Centre sportif des Cherpines", "name": "Centre sportif des Cherpines", "short_name": "", "lat": 46.1743345, "lon": 6.1037942, "address": "", "capacity": null, "region_id": "", "rental_methods": null, "has_kiosk": null, "history": [ ] }, "geometry": { "type": "Point", "coordinates": [ 6.1037942, 46.1743345 ] } },
{ "type": "Feature", "properties": { "station_id": "Chemin de Compostelle 7", "name": "Chemin de Compostelle 7", "short_name": "", "lat": 46.1712933, "lon": 6.1338567, "address": "", "capacity": null, "region_id": "", "rental_methods": null, "has_kiosk": null, "history": [ ] }, "geometry": { "type": "Point", "coordinates": [ 6.1338567, 46.1712933 ] } },
{ "type": "Feature", "properties": { "station_id": "Rue de l'Athénée", "name": "Rue de l'Athénée", "short_name": "", "lat": 46.195082, "lon": 6.1540845, "address": "", "capacity": null, "region_id": "", "rental_methods": null, "has_kiosk": null, "history": [ ] }, "geometry": { "type": "Point", "coordinates": [ 6.1540845, 46.195082 ] } },
{ "type": "Feature", "properties": { "station_id": "Saint-Georges 10", "name": "Saint-Georges 10", "short_name": "", "lat": 46.2012379, "lon": 6.131682, "address": "", "capacity": null, "region_id": "", "rental_methods": null, "has_kiosk": null, "history": [ ] }, "geometry": { "type": "Point", "coordinates": [ 6.131682, 46.2012379 ] } },
{ "type": "Feature", "properties": { "station_id": "Chêne Bougeries", "name": "Chêne Bougeries", "short_name": "", "lat": 46.1978508, "lon": 6.1869116, "address": "", "capacity": null, "region_id": "", "rental_methods": null, "has_kiosk": null, "history": [ ] }, "geometry": { "type": "Point", "coordinates": [ 6.1869116, 46.1978508 ] } },
{ "type": "Feature", "properties": { "station_id": "Rue Jacques Grosselin 4", "name": "Rue Jacques Grosselin 4", "short_name": "", "lat": 46.1880603, "lon": 6.1365016, "address": "", "capacity": null, "region_id": "", "rental_methods": null, "has_kiosk": null, "history": [ ] }, "geometry": { "type": "Point", "coordinates": [ 6.1365016, 46.1880603 ] } },
{ "type": "Feature", "properties": { "station_id": "Beau-Site", "name": "Beau-Site", "short_name": "", "lat": 46.2049264, "lon": 6.130007, "address": "", "capacity": null, "region_id": "", "rental_methods": null, "has_kiosk": null, "history": [ ] }, "geometry": { "type": "Point", "coordinates": [ 6.130007, 46.2049264 ] } },
{ "type": "Feature", "properties": { "station_id": "Gavroche", "name": "Gavroche", "short_name": "", "lat": 46.2060901, "lon": 6.1396961, "address": "", "capacity": null, "region_id": "", "rental_methods": null, "has_kiosk": null, "history": [ ] }, "geometry": { "type": "Point", "coordinates": [ 6.1396961, 46.2060901 ] } },
{ "type": "Feature", "properties": { "station_id": "Rue du Nant 27", "name": "Rue du Nant 27", "short_name": "", "lat": 46.2029819, "lon": 6.1618123, "address": "", "capacity": null, "region_id": "", "rental_methods": null, "has_kiosk": null, "history": [ ] }, "geometry": { "type": "Point", "coordinates": [ 6.1618123, 46.2029819 ] } },
{ "type": "Feature", "properties": { "station_id": "Jean-Dassier", "name": "Jean-Dassier", "short_name": "", "lat": 46.2084192, "lon": 6.138704, "address": "", "capacity": null, "region_id": "", "rental_methods": null, "has_kiosk": null, "history": [ ] }, "geometry": { "type": "Point", "coordinates": [ 6.138704, 46.2084192 ] } },
{ "type": "Feature", "properties": { "station_id": "Saint-Jean 30", "name": "Saint-Jean 30", "short_name": "", "lat": 46.2047587, "lon": 6.1286642, "address": "", "capacity": null, "region_id": "", "rental_methods": null, "has_kiosk": null, "history": [ ] }, "geometry": { "type": "Point", "coordinates": [ 6.1286642, 46.2047587 ] } },
{ "type": "Feature", "properties": { "station_id": "Henri-Veyrassat 9", "name": "Henri-Veyrassat 9", "short_name": "", "lat": 46.2125883, "lon": 6.1306132, "address": "", "capacity": null, "region_id": "", "rental_methods": null, "has_kiosk": null, "history": [ ] }, "geometry": { "type": "Point", "coordinates": [ 6.1306132, 46.2125883 ] } },
{ "type": "Feature", "properties": { "station_id": "Boulevard du Théâtre", "name": "Boulevard du Théâtre", "short_name": "", "lat": 46.2025527, "lon": 6.1416152, "address": "", "capacity": null, "region_id": "", "rental_methods": null, "has_kiosk": null, "history": [ ] }, "geometry": { "type": "Point", "coordinates": [ 6.1416152, 46.2025527 ] } },
{ "type": "Feature", "properties": { "station_id": "Pédro-Meylan 7", "name": "Pédro-Meylan 7", "short_name": "", "lat": 46.1951698, "lon": 6.1646095, "address": "", "capacity": null, "region_id": "", "rental_methods": null, "has_kiosk": null, "history": [ ] }, "geometry": { "type": "Point", "coordinates": [ 6.1646095, 46.1951698 ] } },
{ "type": "Feature", "properties": { "station_id": "Boulevard Saint Georges", "name": "Boulevard Saint Georges", "short_name": "", "lat": 46.2013743, "lon": 6.1344404, "address": "", "capacity": null, "region_id": "", "rental_methods": null, "has_kiosk": null, "history": [ ] }, "geometry": { "type": "Point", "coordinates": [ 6.1344404, 46.2013743 ] } },
{ "type": "Feature", "properties": { "station_id": "Rue de Montbrillant", "name": "Rue de Montbrillant", "short_name": "", "lat": 46.2200435, "lon": 6.1409772, "address": "", "capacity": null, "region_id": "", "rental_methods": null, "has_kiosk": null, "history": [ ] }, "geometry": { "type": "Point", "coordinates": [ 6.1409772, 46.2200435 ] } },
{ "type": "Feature", "properties": { "station_id": "Meyrinroule", "name": "Meyrinroule", "short_name": "", "lat": 46.2293607, "lon": 6.0712401, "address": "", "capacity": null, "region_id": "", "rental_methods": null, "has_kiosk": null, "history": [ ] }, "geometry": { "type": "Point", "coordinates": [ 6.0712401, 46.2293607 ] } },
{ "type": "Feature", "properties": { "station_id": "Ch. Louis-Dunant", "name": "Ch. Louis-Dunant", "short_name": "", "lat": 46.2196215, "lon": 6.1373301, "address": "", "capacity": null, "region_id": "", "rental_methods": null, "has_kiosk": null, "history": [ ] }, "geometry": { "type": "Point", "coordinates": [ 6.1373301, 46.2196215 ] } },
{ "type": "Feature", "properties": { "station_id": "Le Poisson Rouge", "name": "Le Poisson Rouge", "short_name": "", "lat": 46.2161133, "lon": 6.1341607, "address": "", "capacity": null, "region_id": "", "rental_methods": null, "has_kiosk": null, "history": [ ] }, "geometry": { "type": "Point", "coordinates": [ 6.1341607, 46.2161133 ] } },
{ "type": "Feature", "properties": { "station_id": "Chemin des Mérinos 10", "name": "Chemin des Mérinos 10", "short_name": "", "lat": 46.1850804, "lon": 6.1238364, "address": "", "capacity": null, "region_id": "", "rental_methods": null, "has_kiosk": null, "history": [ ] }, "geometry": { "type": "Point", "coordinates": [ 6.1238364, 46.1850804 ] } },
{ "type": "Feature", "properties": { "station_id": "Rue du Jura", "name": "Rue du Jura", "short_name": "", "lat": 46.2102359, "lon": 6.1352973, "address": "", "capacity": null, "region_id": "", "rental_methods": null, "has_kiosk": null, "history": [ ] }, "geometry": { "type": "Point", "coordinates": [ 6.1352973, 46.2102359 ] } },
{ "type": "Feature", "properties": { "station_id": "Chaponnière 16", "name": "Chaponnière 16", "short_name": "", "lat": 46.209787, "lon": 6.1451953, "address": "", "capacity": null, "region_id": "", "rental_methods": null, "has_kiosk": null, "history": [ ] }, "geometry": { "type": "Point", "coordinates": [ 6.1451953, 46.209787 ] } },
{ "type": "Feature", "properties": { "station_id": "Place des Charmettes", "name": "Place des Charmettes", "short_name": "", "lat": 46.1850207, "lon": 6.138639, "address": "", "capacity": null, "region_id": "", "rental_methods": null, "has_kiosk": null, "history": [ ] }, "geometry": { "type": "Point", "coordinates": [ 6.138639, 46.1850207 ] } },
{ "type": "Feature", "properties": { "station_id": "Grand-Lancy 112", "name": "Grand-Lancy 112", "short_name": "", "lat": 46.1810886, "lon": 6.1142487, "address": "", "capacity": null, "region_id": "", "rental_methods": null, "has_kiosk": null, "history": [ ] }, "geometry": { "type": "Point", "coordinates": [ 6.1142487, 46.1810886 ] } },
{ "type": "Feature", "properties": { "station_id": "Beulet", "name": "Beulet", "short_name": "", "lat": 46.2055037, "lon": 6.1256901, "address": "", "capacity": null, "region_id": "", "rental_methods": null, "has_kiosk": null, "history": [ ] }, "geometry": { "type": "Point", "coordinates": [ 6.1256901, 46.2055037 ] } },
{ "type": "Feature", "properties": { "station_id": "Ernest-Pictet 18", "name": "Ernest-Pictet 18", "short_name": "", "lat": 46.2122951, "lon": 6.1253655, "address": "", "capacity": null, "region_id": "", "rental_methods": null, "has_kiosk": null, "history": [ ] }, "geometry": { "type": "Point", "coordinates": [ 6.1253655, 46.2122951 ] } },
{ "type": "Feature", "properties": { "station_id": "Petit Lancy 2", "name": "Petit Lancy 2", "short_name": "", "lat": 46.1902142, "lon": 6.1187042, "address": "", "capacity": null, "region_id": "", "rental_methods": null, "has_kiosk": null, "history": [ ] }, "geometry": { "type": "Point", "coordinates": [ 6.1187042, 46.1902142 ] } },
{ "type": "Feature", "properties": { "station_id": "P+R Sous-Moulin", "name": "P+R Sous-Moulin", "short_name": "", "lat": 46.1898618, "lon": 6.1918154, "address": "", "capacity": null, "region_id": "", "rental_methods": null, "has_kiosk": null, "history": [ ] }, "geometry": { "type": "Point", "coordinates": [ 6.1918154, 46.1898618 ] } },
{ "type": "Feature", "properties": { "station_id": "Chancy; Soral", "name": "Chancy; Soral", "short_name": "", "lat": 46.1785367, "lon": 6.0892869, "address": "", "capacity": null, "region_id": "", "rental_methods": null, "has_kiosk": null, "history": [ ] }, "geometry": { "type": "Point", "coordinates": [ 6.0892869, 46.1785367 ] } },
{ "type": "Feature", "properties": { "station_id": "Rue de la Poterie 35", "name": "Rue de la Poterie 35", "short_name": "", "lat": 46.2109921, "lon": 6.1345433, "address": "", "capacity": null, "region_id": "", "rental_methods": null, "has_kiosk": null, "history": [ ] }, "geometry": { "type": "Point", "coordinates": [ 6.1345433, 46.2109921 ] } },
{ "type": "Feature", "properties": { "station_id": "L'Aigle Noir", "name": "L'Aigle Noir", "short_name": "", "lat": 46.210525, "lon": 6.1470947, "address": "", "capacity": null, "region_id": "", "rental_methods": null, "has_kiosk": null, "history": [ ] }, "geometry": { "type": "Point", "coordinates": [ 6.1470947, 46.210525 ] } },
{ "type": "Feature", "properties": { "station_id": "Givaudan", "name": "Givaudan", "short_name": "", "lat": 46.2071864, "lon": 6.0787014, "address": "", "capacity": null, "region_id": "", "rental_methods": null, "has_kiosk": null, "history": [ ] }, "geometry": { "type": "Point", "coordinates": [ 6.0787014, 46.2071864 ] } },
{ "type": "Feature", "properties": { "station_id": "Route de Vernier 199", "name": "Route de Vernier 199", "short_name": "", "lat": 46.2179007, "lon": 6.088712, "address": "", "capacity": null, "region_id": "", "rental_methods": null, "has_kiosk": null, "history": [ ] }, "geometry": { "type": "Point", "coordinates": [ 6.088712, 46.2179007 ] } },
{ "type": "Feature", "properties": { "station_id": "Quai de Cologny 2", "name": "Quai de Cologny 2", "short_name": "", "lat": 46.2163991, "lon": 6.1766013, "address": "", "capacity": null, "region_id": "", "rental_methods": null, "has_kiosk": null, "history": [ ] }, "geometry": { "type": "Point", "coordinates": [ 6.1766013, 46.2163991 ] } },
{ "type": "Feature", "properties": { "station_id": "Piscine de Marignac Lancy", "name": "Piscine de Marignac Lancy", "short_name": "", "lat": 46.1802006, "lon": 6.1238674, "address": "", "capacity": null, "region_id": "", "rental_methods": null, "has_kiosk": null, "history": [ ] }, "geometry": { "type": "Point", "coordinates": [ 6.1238674, 46.1802006 ] } },
{ "type": "Feature", "properties": { "station_id": "Rue Maurice-Barraud", "name": "Rue Maurice-Barraud", "short_name": "", "lat": 46.1907538, "lon": 6.1576066, "address": "", "capacity": null, "region_id": "", "rental_methods": null, "has_kiosk": null, "history": [ ] }, "geometry": { "type": "Point", "coordinates": [ 6.1576066, 46.1907538 ] } },
{ "type": "Feature", "properties": { "station_id": "Route de Chêne", "name": "Route de Chêne", "short_name": "", "lat": 46.19993, "lon": 6.1646393, "address": "", "capacity": null, "region_id": "", "rental_methods": null, "has_kiosk": null, "history": [ ] }, "geometry": { "type": "Point", "coordinates": [ 6.1646393, 46.19993 ] } },
{ "type": "Feature", "properties": { "station_id": "Crêts de Champel 24", "name": "Crêts de Champel 24", "short_name": "", "lat": 46.187437, "lon": 6.1554907, "address": "", "capacity": null, "region_id": "", "rental_methods": null, "has_kiosk": null, "history": [ ] }, "geometry": { "type": "Point", "coordinates": [ 6.1554907, 46.187437 ] } },
{ "type": "Feature", "properties": { "station_id": "Place Jean-Héridier", "name": "Place Jean-Héridier", "short_name": "", "lat": 46.1942368, "lon": 6.1957278, "address": "", "capacity": null, "region_id": "", "rental_methods": null, "has_kiosk": null, "history": [ ] }, "geometry": { "type": "Point", "coordinates": [ 6.1957278, 46.1942368 ] } },
{ "type": "Feature", "properties": { "station_id": "Rue Caroline 51", "name": "Rue Caroline 51", "short_name": "", "lat": 46.1880839, "lon": 6.1384251, "address": "", "capacity": null, "region_id": "", "rental_methods": null, "has_kiosk": null, "history": [ ] }, "geometry": { "type": "Point", "coordinates": [ 6.1384251, 46.1880839 ] } },
{ "type": "Feature", "properties": { "station_id": "Route d'Aïre 175", "name": "Route d'Aïre 175", "short_name": "", "lat": 46.202539, "lon": 6.1058614, "address": "", "capacity": null, "region_id": "", "rental_methods": null, "has_kiosk": null, "history": [ ] }, "geometry": { "type": "Point", "coordinates": [ 6.1058614, 46.202539 ] } },
{ "type": "Feature", "properties": { "station_id": "P+R Etoile (hub mob)", "name": "P+R Etoile (hub mob)", "short_name": "", "lat": 46.1874263, "lon": 6.1279698, "address": "", "capacity": null, "region_id": "", "rental_methods": null, "has_kiosk": null, "history": [ ] }, "geometry": { "type": "Point", "coordinates": [ 6.1279698, 46.1874263 ] } },
{ "type": "Feature", "properties": { "station_id": "Ferdinand-Hodler 17", "name": "Ferdinand-Hodler 17", "short_name": "", "lat": 46.1990404, "lon": 6.1555378, "address": "", "capacity": null, "region_id": "", "rental_methods": null, "has_kiosk": null, "history": [ ] }, "geometry": { "type": "Point", "coordinates": [ 6.1555378, 46.1990404 ] } },
{ "type": "Feature", "properties": { "station_id": "Livron", "name": "Livron", "short_name": "", "lat": 46.2307331, "lon": 6.0813571, "address": "", "capacity": null, "region_id": "", "rental_methods": null, "has_kiosk": null, "history": [ ] }, "geometry": { "type": "Point", "coordinates": [ 6.0813571, 46.2307331 ] } },
{ "type": "Feature", "properties": { "station_id": "Quai du Cheval-Blanc 15", "name": "Quai du Cheval-Blanc 15", "short_name": "", "lat": 46.191221, "lon": 6.1397367, "address": "", "capacity": null, "region_id": "", "rental_methods": null, "has_kiosk": null, "history": [ ] }, "geometry": { "type": "Point", "coordinates": [ 6.1397367, 46.191221 ] } },
{ "type": "Feature", "properties": { "station_id": "Quai de Cologny 5", "name": "Quai de Cologny 5", "short_name": "", "lat": 46.2195566, "lon": 6.1788906, "address": "", "capacity": null, "region_id": "", "rental_methods": null, "has_kiosk": null, "history": [ ] }, "geometry": { "type": "Point", "coordinates": [ 6.1788906, 46.2195566 ] } },
{ "type": "Feature", "properties": { "station_id": "Rue des Buis 2", "name": "Rue des Buis 2", "short_name": "", "lat": 46.2134901, "lon": 6.1488294, "address": "", "capacity": null, "region_id": "", "rental_methods": null, "has_kiosk": null, "history": [ ] }, "geometry": { "type": "Point", "coordinates": [ 6.1488294, 46.2134901 ] } },
{ "type": "Feature", "properties": { "station_id": "Jules-Crosnier 2", "name": "Jules-Crosnier 2", "short_name": "", "lat": 46.1966758, "lon": 6.1531468, "address": "", "capacity": null, "region_id": "", "rental_methods": null, "has_kiosk": null, "history": [ ] }, "geometry": { "type": "Point", "coordinates": [ 6.1531468, 46.1966758 ] } },
{ "type": "Feature", "properties": { "station_id": "Rue des Noirettes 12", "name": "Rue des Noirettes 12", "short_name": "", "lat": 46.1895752, "lon": 6.135989, "address": "", "capacity": null, "region_id": "", "rental_methods": null, "has_kiosk": null, "history": [ ] }, "geometry": { "type": "Point", "coordinates": [ 6.135989, 46.1895752 ] } },
{ "type": "Feature", "properties": { "station_id": "Rue des Savoises 17", "name": "Rue des Savoises 17", "short_name": "", "lat": 46.2010616, "lon": 6.1385006, "address": "", "capacity": null, "region_id": "", "rental_methods": null, "has_kiosk": null, "history": [ ] }, "geometry": { "type": "Point", "coordinates": [ 6.1385006, 46.2010616 ] } },
{ "type": "Feature", "properties": { "station_id": "Morgines", "name": "Morgines", "short_name": "", "lat": 46.1916325, "lon": 6.110451, "address": "", "capacity": null, "region_id": "", "rental_methods": null, "has_kiosk": null, "history": [ ] }, "geometry": { "type": "Point", "coordinates": [ 6.110451, 46.1916325 ] } },
{ "type": "Feature", "properties": { "station_id": "Bibliothèque", "name": "Bibliothèque", "short_name": "", "lat": 46.1860018, "lon": 6.1375745, "address": "", "capacity": null, "region_id": "", "rental_methods": null, "has_kiosk": null, "history": [ ] }, "geometry": { "type": "Point", "coordinates": [ 6.1375745, 46.1860018 ] } },
{ "type": "Feature", "properties": { "station_id": "Av. Peschier 34", "name": "Av. Peschier 34", "short_name": "", "lat": 46.1906487, "lon": 6.1601493, "address": "", "capacity": null, "region_id": "", "rental_methods": null, "has_kiosk": null, "history": [ ] }, "geometry": { "type": "Point", "coordinates": [ 6.1601493, 46.1906487 ] } },
{ "type": "Feature", "properties": { "station_id": "Le Socrate", "name": "Le Socrate", "short_name": "", "lat": 46.1957388, "lon": 6.1463225, "address": "", "capacity": null, "region_id": "", "rental_methods": null, "has_kiosk": null, "history": [ ] }, "geometry": { "type": "Point", "coordinates": [ 6.1463225, 46.1957388 ] } },
{ "type": "Feature", "properties": { "station_id": "Pécolat 8", "name": "Pécolat 8", "short_name": "", "lat": 46.208767, "lon": 6.14606, "address": "", "capacity": null, "region_id": "", "rental_methods": null, "has_kiosk": null, "history": [ ] }, "geometry": { "type": "Point", "coordinates": [ 6.14606, 46.208767 ] } },
{ "type": "Feature", "properties": { "station_id": "Sgipa Conches", "name": "Sgipa Conches", "short_name": "", "lat": 46.1885408, "lon": 6.1716238, "address": "", "capacity": null, "region_id": "", "rental_methods": null, "has_kiosk": null, "history": [ ] }, "geometry": { "type": "Point", "coordinates": [ 6.1716238, 46.1885408 ] } },
{ "type": "Feature", "properties": { "station_id": "Quai Capo d'Istria", "name": "Quai Capo d'Istria", "short_name": "", "lat": 46.1873472, "lon": 6.1439558, "address": "", "capacity": null, "region_id": "", "rental_methods": null, "has_kiosk": null, "history": [ ] }, "geometry": { "type": "Point", "coordinates": [ 6.1439558, 46.1873472 ] } },
{ "type": "Feature", "properties": { "station_id": "Château-Bloch SIG", "name": "Château-Bloch SIG", "short_name": "", "lat": 46.2063477, "lon": 6.1026049, "address": "", "capacity": null, "region_id": "", "rental_methods": null, "has_kiosk": null, "history": [ ] }, "geometry": { "type": "Point", "coordinates": [ 6.1026049, 46.2063477 ] } },
{ "type": "Feature", "properties": { "station_id": "Quai de Cologny 6", "name": "Quai de Cologny 6", "short_name": "", "lat": 46.2209658, "lon": 6.1799172, "address": "", "capacity": null, "region_id": "", "rental_methods": null, "has_kiosk": null, "history": [ ] }, "geometry": { "type": "Point", "coordinates": [ 6.1799172, 46.2209658 ] } },
{ "type": "Feature", "properties": { "station_id": "Av. du Lignon 25", "name": "Av. du Lignon 25", "short_name": "", "lat": 46.2016985, "lon": 6.0950722, "address": "", "capacity": null, "region_id": "", "rental_methods": null, "has_kiosk": null, "history": [ ] }, "geometry": { "type": "Point", "coordinates": [ 6.0950722, 46.2016985 ] } },
{ "type": "Feature", "properties": { "station_id": "Belle-Cour", "name": "Belle-Cour", "short_name": "", "lat": 46.1797269, "lon": 6.1040497, "address": "", "capacity": null, "region_id": "", "rental_methods": null, "has_kiosk": null, "history": [ ] }, "geometry": { "type": "Point", "coordinates": [ 6.1040497, 46.1797269 ] } },
{ "type": "Feature", "properties": { "station_id": "Pré Bois", "name": "Pré Bois", "short_name": "", "lat": 46.2241049, "lon": 6.0991645, "address": "", "capacity": null, "region_id": "", "rental_methods": null, "has_kiosk": null, "history": [ ] }, "geometry": { "type": "Point", "coordinates": [ 6.0991645, 46.2241049 ] } },
{ "type": "Feature", "properties": { "station_id": "Pictet-de-Bock", "name": "Pictet-de-Bock", "short_name": "", "lat": 46.1937722, "lon": 6.1430817, "address": "", "capacity": null, "region_id": "", "rental_methods": null, "has_kiosk": null, "history": [ ] }, "geometry": { "type": "Point", "coordinates": [ 6.1430817, 46.1937722 ] } },
{ "type": "Feature", "properties": { "station_id": "Maison Chauvet-Lullin", "name": "Maison Chauvet-Lullin", "short_name": "", "lat": 46.2128142, "lon": 6.0811479, "address": "", "capacity": null, "region_id": "", "rental_methods": null, "has_kiosk": null, "history": [ ] }, "geometry": { "type": "Point", "coordinates": [ 6.0811479, 46.2128142 ] } },
{ "type": "Feature", "properties": { "station_id": "Trèfle-Blanc", "name": "Trèfle-Blanc", "short_name": "", "lat": 46.1712151, "lon": 6.1249355, "address": "", "capacity": null, "region_id": "", "rental_methods": null, "has_kiosk": null, "history": [ ] }, "geometry": { "type": "Point", "coordinates": [ 6.1249355, 46.1712151 ] } },
{ "type": "Feature", "properties": { "station_id": "Quartier du Pré du Champ", "name": "Quartier du Pré du Champ", "short_name": "", "lat": 46.168159, "lon": 6.1186169, "address": "", "capacity": null, "region_id": "", "rental_methods": null, "has_kiosk": null, "history": [ ] }, "geometry": { "type": "Point", "coordinates": [ 6.1186169, 46.168159 ] } },
{ "type": "Feature", "properties": { "station_id": "Rue Crespin", "name": "Rue Crespin", "short_name": "", "lat": 46.1953656, "lon": 6.1577756, "address": "", "capacity": null, "region_id": "", "rental_methods": null, "has_kiosk": null, "history": [ ] }, "geometry": { "type": "Point", "coordinates": [ 6.1577756, 46.1953656 ] } },
{ "type": "Feature", "properties": { "station_id": "Henri-Golay 17", "name": "Henri-Golay 17", "short_name": "", "lat": 46.2086879, "lon": 6.1126809, "address": "", "capacity": null, "region_id": "", "rental_methods": null, "has_kiosk": null, "history": [ ] }, "geometry": { "type": "Point", "coordinates": [ 6.1126809, 46.2086879 ] } },
{ "type": "Feature", "properties": { "station_id": "Gare Tuileries (hub mob)", "name": "Gare Tuileries (hub mob)", "short_name": "", "lat": 46.2501745, "lon": 6.1474675, "address": "", "capacity": null, "region_id": "", "rental_methods": null, "has_kiosk": null, "history": [ ] }, "geometry": { "type": "Point", "coordinates": [ 6.1474675, 46.2501745 ] } },
{ "type": "Feature", "properties": { "station_id": "Schaub x Carteret", "name": "Schaub x Carteret", "short_name": "", "lat": 46.2128543, "lon": 6.1340986, "address": "", "capacity": null, "region_id": "", "rental_methods": null, "has_kiosk": null, "history": [ ] }, "geometry": { "type": "Point", "coordinates": [ 6.1340986, 46.2128543 ] } },
{ "type": "Feature", "properties": { "station_id": "Ernest-Hentsch 10", "name": "Ernest-Hentsch 10", "short_name": "", "lat": 46.2041616, "lon": 6.1650658, "address": "", "capacity": null, "region_id": "", "rental_methods": null, "has_kiosk": null, "history": [ ] }, "geometry": { "type": "Point", "coordinates": [ 6.1650658, 46.2041616 ] } },
{ "type": "Feature", "properties": { "station_id": "Le Lyrique", "name": "Le Lyrique", "short_name": "", "lat": 46.201362, "lon": 6.1424538, "address": "", "capacity": null, "region_id": "", "rental_methods": null, "has_kiosk": null, "history": [ ] }, "geometry": { "type": "Point", "coordinates": [ 6.1424538, 46.201362 ] } },
{ "type": "Feature", "properties": { "station_id": "Adolphe-Pasteur", "name": "Adolphe-Pasteur", "short_name": "", "lat": 46.2207506, "lon": 6.1292017, "address": "", "capacity": null, "region_id": "", "rental_methods": null, "has_kiosk": null, "history": [ ] }, "geometry": { "type": "Point", "coordinates": [ 6.1292017, 46.2207506 ] } },
{ "type": "Feature", "properties": { "station_id": "Petit Lancy", "name": "Petit Lancy", "short_name": "", "lat": 46.1901424, "lon": 6.1192275, "address": "", "capacity": null, "region_id": "", "rental_methods": null, "has_kiosk": null, "history": [ ] }, "geometry": { "type": "Point", "coordinates": [ 6.1192275, 46.1901424 ] } },
{ "type": "Feature", "properties": { "station_id": "CO Pinchat", "name": "CO Pinchat", "short_name": "", "lat": 46.1797581, "lon": 6.148767, "address": "", "capacity": null, "region_id": "", "rental_methods": null, "has_kiosk": null, "history": [ ] }, "geometry": { "type": "Point", "coordinates": [ 6.148767, 46.1797581 ] } },
{ "type": "Feature", "properties": { "station_id": "Perly - Certoux", "name": "Perly - Certoux", "short_name": "", "lat": 46.1554031, "lon": 6.0943918, "address": "", "capacity": null, "region_id": "", "rental_methods": null, "has_kiosk": null, "history": [ ] }, "geometry": { "type": "Point", "coordinates": [ 6.0943918, 46.1554031 ] } },
{ "type": "Feature", "properties": { "station_id": "Chemin des Pontets", "name": "Chemin des Pontets", "short_name": "", "lat": 46.1748588, "lon": 6.1246389, "address": "", "capacity": null, "region_id": "", "rental_methods": null, "has_kiosk": null, "history": [ ] }, "geometry": { "type": "Point", "coordinates": [ 6.1246389, 46.1748588 ] } },
{ "type": "Feature", "properties": { "station_id": "Quai de Cologny 4", "name": "Quai de Cologny 4", "short_name": "", "lat": 46.2184598, "lon": 6.1780883, "address": "", "capacity": null, "region_id": "", "rental_methods": null, "has_kiosk": null, "history": [ ] }, "geometry": { "type": "Point", "coordinates": [ 6.1780883, 46.2184598 ] } },
{ "type": "Feature", "properties": { "station_id": "L'Entre-Deux", "name": "L'Entre-Deux", "short_name": "", "lat": 46.2158082, "lon": 6.1308509, "address": "", "capacity": null, "region_id": "", "rental_methods": null, "has_kiosk": null, "history": [ ] }, "geometry": { "type": "Point", "coordinates": [ 6.1308509, 46.2158082 ] } },
{ "type": "Feature", "properties": { "station_id": "Rue de Bâle 26", "name": "Rue de Bâle 26", "short_name": "", "lat": 46.2131834, "lon": 6.1491878, "address": "", "capacity": null, "region_id": "", "rental_methods": null, "has_kiosk": null, "history": [ ] }, "geometry": { "type": "Point", "coordinates": [ 6.1491878, 46.2131834 ] } },
{ "type": "Feature", "properties": { "station_id": "Rue Caroline 26", "name": "Rue Caroline 26", "short_name": "", "lat": 46.1901977, "lon": 6.1384177, "address": "", "capacity": null, "region_id": "", "rental_methods": null, "has_kiosk": null, "history": [ ] }, "geometry": { "type": "Point", "coordinates": [ 6.1384177, 46.1901977 ] } },
{ "type": "Feature", "properties": { "station_id": "Richard-Wagner 6", "name": "Richard-Wagner 6", "short_name": "", "lat": 46.2176169, "lon": 6.141676, "address": "", "capacity": null, "region_id": "", "rental_methods": null, "has_kiosk": null, "history": [ ] }, "geometry": { "type": "Point", "coordinates": [ 6.141676, 46.2176169 ] } },
{ "type": "Feature", "properties": { "station_id": "Tronchin", "name": "Tronchin", "short_name": "", "lat": 46.2096986, "lon": 6.1337542, "address": "", "capacity": null, "region_id": "", "rental_methods": null, "has_kiosk": null, "history": [ ] }, "geometry": { "type": "Point", "coordinates": [ 6.1337542, 46.2096986 ] } },
{ "type": "Feature", "properties": { "station_id": "El Pueblo", "name": "El Pueblo", "short_name": "", "lat": 46.2072301, "lon": 6.1448973, "address": "", "capacity": null, "region_id": "", "rental_methods": null, "has_kiosk": null, "history": [ ] }, "geometry": { "type": "Point", "coordinates": [ 6.1448973, 46.2072301 ] } },
{ "type": "Feature", "properties": { "station_id": "Franz-Liszt", "name": "Franz-Liszt", "short_name": "", "lat": 46.1988497, "lon": 6.1494832, "address": "", "capacity": null, "region_id": "", "rental_methods": null, "has_kiosk": null, "history": [ ] }, "geometry": { "type": "Point", "coordinates": [ 6.1494832, 46.1988497 ] } },
{ "type": "Feature", "properties": { "station_id": "La Felicita", "name": "La Felicita", "short_name": "", "lat": 46.199845, "lon": 6.1624014, "address": "", "capacity": null, "region_id": "", "rental_methods": null, "has_kiosk": null, "history": [ ] }, "geometry": { "type": "Point", "coordinates": [ 6.1624014, 46.199845 ] } },
{ "type": "Feature", "properties": { "station_id": "Grandes-Communes 20", "name": "Grandes-Communes 20", "short_name": "", "lat": 46.1936682, "lon": 6.1074939, "address": "", "capacity": null, "region_id": "", "rental_methods": null, "has_kiosk": null, "history": [ ] }, "geometry": { "type": "Point", "coordinates": [ 6.1074939, 46.1936682 ] } },
{ "type": "Feature", "properties": { "station_id": "Charles-Giron 4", "name": "Charles-Giron 4", "short_name": "", "lat": 46.2059144, "lon": 6.1301854, "address": "", "capacity": null, "region_id": "", "rental_methods": null, "has_kiosk": null, "history": [ ] }, "geometry": { "type": "Point", "coordinates": [ 6.1301854, 46.2059144 ] } },
{ "type": "Feature", "properties": { "station_id": "Ernest-Pictet 17", "name": "Ernest-Pictet 17", "short_name": "", "lat": 46.2121062, "lon": 6.1258271, "address": "", "capacity": null, "region_id": "", "rental_methods": null, "has_kiosk": null, "history": [ ] }, "geometry": { "type": "Point", "coordinates": [ 6.1258271, 46.2121062 ] } },
{ "type": "Feature", "properties": { "station_id": "Rue de Zurich 5", "name": "Rue de Zurich 5", "short_name": "", "lat": 46.2112231, "lon": 6.148367, "address": "", "capacity": null, "region_id": "", "rental_methods": null, "has_kiosk": null, "history": [ ] }, "geometry": { "type": "Point", "coordinates": [ 6.148367, 46.2112231 ] } },
{ "type": "Feature", "properties": { "station_id": "Lazy Cat", "name": "Lazy Cat", "short_name": "", "lat": 46.2027167, "lon": 6.1612906, "address": "", "capacity": null, "region_id": "", "rental_methods": null, "has_kiosk": null, "history": [ ] }, "geometry": { "type": "Point", "coordinates": [ 6.1612906, 46.2027167 ] } },
{ "type": "Feature", "properties": { "station_id": "Chemin des Crêts", "name": "Chemin des Crêts", "short_name": "", "lat": 46.2226933, "lon": 6.1268312, "address": "", "capacity": null, "region_id": "", "rental_methods": null, "has_kiosk": null, "history": [ ] }, "geometry": { "type": "Point", "coordinates": [ 6.1268312, 46.2226933 ] } },
{ "type": "Feature", "properties": { "station_id": "Le Corbusier", "name": "Le Corbusier", "short_name": "", "lat": 46.1940959, "lon": 6.1679532, "address": "", "capacity": null, "region_id": "", "rental_methods": null, "has_kiosk": null, "history": [ ] }, "geometry": { "type": "Point", "coordinates": [ 6.1679532, 46.1940959 ] } },
{ "type": "Feature", "properties": { "station_id": "Rue du Môle 1", "name": "Rue du Môle 1", "short_name": "", "lat": 46.2121962, "lon": 6.1496226, "address": "", "capacity": null, "region_id": "", "rental_methods": null, "has_kiosk": null, "history": [ ] }, "geometry": { "type": "Point", "coordinates": [ 6.1496226, 46.2121962 ] } },
{ "type": "Feature", "properties": { "station_id": "Tourbillon", "name": "Tourbillon", "short_name": "", "lat": 46.1664385, "lon": 6.1037073, "address": "", "capacity": null, "region_id": "", "rental_methods": null, "has_kiosk": null, "history": [ ] }, "geometry": { "type": "Point", "coordinates": [ 6.1037073, 46.1664385 ] } },
{ "type": "Feature", "properties": { "station_id": "Rue des Vollandes 69", "name": "Rue des Vollandes 69", "short_name": "", "lat": 46.2026661, "lon": 6.1630545, "address": "", "capacity": null, "region_id": "", "rental_methods": null, "has_kiosk": null, "history": [ ] }, "geometry": { "type": "Point", "coordinates": [ 6.1630545, 46.2026661 ] } },
{ "type": "Feature", "properties": { "station_id": "Troinex - Mairie", "name": "Troinex - Mairie", "short_name": "", "lat": 46.1606095, "lon": 6.1488163, "address": "", "capacity": null, "region_id": "", "rental_methods": null, "has_kiosk": null, "history": [ ] }, "geometry": { "type": "Point", "coordinates": [ 6.1488163, 46.1606095 ] } },
{ "type": "Feature", "properties": { "station_id": "François-Durafour", "name": "François-Durafour", "short_name": "", "lat": 46.2199486, "lon": 6.1096021, "address": "", "capacity": null, "region_id": "", "rental_methods": null, "has_kiosk": null, "history": [ ] }, "geometry": { "type": "Point", "coordinates": [ 6.1096021, 46.2199486 ] } },
{ "type": "Feature", "properties": { "station_id": "Malatrex", "name": "Malatrex", "short_name": "", "lat": 46.2082382, "lon": 6.1393971, "address": "", "capacity": null, "region_id": "", "rental_methods": null, "has_kiosk": null, "history": [ ] }, "geometry": { "type": "Point", "coordinates": [ 6.1393971, 46.2082382 ] } },
{ "type": "Feature", "properties": { "station_id": "Dufour 14", "name": "Dufour 14", "short_name": "", "lat": 46.201206, "lon": 6.1417383, "address": "", "capacity": null, "region_id": "", "rental_methods": null, "has_kiosk": null, "history": [ ] }, "geometry": { "type": "Point", "coordinates": [ 6.1417383, 46.201206 ] } },
{ "type": "Feature", "properties": { "station_id": "Stade des Fraisiers", "name": "Stade des Fraisiers", "short_name": "", "lat": 46.1743978, "lon": 6.1131798, "address": "", "capacity": null, "region_id": "", "rental_methods": null, "has_kiosk": null, "history": [ ] }, "geometry": { "type": "Point", "coordinates": [ 6.1131798, 46.1743978 ] } },
{ "type": "Feature", "properties": { "station_id": "Rue Necker 1", "name": "Rue Necker 1", "short_name": "", "lat": 46.2068494, "lon": 6.1401026, "address": "", "capacity": null, "region_id": "", "rental_methods": null, "has_kiosk": null, "history": [ ] }, "geometry": { "type": "Point", "coordinates": [ 6.1401026, 46.2068494 ] } },
{ "type": "Feature", "properties": { "station_id": "Carosello", "name": "Carosello", "short_name": "", "lat": 46.2006217, "lon": 6.141049, "address": "", "capacity": null, "region_id": "", "rental_methods": null, "has_kiosk": null, "history": [ ] }, "geometry": { "type": "Point", "coordinates": [ 6.141049, 46.2006217 ] } },
{ "type": "Feature", "properties": { "station_id": "Crêts de Champel 7", "name": "Crêts de Champel 7", "short_name": "", "lat": 46.188709, "lon": 6.1527109, "address": "", "capacity": null, "region_id": "", "rental_methods": null, "has_kiosk": null, "history": [ ] }, "geometry": { "type": "Point", "coordinates": [ 6.1527109, 46.188709 ] } },
{ "type": "Feature", "properties": { "station_id": "Trembley", "name": "Trembley", "short_name": "", "lat": 46.2187803, "lon": 6.1269288, "address": "", "capacity": null, "region_id": "", "rental_methods": null, "has_kiosk": null, "history": [ ] }, "geometry": { "type": "Point", "coordinates": [ 6.1269288, 46.2187803 ] } },
{ "type": "Feature", "properties": { "station_id": "Servette Music", "name": "Servette Music", "short_name": "", "lat": 46.2131078, "lon": 6.131163, "address": "", "capacity": null, "region_id": "", "rental_methods": null, "has_kiosk": null, "history": [ ] }, "geometry": { "type": "Point", "coordinates": [ 6.131163, 46.2131078 ] } },
{ "type": "Feature", "properties": { "station_id": "Chemin de la bâtie 3", "name": "Chemin de la bâtie 3", "short_name": "", "lat": 46.1967671, "lon": 6.1217344, "address": "", "capacity": null, "region_id": "", "rental_methods": null, "has_kiosk": null, "history": [ ] }, "geometry": { "type": "Point", "coordinates": [ 6.1217344, 46.1967671 ] } },
{ "type": "Feature", "properties": { "station_id": "Chemin du Vieux Bureau", "name": "Chemin du Vieux Bureau", "short_name": "", "lat": 46.2249684, "lon": 6.0688062, "address": "", "capacity": null, "region_id": "", "rental_methods": null, "has_kiosk": null, "history": [ ] }, "geometry": { "type": "Point", "coordinates": [ 6.0688062, 46.2249684 ] } },
{ "type": "Feature", "properties": { "station_id": "Ch. de la Rochette", "name": "Ch. de la Rochette", "short_name": "", "lat": 46.2214437, "lon": 6.1352229, "address": "", "capacity": null, "region_id": "", "rental_methods": null, "has_kiosk": null, "history": [ ] }, "geometry": { "type": "Point", "coordinates": [ 6.1352229, 46.2214437 ] } },
{ "type": "Feature", "properties": { "station_id": "Oliquettes - Gué 79", "name": "Oliquettes - Gué 79", "short_name": "", "lat": 46.1888079, "lon": 6.1162331, "address": "", "capacity": null, "region_id": "", "rental_methods": null, "has_kiosk": null, "history": [ ] }, "geometry": { "type": "Point", "coordinates": [ 6.1162331, 46.1888079 ] } },
{ "type": "Feature", "properties": { "station_id": "Léonard-Baulacre 20", "name": "Léonard-Baulacre 20", "short_name": "", "lat": 46.2152604, "lon": 6.1398214, "address": "", "capacity": null, "region_id": "", "rental_methods": null, "has_kiosk": null, "history": [ ] }, "geometry": { "type": "Point", "coordinates": [ 6.1398214, 46.2152604 ] } },
{ "type": "Feature", "properties": { "station_id": "Rue de la Gabelle 32", "name": "Rue de la Gabelle 32", "short_name": "", "lat": 46.1879692, "lon": 6.1355964, "address": "", "capacity": null, "region_id": "", "rental_methods": null, "has_kiosk": null, "history": [ ] }, "geometry": { "type": "Point", "coordinates": [ 6.1355964, 46.1879692 ] } },
{ "type": "Feature", "properties": { "station_id": "Débridée", "name": "Débridée", "short_name": "", "lat": 46.1860491, "lon": 6.1385243, "address": "", "capacity": null, "region_id": "", "rental_methods": null, "has_kiosk": null, "history": [ ] }, "geometry": { "type": "Point", "coordinates": [ 6.1385243, 46.1860491 ] } },
{ "type": "Feature", "properties": { "station_id": "Rue Maunoir 42", "name": "Rue Maunoir 42", "short_name": "", "lat": 46.2023361, "lon": 6.1618559, "address": "", "capacity": null, "region_id": "", "rental_methods": null, "has_kiosk": null, "history": [ ] }, "geometry": { "type": "Point", "coordinates": [ 6.1618559, 46.2023361 ] } },
{ "type": "Feature", "properties": { "station_id": "Bartholoni 2", "name": "Bartholoni 2", "short_name": "", "lat": 46.2002036, "lon": 6.1414694, "address": "", "capacity": null, "region_id": "", "rental_methods": null, "has_kiosk": null, "history": [ ] }, "geometry": { "type": "Point", "coordinates": [ 6.1414694, 46.2002036 ] } },
{ "type": "Feature", "properties": { "station_id": "Rue de Genève 99", "name": "Rue de Genève 99", "short_name": "", "lat": 46.1933982, "lon": 6.2005578, "address": "", "capacity": null, "region_id": "", "rental_methods": null, "has_kiosk": null, "history": [ ] }, "geometry": { "type": "Point", "coordinates": [ 6.2005578, 46.1933982 ] } },
{ "type": "Feature", "properties": { "station_id": "Saint-Jean 67", "name": "Saint-Jean 67", "short_name": "", "lat": 46.2064096, "lon": 6.1380201, "address": "", "capacity": null, "region_id": "", "rental_methods": null, "has_kiosk": null, "history": [ ] }, "geometry": { "type": "Point", "coordinates": [ 6.1380201, 46.2064096 ] } },
{ "type": "Feature", "properties": { "station_id": "Route des Jeunes", "name": "Route des Jeunes", "short_name": "", "lat": 46.1927468, "lon": 6.1284563, "address": "", "capacity": null, "region_id": "", "rental_methods": null, "has_kiosk": null, "history": [ ] }, "geometry": { "type": "Point", "coordinates": [ 6.1284563, 46.1927468 ] } },
{ "type": "Feature", "properties": { "station_id": "Soret - Soubeyran", "name": "Soret - Soubeyran", "short_name": "", "lat": 46.2112408, "lon": 6.1236482, "address": "", "capacity": null, "region_id": "", "rental_methods": null, "has_kiosk": null, "history": [ ] }, "geometry": { "type": "Point", "coordinates": [ 6.1236482, 46.2112408 ] } },
{ "type": "Feature", "properties": { "station_id": "Rue des Jardins", "name": "Rue des Jardins", "short_name": "", "lat": 46.2014061, "lon": 6.1327143, "address": "", "capacity": null, "region_id": "", "rental_methods": null, "has_kiosk": null, "history": [ ] }, "geometry": { "type": "Point", "coordinates": [ 6.1327143, 46.2014061 ] } },
{ "type": "Feature", "properties": { "station_id": "Rue Monnier", "name": "Rue Monnier", "short_name": "", "lat": 46.1949379, "lon": 6.1528473, "address": "", "capacity": null, "region_id": "", "rental_methods": null, "has_kiosk": null, "history": [ ] }, "geometry": { "type": "Point", "coordinates": [ 6.1528473, 46.1949379 ] } },
{ "type": "Feature", "properties": { "station_id": "Confignon", "name": "Confignon", "short_name": "", "lat": 46.1740048, "lon": 6.0834009, "address": "", "capacity": null, "region_id": "", "rental_methods": null, "has_kiosk": null, "history": [ ] }, "geometry": { "type": "Point", "coordinates": [ 6.0834009, 46.1740048 ] } },
{ "type": "Feature", "properties": { "station_id": "Av. du Curé-Baud", "name": "Av. du Curé-Baud", "short_name": "", "lat": 46.1794158, "lon": 6.1184621, "address": "", "capacity": null, "region_id": "", "rental_methods": null, "has_kiosk": null, "history": [ ] }, "geometry": { "type": "Point", "coordinates": [ 6.1184621, 46.1794158 ] } },
{ "type": "Feature", "properties": { "station_id": "Turrettini 1", "name": "Turrettini 1", "short_name": "", "lat": 46.2054865, "lon": 6.141601, "address": "", "capacity": null, "region_id": "", "rental_methods": null, "has_kiosk": null, "history": [ ] }, "geometry": { "type": "Point", "coordinates": [ 6.141601, 46.2054865 ] } },
{ "type": "Feature", "properties": { "station_id": "Gare Zimeysa", "name": "Gare Zimeysa", "short_name": "", "lat": 46.2216731, "lon": 6.0652671, "address": "", "capacity": null, "region_id": "", "rental_methods": null, "has_kiosk": null, "history": [ ] }, "geometry": { "type": "Point", "coordinates": [ 6.0652671, 46.2216731 ] } },
{ "type": "Feature", "properties": { "station_id": "Rue des Gares 29", "name": "Rue des Gares 29", "short_name": "", "lat": 46.2126713, "lon": 6.1418191, "address": "", "capacity": null, "region_id": "", "rental_methods": null, "has_kiosk": null, "history": [ ] }, "geometry": { "type": "Point", "coordinates": [ 6.1418191, 46.2126713 ] } },
{ "type": "Feature", "properties": { "station_id": "Figuier", "name": "Figuier", "short_name": "", "lat": 46.2135221, "lon": 6.1248592, "address": "", "capacity": null, "region_id": "", "rental_methods": null, "has_kiosk": null, "history": [ ] }, "geometry": { "type": "Point", "coordinates": [ 6.1248592, 46.2135221 ] } },
{ "type": "Feature", "properties": { "station_id": "Vélodrome 80", "name": "Vélodrome 80", "short_name": "", "lat": 46.1699855, "lon": 6.1110748, "address": "", "capacity": null, "region_id": "", "rental_methods": null, "has_kiosk": null, "history": [ ] }, "geometry": { "type": "Point", "coordinates": [ 6.1110748, 46.1699855 ] } },
{ "type": "Feature", "properties": { "station_id": "Bandol", "name": "Bandol", "short_name": "", "lat": 46.1869044, "lon": 6.1070936, "address": "", "capacity": null, "region_id": "", "rental_methods": null, "has_kiosk": null, "history": [ ] }, "geometry": { "type": "Point", "coordinates": [ 6.1070936, 46.1869044 ] } },
{ "type": "Feature", "properties": { "station_id": "Jean-Jaquet 8", "name": "Jean-Jaquet 8", "short_name": "", "lat": 46.2126718, "lon": 6.150956, "address": "", "capacity": null, "region_id": "", "rental_methods": null, "has_kiosk": null, "history": [ ] }, "geometry": { "type": "Point", "coordinates": [ 6.150956, 46.2126718 ] } },
{ "type": "Feature", "properties": { "station_id": "Rue de l'Avenir 34", "name": "Rue de l'Avenir 34", "short_name": "", "lat": 46.2046266, "lon": 6.1622508, "address": "", "capacity": null, "region_id": "", "rental_methods": null, "has_kiosk": null, "history": [ ] }, "geometry": { "type": "Point", "coordinates": [ 6.1622508, 46.2046266 ] } },
{ "type": "Feature", "properties": { "station_id": "Moillebeau", "name": "Moillebeau", "short_name": "", "lat": 46.2218459, "lon": 6.1298382, "address": "", "capacity": null, "region_id": "", "rental_methods": null, "has_kiosk": null, "history": [ ] }, "geometry": { "type": "Point", "coordinates": [ 6.1298382, 46.2218459 ] } },
{ "type": "Feature", "properties": { "station_id": "Krieg", "name": "Krieg", "short_name": "", "lat": 46.1955433, "lon": 6.1633356, "address": "", "capacity": null, "region_id": "", "rental_methods": null, "has_kiosk": null, "history": [ ] }, "geometry": { "type": "Point", "coordinates": [ 6.1633356, 46.1955433 ] } },
{ "type": "Feature", "properties": { "station_id": "Tronchin 2", "name": "Tronchin 2", "short_name": "", "lat": 46.2088562, "lon": 6.1331161, "address": "", "capacity": null, "region_id": "", "rental_methods": null, "has_kiosk": null, "history": [ ] }, "geometry": { "type": "Point", "coordinates": [ 6.1331161, 46.2088562 ] } },
{ "type": "Feature", "properties": { "station_id": "Louis-Favre 19", "name": "Louis-Favre 19", "short_name": "", "lat": 46.2113011, "lon": 6.1374893, "address": "", "capacity": null, "region_id": "", "rental_methods": null, "has_kiosk": null, "history": [ ] }, "geometry": { "type": "Point", "coordinates": [ 6.1374893, 46.2113011 ] } },
{ "type": "Feature", "properties": { "station_id": "Hôpital Trois-Chênes", "name": "Hôpital Trois-Chênes", "short_name": "", "lat": 46.2090168, "lon": 6.2154502, "address": "", "capacity": null, "region_id": "", "rental_methods": null, "has_kiosk": null, "history": [ ] }, "geometry": { "type": "Point", "coordinates": [ 6.2154502, 46.2090168 ] } },
{ "type": "Feature", "properties": { "station_id": "Délices-Voltaire", "name": "Délices-Voltaire", "short_name": "", "lat": 46.2082396, "lon": 6.1351156, "address": "", "capacity": null, "region_id": "", "rental_methods": null, "has_kiosk": null, "history": [ ] }, "geometry": { "type": "Point", "coordinates": [ 6.1351156, 46.2082396 ] } },
{ "type": "Feature", "properties": { "station_id": "P+R Bernex (hub mob)", "name": "P+R Bernex (hub mob)", "short_name": "", "lat": 46.1785998, "lon": 6.0839246, "address": "", "capacity": null, "region_id": "", "rental_methods": null, "has_kiosk": null, "history": [ ] }, "geometry": { "type": "Point", "coordinates": [ 6.0839246, 46.1785998 ] } },
{ "type": "Feature", "properties": { "station_id": "Bernex, Luchepelet", "name": "Bernex, Luchepelet", "short_name": "", "lat": 46.1783468, "lon": 6.0729948, "address": "", "capacity": null, "region_id": "", "rental_methods": null, "has_kiosk": null, "history": [ ] }, "geometry": { "type": "Point", "coordinates": [ 6.0729948, 46.1783468 ] } },
{ "type": "Feature", "properties": { "station_id": "Rue Caroline 35", "name": "Rue Caroline 35", "short_name": "", "lat": 46.1893491, "lon": 6.1385103, "address": "", "capacity": null, "region_id": "", "rental_methods": null, "has_kiosk": null, "history": [ ] }, "geometry": { "type": "Point", "coordinates": [ 6.1385103, 46.1893491 ] } },
{ "type": "Feature", "properties": { "station_id": "Stade de Florimont", "name": "Stade de Florimont", "short_name": "", "lat": 46.1940416, "lon": 6.1138785, "address": "", "capacity": null, "region_id": "", "rental_methods": null, "has_kiosk": null, "history": [ ] }, "geometry": { "type": "Point", "coordinates": [ 6.1138785, 46.1940416 ] } },
{ "type": "Feature", "properties": { "station_id": "Rue Léon-Nicole", "name": "Rue Léon-Nicole", "short_name": "", "lat": 46.2117783, "lon": 6.1483385, "address": "", "capacity": null, "region_id": "", "rental_methods": null, "has_kiosk": null, "history": [ ] }, "geometry": { "type": "Point", "coordinates": [ 6.1483385, 46.2117783 ] } },
{ "type": "Feature", "properties": { "station_id": "Franchises 1", "name": "Franchises 1", "short_name": "", "lat": 46.2100552, "lon": 6.1205304, "address": "", "capacity": null, "region_id": "", "rental_methods": null, "has_kiosk": null, "history": [ ] }, "geometry": { "type": "Point", "coordinates": [ 6.1205304, 46.2100552 ] } },
{ "type": "Feature", "properties": { "station_id": "Charmilles", "name": "Charmilles", "short_name": "", "lat": 46.2085412, "lon": 6.126333, "address": "", "capacity": null, "region_id": "", "rental_methods": null, "has_kiosk": null, "history": [ ] }, "geometry": { "type": "Point", "coordinates": [ 6.126333, 46.2085412 ] } },
{ "type": "Feature", "properties": { "station_id": "Le Ptit Monde", "name": "Le Ptit Monde", "short_name": "", "lat": 46.2105352, "lon": 6.1396381, "address": "", "capacity": null, "region_id": "", "rental_methods": null, "has_kiosk": null, "history": [ ] }, "geometry": { "type": "Point", "coordinates": [ 6.1396381, 46.2105352 ] } },
{ "type": "Feature", "properties": { "station_id": "Bernex, Pré Marais", "name": "Bernex, Pré Marais", "short_name": "", "lat": 46.1796015, "lon": 6.0778236, "address": "", "capacity": null, "region_id": "", "rental_methods": null, "has_kiosk": null, "history": [ ] }, "geometry": { "type": "Point", "coordinates": [ 6.0778236, 46.1796015 ] } },
{ "type": "Feature", "properties": { "station_id": "P-50", "name": "P-50", "short_name": "", "lat": 46.2281028, "lon": 6.1022876, "address": "", "capacity": null, "region_id": "", "rental_methods": null, "has_kiosk": null, "history": [ ] }, "geometry": { "type": "Point", "coordinates": [ 6.1022876, 46.2281028 ] } },
{ "type": "Feature", "properties": { "station_id": "Chevaliers-de-Malte 30", "name": "Chevaliers-de-Malte 30", "short_name": "", "lat": 46.165528, "lon": 6.1208446, "address": "", "capacity": null, "region_id": "", "rental_methods": null, "has_kiosk": null, "history": [ ] }, "geometry": { "type": "Point", "coordinates": [ 6.1208446, 46.165528 ] } },
{ "type": "Feature", "properties": { "station_id": "HUG", "name": "HUG", "short_name": "", "lat": 46.1901014, "lon": 6.1487102, "address": "", "capacity": null, "region_id": "", "rental_methods": null, "has_kiosk": null, "history": [ ] }, "geometry": { "type": "Point", "coordinates": [ 6.1487102, 46.1901014 ] } },
{ "type": "Feature", "properties": { "station_id": "Avenue Dumas 33", "name": "Avenue Dumas 33", "short_name": "", "lat": 46.1899981, "lon": 6.1586074, "address": "", "capacity": null, "region_id": "", "rental_methods": null, "has_kiosk": null, "history": [ ] }, "geometry": { "type": "Point", "coordinates": [ 6.1586074, 46.1899981 ] } },
{ "type": "Feature", "properties": { "station_id": "Pharmacie de Budé", "name": "Pharmacie de Budé", "short_name": "", "lat": 46.2251458, "lon": 6.1316187, "address": "", "capacity": null, "region_id": "", "rental_methods": null, "has_kiosk": null, "history": [ ] }, "geometry": { "type": "Point", "coordinates": [ 6.1316187, 46.2251458 ] } },
{ "type": "Feature", "properties": { "station_id": "Mahi", "name": "Mahi", "short_name": "", "lat": 46.2166125, "lon": 6.0868164, "address": "", "capacity": null, "region_id": "", "rental_methods": null, "has_kiosk": null, "history": [ ] }, "geometry": { "type": "Point", "coordinates": [ 6.0868164, 46.2166125 ] } },
{ "type": "Feature", "properties": { "station_id": "Emilie-Morsier", "name": "Emilie-Morsier", "short_name": "", "lat": 46.2073639, "lon": 6.1115467, "address": "", "capacity": null, "region_id": "", "rental_methods": null, "has_kiosk": null, "history": [ ] }, "geometry": { "type": "Point", "coordinates": [ 6.1115467, 46.2073639 ] } },
{ "type": "Feature", "properties": { "station_id": "Mairie de Vernier", "name": "Mairie de Vernier", "short_name": "", "lat": 46.21526, "lon": 6.0842124, "address": "", "capacity": null, "region_id": "", "rental_methods": null, "has_kiosk": null, "history": [ ] }, "geometry": { "type": "Point", "coordinates": [ 6.0842124, 46.21526 ] } },
{ "type": "Feature", "properties": { "station_id": "Plantaporrêts 6", "name": "Plantaporrêts 6", "short_name": "", "lat": 46.2018892, "lon": 6.1318986, "address": "", "capacity": null, "region_id": "", "rental_methods": null, "has_kiosk": null, "history": [ ] }, "geometry": { "type": "Point", "coordinates": [ 6.1318986, 46.2018892 ] } },
{ "type": "Feature", "properties": { "station_id": "Emile-Yung 1", "name": "Emile-Yung 1", "short_name": "", "lat": 46.196348, "lon": 6.1505205, "address": "", "capacity": null, "region_id": "", "rental_methods": null, "has_kiosk": null, "history": [ ] }, "geometry": { "type": "Point", "coordinates": [ 6.1505205, 46.196348 ] } },
{ "type": "Feature", "properties": { "station_id": "Gare Vernier Nord", "name": "Gare Vernier Nord", "short_name": "", "lat": 46.2209378, "lon": 6.0940902, "address": "", "capacity": null, "region_id": "", "rental_methods": null, "has_kiosk": null, "history": [ ] }, "geometry": { "type": "Point", "coordinates": [ 6.0940902, 46.2209378 ] } },
{ "type": "Feature", "properties": { "station_id": "Quai de Cologny 3", "name": "Quai de Cologny 3", "short_name": "", "lat": 46.2172848, "lon": 6.1772306, "address": "", "capacity": null, "region_id": "", "rental_methods": null, "has_kiosk": null, "history": [ ] }, "geometry": { "type": "Point", "coordinates": [ 6.1772306, 46.2172848 ] } },
{ "type": "Feature", "properties": { "station_id": "Grandes-Communes 37", "name": "Grandes-Communes 37", "short_name": "", "lat": 46.1915239, "lon": 6.1019071, "address": "", "capacity": null, "region_id": "", "rental_methods": null, "has_kiosk": null, "history": [ ] }, "geometry": { "type": "Point", "coordinates": [ 6.1019071, 46.1915239 ] } },
{ "type": "Feature", "properties": { "station_id": "Edouard-Rod", "name": "Edouard-Rod", "short_name": "", "lat": 46.2124136, "lon": 6.1217478, "address": "", "capacity": null, "region_id": "", "rental_methods": null, "has_kiosk": null, "history": [ ] }, "geometry": { "type": "Point", "coordinates": [ 6.1217478, 46.2124136 ] } },
{ "type": "Feature", "properties": { "station_id": "Galaise 13", "name": "Galaise 13", "short_name": "", "lat": 46.1657785, "lon": 6.1038046, "address": "", "capacity": null, "region_id": "", "rental_methods": null, "has_kiosk": null, "history": [ ] }, "geometry": { "type": "Point", "coordinates": [ 6.1038046, 46.1657785 ] } },
{ "type": "Feature", "properties": { "station_id": "Rue des Photographe 14", "name": "Rue des Photographe 14", "short_name": "", "lat": 46.2026229, "lon": 6.1602472, "address": "", "capacity": null, "region_id": "", "rental_methods": null, "has_kiosk": null, "history": [ ] }, "geometry": { "type": "Point", "coordinates": [ 6.1602472, 46.2026229 ] } },
{ "type": "Feature", "properties": { "station_id": "Chemin de Poussy", "name": "Chemin de Poussy", "short_name": "", "lat": 46.2185848, "lon": 6.0944915, "address": "", "capacity": null, "region_id": "", "rental_methods": null, "has_kiosk": null, "history": [ ] }, "geometry": { "type": "Point", "coordinates": [ 6.0944915, 46.2185848 ] } },
{ "type": "Feature", "properties": { "station_id": "Lemon Café", "name": "Lemon Café", "short_name": "", "lat": 46.2166923, "lon": 6.1381163, "address": "", "capacity": null, "region_id": "", "rental_methods": null, "has_kiosk": null, "history": [ ] }, "geometry": { "type": "Point", "coordinates": [ 6.1381163, 46.2166923 ] } },
{ "type": "Feature", "properties": { "station_id": "Rue du Léopard", "name": "Rue du Léopard", "short_name": "", "lat": 46.1880196, "lon": 6.1329158, "address": "", "capacity": null, "region_id": "", "rental_methods": null, "has_kiosk": null, "history": [ ] }, "geometry": { "type": "Point", "coordinates": [ 6.1329158, 46.1880196 ] } },
{ "type": "Feature", "properties": { "station_id": "Rue du Grand-Pré 49", "name": "Rue du Grand-Pré 49", "short_name": "", "lat": 46.2150717, "lon": 6.1330256, "address": "", "capacity": null, "region_id": "", "rental_methods": null, "has_kiosk": null, "history": [ ] }, "geometry": { "type": "Point", "coordinates": [ 6.1330256, 46.2150717 ] } },
{ "type": "Feature", "properties": { "station_id": "Pré-Monnard", "name": "Pré-Monnard", "short_name": "", "lat": 46.1852208, "lon": 6.1166727, "address": "", "capacity": null, "region_id": "", "rental_methods": null, "has_kiosk": null, "history": [ ] }, "geometry": { "type": "Point", "coordinates": [ 6.1166727, 46.1852208 ] } },
{ "type": "Feature", "properties": { "station_id": "Ecole de Cressy - 1", "name": "Ecole de Cressy - 1", "short_name": "", "lat": 46.1821257, "lon": 6.0896033, "address": "", "capacity": null, "region_id": "", "rental_methods": null, "has_kiosk": null, "history": [ ] }, "geometry": { "type": "Point", "coordinates": [ 6.0896033, 46.1821257 ] } },
{ "type": "Feature", "properties": { "station_id": "Henri-Bordier", "name": "Henri-Bordier", "short_name": "", "lat": 46.2055077, "lon": 6.111432, "address": "", "capacity": null, "region_id": "", "rental_methods": null, "has_kiosk": null, "history": [ ] }, "geometry": { "type": "Point", "coordinates": [ 6.111432, 46.2055077 ] } },
{ "type": "Feature", "properties": { "station_id": "Eugène Lance 40", "name": "Eugène Lance 40", "short_name": "", "lat": 46.1774544, "lon": 6.1242835, "address": "", "capacity": null, "region_id": "", "rental_methods": null, "has_kiosk": null, "history": [ ] }, "geometry": { "type": "Point", "coordinates": [ 6.1242835, 46.1774544 ] } },
{ "type": "Feature", "properties": { "station_id": "Chemin de la Roselière", "name": "Chemin de la Roselière", "short_name": "", "lat": 46.2555461, "lon": 6.1431605, "address": "", "capacity": null, "region_id": "", "rental_methods": null, "has_kiosk": null, "history": [ ] }, "geometry": { "type": "Point", "coordinates": [ 6.1431605, 46.2555461 ] } },
{ "type": "Feature", "properties": { "station_id": "CBD Shop", "name": "CBD Shop", "short_name": "", "lat": 46.2106327, "lon": 6.1392143, "address": "", "capacity": null, "region_id": "", "rental_methods": null, "has_kiosk": null, "history": [ ] }, "geometry": { "type": "Point", "coordinates": [ 6.1392143, 46.2106327 ] } },
{ "type": "Feature", "properties": { "station_id": "Franchises", "name": "Franchises", "short_name": "", "lat": 46.2123745, "lon": 6.1199145, "address": "", "capacity": null, "region_id": "", "rental_methods": null, "has_kiosk": null, "history": [ ] }, "geometry": { "type": "Point", "coordinates": [ 6.1199145, 46.2123745 ] } },
{ "type": "Feature", "properties": { "station_id": "Joli-Mont", "name": "Joli-Mont", "short_name": "", "lat": 46.2218327, "lon": 6.1174891, "address": "", "capacity": null, "region_id": "", "rental_methods": null, "has_kiosk": null, "history": [ ] }, "geometry": { "type": "Point", "coordinates": [ 6.1174891, 46.2218327 ] } },
{ "type": "Feature", "properties": { "station_id": "École Valérie", "name": "École Valérie", "short_name": "", "lat": 46.2431108, "lon": 6.140197, "address": "", "capacity": null, "region_id": "", "rental_methods": null, "has_kiosk": null, "history": [ ] }, "geometry": { "type": "Point", "coordinates": [ 6.140197, 46.2431108 ] } },
{ "type": "Feature", "properties": { "station_id": "Lamartine 14", "name": "Lamartine 14", "short_name": "", "lat": 46.2099832, "lon": 6.1287034, "address": "", "capacity": null, "region_id": "", "rental_methods": null, "has_kiosk": null, "history": [ ] }, "geometry": { "type": "Point", "coordinates": [ 6.1287034, 46.2099832 ] } },
{ "type": "Feature", "properties": { "station_id": "Rue Cramer", "name": "Rue Cramer", "short_name": "", "lat": 46.2135708, "lon": 6.1347766, "address": "", "capacity": null, "region_id": "", "rental_methods": null, "has_kiosk": null, "history": [ ] }, "geometry": { "type": "Point", "coordinates": [ 6.1347766, 46.2135708 ] } },
{ "type": "Feature", "properties": { "station_id": "Belle idée (Réception)", "name": "Belle idée (Réception)", "short_name": "", "lat": 46.2056045, "lon": 6.2066868, "address": "", "capacity": null, "region_id": "", "rental_methods": null, "has_kiosk": null, "history": [ ] }, "geometry": { "type": "Point", "coordinates": [ 6.2066868, 46.2056045 ] } },
{ "type": "Feature", "properties": { "station_id": "Riantbosson", "name": "Riantbosson", "short_name": "", "lat": 46.2259576, "lon": 6.0840604, "address": "", "capacity": null, "region_id": "", "rental_methods": null, "has_kiosk": null, "history": [ ] }, "geometry": { "type": "Point", "coordinates": [ 6.0840604, 46.2259576 ] } },
{ "type": "Feature", "properties": { "station_id": "Crêts de Champel 34", "name": "Crêts de Champel 34", "short_name": "", "lat": 46.1868714, "lon": 6.1566577, "address": "", "capacity": null, "region_id": "", "rental_methods": null, "has_kiosk": null, "history": [ ] }, "geometry": { "type": "Point", "coordinates": [ 6.1566577, 46.1868714 ] } },
{ "type": "Feature", "properties": { "station_id": "Chemin de l'Etang", "name": "Chemin de l'Etang", "short_name": "", "lat": 46.2124929, "lon": 6.1094053, "address": "", "capacity": null, "region_id": "", "rental_methods": null, "has_kiosk": null, "history": [ ] }, "geometry": { "type": "Point", "coordinates": [ 6.1094053, 46.2124929 ] } },
{ "type": "Feature", "properties": { "station_id": "Rue de la Prulay 27", "name": "Rue de la Prulay 27", "short_name": "", "lat": 46.2298364, "lon": 6.0787755, "address": "", "capacity": null, "region_id": "", "rental_methods": null, "has_kiosk": null, "history": [ ] }, "geometry": { "type": "Point", "coordinates": [ 6.0787755, 46.2298364 ] } },
{ "type": "Feature", "properties": { "station_id": "Mont-de-Sion", "name": "Mont-de-Sion", "short_name": "", "lat": 46.1971196, "lon": 6.1530576, "address": "", "capacity": null, "region_id": "", "rental_methods": null, "has_kiosk": null, "history": [ ] }, "geometry": { "type": "Point", "coordinates": [ 6.1530576, 46.1971196 ] } },
{ "type": "Feature", "properties": { "station_id": "Gaspard-Vallette", "name": "Gaspard-Vallette", "short_name": "", "lat": 46.194587, "lon": 6.1560258, "address": "", "capacity": null, "region_id": "", "rental_methods": null, "has_kiosk": null, "history": [ ] }, "geometry": { "type": "Point", "coordinates": [ 6.1560258, 46.194587 ] } },
{ "type": "Feature", "properties": { "station_id": "Ecole des Cropettes", "name": "Ecole des Cropettes", "short_name": "", "lat": 46.2131908, "lon": 6.1391882, "address": "", "capacity": null, "region_id": "", "rental_methods": null, "has_kiosk": null, "history": [ ] }, "geometry": { "type": "Point", "coordinates": [ 6.1391882, 46.2131908 ] } },
{ "type": "Feature", "properties": { "station_id": "Rue Galloix", "name": "Rue Galloix", "short_name": "", "lat": 46.1974452, "lon": 6.1462508, "address": "", "capacity": null, "region_id": "", "rental_methods": null, "has_kiosk": null, "history": [ ] }, "geometry": { "type": "Point", "coordinates": [ 6.1462508, 46.1974452 ] } },
{ "type": "Feature", "properties": { "station_id": "Jean-Sénebier 20", "name": "Jean-Sénebier 20", "short_name": "", "lat": 46.1967467, "lon": 6.1486306, "address": "", "capacity": null, "region_id": "", "rental_methods": null, "has_kiosk": null, "history": [ ] }, "geometry": { "type": "Point", "coordinates": [ 6.1486306, 46.1967467 ] } },
{ "type": "Feature", "properties": { "station_id": "Av. Louis-Pictet", "name": "Av. Louis-Pictet", "short_name": "", "lat": 46.2184333, "lon": 6.0855162, "address": "", "capacity": null, "region_id": "", "rental_methods": null, "has_kiosk": null, "history": [ ] }, "geometry": { "type": "Point", "coordinates": [ 6.0855162, 46.2184333 ] } },
{ "type": "Feature", "properties": { "station_id": "Promenade du Pin", "name": "Promenade du Pin", "short_name": "", "lat": 46.198398, "lon": 6.1502622, "address": "", "capacity": null, "region_id": "", "rental_methods": null, "has_kiosk": null, "history": [ ] }, "geometry": { "type": "Point", "coordinates": [ 6.1502622, 46.198398 ] } },
{ "type": "Feature", "properties": { "station_id": "Parc des Evaux", "name": "Parc des Evaux", "short_name": "", "lat": 46.1896766, "lon": 6.0919387, "address": "", "capacity": null, "region_id": "", "rental_methods": null, "has_kiosk": null, "history": [ ] }, "geometry": { "type": "Point", "coordinates": [ 6.0919387, 46.1896766 ] } },
{ "type": "Feature", "properties": { "station_id": "EPI La Combe", "name": "EPI La Combe", "short_name": "", "lat": 46.2487929, "lon": 6.2008109, "address": "", "capacity": null, "region_id": "", "rental_methods": null, "has_kiosk": null, "history": [ ] }, "geometry": { "type": "Point", "coordinates": [ 6.2008109, 46.2487929 ] } },
{ "type": "Feature", "properties": { "station_id": "Chemin de la Traille", "name": "Chemin de la Traille", "short_name": "", "lat": 46.1845967, "lon": 6.0930608, "address": "", "capacity": null, "region_id": "", "rental_methods": null, "has_kiosk": null, "history": [ ] }, "geometry": { "type": "Point", "coordinates": [ 6.0930608, 46.1845967 ] } },
{ "type": "Feature", "properties": { "station_id": "Av. De Crozet 48", "name": "Av. De Crozet 48", "short_name": "", "lat": 46.2166338, "lon": 6.1110448, "address": "", "capacity": null, "region_id": "", "rental_methods": null, "has_kiosk": null, "history": [ ] }, "geometry": { "type": "Point", "coordinates": [ 6.1110448, 46.2166338 ] } },
{ "type": "Feature", "properties": { "station_id": "Av. De-Budé", "name": "Av. De-Budé", "short_name": "", "lat": 46.2239215, "lon": 6.1313635, "address": "", "capacity": null, "region_id": "", "rental_methods": null, "has_kiosk": null, "history": [ ] }, "geometry": { "type": "Point", "coordinates": [ 6.1313635, 46.2239215 ] } },
{ "type": "Feature", "properties": { "station_id": "Café des Vignes", "name": "Café des Vignes", "short_name": "", "lat": 46.1960152, "lon": 6.1545398, "address": "", "capacity": null, "region_id": "", "rental_methods": null, "has_kiosk": null, "history": [ ] }, "geometry": { "type": "Point", "coordinates": [ 6.1545398, 46.1960152 ] } },
{ "type": "Feature", "properties": { "station_id": "Dowellec", "name": "Dowellec", "short_name": "", "lat": 46.1832897, "lon": 6.1209166, "address": "", "capacity": null, "region_id": "", "rental_methods": null, "has_kiosk": null, "history": [ ] }, "geometry": { "type": "Point", "coordinates": [ 6.1209166, 46.1832897 ] } },
{ "type": "Feature", "properties": { "station_id": "Rue Sismondi", "name": "Rue Sismondi", "short_name": "", "lat": 46.2100823, "lon": 6.1472328, "address": "", "capacity": null, "region_id": "", "rental_methods": null, "has_kiosk": null, "history": [ ] }, "geometry": { "type": "Point", "coordinates": [ 6.1472328, 46.2100823 ] } },
{ "type": "Feature", "properties": { "station_id": "Route de Loëx 77", "name": "Route de Loëx 77", "short_name": "", "lat": 46.1853689, "lon": 6.0900028, "address": "", "capacity": null, "region_id": "", "rental_methods": null, "has_kiosk": null, "history": [ ] }, "geometry": { "type": "Point", "coordinates": [ 6.0900028, 46.1853689 ] } },
{ "type": "Feature", "properties": { "station_id": "CICG", "name": "CICG", "short_name": "", "lat": 46.2205153, "lon": 6.138517, "address": "", "capacity": null, "region_id": "", "rental_methods": null, "has_kiosk": null, "history": [ ] }, "geometry": { "type": "Point", "coordinates": [ 6.138517, 46.2205153 ] } },
{ "type": "Feature", "properties": { "station_id": "Grand-Pré 21", "name": "Grand-Pré 21", "short_name": "", "lat": 46.2135714, "lon": 6.1364578, "address": "", "capacity": null, "region_id": "", "rental_methods": null, "has_kiosk": null, "history": [ ] }, "geometry": { "type": "Point", "coordinates": [ 6.1364578, 46.2135714 ] } },
{ "type": "Feature", "properties": { "station_id": "Rue de la Sibérie", "name": "Rue de la Sibérie", "short_name": "", "lat": 46.2108941, "lon": 6.1391218, "address": "", "capacity": null, "region_id": "", "rental_methods": null, "has_kiosk": null, "history": [ ] }, "geometry": { "type": "Point", "coordinates": [ 6.1391218, 46.2108941 ] } },
{ "type": "Feature", "properties": { "station_id": "Chemin de la Caroline 14", "name": "Chemin de la Caroline 14", "short_name": "", "lat": 46.1900287, "lon": 6.1092795, "address": "", "capacity": null, "region_id": "", "rental_methods": null, "has_kiosk": null, "history": [ ] }, "geometry": { "type": "Point", "coordinates": [ 6.1092795, 46.1900287 ] } },
{ "type": "Feature", "properties": { "station_id": "Chemin du 1er Août", "name": "Chemin du 1er Août", "short_name": "", "lat": 46.1820854, "lon": 6.1212887, "address": "", "capacity": null, "region_id": "", "rental_methods": null, "has_kiosk": null, "history": [ ] }, "geometry": { "type": "Point", "coordinates": [ 6.1212887, 46.1820854 ] } },
{ "type": "Feature", "properties": { "station_id": "Stade des Verjus", "name": "Stade des Verjus", "short_name": "", "lat": 46.1766146, "lon": 6.1117264, "address": "", "capacity": null, "region_id": "", "rental_methods": null, "has_kiosk": null, "history": [ ] }, "geometry": { "type": "Point", "coordinates": [ 6.1117264, 46.1766146 ] } },
{ "type": "Feature", "properties": { "station_id": "HUG Tour 8", "name": "HUG Tour 8", "short_name": "", "lat": 46.1959623, "lon": 6.1478557, "address": "", "capacity": null, "region_id": "", "rental_methods": null, "has_kiosk": null, "history": [ ] }, "geometry": { "type": "Point", "coordinates": [ 6.1478557, 46.1959623 ] } },
{ "type": "Feature", "properties": { "station_id": "Gare Genthod-Bellevue/Printanière", "name": "Gare Genthod-Bellevue/Printanière", "short_name": "", "lat": 46.2566046, "lon": 6.1539605, "address": "", "capacity": null, "region_id": "", "rental_methods": null, "has_kiosk": null, "history": [ ] }, "geometry": { "type": "Point", "coordinates": [ 6.1539605, 46.2566046 ] } },
{ "type": "Feature", "properties": { "station_id": "Rue de Lyon 65", "name": "Rue de Lyon 65", "short_name": "", "lat": 46.208431, "lon": 6.1293016, "address": "", "capacity": null, "region_id": "", "rental_methods": null, "has_kiosk": null, "history": [ ] }, "geometry": { "type": "Point", "coordinates": [ 6.1293016, 46.208431 ] } },
{ "type": "Feature", "properties": { "station_id": "Bois-de-la-Chapelle 57", "name": "Bois-de-la-Chapelle 57", "short_name": "", "lat": 46.1896316, "lon": 6.1032268, "address": "", "capacity": null, "region_id": "", "rental_methods": null, "has_kiosk": null, "history": [ ] }, "geometry": { "type": "Point", "coordinates": [ 6.1032268, 46.1896316 ] } },
{ "type": "Feature", "properties": { "station_id": "Place du 150e", "name": "Place du 150e", "short_name": "", "lat": 46.1886669, "lon": 6.0999253, "address": "", "capacity": null, "region_id": "", "rental_methods": null, "has_kiosk": null, "history": [ ] }, "geometry": { "type": "Point", "coordinates": [ 6.0999253, 46.1886669 ] } },
{ "type": "Feature", "properties": { "station_id": "Malombré 12", "name": "Malombré 12", "short_name": "", "lat": 46.1956787, "lon": 6.152047, "address": "", "capacity": null, "region_id": "", "rental_methods": null, "has_kiosk": null, "history": [ ] }, "geometry": { "type": "Point", "coordinates": [ 6.152047, 46.1956787 ] } },
{ "type": "Feature", "properties": { "station_id": "Les Erables", "name": "Les Erables", "short_name": "", "lat": 46.2038349, "lon": 6.2044785, "address": "", "capacity": null, "region_id": "", "rental_methods": null, "has_kiosk": null, "history": [ ] }, "geometry": { "type": "Point", "coordinates": [ 6.2044785, 46.2038349 ] } },
{ "type": "Feature", "properties": { "station_id": "Chemin du Grand-Puits", "name": "Chemin du Grand-Puits", "short_name": "", "lat": 46.2282339, "lon": 6.0709917, "address": "", "capacity": null, "region_id": "", "rental_methods": null, "has_kiosk": null, "history": [ ] }, "geometry": { "type": "Point", "coordinates": [ 6.0709917, 46.2282339 ] } },
{ "type": "Feature", "properties": { "station_id": "Pré Byron", "name": "Pré Byron", "short_name": "", "lat": 46.2209359, "lon": 6.1842989, "address": "", "capacity": null, "region_id": "", "rental_methods": null, "has_kiosk": null, "history": [ ] }, "geometry": { "type": "Point", "coordinates": [ 6.1842989, 46.2209359 ] } },
{ "type": "Feature", "properties": { "station_id": "Av. Peschier 18", "name": "Av. Peschier 18", "short_name": "", "lat": 46.1920798, "lon": 6.157216, "address": "", "capacity": null, "region_id": "", "rental_methods": null, "has_kiosk": null, "history": [ ] }, "geometry": { "type": "Point", "coordinates": [ 6.157216, 46.1920798 ] } },
{ "type": "Feature", "properties": { "station_id": "Léon-Gaud", "name": "Léon-Gaud", "short_name": "", "lat": 46.195166, "lon": 6.1560486, "address": "", "capacity": null, "region_id": "", "rental_methods": null, "has_kiosk": null, "history": [ ] }, "geometry": { "type": "Point", "coordinates": [ 6.1560486, 46.195166 ] } },
{ "type": "Feature", "properties": { "station_id": "Bourgogne", "name": "Bourgogne", "short_name": "", "lat": 46.2094886, "lon": 6.1259941, "address": "", "capacity": null, "region_id": "", "rental_methods": null, "has_kiosk": null, "history": [ ] }, "geometry": { "type": "Point", "coordinates": [ 6.1259941, 46.2094886 ] } },
{ "type": "Feature", "properties": { "station_id": "Gare Vernier", "name": "Gare Vernier", "short_name": "", "lat": 46.2202315, "lon": 6.0937751, "address": "", "capacity": null, "region_id": "", "rental_methods": null, "has_kiosk": null, "history": [ ] }, "geometry": { "type": "Point", "coordinates": [ 6.0937751, 46.2202315 ] } },
{ "type": "Feature", "properties": { "station_id": "Galaise 17", "name": "Galaise 17", "short_name": "", "lat": 46.1650338, "lon": 6.1021034, "address": "", "capacity": null, "region_id": "", "rental_methods": null, "has_kiosk": null, "history": [ ] }, "geometry": { "type": "Point", "coordinates": [ 6.1021034, 46.1650338 ] } },
{ "type": "Feature", "properties": { "station_id": "Av. De Champel", "name": "Av. De Champel", "short_name": "", "lat": 46.1934291, "lon": 6.1536493, "address": "", "capacity": null, "region_id": "", "rental_methods": null, "has_kiosk": null, "history": [ ] }, "geometry": { "type": "Point", "coordinates": [ 6.1536493, 46.1934291 ] } },
{ "type": "Feature", "properties": { "station_id": "Route du Grand-Lancy 39", "name": "Route du Grand-Lancy 39", "short_name": "", "lat": 46.1848688, "lon": 6.1226819, "address": "", "capacity": null, "region_id": "", "rental_methods": null, "has_kiosk": null, "history": [ ] }, "geometry": { "type": "Point", "coordinates": [ 6.1226819, 46.1848688 ] } },
{ "type": "Feature", "properties": { "station_id": "Rue de Zurich 17", "name": "Rue de Zurich 17", "short_name": "", "lat": 46.2114083, "lon": 6.1477451, "address": "", "capacity": null, "region_id": "", "rental_methods": null, "has_kiosk": null, "history": [ ] }, "geometry": { "type": "Point", "coordinates": [ 6.1477451, 46.2114083 ] } },
{ "type": "Feature", "properties": { "station_id": "Rue Eugène-Marziano 22", "name": "Rue Eugène-Marziano 22", "short_name": "", "lat": 46.1939318, "lon": 6.1284453, "address": "", "capacity": null, "region_id": "", "rental_methods": null, "has_kiosk": null, "history": [ ] }, "geometry": { "type": "Point", "coordinates": [ 6.1284453, 46.1939318 ] } },
{ "type": "Feature", "properties": { "station_id": "Gare Tuileries", "name": "Gare Tuileries", "short_name": "", "lat": 46.2500836, "lon": 6.1469904, "address": "", "capacity": null, "region_id": "", "rental_methods": null, "has_kiosk": null, "history": [ ] }, "geometry": { "type": "Point", "coordinates": [ 6.1469904, 46.2500836 ] } },
{ "type": "Feature", "properties": { "station_id": "Gare Chambésy (hub mob)", "name": "Gare Chambésy (hub mob)", "short_name": "", "lat": 46.2427312, "lon": 6.1470152, "address": "", "capacity": null, "region_id": "", "rental_methods": null, "has_kiosk": null, "history": [ ] }, "geometry": { "type": "Point", "coordinates": [ 6.1470152, 46.2427312 ] } },
{ "type": "Feature", "properties": { "station_id": "Mairie Bernex", "name": "Mairie Bernex", "short_name": "", "lat": 46.1748168, "lon": 6.0726936, "address": "", "capacity": null, "region_id": "", "rental_methods": null, "has_kiosk": null, "history": [ ] }, "geometry": { "type": "Point", "coordinates": [ 6.0726936, 46.1748168 ] } },
{ "type": "Feature", "properties": { "station_id": "Lamartine", "name": "Lamartine", "short_name": "", "lat": 46.209132, "lon": 6.1286469, "address": "", "capacity": null, "region_id": "", "rental_methods": null, "has_kiosk": null, "history": [ ] }, "geometry": { "type": "Point", "coordinates": [ 6.1286469, 46.209132 ] } },
{ "type": "Feature", "properties": { "station_id": "Place du Manoir 20", "name": "Place du Manoir 20", "short_name": "", "lat": 46.216702, "lon": 6.1822346, "address": "", "capacity": null, "region_id": "", "rental_methods": null, "has_kiosk": null, "history": [ ] }, "geometry": { "type": "Point", "coordinates": [ 6.1822346, 46.216702 ] } },
{ "type": "Feature", "properties": { "station_id": "Centre Caroll", "name": "Centre Caroll", "short_name": "", "lat": 46.1914675, "lon": 6.1092068, "address": "", "capacity": null, "region_id": "", "rental_methods": null, "has_kiosk": null, "history": [ ] }, "geometry": { "type": "Point", "coordinates": [ 6.1092068, 46.1914675 ] } },
{ "type": "Feature", "properties": { "station_id": "Rue de la Prulay 2", "name": "Rue de la Prulay 2", "short_name": "", "lat": 46.2278728, "lon": 6.0814781, "address": "", "capacity": null, "region_id": "", "rental_methods": null, "has_kiosk": null, "history": [ ] }, "geometry": { "type": "Point", "coordinates": [ 6.0814781, 46.2278728 ] } },
{ "type": "Feature", "properties": { "station_id": "Stade de Compesières", "name": "Stade de Compesières", "short_name": "", "lat": 46.1489174, "lon": 6.1212293, "address": "", "capacity": null, "region_id": "", "rental_methods": null, "has_kiosk": null, "history": [ ] }, "geometry": { "type": "Point", "coordinates": [ 6.1212293, 46.1489174 ] } },
{ "type": "Feature", "properties": { "station_id": "Cours des Bastions 10", "name": "Cours des Bastions 10", "short_name": "", "lat": 46.1977578, "lon": 6.1482805, "address": "", "capacity": null, "region_id": "", "rental_methods": null, "has_kiosk": null, "history": [ ] }, "geometry": { "type": "Point", "coordinates": [ 6.1482805, 46.1977578 ] } },
{ "type": "Feature", "properties": { "station_id": "Hôpital Beau-Séjour", "name": "Hôpital Beau-Séjour", "short_name": "", "lat": 46.1887521, "lon": 6.150432, "address": "", "capacity": null, "region_id": "", "rental_methods": null, "has_kiosk": null, "history": [ ] }, "geometry": { "type": "Point", "coordinates": [ 6.150432, 46.1887521 ] } },
{ "type": "Feature", "properties": { "station_id": "SGIPA Bois-des-Frères", "name": "SGIPA Bois-des-Frères", "short_name": "", "lat": 46.2089095, "lon": 6.0998942, "address": "", "capacity": null, "region_id": "", "rental_methods": null, "has_kiosk": null, "history": [ ] }, "geometry": { "type": "Point", "coordinates": [ 6.0998942, 46.2089095 ] } },
{ "type": "Feature", "properties": { "station_id": "Charles-Giron 29", "name": "Charles-Giron 29", "short_name": "", "lat": 46.2066289, "lon": 6.1272691, "address": "", "capacity": null, "region_id": "", "rental_methods": null, "has_kiosk": null, "history": [ ] }, "geometry": { "type": "Point", "coordinates": [ 6.1272691, 46.2066289 ] } },
{ "type": "Feature", "properties": { "station_id": "Chabrey", "name": "Chabrey", "short_name": "", "lat": 46.2158089, "lon": 6.1294283, "address": "", "capacity": null, "region_id": "", "rental_methods": null, "has_kiosk": null, "history": [ ] }, "geometry": { "type": "Point", "coordinates": [ 6.1294283, 46.2158089 ] } },
{ "type": "Feature", "properties": { "station_id": "Contrat-Social 5", "name": "Contrat-Social 5", "short_name": "", "lat": 46.204516, "lon": 6.123687, "address": "", "capacity": null, "region_id": "", "rental_methods": null, "has_kiosk": null, "history": [ ] }, "geometry": { "type": "Point", "coordinates": [ 6.123687, 46.204516 ] } },
{ "type": "Feature", "properties": { "station_id": "Mairie Bellevue", "name": "Mairie Bellevue", "short_name": "", "lat": 46.2550746, "lon": 6.1544607, "address": "", "capacity": null, "region_id": "", "rental_methods": null, "has_kiosk": null, "history": [ ] }, "geometry": { "type": "Point", "coordinates": [ 6.1544607, 46.2550746 ] } },
{ "type": "Feature", "properties": { "station_id": "Av. du Gros-Chêne", "name": "Av. du Gros-Chêne", "short_name": "", "lat": 46.1905694, "lon": 6.1029721, "address": "", "capacity": null, "region_id": "", "rental_methods": null, "has_kiosk": null, "history": [ ] }, "geometry": { "type": "Point", "coordinates": [ 6.1029721, 46.1905694 ] } },
{ "type": "Feature", "properties": { "station_id": "Parc Cérésole", "name": "Parc Cérésole", "short_name": "", "lat": 46.1888424, "lon": 6.1195645, "address": "", "capacity": null, "region_id": "", "rental_methods": null, "has_kiosk": null, "history": [ ] }, "geometry": { "type": "Point", "coordinates": [ 6.1195645, 46.1888424 ] } },
{ "type": "Feature", "properties": { "station_id": "Rue de Montbrillant 2", "name": "Rue de Montbrillant 2", "short_name": "", "lat": 46.2190458, "lon": 6.14099, "address": "", "capacity": null, "region_id": "", "rental_methods": null, "has_kiosk": null, "history": [ ] }, "geometry": { "type": "Point", "coordinates": [ 6.14099, 46.2190458 ] } },
{ "type": "Feature", "properties": { "station_id": "Echo", "name": "Echo", "short_name": "", "lat": 46.1929435, "lon": 6.1055424, "address": "", "capacity": null, "region_id": "", "rental_methods": null, "has_kiosk": null, "history": [ ] }, "geometry": { "type": "Point", "coordinates": [ 6.1055424, 46.1929435 ] } },
{ "type": "Feature", "properties": { "station_id": "École de Cayla", "name": "École de Cayla", "short_name": "", "lat": 46.2042837, "lon": 6.1207051, "address": "", "capacity": null, "region_id": "", "rental_methods": null, "has_kiosk": null, "history": [ ] }, "geometry": { "type": "Point", "coordinates": [ 6.1207051, 46.2042837 ] } },
{ "type": "Feature", "properties": { "station_id": "Chemin Salomon Penay", "name": "Chemin Salomon Penay", "short_name": "", "lat": 46.2261402, "lon": 6.0714963, "address": "", "capacity": null, "region_id": "", "rental_methods": null, "has_kiosk": null, "history": [ ] }, "geometry": { "type": "Point", "coordinates": [ 6.0714963, 46.2261402 ] } },
{ "type": "Feature", "properties": { "station_id": "Racettes", "name": "Racettes", "short_name": "", "lat": 46.1912278, "lon": 6.1071399, "address": "", "capacity": null, "region_id": "", "rental_methods": null, "has_kiosk": null, "history": [ ] }, "geometry": { "type": "Point", "coordinates": [ 6.1071399, 46.1912278 ] } },
{ "type": "Feature", "properties": { "station_id": "Chemin du Gué 71", "name": "Chemin du Gué 71", "short_name": "", "lat": 46.1880391, "lon": 6.1171961, "address": "", "capacity": null, "region_id": "", "rental_methods": null, "has_kiosk": null, "history": [ ] }, "geometry": { "type": "Point", "coordinates": [ 6.1171961, 46.1880391 ] } },
{ "type": "Feature", "properties": { "station_id": "Rue Liotard 61", "name": "Rue Liotard 61", "short_name": "", "lat": 46.2134567, "lon": 6.1269161, "address": "", "capacity": null, "region_id": "", "rental_methods": null, "has_kiosk": null, "history": [ ] }, "geometry": { "type": "Point", "coordinates": [ 6.1269161, 46.2134567 ] } },
{ "type": "Feature", "properties": { "station_id": "Rue de la Prulay 50", "name": "Rue de la Prulay 50", "short_name": "", "lat": 46.2306145, "lon": 6.0778122, "address": "", "capacity": null, "region_id": "", "rental_methods": null, "has_kiosk": null, "history": [ ] }, "geometry": { "type": "Point", "coordinates": [ 6.0778122, 46.2306145 ] } },
{ "type": "Feature", "properties": { "station_id": "Draft Tennis Vernier", "name": "Draft Tennis Vernier", "short_name": "", "lat": 46.2183044, "lon": 6.081408, "address": "", "capacity": null, "region_id": "", "rental_methods": null, "has_kiosk": null, "history": [ ] }, "geometry": { "type": "Point", "coordinates": [ 6.081408, 46.2183044 ] } },
{ "type": "Feature", "properties": { "station_id": "Champs-Blanchod", "name": "Champs-Blanchod", "short_name": "", "lat": 46.1663068, "lon": 6.1087592, "address": "", "capacity": null, "region_id": "", "rental_methods": null, "has_kiosk": null, "history": [ ] }, "geometry": { "type": "Point", "coordinates": [ 6.1087592, 46.1663068 ] } },
{ "type": "Feature", "properties": { "station_id": "Webster", "name": "Webster", "short_name": "", "lat": 46.2567922, "lon": 6.1531551, "address": "", "capacity": null, "region_id": "", "rental_methods": null, "has_kiosk": null, "history": [ ] }, "geometry": { "type": "Point", "coordinates": [ 6.1531551, 46.2567922 ] } },
{ "type": "Feature", "properties": { "station_id": "Rue de la Calle", "name": "Rue de la Calle", "short_name": "", "lat": 46.1916903, "lon": 6.104674, "address": "", "capacity": null, "region_id": "", "rental_methods": null, "has_kiosk": null, "history": [ ] }, "geometry": { "type": "Point", "coordinates": [ 6.104674, 46.1916903 ] } },
{ "type": "Feature", "properties": { "station_id": "L'Echarpine", "name": "L'Echarpine", "short_name": "", "lat": 46.21857, "lon": 6.0921664, "address": "", "capacity": null, "region_id": "", "rental_methods": null, "has_kiosk": null, "history": [ ] }, "geometry": { "type": "Point", "coordinates": [ 6.0921664, 46.21857 ] } },
{ "type": "Feature", "properties": { "station_id": "Emma Kammacher", "name": "Emma Kammacher", "short_name": "", "lat": 46.2233392, "lon": 6.0680359, "address": "", "capacity": null, "region_id": "", "rental_methods": null, "has_kiosk": null, "history": [ ] }, "geometry": { "type": "Point", "coordinates": [ 6.0680359, 46.2233392 ] } },
{ "type": "Feature", "properties": { "station_id": "Gare Meyrin Nord", "name": "Gare Meyrin Nord", "short_name": "", "lat": 46.2224265, "lon": 6.0755504, "address": "", "capacity": null, "region_id": "", "rental_methods": null, "has_kiosk": null, "history": [ ] }, "geometry": { "type": "Point", "coordinates": [ 6.0755504, 46.2224265 ] } },
{ "type": "Feature", "properties": { "station_id": "Comte Géraud", "name": "Comte Géraud", "short_name": "", "lat": 46.1925923, "lon": 6.1040717, "address": "", "capacity": null, "region_id": "", "rental_methods": null, "has_kiosk": null, "history": [ ] }, "geometry": { "type": "Point", "coordinates": [ 6.1040717, 46.1925923 ] } },
{ "type": "Feature", "properties": { "station_id": "Chemin des Erables", "name": "Chemin des Erables", "short_name": "", "lat": 46.1918565, "lon": 6.1225246, "address": "", "capacity": null, "region_id": "", "rental_methods": null, "has_kiosk": null, "history": [ ] }, "geometry": { "type": "Point", "coordinates": [ 6.1225246, 46.1918565 ] } },
{ "type": "Feature", "properties": { "station_id": "Maison de la Sécurité", "name": "Maison de la Sécurité", "short_name": "", "lat": 46.1869324, "lon": 6.103676, "address": "", "capacity": null, "region_id": "", "rental_methods": null, "has_kiosk": null, "history": [ ] }, "geometry": { "type": "Point", "coordinates": [ 6.103676, 46.1869324 ] } },
{ "type": "Feature", "properties": { "station_id": "Hôpital de Löex", "name": "Hôpital de Löex", "short_name": "", "lat": 46.1988662, "lon": 6.0858789, "address": "", "capacity": null, "region_id": "", "rental_methods": null, "has_kiosk": null, "history": [ ] }, "geometry": { "type": "Point", "coordinates": [ 6.0858789, 46.1988662 ] } },
{ "type": "Feature", "properties": { "station_id": "Jardin Familiaux", "name": "Jardin Familiaux", "short_name": "", "lat": 46.2152683, "lon": 6.1117603, "address": "", "capacity": null, "region_id": "", "rental_methods": null, "has_kiosk": null, "history": [ ] }, "geometry": { "type": "Point", "coordinates": [ 6.1117603, 46.2152683 ] } },
{ "type": "Feature", "properties": { "station_id": "SSSE", "name": "SSSE", "short_name": "", "lat": 46.1908503, "lon": 6.099796, "address": "", "capacity": null, "region_id": "", "rental_methods": null, "has_kiosk": null, "history": [ ] }, "geometry": { "type": "Point", "coordinates": [ 6.099796, 46.1908503 ] } },
{ "type": "Feature", "properties": { "station_id": "Rue Firmin-Massot", "name": "Rue Firmin-Massot", "short_name": "", "lat": 46.1964928, "lon": 6.1512387, "address": "", "capacity": null, "region_id": "", "rental_methods": null, "has_kiosk": null, "history": [ ] }, "geometry": { "type": "Point", "coordinates": [ 6.1512387, 46.1964928 ] } },
{ "type": "Feature", "properties": { "station_id": "Trois-Chênes Cafétéria", "name": "Trois-Chênes Cafétéria", "short_name": "", "lat": 46.208364, "lon": 6.2147614, "address": "", "capacity": null, "region_id": "", "rental_methods": null, "has_kiosk": null, "history": [ ] }, "geometry": { "type": "Point", "coordinates": [ 6.2147614, 46.208364 ] } },
{ "type": "Feature", "properties": { "station_id": "Solitude", "name": "Solitude", "short_name": "", "lat": 46.1900893, "lon": 6.1151462, "address": "", "capacity": null, "region_id": "", "rental_methods": null, "has_kiosk": null, "history": [ ] }, "geometry": { "type": "Point", "coordinates": [ 6.1151462, 46.1900893 ] } },
{ "type": "Feature", "properties": { "station_id": "Jean-Sénebier", "name": "Jean-Sénebier", "short_name": "", "lat": 46.1979739, "lon": 6.1471238, "address": "", "capacity": null, "region_id": "", "rental_methods": null, "has_kiosk": null, "history": [ ] }, "geometry": { "type": "Point", "coordinates": [ 6.1471238, 46.1979739 ] } },
{ "type": "Feature", "properties": { "station_id": "Jardin Alpin", "name": "Jardin Alpin", "short_name": "", "lat": 46.2271596, "lon": 6.0799865, "address": "", "capacity": null, "region_id": "", "rental_methods": null, "has_kiosk": null, "history": [ ] }, "geometry": { "type": "Point", "coordinates": [ 6.0799865, 46.2271596 ] } },
{ "type": "Feature", "properties": { "station_id": "Rue Gilbert", "name": "Rue Gilbert", "short_name": "", "lat": 46.2284672, "lon": 6.0796874, "address": "", "capacity": null, "region_id": "", "rental_methods": null, "has_kiosk": null, "history": [ ] }, "geometry": { "type": "Point", "coordinates": [ 6.0796874, 46.2284672 ] } },
{ "type": "Feature", "properties": { "station_id": "Pregny-Mairie", "name": "Pregny-Mairie", "short_name": "", "lat": 46.2375232, "lon": 6.1414312, "address": "", "capacity": null, "region_id": "", "rental_methods": null, "has_kiosk": null, "history": [ ] }, "geometry": { "type": "Point", "coordinates": [ 6.1414312, 46.2375232 ] } },
{ "type": "Feature", "properties": { "station_id": "Fret", "name": "Fret", "short_name": "", "lat": 46.2382899, "lon": 6.1184252, "address": "", "capacity": null, "region_id": "", "rental_methods": null, "has_kiosk": null, "history": [ ] }, "geometry": { "type": "Point", "coordinates": [ 6.1184252, 46.2382899 ] } },
{ "type": "Feature", "properties": { "station_id": "Bains de Cressy", "name": "Bains de Cressy", "short_name": "", "lat": 46.185338, "lon": 6.0881397, "address": "", "capacity": null, "region_id": "", "rental_methods": null, "has_kiosk": null, "history": [ ] }, "geometry": { "type": "Point", "coordinates": [ 6.0881397, 46.185338 ] } },
{ "type": "Feature", "properties": { "station_id": "Piscine d'Onex", "name": "Piscine d'Onex", "short_name": "", "lat": 46.1862924, "lon": 6.1028346, "address": "", "capacity": null, "region_id": "", "rental_methods": null, "has_kiosk": null, "history": [ ] }, "geometry": { "type": "Point", "coordinates": [ 6.1028346, 46.1862924 ] } },
{ "type": "Feature", "properties": { "station_id": "Rue Saint-Victor", "name": "Rue Saint-Victor", "short_name": "", "lat": 46.1978841, "lon": 6.151061, "address": "", "capacity": null, "region_id": "", "rental_methods": null, "has_kiosk": null, "history": [ ] }, "geometry": { "type": "Point", "coordinates": [ 6.151061, 46.1978841 ] } },
{ "type": "Feature", "properties": { "station_id": "Les Magnolias", "name": "Les Magnolias", "short_name": "", "lat": 46.2043635, "lon": 6.2054726, "address": "", "capacity": null, "region_id": "", "rental_methods": null, "has_kiosk": null, "history": [ ] }, "geometry": { "type": "Point", "coordinates": [ 6.2054726, 46.2043635 ] } },
{ "type": "Feature", "properties": { "station_id": "Troinex-Ville", "name": "Troinex-Ville", "short_name": "", "lat": 46.1591606, "lon": 6.1445697, "address": "", "capacity": null, "region_id": "", "rental_methods": null, "has_kiosk": null, "history": [ ] }, "geometry": { "type": "Point", "coordinates": [ 6.1445697, 46.1591606 ] } },
{ "type": "Feature", "properties": { "station_id": "Rue des Grottes 17", "name": "Rue des Grottes 17", "short_name": "", "lat": 46.2112438, "lon": 6.1385629, "address": "", "capacity": null, "region_id": "", "rental_methods": null, "has_kiosk": null, "history": [ ] }, "geometry": { "type": "Point", "coordinates": [ 6.1385629, 46.2112438 ] } },
{ "type": "Feature", "properties": { "station_id": "Chemin du Gué 63d", "name": "Chemin du Gué 63d", "short_name": "", "lat": 46.1871262, "lon": 6.1181389, "address": "", "capacity": null, "region_id": "", "rental_methods": null, "has_kiosk": null, "history": [ ] }, "geometry": { "type": "Point", "coordinates": [ 6.1181389, 46.1871262 ] } },
{ "type": "Feature", "properties": { "station_id": "Coin-de-Terre", "name": "Coin-de-Terre", "short_name": "", "lat": 46.2144334, "lon": 6.1156515, "address": "", "capacity": null, "region_id": "", "rental_methods": null, "has_kiosk": null, "history": [ ] }, "geometry": { "type": "Point", "coordinates": [ 6.1156515, 46.2144334 ] } },
{ "type": "Feature", "properties": { "station_id": "Av. Beau-Séjour 9", "name": "Av. Beau-Séjour 9", "short_name": "", "lat": 46.1906208, "lon": 6.150428, "address": "", "capacity": null, "region_id": "", "rental_methods": null, "has_kiosk": null, "history": [ ] }, "geometry": { "type": "Point", "coordinates": [ 6.150428, 46.1906208 ] } },
{ "type": "Feature", "properties": { "station_id": "Rue du Temple", "name": "Rue du Temple", "short_name": "", "lat": 46.2061256, "lon": 6.1411253, "address": "", "capacity": null, "region_id": "", "rental_methods": null, "has_kiosk": null, "history": [ ] }, "geometry": { "type": "Point", "coordinates": [ 6.1411253, 46.2061256 ] } },
{ "type": "Feature", "properties": { "station_id": "Mairie d'Onex", "name": "Mairie d'Onex", "short_name": "", "lat": 46.181652, "lon": 6.1020724, "address": "", "capacity": null, "region_id": "", "rental_methods": null, "has_kiosk": null, "history": [ ] }, "geometry": { "type": "Point", "coordinates": [ 6.1020724, 46.181652 ] } },
{ "type": "Feature", "properties": { "station_id": "Blanchette", "name": "Blanchette", "short_name": "", "lat": 46.1799197, "lon": 6.0987237, "address": "", "capacity": null, "region_id": "", "rental_methods": null, "has_kiosk": null, "history": [ ] }, "geometry": { "type": "Point", "coordinates": [ 6.0987237, 46.1799197 ] } },
{ "type": "Feature", "properties": { "station_id": "Rue Guye", "name": "Rue Guye", "short_name": "", "lat": 46.209506, "lon": 6.1250308, "address": "", "capacity": null, "region_id": "", "rental_methods": null, "has_kiosk": null, "history": [ ] }, "geometry": { "type": "Point", "coordinates": [ 6.1250308, 46.209506 ] } },
{ "type": "Feature", "properties": { "station_id": "Gardiol (hub mob)", "name": "Gardiol (hub mob)", "short_name": "", "lat": 46.2291464, "lon": 6.1207365, "address": "", "capacity": null, "region_id": "", "rental_methods": null, "has_kiosk": null, "history": [ ] }, "geometry": { "type": "Point", "coordinates": [ 6.1207365, 46.2291464 ] } },
{ "type": "Feature", "properties": { "station_id": "Ferme de la Golette", "name": "Ferme de la Golette", "short_name": "", "lat": 46.2295566, "lon": 6.0752782, "address": "", "capacity": null, "region_id": "", "rental_methods": null, "has_kiosk": null, "history": [ ] }, "geometry": { "type": "Point", "coordinates": [ 6.0752782, 46.2295566 ] } },
{ "type": "Feature", "properties": { "station_id": "Crèche Bellevue", "name": "Crèche Bellevue", "short_name": "", "lat": 46.2556171, "lon": 6.1516759, "address": "", "capacity": null, "region_id": "", "rental_methods": null, "has_kiosk": null, "history": [ ] }, "geometry": { "type": "Point", "coordinates": [ 6.1516759, 46.2556171 ] } },
{ "type": "Feature", "properties": { "station_id": "Gare Meyrin Sud", "name": "Gare Meyrin Sud", "short_name": "", "lat": 46.2218336, "lon": 6.0755498, "address": "", "capacity": null, "region_id": "", "rental_methods": null, "has_kiosk": null, "history": [ ] }, "geometry": { "type": "Point", "coordinates": [ 6.0755498, 46.2218336 ] } },
{ "type": "Feature", "properties": { "station_id": "Bois-de-la-Chapelle 69", "name": "Bois-de-la-Chapelle 69", "short_name": "", "lat": 46.1887412, "lon": 6.1015461, "address": "", "capacity": null, "region_id": "", "rental_methods": null, "has_kiosk": null, "history": [ ] }, "geometry": { "type": "Point", "coordinates": [ 6.1015461, 46.1887412 ] } },
{ "type": "Feature", "properties": { "station_id": "Contrat-Social", "name": "Contrat-Social", "short_name": "", "lat": 46.2051589, "lon": 6.123333, "address": "", "capacity": null, "region_id": "", "rental_methods": null, "has_kiosk": null, "history": [ ] }, "geometry": { "type": "Point", "coordinates": [ 6.123333, 46.2051589 ] } },
{ "type": "Feature", "properties": { "station_id": "Banc-Bénit 35", "name": "Banc-Bénit 35", "short_name": "", "lat": 46.1857474, "lon": 6.1175585, "address": "", "capacity": null, "region_id": "", "rental_methods": null, "has_kiosk": null, "history": [ ] }, "geometry": { "type": "Point", "coordinates": [ 6.1175585, 46.1857474 ] } },
{ "type": "Feature", "properties": { "station_id": "Origami", "name": "Origami", "short_name": "", "lat": 46.1926096, "lon": 6.110963, "address": "", "capacity": null, "region_id": "", "rental_methods": null, "has_kiosk": null, "history": [ ] }, "geometry": { "type": "Point", "coordinates": [ 6.110963, 46.1926096 ] } },
{ "type": "Feature", "properties": { "station_id": "Gallatin", "name": "Gallatin", "short_name": "", "lat": 46.2054033, "lon": 6.1243445, "address": "", "capacity": null, "region_id": "", "rental_methods": null, "has_kiosk": null, "history": [ ] }, "geometry": { "type": "Point", "coordinates": [ 6.1243445, 46.2054033 ] } },
{ "type": "Feature", "properties": { "station_id": "Valavran", "name": "Valavran", "short_name": "", "lat": 46.2566408, "lon": 6.1393666, "address": "", "capacity": null, "region_id": "", "rental_methods": null, "has_kiosk": null, "history": [ ] }, "geometry": { "type": "Point", "coordinates": [ 6.1393666, 46.2566408 ] } },
{ "type": "Feature", "properties": { "station_id": "Gare Chambésy 2 (hub mob)", "name": "Gare Chambésy 2 (hub mob)", "short_name": "", "lat": 46.2432701, "lon": 6.1475225, "address": "", "capacity": null, "region_id": "", "rental_methods": null, "has_kiosk": null, "history": [ ] }, "geometry": { "type": "Point", "coordinates": [ 6.1475225, 46.2432701 ] } },
{ "type": "Feature", "properties": { "station_id": "Rue du Midi", "name": "Rue du Midi", "short_name": "", "lat": 46.2109299, "lon": 6.1375131, "address": "", "capacity": null, "region_id": "", "rental_methods": null, "has_kiosk": null, "history": [ ] }, "geometry": { "type": "Point", "coordinates": [ 6.1375131, 46.2109299 ] } },
{ "type": "Feature", "properties": { "station_id": "Bois du Lan", "name": "Bois du Lan", "short_name": "", "lat": 46.2268072, "lon": 6.0785086, "address": "", "capacity": null, "region_id": "", "rental_methods": null, "has_kiosk": null, "history": [ ] }, "geometry": { "type": "Point", "coordinates": [ 6.0785086, 46.2268072 ] } },
{ "type": "Feature", "properties": { "station_id": "CFPT", "name": "CFPT", "short_name": "", "lat": 46.191591, "lon": 6.1137612, "address": "", "capacity": null, "region_id": "", "rental_methods": null, "has_kiosk": null, "history": [ ] }, "geometry": { "type": "Point", "coordinates": [ 6.1137612, 46.191591 ] } },
{ "type": "Feature", "properties": { "station_id": "Centre sportif Bellevue", "name": "Centre sportif Bellevue", "short_name": "", "lat": 46.2566883, "lon": 6.1408877, "address": "", "capacity": null, "region_id": "", "rental_methods": null, "has_kiosk": null, "history": [ ] }, "geometry": { "type": "Point", "coordinates": [ 6.1408877, 46.2566883 ] } },
{ "type": "Feature", "properties": { "station_id": "Gare Creux-de-Genthod/Petite-Voie", "name": "Gare Creux-de-Genthod/Petite-Voie", "short_name": "", "lat": 46.2637204, "lon": 6.1606985, "address": "", "capacity": null, "region_id": "", "rental_methods": null, "has_kiosk": null, "history": [ ] }, "geometry": { "type": "Point", "coordinates": [ 6.1606985, 46.2637204 ] } },
{ "type": "Feature", "properties": { "station_id": "Parc Lullin/Rte du Creux-de-Genthod", "name": "Parc Lullin/Rte du Creux-de-Genthod", "short_name": "", "lat": 46.2602536, "lon": 6.1579871, "address": "", "capacity": null, "region_id": "", "rental_methods": null, "has_kiosk": null, "history": [ ] }, "geometry": { "type": "Point", "coordinates": [ 6.1579871, 46.2602536 ] } },
{ "type": "Feature", "properties": { "station_id": "Galaise 15", "name": "Galaise 15", "short_name": "", "lat": 46.1652748, "lon": 6.1026729, "address": "", "capacity": null, "region_id": "", "rental_methods": null, "has_kiosk": null, "history": [ ] }, "geometry": { "type": "Point", "coordinates": [ 6.1026729, 46.1652748 ] } },
{ "type": "Feature", "properties": { "station_id": "TCS", "name": "TCS", "short_name": "", "lat": 46.2199175, "lon": 6.0985199, "address": "", "capacity": null, "region_id": "", "rental_methods": null, "has_kiosk": null, "history": [ ] }, "geometry": { "type": "Point", "coordinates": [ 6.0985199, 46.2199175 ] } },
{ "type": "Feature", "properties": { "station_id": "Les Ouches (hub mob)", "name": "Les Ouches (hub mob)", "short_name": "", "lat": 46.209663, "lon": 6.1190798, "address": "", "capacity": null, "region_id": "", "rental_methods": null, "has_kiosk": null, "history": [ ] }, "geometry": { "type": "Point", "coordinates": [ 6.1190798, 46.209663 ] } },
{ "type": "Feature", "properties": { "station_id": "Chemin Rilliet", "name": "Chemin Rilliet", "short_name": "", "lat": 46.2510479, "lon": 6.145084, "address": "", "capacity": null, "region_id": "", "rental_methods": null, "has_kiosk": null, "history": [ ] }, "geometry": { "type": "Point", "coordinates": [ 6.145084, 46.2510479 ] } },
{ "type": "Feature", "properties": { "station_id": "Bâtiment-Les Chênes", "name": "Bâtiment-Les Chênes", "short_name": "", "lat": 46.2082122, "lon": 6.210886, "address": "", "capacity": null, "region_id": "", "rental_methods": null, "has_kiosk": null, "history": [ ] }, "geometry": { "type": "Point", "coordinates": [ 6.210886, 46.2082122 ] } },
{ "type": "Feature", "properties": { "station_id": "Jean-Sénebier 14", "name": "Jean-Sénebier 14", "short_name": "", "lat": 46.197339, "lon": 6.1478058, "address": "", "capacity": null, "region_id": "", "rental_methods": null, "has_kiosk": null, "history": [ ] }, "geometry": { "type": "Point", "coordinates": [ 6.1478058, 46.197339 ] } },
{ "type": "Feature", "properties": { "station_id": "Calabry", "name": "Calabry", "short_name": "", "lat": 46.1731977, "lon": 6.0718598, "address": "", "capacity": null, "region_id": "", "rental_methods": null, "has_kiosk": null, "history": [ ] }, "geometry": { "type": "Point", "coordinates": [ 6.0718598, 46.1731977 ] } },
{ "type": "Feature", "properties": { "station_id": "Bâtiment Champs", "name": "Bâtiment Champs", "short_name": "", "lat": 46.2073844, "lon": 6.2115619, "address": "", "capacity": null, "region_id": "", "rental_methods": null, "has_kiosk": null, "history": [ ] }, "geometry": { "type": "Point", "coordinates": [ 6.2115619, 46.2073844 ] } },
{ "type": "Feature", "properties": { "station_id": "François-Chavaz", "name": "François-Chavaz", "short_name": "", "lat": 46.1877354, "lon": 6.0965641, "address": "", "capacity": null, "region_id": "", "rental_methods": null, "has_kiosk": null, "history": [ ] }, "geometry": { "type": "Point", "coordinates": [ 6.0965641, 46.1877354 ] } },
{ "type": "Feature", "properties": { "station_id": "Place Duchêne", "name": "Place Duchêne", "short_name": "", "lat": 46.1818081, "lon": 6.1011488, "address": "", "capacity": null, "region_id": "", "rental_methods": null, "has_kiosk": null, "history": [ ] }, "geometry": { "type": "Point", "coordinates": [ 6.1011488, 46.1818081 ] } },
{ "type": "Feature", "properties": { "station_id": "Oscar-Bider", "name": "Oscar-Bider", "short_name": "", "lat": 46.220671, "lon": 6.106477, "address": "", "capacity": null, "region_id": "", "rental_methods": null, "has_kiosk": null, "history": [ ] }, "geometry": { "type": "Point", "coordinates": [ 6.106477, 46.220671 ] } },
{ "type": "Feature", "properties": { "station_id": "Services Généraux", "name": "Services Généraux", "short_name": "", "lat": 46.2068201, "lon": 6.2080073, "address": "", "capacity": null, "region_id": "", "rental_methods": null, "has_kiosk": null, "history": [ ] }, "geometry": { "type": "Point", "coordinates": [ 6.2080073, 46.2068201 ] } },
{ "type": "Feature", "properties": { "station_id": "Stade des Tattes", "name": "Stade des Tattes", "short_name": "", "lat": 46.1934561, "lon": 6.1019365, "address": "", "capacity": null, "region_id": "", "rental_methods": null, "has_kiosk": null, "history": [ ] }, "geometry": { "type": "Point", "coordinates": [ 6.1019365, 46.1934561 ] } },
{ "type": "Feature", "properties": { "station_id": "Jardins de Mamajah", "name": "Jardins de Mamajah", "short_name": "", "lat": 46.1984397, "lon": 6.0822224, "address": "", "capacity": null, "region_id": "", "rental_methods": null, "has_kiosk": null, "history": [ ] }, "geometry": { "type": "Point", "coordinates": [ 6.0822224, 46.1984397 ] } },
{ "type": "Feature", "properties": { "station_id": "Gros Chêne 26", "name": "Gros Chêne 26", "short_name": "", "lat": 46.1892298, "lon": 6.1039575, "address": "", "capacity": null, "region_id": "", "rental_methods": null, "has_kiosk": null, "history": [ ] }, "geometry": { "type": "Point", "coordinates": [ 6.1039575, 46.1892298 ] } },
{ "type": "Feature", "properties": { "station_id": "Rue de la Prulay 11", "name": "Rue de la Prulay 11", "short_name": "", "lat": 46.2288771, "lon": 6.0799519, "address": "", "capacity": null, "region_id": "", "rental_methods": null, "has_kiosk": null, "history": [ ] }, "geometry": { "type": "Point", "coordinates": [ 6.0799519, 46.2288771 ] } },
{ "type": "Feature", "properties": { "station_id": "Gamay", "name": "Gamay", "short_name": "", "lat": 46.1741897, "lon": 6.0728132, "address": "", "capacity": null, "region_id": "", "rental_methods": null, "has_kiosk": null, "history": [ ] }, "geometry": { "type": "Point", "coordinates": [ 6.0728132, 46.1741897 ] } },
{ "type": "Feature", "properties": { "station_id": "cagi_event", "name": "cagi_event", "short_name": "", "lat": 46.2255368, "lon": 6.1338875, "address": "", "capacity": null, "region_id": "", "rental_methods": null, "has_kiosk": null, "history": [ ] }, "geometry": { "type": "Point", "coordinates": [ 6.1338875, 46.2255368 ] } },
{ "type": "Feature", "properties": { "station_id": "Chemin des Pâquerettes 7", "name": "Chemin des Pâquerettes 7", "short_name": "", "lat": 46.1887723, "lon": 6.1185301, "address": "", "capacity": null, "region_id": "", "rental_methods": null, "has_kiosk": null, "history": [ ] }, "geometry": { "type": "Point", "coordinates": [ 6.1185301, 46.1887723 ] } },
{ "type": "Feature", "properties": { "station_id": "Salle Omnisports", "name": "Salle Omnisports", "short_name": "", "lat": 46.1919867, "lon": 6.1133726, "address": "", "capacity": null, "region_id": "", "rental_methods": null, "has_kiosk": null, "history": [ ] }, "geometry": { "type": "Point", "coordinates": [ 6.1133726, 46.1919867 ] } },
{ "type": "Feature", "properties": { "station_id": "Rochette", "name": "Rochette", "short_name": "", "lat": 46.1831409, "lon": 6.1019078, "address": "", "capacity": null, "region_id": "", "rental_methods": null, "has_kiosk": null, "history": [ ] }, "geometry": { "type": "Point", "coordinates": [ 6.1019078, 46.1831409 ] } },
{ "type": "Feature", "properties": { "station_id": "Rue des Entreprises", "name": "Rue des Entreprises", "short_name": "", "lat": 46.2252222, "lon": 6.0769003, "address": "", "capacity": null, "region_id": "", "rental_methods": null, "has_kiosk": null, "history": [ ] }, "geometry": { "type": "Point", "coordinates": [ 6.0769003, 46.2252222 ] } },
{ "type": "Feature", "properties": { "station_id": "Av. Soret 33", "name": "Av. Soret 33", "short_name": "", "lat": 46.2114264, "lon": 6.1218437, "address": "", "capacity": null, "region_id": "", "rental_methods": null, "has_kiosk": null, "history": [ ] }, "geometry": { "type": "Point", "coordinates": [ 6.1218437, 46.2114264 ] } },
{ "type": "Feature", "properties": { "station_id": "Maison des Compagnies", "name": "Maison des Compagnies", "short_name": "", "lat": 46.2245564, "lon": 6.0833345, "address": "", "capacity": null, "region_id": "", "rental_methods": null, "has_kiosk": null, "history": [ ] }, "geometry": { "type": "Point", "coordinates": [ 6.0833345, 46.2245564 ] } },
{ "type": "Feature", "properties": { "station_id": "Bâtiment-Les Lilas", "name": "Bâtiment-Les Lilas", "short_name": "", "lat": 46.2091324, "lon": 6.2125701, "address": "", "capacity": null, "region_id": "", "rental_methods": null, "has_kiosk": null, "history": [ ] }, "geometry": { "type": "Point", "coordinates": [ 6.2125701, 46.2091324 ] } },
{ "type": "Feature", "properties": { "station_id": "Ecole d'horlogerie", "name": "Ecole d'horlogerie", "short_name": "", "lat": 46.1909571, "lon": 6.1136013, "address": "", "capacity": null, "region_id": "", "rental_methods": null, "has_kiosk": null, "history": [ ] }, "geometry": { "type": "Point", "coordinates": [ 6.1136013, 46.1909571 ] } },
{ "type": "Feature", "properties": { "station_id": "Bâtiment-La Seymaz", "name": "Bâtiment-La Seymaz", "short_name": "", "lat": 46.2063523, "lon": 6.2075828, "address": "", "capacity": null, "region_id": "", "rental_methods": null, "has_kiosk": null, "history": [ ] }, "geometry": { "type": "Point", "coordinates": [ 6.2075828, 46.2063523 ] } },
{ "type": "Feature", "properties": { "station_id": "Maison Onésienne", "name": "Maison Onésienne", "short_name": "", "lat": 46.1895549, "lon": 6.1016633, "address": "", "capacity": null, "region_id": "", "rental_methods": null, "has_kiosk": null, "history": [ ] }, "geometry": { "type": "Point", "coordinates": [ 6.1016633, 46.1895549 ] } },
{ "type": "Feature", "properties": { "station_id": "Bâtiment-Le Jura", "name": "Bâtiment-Le Jura", "short_name": "", "lat": 46.2069839, "lon": 6.2064084, "address": "", "capacity": null, "region_id": "", "rental_methods": null, "has_kiosk": null, "history": [ ] }, "geometry": { "type": "Point", "coordinates": [ 6.2064084, 46.2069839 ] } },
{ "type": "Feature", "properties": { "station_id": "Avenue Dumas", "name": "Avenue Dumas", "short_name": "", "lat": 46.19101, "lon": 6.15685, "address": "", "capacity": null, "region_id": "", "rental_methods": null, "has_kiosk": null, "history": [ ] }, "geometry": { "type": "Point", "coordinates": [ 6.15685, 46.19101 ] } },
{ "type": "Feature", "properties": { "station_id": "Rue François D'Ivernois", "name": "Rue François D'Ivernois", "short_name": "", "lat": 46.1971742, "lon": 6.1512172, "address": "", "capacity": null, "region_id": "", "rental_methods": null, "has_kiosk": null, "history": [ ] }, "geometry": { "type": "Point", "coordinates": [ 6.1512172, 46.1971742 ] } },
{ "type": "Feature", "properties": { "station_id": "Ave de l'Etang", "name": "Ave de l'Etang", "short_name": "", "lat": 46.2199574, "lon": 6.1035101, "address": "", "capacity": null, "region_id": "", "rental_methods": null, "has_kiosk": null, "history": [ ] }, "geometry": { "type": "Point", "coordinates": [ 6.1035101, 46.2199574 ] } }
]
}
