{
"type": "FeatureCollection",
"name": "grid",
"crs": { "type": "name", "properties": { "name": "urn:ogc:def:crs:OGC:1.3:CRS84" } },
"features": [
{ "type": "Feature", "properties": { "id": "887a8dcad7fffff", "center": "(46.173736817858284, 6.168069533907804)", "polygon": "[(6.164448762436899, 46.17678904827648), (6.168537858985037, 46.17820158275355), (6.172158491224215, 46.17514943294891), (6.171690243829782, 46.17068458299306), (6.167601145730227, 46.169271813632), (6.163980296563766, 46.172324129103544)]", "points": "[(6.16538932, 46.17267611), (6.16513779, 46.17261391), (6.16562289, 46.17265745), (6.16962039, 46.17412552), (6.16896462, 46.17385804), (6.17005158, 46.17368386), (6.17006056, 46.1742686), (6.16900055, 46.17376473), (6.16995, 46.17392), (6.167743, 46.174725)]" }, "geometry": { "type": "Polygon", "coordinates": [ [ [ 6.167601145730227, 46.169271813632001 ], [ 6.163980296563766, 46.172324129103544 ], [ 6.164448762436899, 46.176789048276483 ], [ 6.168537858985037, 46.178201582753552 ], [ 6.172158491224215, 46.175149432948913 ], [ 6.171690243829782, 46.170684582993061 ], [ 6.167601145730227, 46.169271813632001 ] ] ] } },
{ "type": "Feature", "properties": { "id": "887a8dc15dfffff", "center": "(46.194374196164404, 6.103218786645105)", "polygon": "[(6.099596430906504, 46.19742694601493), (6.1036888764874115, 46.19883918961998), (6.107311093424493, 46.19578652046468), (6.106841081632146, 46.19132144174815), (6.1027486339606964, 46.18990896307293), (6.099126200159403, 46.19296179817718)]", "points": "[(6.10332472, 46.1901349), (6.10327082, 46.19021575), (6.10330675, 46.19209999), (6.10295641, 46.19205646), (6.10339659, 46.19201915), (6.10095317, 46.19776477), (6.103158, 46.192146), (6.1019071, 46.1915239), (6.1029721, 46.1905694), (6.1055424, 46.1929435), (6.104674, 46.1916903), (6.1040717, 46.1925923), (6.1019365, 46.1934561)]" }, "geometry": { "type": "Polygon", "coordinates": [ [ [ 6.102748633960696, 46.189908963072931 ], [ 6.099126200159403, 46.19296179817718 ], [ 6.099596430906504, 46.197426946014929 ], [ 6.103688876487412, 46.198839189619981 ], [ 6.107311093424493, 46.195786520464679 ], [ 6.106841081632146, 46.191321441748151 ], [ 6.102748633960696, 46.189908963072931 ] ] ] } },
{ "type": "Feature", "properties": { "id": "887a8dc1a5fffff", "center": "(46.160341087326294, 6.166664180075102)", "polygon": "[(6.163043175562785, 46.163393572807486), (6.167132694452559, 46.164806570109654), (6.170753559694934, 46.16175416522028), (6.170285122955033, 46.15728859747338), (6.166195602598101, 46.155875365316916), (6.1625745204354825, 46.1589279357544)]", "points": "[(6.16791359, 46.16349357)]" }, "geometry": { "type": "Polygon", "coordinates": [ [ [ 6.166195602598101, 46.155875365316916 ], [ 6.162574520435482, 46.158927935754399 ], [ 6.163043175562785, 46.163393572807486 ], [ 6.167132694452559, 46.164806570109654 ], [ 6.170753559694934, 46.16175416522028 ], [ 6.170285122955033, 46.157288597473382 ], [ 6.166195602598101, 46.155875365316916 ] ] ] } },
{ "type": "Feature", "properties": { "id": "887a8dca49fffff", "center": "(46.2505283302647, 6.128837300519461)", "polygon": "[(6.125216497948922, 46.25357973632651), (6.129305993669127, 46.25498991343961), (6.132926657488933, 46.25193858814931), (6.132458042490908, 46.247476919322565), (6.1283685444475635, 46.24606650705773), (6.124747663712653, 46.24911799876421)]", "points": "[(6.13025621, 46.25018135), (6.13024723, 46.24993909), (6.13022926, 46.25039256), (6.1285584, 46.24651618), (6.12863026, 46.24657831), (6.12847755, 46.24642921), (6.129856, 46.24931), (6.128488, 46.246452)]" }, "geometry": { "type": "Polygon", "coordinates": [ [ [ 6.128368544447564, 46.246066507057733 ], [ 6.124747663712653, 46.249117998764213 ], [ 6.125216497948922, 46.253579736326508 ], [ 6.129305993669127, 46.254989913439609 ], [ 6.132926657488933, 46.251938588149308 ], [ 6.132458042490908, 46.247476919322565 ], [ 6.128368544447564, 46.246066507057733 ] ] ] } },
{ "type": "Feature", "properties": { "id": "887a8dc80dfffff", "center": "(46.23412134351531, 6.205909057443728)", "polygon": "[(6.202290254846951, 46.237171990687365), (6.2063755605960935, 46.238582239179465), (6.20999422395963, 46.235531672695735), (6.2095277985537685, 46.2310706915584), (6.205442491066383, 46.22966020811573), (6.201823610710358, 46.23271094075379)]", "points": "[(6.20372942, 46.23467414), (6.20391807, 46.23477978), (6.20370247, 46.23468036), (6.2019777, 46.23305856), (6.20783472, 46.2356124), (6.20779879, 46.2355627), (6.20783472, 46.23562483), (6.203002, 46.234108), (6.20198, 46.233135), (6.203811, 46.234718), (6.203304, 46.235447), (6.207874, 46.235649), (6.207925, 46.235691), (6.203086, 46.234112), (6.203236, 46.234348), (6.203299, 46.234226), (6.207848, 46.235653)]" }, "geometry": { "type": "Polygon", "coordinates": [ [ [ 6.205442491066383, 46.229660208115732 ], [ 6.201823610710358, 46.23271094075379 ], [ 6.202290254846951, 46.237171990687365 ], [ 6.206375560596094, 46.238582239179465 ], [ 6.20999422395963, 46.235531672695735 ], [ 6.209527798553768, 46.231070691558401 ], [ 6.205442491066383, 46.229660208115732 ] ] ] } },
{ "type": "Feature", "properties": { "id": "887a8dc8e3fffff", "center": "(46.18740451012458, 6.232526899835499)", "polygon": "[(6.228908203228527, 46.19045562109746), (6.232993098519498, 46.19186728591306), (6.236611655586364, 46.188816255530476), (6.236145534351142, 46.18435339463039), (6.232060637806895, 46.1829414950328), (6.228441863738401, 46.18599269111009)]", "points": "[(6.233285, 46.19054), (6.230303, 46.185406), (6.231141, 46.186199), (6.23368, 46.190853)]" }, "geometry": { "type": "Polygon", "coordinates": [ [ [ 6.232060637806895, 46.1829414950328 ], [ 6.228441863738401, 46.185992691110087 ], [ 6.228908203228527, 46.190455621097463 ], [ 6.232993098519498, 46.191867285913062 ], [ 6.236611655586364, 46.188816255530476 ], [ 6.236145534351142, 46.184353394630392 ], [ 6.232060637806895, 46.1829414950328 ] ] ] } },
{ "type": "Feature", "properties": { "id": "887a8dc1edfffff", "center": "(46.17277789992529, 6.140377551254424)", "polygon": "[(6.136755961273507, 46.1758305245513), (6.140846735861402, 46.177243266130795), (6.144468186760477, 46.174190722136636), (6.14399907995563, 46.16972527085653), (6.139908303654066, 46.16831229433732), (6.1362866358582915, 46.17136500403069)]", "points": "[(6.1424733, 46.17172434), (6.1423655, 46.17176788), (6.14238347, 46.17191718), (6.1382063, 46.17550025), (6.13808952, 46.17562466), (6.13827817, 46.17567442), (6.14117074, 46.17331685), (6.14117074, 46.17324842), (6.14058684, 46.17360299), (6.14372196, 46.1697834), (6.14368603, 46.16992649), (6.13897885, 46.17235886), (6.13923038, 46.17190474), (6.13892495, 46.17253304), (6.14039819, 46.16970253), (6.14042514, 46.16952212), (6.14035328, 46.16993893), (6.138077, 46.175652), (6.138089, 46.175652), (6.1390055, 46.1753433)]" }, "geometry": { "type": "Polygon", "coordinates": [ [ [ 6.139908303654066, 46.168312294337319 ], [ 6.136286635858291, 46.17136500403069 ], [ 6.136755961273507, 46.175830524551301 ], [ 6.140846735861402, 46.177243266130795 ], [ 6.144468186760477, 46.174190722136636 ], [ 6.14399907995563, 46.169725270856532 ], [ 6.139908303654066, 46.168312294337319 ] ] ] } },
{ "type": "Feature", "properties": { "id": "887a8dc117fffff", "center": "(46.17441770928912, 6.132664906813346)", "polygon": "[(6.129043116577583, 46.177470410095296), (6.133134310071217, 46.17888314471728), (6.136755961273507, 46.1758305245513), (6.1362866358582915, 46.17136500403069), (6.132195440592534, 46.169952034448784), (6.128573572501375, 46.17300482034016)]", "points": "[(6.12960943, 46.17372741), (6.12985197, 46.17389536), (6.12977112, 46.17392024), (6.12940281, 46.17354079), (6.12956451, 46.17398867), (6.12933993, 46.17367142), (6.12918722, 46.1736652), (6.12897162, 46.1738767), (6.12873806, 46.17428726), (6.12932196, 46.17356567), (6.13265471, 46.17613473), (6.13267268, 46.17609118), (6.13216064, 46.17583615), (6.1327176, 46.17606008), (6.13178335, 46.17571796), (6.13172047, 46.17578017), (6.13300506, 46.17293738), (6.13292421, 46.17301203), (6.13308591, 46.17286896), (6.13538559, 46.17115202), (6.131366, 46.173782), (6.130087, 46.173988), (6.132449, 46.175919), (6.129214, 46.176899), (6.129826, 46.174488), (6.133078, 46.172913), (6.132004, 46.175606), (6.129174, 46.173546), (6.129436, 46.173595), (6.129529, 46.174019), (6.130101, 46.174477), (6.129572, 46.173851), (6.129303, 46.173801), (6.13186, 46.173515), (6.131608, 46.175346), (6.129812, 46.174282), (6.132614, 46.17609), (6.132212, 46.176113), (6.129174, 46.173714), (6.129765, 46.173901), (6.132598, 46.17617), (6.1299527, 46.1739743), (6.1338567, 46.1712933)]" }, "geometry": { "type": "Polygon", "coordinates": [ [ [ 6.132195440592534, 46.169952034448784 ], [ 6.128573572501375, 46.173004820340161 ], [ 6.129043116577583, 46.177470410095296 ], [ 6.133134310071217, 46.178883144717283 ], [ 6.136755961273507, 46.175830524551301 ], [ 6.136286635858291, 46.17136500403069 ], [ 6.132195440592534, 46.169952034448784 ] ] ] } },
{ "type": "Feature", "properties": { "id": "887a8dca91fffff", "center": "(46.16458009999079, 6.178931478793804)", "polygon": "[(6.175310892144552, 46.16763234369813), (6.179399570906059, 46.169045119992525), (6.183020018232148, 46.16599295687538), (6.18255200371925, 46.161527851888366), (6.178463323535961, 46.16011484075506), (6.174842659274616, 46.16316716944044)]", "points": "[(6.17891795, 46.16336291), (6.18011271, 46.16336291), (6.17941202, 46.16345624), (6.17882812, 46.16310159), (6.17555825, 46.16348112), (6.17587266, 46.16348112), (6.17526181, 46.16343135), (6.17996, 46.16817213), (6.18021153, 46.1683401), (6.17855863, 46.16651726), (6.17846879, 46.16643638), (6.17862151, 46.16658569), (6.178158, 46.166019), (6.178915, 46.163719), (6.178025, 46.166065), (6.178535, 46.163586), (6.178601, 46.166622)]" }, "geometry": { "type": "Polygon", "coordinates": [ [ [ 6.178463323535961, 46.160114840755057 ], [ 6.174842659274616, 46.163167169440442 ], [ 6.175310892144552, 46.167632343698131 ], [ 6.179399570906059, 46.169045119992525 ], [ 6.183020018232148, 46.165992956875378 ], [ 6.18255200371925, 46.161527851888366 ], [ 6.178463323535961, 46.160114840755057 ] ] ] } },
{ "type": "Feature", "properties": { "id": "887a8dc8e5fffff", "center": "(46.20079211944048, 6.23392530585305)", "polygon": "[(6.2303068417210925, 46.20384297490655), (6.2343913145022825, 46.20525417710967), (6.238009639132363, 46.202203402255535), (6.237543707977128, 46.197741259377935), (6.2334592338587385, 46.19632982236332), (6.2298406922200416, 46.1993807630306)]", "points": "[(6.23703895, 46.19887154), (6.23696709, 46.19880315), (6.23762286, 46.19907673), (6.236588, 46.198799), (6.235757, 46.19812), (6.235209, 46.200794), (6.235316, 46.200649), (6.237637, 46.19883), (6.236949, 46.198822), (6.236547, 46.201767), (6.235676, 46.197235), (6.234212, 46.201908), (6.230539, 46.199265), (6.236908, 46.199532), (6.237547, 46.198792), (6.235496, 46.197231), (6.235739, 46.197575), (6.230945, 46.200844), (6.236617, 46.198658), (6.23649, 46.19854), (6.236465, 46.201626), (6.237655, 46.199177), (6.236924, 46.198841), (6.234019, 46.201885), (6.230459, 46.200596), (6.23057, 46.19907), (6.2358, 46.197525)]" }, "geometry": { "type": "Polygon", "coordinates": [ [ [ 6.233459233858738, 46.196329822363317 ], [ 6.229840692220042, 46.199380763030597 ], [ 6.230306841721093, 46.20384297490655 ], [ 6.234391314502282, 46.205254177109673 ], [ 6.238009639132363, 46.202203402255535 ], [ 6.237543707977128, 46.197741259377935 ], [ 6.233459233858738, 46.196329822363317 ] ] ] } },
{ "type": "Feature", "properties": { "id": "887a8dc115fffff", "center": "(46.181935760405885, 6.129512597705929)", "polygon": "[(6.125890824235974, 46.184988371599786), (6.129982015886072, 46.18640087123697), (6.133603650365851, 46.18334834069829), (6.133134310071217, 46.17888314471728), (6.129043116577583, 46.177470410095296), (6.125421265209376, 46.18052310643186)]", "points": "[(6.12881891, 46.17943762), (6.1289806, 46.18152749), (6.12856738, 46.18004095), (6.1286123, 46.17861036), (6.12960044, 46.17975484), (6.1289806, 46.18019645), (6.12859433, 46.17889026), (6.128693, 46.178646), (6.128532, 46.18034), (6.128923, 46.181446), (6.128948, 46.181187), (6.1285301, 46.1801691)]" }, "geometry": { "type": "Polygon", "coordinates": [ [ [ 6.129043116577583, 46.177470410095296 ], [ 6.125421265209376, 46.180523106431863 ], [ 6.125890824235974, 46.184988371599786 ], [ 6.129982015886072, 46.18640087123697 ], [ 6.133603650365851, 46.183348340698288 ], [ 6.133134310071217, 46.178883144717283 ], [ 6.129043116577583, 46.177470410095296 ] ] ] } },
{ "type": "Feature", "properties": { "id": "887a8dc1ebfffff", "center": "(46.15938036515398, 6.138969619474413)", "polygon": "[(6.135347796094169, 46.16243324488499), (6.139438993060625, 46.163846449401866), (6.143060677320836, 46.16079365028099), (6.142591381491512, 46.156327481055584), (6.138500182895752, 46.154914041628686), (6.134878281745885, 46.15796700632995)]", "points": "[(6.13894292, 46.16278428), (6.13887106, 46.16254163), (6.13913157, 46.16331936)]" }, "geometry": { "type": "Polygon", "coordinates": [ [ [ 6.138500182895752, 46.154914041628686 ], [ 6.134878281745885, 46.157967006329947 ], [ 6.135347796094169, 46.162433244884987 ], [ 6.139438993060625, 46.163846449401866 ], [ 6.143060677320836, 46.160793650280993 ], [ 6.142591381491512, 46.156327481055584 ], [ 6.138500182895752, 46.154914041628686 ] ] ] } },
{ "type": "Feature", "properties": { "id": "887a8dc30bfffff", "center": "(46.202577190337735, 6.0646372053603805)", "polygon": "[(6.06101385376728, 46.20563032077862), (6.065108390684724, 46.20704252924946), (6.0687316037191685, 46.203989479545456), (6.068260496647329, 46.19952405528336), (6.064165957346242, 46.19811161164153), (6.0605425274878995, 46.201164827425565)]", "points": "[(6.06458038, 46.19981042), (6.06503852, 46.20002182), (6.06413122, 46.19961767), (6.064989, 46.200043), (6.064325, 46.20015), (6.064648, 46.200027)]" }, "geometry": { "type": "Polygon", "coordinates": [ [ [ 6.064165957346242, 46.198111611641529 ], [ 6.060542527487899, 46.201164827425565 ], [ 6.06101385376728, 46.205630320778617 ], [ 6.065108390684724, 46.207042529249463 ], [ 6.068731603719169, 46.203989479545456 ], [ 6.068260496647329, 46.199524055283362 ], [ 6.064165957346242, 46.198111611641529 ] ] ] } },
{ "type": "Feature", "properties": { "id": "887a8dd881fffff", "center": "(46.249579551519496, 6.101143266019756)", "polygon": "[(6.097521649246297, 46.252631351712395), (6.101612821090794, 46.25404173537052), (6.105234299264064, 46.25099001596751), (6.104764822463848, 46.246527746450376), (6.10067364813304, 46.245117127584635), (6.097051953076003, 46.24816901343647)]", "points": "[(6.10232, 46.250019), (6.100405, 46.250526), (6.10219, 46.250038)]" }, "geometry": { "type": "Polygon", "coordinates": [ [ [ 6.10067364813304, 46.245117127584635 ], [ 6.097051953076003, 46.248169013436467 ], [ 6.097521649246297, 46.252631351712395 ], [ 6.101612821090794, 46.254041735370521 ], [ 6.105234299264064, 46.25099001596751 ], [ 6.104764822463848, 46.246527746450376 ], [ 6.10067364813304, 46.245117127584635 ] ] ] } },
{ "type": "Feature", "properties": { "id": "887a8dcad9fffff", "center": "(46.17701614552573, 6.152648618020619)", "polygon": "[(6.149027445338597, 46.18006852825781), (6.153117380187046, 46.18148104881343), (6.156738413733868, 46.17842874671157), (6.156269729331359, 46.17396375832755), (6.1521797928146915, 46.17255100284761), (6.148558542356021, 46.17560347066877)]", "points": "[(6.15271409, 46.17581749), (6.15283088, 46.17591701), (6.1525524, 46.1757304), (6.149083, 46.175728), (6.149045, 46.175697), (6.148966, 46.175739), (6.152782, 46.175934)]" }, "geometry": { "type": "Polygon", "coordinates": [ [ [ 6.152179792814692, 46.172551002847612 ], [ 6.148558542356021, 46.175603470668769 ], [ 6.149027445338597, 46.180068528257813 ], [ 6.153117380187046, 46.181481048813431 ], [ 6.156738413733868, 46.178428746711567 ], [ 6.156269729331359, 46.173963758327552 ], [ 6.152179792814692, 46.172551002847612 ] ] ] } },
{ "type": "Feature", "properties": { "id": "887a8dc857fffff", "center": "(46.21486434403854, 6.199956402068023)", "polygon": "[(6.196337149257972, 46.21791541354148), (6.200423299042631, 46.219326352694914), (6.2040424125861175, 46.21627536385212), (6.203575593310581, 46.21181326985862), (6.199489441884385, 46.21040209578846), (6.195870111362539, 46.21345325062134)]", "points": "[(6.19840241, 46.21859694), (6.19868987, 46.21869017), (6.19796224, 46.21846641)]" }, "geometry": { "type": "Polygon", "coordinates": [ [ [ 6.199489441884385, 46.21040209578846 ], [ 6.195870111362539, 46.213453250621342 ], [ 6.196337149257972, 46.217915413541483 ], [ 6.200423299042631, 46.219326352694914 ], [ 6.204042412586118, 46.21627536385212 ], [ 6.203575593310581, 46.211813269858617 ], [ 6.199489441884385, 46.21040209578846 ] ] ] } },
{ "type": "Feature", "properties": { "id": "887a8dca4bfffff", "center": "(46.24301501049597, 6.131989364555636)", "polygon": "[(6.1283685444475635, 46.24606650705773), (6.132458042490908, 46.247476919322565), (6.1360787238049515, 46.24442550351739), (6.135610123978549, 46.239963509096214), (6.131520623683394, 46.238552861704285), (6.1278997254537115, 46.241604443853454)]", "points": "[(6.13064249, 46.24235374), (6.1292501, 46.24377025), (6.12993282, 46.24382616), (6.13024723, 46.24373297), (6.12912434, 46.24350932), (6.12879196, 46.24398769), (6.13447829, 46.24447849), (6.13408304, 46.24442879), (6.13478372, 46.24449713), (6.135481, 46.243484), (6.129707, 46.243683), (6.128989, 46.24403), (6.128852, 46.241375), (6.12878, 46.244019)]" }, "geometry": { "type": "Polygon", "coordinates": [ [ [ 6.131520623683394, 46.238552861704285 ], [ 6.127899725453712, 46.241604443853454 ], [ 6.128368544447564, 46.246066507057733 ], [ 6.132458042490908, 46.247476919322565 ], [ 6.136078723804951, 46.244425503517391 ], [ 6.135610123978549, 46.239963509096214 ], [ 6.131520623683394, 46.238552861704285 ] ] ] } },
{ "type": "Feature", "properties": { "id": "887a8dc119fffff", "center": "(46.1776975774228, 6.117237760788306)", "polygon": "[(6.113615570454837, 46.180750430585654), (6.117707601499858, 46.18216315127818), (6.121329652896669, 46.17911037877218), (6.120859890108862, 46.17464471978862), (6.116767857174766, 46.17323176409585), (6.113145588904824, 46.176284702379654)]", "points": "[(6.1158652, 46.17501506), (6.11616165, 46.17520167), (6.11571249, 46.17494663), (6.12032085, 46.17627157), (6.117149, 46.176144), (6.115791, 46.174995), (6.118641, 46.176033), (6.119881, 46.176434), (6.119967, 46.179596), (6.117796, 46.176701), (6.118502, 46.175888), (6.115258, 46.174538), (6.117349, 46.176426), (6.116122, 46.17524), (6.119107, 46.176483), (6.1182855, 46.1755328), (6.1184621, 46.1794158)]" }, "geometry": { "type": "Polygon", "coordinates": [ [ [ 6.116767857174766, 46.173231764095853 ], [ 6.113145588904824, 46.176284702379654 ], [ 6.113615570454837, 46.180750430585654 ], [ 6.117707601499858, 46.182163151278182 ], [ 6.121329652896669, 46.17911037877218 ], [ 6.120859890108862, 46.174644719788617 ], [ 6.116767857174766, 46.173231764095853 ] ] ] } },
{ "type": "Feature", "properties": { "id": "887a8dca47fffff", "center": "(46.247246268713205, 6.144256602664303)", "polygon": "[(6.140636198991771, 46.250297523006914), (6.144724857408576, 46.251707714434545), (6.1483451222336285, 46.2486565408957), (6.147876945560004, 46.244195009558275), (6.143788284937214, 46.24278458301915), (6.1401678031813, 46.24583592292179)]", "points": "[(6.14314704, 46.2451743), (6.14282364, 46.24493822), (6.14335365, 46.24536688), (6.14468316, 46.25111314), (6.14465621, 46.25131192), (6.14457536, 46.25120632), (6.144531, 46.25127), (6.140937, 46.247334), (6.145084, 46.2510479)]" }, "geometry": { "type": "Polygon", "coordinates": [ [ [ 6.143788284937214, 46.242784583019152 ], [ 6.1401678031813, 46.245835922921792 ], [ 6.140636198991771, 46.250297523006914 ], [ 6.144724857408576, 46.251707714434545 ], [ 6.148345122233629, 46.248656540895702 ], [ 6.147876945560004, 46.244195009558275 ], [ 6.143788284937214, 46.242784583019152 ] ] ] } },
{ "type": "Feature", "properties": { "id": "887a8dca93fffff", "center": "(46.15706250769969, 6.182083926045672)", "polygon": "[(6.178463323535961, 46.16011484075506), (6.18255200371925, 46.161527851888366), (6.186172466862615, 46.15847559940816), (6.185704466745491, 46.15401017029166), (6.18161578521169, 46.1525969243444), (6.1779951051327835, 46.15564934232034)]", "points": "[(6.181809, 46.159863)]" }, "geometry": { "type": "Polygon", "coordinates": [ [ [ 6.18161578521169, 46.152596924344401 ], [ 6.177995105132783, 46.155649342320338 ], [ 6.178463323535961, 46.160114840755057 ], [ 6.18255200371925, 46.161527851888366 ], [ 6.186172466862615, 46.158475599408163 ], [ 6.185704466745491, 46.154010170291663 ], [ 6.18161578521169, 46.152596924344401 ] ] ] } },
{ "type": "Feature", "properties": { "id": "887a8dc8e7fffff", "center": "(46.19327887712462, 6.2370777134617414)", "polygon": "[(6.2334592338587385, 46.19632982236332), (6.237543707977128, 46.197741259377935), (6.241162048035154, 46.194690394736206), (6.240696130970875, 46.1902279273318), (6.236611655586364, 46.188816255530476), (6.232993098519498, 46.19186728591306)]", "points": "[(6.237216, 46.194397), (6.233594, 46.194733), (6.238115, 46.19709), (6.235654, 46.19532), (6.238067, 46.194019), (6.23908, 46.196247), (6.236325, 46.191906), (6.235703, 46.190201), (6.236675, 46.19445), (6.235987, 46.194916), (6.235687, 46.192135), (6.2375, 46.192657), (6.23694, 46.192238), (6.237895, 46.191704), (6.236155, 46.192013), (6.234201, 46.191902), (6.236585, 46.194477), (6.234078, 46.195114), (6.233917, 46.194607), (6.237977, 46.191647), (6.238093, 46.196926), (6.235947, 46.194927), (6.23639, 46.191933), (6.237878, 46.191742), (6.23462, 46.192284), (6.235755, 46.190144)]" }, "geometry": { "type": "Polygon", "coordinates": [ [ [ 6.236611655586364, 46.188816255530476 ], [ 6.232993098519498, 46.191867285913062 ], [ 6.233459233858738, 46.196329822363317 ], [ 6.237543707977128, 46.197741259377935 ], [ 6.241162048035154, 46.194690394736206 ], [ 6.240696130970875, 46.190227927331797 ], [ 6.236611655586364, 46.188816255530476 ] ] ] } },
{ "type": "Feature", "properties": { "id": "887a8dc811fffff", "center": "(46.20571110753715, 6.210813790860323)", "polygon": "[(6.207194722927413, 46.208762191019055), (6.211280454821142, 46.21017337212972), (6.214899383396239, 46.2071223692847), (6.214432797051081, 46.20266001943016), (6.2103470636453135, 46.20124860344764), (6.2067279180839945, 46.20429977218432)]", "points": "[(6.21033204, 46.20206116), (6.21054763, 46.20202385), (6.21008949, 46.20206116), (6.21379055, 46.20389526), (6.21337733, 46.2035471), (6.21411394, 46.20421855), (6.20756523, 46.20585986), (6.20743048, 46.20582877), (6.20768201, 46.20589094), (6.21005356, 46.20717162), (6.20991881, 46.20715297), (6.21019729, 46.20719649), (6.207651, 46.205929), (6.211426, 46.208603), (6.211375, 46.208588), (6.211439, 46.208637), (6.20993, 46.207157), (6.208722, 46.206699), (6.210109, 46.202099), (6.211663, 46.207531), (6.211349, 46.208572), (6.208735, 46.206841), (6.208985, 46.206543), (6.210886, 46.2082122), (6.2115619, 46.2073844), (6.2080073, 46.2068201), (6.2075828, 46.2063523)]" }, "geometry": { "type": "Polygon", "coordinates": [ [ [ 6.210347063645314, 46.201248603447638 ], [ 6.206727918083994, 46.204299772184321 ], [ 6.207194722927413, 46.208762191019055 ], [ 6.211280454821142, 46.210173372129717 ], [ 6.214899383396239, 46.207122369284697 ], [ 6.214432797051081, 46.202660019430162 ], [ 6.210347063645314, 46.201248603447638 ] ] ] } },
{ "type": "Feature", "properties": { "id": "887a8dc30dfffff", "center": "(46.2159724875798, 6.066050573262431)", "polygon": "[(6.062427456555253, 46.21902536179733), (6.0665215705150235, 46.220437106928614), (6.070144548701744, 46.2173843134696), (6.069673629746761, 46.21291960867349), (6.065579513318865, 46.211507628341785), (6.06195631830135, 46.2145605879994)]", "points": "[(6.06873958, 46.21664523), (6.0686767, 46.21668874), (6.06880246, 46.21661415), (6.068624, 46.216728)]" }, "geometry": { "type": "Polygon", "coordinates": [ [ [ 6.065579513318865, 46.211507628341785 ], [ 6.06195631830135, 46.214560587999401 ], [ 6.062427456555253, 46.219025361797328 ], [ 6.066521570515023, 46.220437106928614 ], [ 6.070144548701744, 46.217384313469601 ], [ 6.069673629746761, 46.212919608673488 ], [ 6.065579513318865, 46.211507628341785 ] ] ] } },
{ "type": "Feature", "properties": { "id": "887a8dc161fffff", "center": "(46.21787911694888, 6.121464062680433)", "polygon": "[(6.11784257445267, 46.220931202568416), (6.121933337259245, 46.22234253398742), (6.125554686664969, 46.219290529089726), (6.125085490145352, 46.214827026632186), (6.120994725196713, 46.21341546012442), (6.117373158897023, 46.21646763115574)]", "points": "[(6.11808404, 46.21642768), (6.11838048, 46.21627228), (6.1176798, 46.21652092), (6.11791336, 46.21667009), (6.11845235, 46.21587447), (6.11928778, 46.21652092), (6.12108441, 46.21818671), (6.12080594, 46.21799403), (6.12132696, 46.21829859), (6.12290799, 46.21952926), (6.12271935, 46.21948575), (6.12307867, 46.2195852), (6.12490225, 46.21509127), (6.123111, 46.219841), (6.123837, 46.219616), (6.120258, 46.22121), (6.119084, 46.216583), (6.117633, 46.216564), (6.118268, 46.216228), (6.123055, 46.219585), (6.11887, 46.2164451)]" }, "geometry": { "type": "Polygon", "coordinates": [ [ [ 6.120994725196713, 46.213415460124423 ], [ 6.117373158897023, 46.216467631155737 ], [ 6.11784257445267, 46.220931202568416 ], [ 6.121933337259245, 46.222342533987423 ], [ 6.125554686664969, 46.219290529089726 ], [ 6.125085490145352, 46.214827026632186 ], [ 6.120994725196713, 46.213415460124423 ] ] ] } },
{ "type": "Feature", "properties": { "id": "887a8dcadbfffff", "center": "(46.169498530585464, 6.15580098187427)", "polygon": "[(6.1521797928146915, 46.17255100284761), (6.156269729331359, 46.17396375832755), (6.159890779212466, 46.170911366680606), (6.1594221094764015, 46.166446053899655), (6.1553321713628995, 46.16503306352031), (6.151710904569562, 46.168085620814075)]", "points": "[(6.15496887, 46.16761222), (6.15486107, 46.16748157), (6.15508565, 46.16767443), (6.15693618, 46.16982695), (6.15640617, 46.16959677), (6.15764585, 46.17008201), (6.155048, 46.167709), (6.154806, 46.167023), (6.154969, 46.167183)]" }, "geometry": { "type": "Polygon", "coordinates": [ [ [ 6.155332171362899, 46.165033063520312 ], [ 6.151710904569562, 46.168085620814075 ], [ 6.152179792814692, 46.172551002847612 ], [ 6.156269729331359, 46.173963758327552 ], [ 6.159890779212466, 46.170911366680606 ], [ 6.159422109476401, 46.166446053899655 ], [ 6.155332171362899, 46.165033063520312 ] ] ] } },
{ "type": "Feature", "properties": { "id": "887a8dc853fffff", "center": "(46.20899084811008, 6.195403010273323)", "polygon": "[(6.191783540489861, 46.2120420835965), (6.195870111362539, 46.21345325062134), (6.199489441884385, 46.21040209578846), (6.199022418491922, 46.20593960797953), (6.19493584599053, 46.20452820604257), (6.191316298497579, 46.20757952681945)]", "points": "[(6.196177, 46.206207), (6.196694, 46.206261), (6.198478, 46.206581), (6.19416, 46.205437)]" }, "geometry": { "type": "Polygon", "coordinates": [ [ [ 6.19493584599053, 46.204528206042568 ], [ 6.191316298497579, 46.207579526819451 ], [ 6.191783540489861, 46.212042083596501 ], [ 6.195870111362539, 46.213453250621342 ], [ 6.199489441884385, 46.21040209578846 ], [ 6.199022418491922, 46.205939607979531 ], [ 6.19493584599053, 46.204528206042568 ] ] ] } },
{ "type": "Feature", "properties": { "id": "887a8dc859fffff", "center": "(46.21814454056775, 6.184544416461349)", "polygon": "[(6.180924762332787, 46.221195762018006), (6.1850117508075995, 46.22260668703569), (6.188631265765905, 46.21955554626225), (6.188164009199784, 46.21509331442149), (6.184077018966671, 46.213682154446815), (6.180457287045232, 46.21673346126269)]", "points": "[(6.18322088, 46.21748435), (6.18342749, 46.21753407), (6.18298732, 46.2173849), (6.18518819, 46.21932415), (6.18519718, 46.21925578), (6.18498158, 46.21925578), (6.18137035, 46.21618526), (6.18130747, 46.21605473), (6.18152307, 46.21634066), (6.1871, 46.21661), (6.184991, 46.219284), (6.184109, 46.214821), (6.18341, 46.217587), (6.187098, 46.216743), (6.185878, 46.219639), (6.184231, 46.214584), (6.1842989, 46.2209359), (6.1822346, 46.216702)]" }, "geometry": { "type": "Polygon", "coordinates": [ [ [ 6.184077018966671, 46.213682154446815 ], [ 6.180457287045232, 46.216733461262692 ], [ 6.180924762332787, 46.221195762018006 ], [ 6.185011750807599, 46.222606687035693 ], [ 6.188631265765905, 46.219555546262249 ], [ 6.188164009199784, 46.215093314421487 ], [ 6.184077018966671, 46.213682154446815 ] ] ] } },
{ "type": "Feature", "properties": { "id": "887a8dcad5fffff", "center": "(46.18125372808606, 6.1649171652247645)", "polygon": "[(6.161296410001666, 46.18430586892913), (6.165385504927068, 46.1857181684973), (6.169006120961662, 46.18266610828281), (6.168537858985037, 46.17820158275355), (6.164448762436899, 46.17678904827648), (6.160827929475373, 46.17984127423032)]", "points": "[(6.16476949, 46.17913284), (6.16469762, 46.17913284), (6.16484135, 46.17913284), (6.16498508, 46.18354886), (6.16512881, 46.18361727), (6.16477847, 46.18342447), (6.164195, 46.178555), (6.167821, 46.182808), (6.168003, 46.182896), (6.164413, 46.178669)]" }, "geometry": { "type": "Polygon", "coordinates": [ [ [ 6.164448762436899, 46.176789048276483 ], [ 6.160827929475373, 46.17984127423032 ], [ 6.161296410001666, 46.18430586892913 ], [ 6.165385504927068, 46.185718168497303 ], [ 6.169006120961662, 46.18266610828281 ], [ 6.168537858985037, 46.178201582753552 ], [ 6.164448762436899, 46.176789048276483 ] ] ] } },
{ "type": "Feature", "properties": { "id": "887a8dca4dfffff", "center": "(46.25640001694148, 6.133395209549446)", "polygon": "[(6.1297746238962905, 46.259451256547734), (6.133863698672177, 46.260861205664305), (6.13748414556954, 46.25781004683614), (6.137015734600717, 46.2533487724221), (6.132926657488933, 46.25193858814931), (6.129305993669127, 46.25498991343961)]", "points": "[(6.1332476, 46.25615692), (6.13350811, 46.25612587), (6.13297811, 46.25618798), (6.134363, 46.256176), (6.133959, 46.256214), (6.130075, 46.255394), (6.130252, 46.255604), (6.130195, 46.25581), (6.130334, 46.255741), (6.131967, 46.256149), (6.137116, 46.256302), (6.137029, 46.256294), (6.13042, 46.255627), (6.130239, 46.25552)]" }, "geometry": { "type": "Polygon", "coordinates": [ [ [ 6.132926657488933, 46.251938588149308 ], [ 6.129305993669127, 46.254989913439609 ], [ 6.12977462389629, 46.259451256547734 ], [ 6.133863698672177, 46.260861205664305 ], [ 6.13748414556954, 46.257810046836141 ], [ 6.137015734600717, 46.2533487724221 ], [ 6.132926657488933, 46.251938588149308 ] ] ] } },
{ "type": "Feature", "properties": { "id": "887a8dc11bfffff", "center": "(46.1701788213658, 6.120390064403982)", "polygon": "[(6.116767857174766, 46.17323176409585), (6.120859890108862, 46.17464471978862), (6.124481958358097, 46.17159185770041), (6.12401221053408, 46.167125874206874), (6.119920175782359, 46.16571268353878), (6.116297890659559, 46.168765711332306)]", "points": "[(6.11818286, 46.16860139), (6.11820082, 46.16863872), (6.11815591, 46.16852674), (6.12336613, 46.17113335), (6.12371648, 46.17123911), (6.12304274, 46.17103382), (6.12024898, 46.16958433), (6.12043763, 46.16962788), (6.11988067, 46.16948479), (6.12175815, 46.16899333), (6.12200069, 46.1686636), (6.12147967, 46.16926083), (6.121574, 46.170403), (6.124194, 46.170937), (6.121101, 46.170166), (6.121323, 46.170067), (6.121873, 46.170361), (6.124065, 46.170856), (6.117082, 46.168198), (6.117331, 46.168121), (6.120402, 46.169643), (6.124222, 46.170902), (6.124035, 46.170887), (6.119899, 46.169521), (6.118198, 46.168663), (6.1203708, 46.1695462), (6.1186169, 46.168159)]" }, "geometry": { "type": "Polygon", "coordinates": [ [ [ 6.119920175782359, 46.165712683538779 ], [ 6.116297890659559, 46.168765711332306 ], [ 6.116767857174766, 46.173231764095853 ], [ 6.120859890108862, 46.174644719788617 ], [ 6.124481958358097, 46.171591857700413 ], [ 6.12401221053408, 46.167125874206874 ], [ 6.119920175782359, 46.165712683538779 ] ] ] } },
{ "type": "Feature", "properties": { "id": "887a8dc15bfffff", "center": "(46.18097777812207, 6.101808140066918)", "polygon": "[(6.098185550185395, 46.18403078363679), (6.1022784184345165, 46.185443490380486), (6.105900869476292, 46.18239056553931), (6.1054306691134945, 46.17792476811693), (6.101337798858252, 46.176511826332636), (6.09771513095922, 46.17956491700407)]", "points": "[(6.10012672, 46.18336849), (6.09983926, 46.18323788), (6.10054893, 46.18357374), (6.0987523, 46.18350532), (6.09957875, 46.1837541), (6.10499559, 46.17948116), (6.10212098, 46.18274032), (6.10183352, 46.18300154), (6.10230962, 46.18252885), (6.105732, 46.181183), (6.099687, 46.183277), (6.104812, 46.179649), (6.104823, 46.179745), (6.104904, 46.179554), (6.104932, 46.179504), (6.1005354, 46.1833637), (6.1040497, 46.1797269), (6.1020724, 46.181652), (6.0987237, 46.1799197), (6.1011488, 46.1818081), (6.1019078, 46.1831409)]" }, "geometry": { "type": "Polygon", "coordinates": [ [ [ 6.101337798858252, 46.176511826332636 ], [ 6.09771513095922, 46.179564917004072 ], [ 6.098185550185395, 46.184030783636793 ], [ 6.102278418434516, 46.185443490380486 ], [ 6.105900869476292, 46.182390565539308 ], [ 6.105430669113495, 46.177924768116931 ], [ 6.101337798858252, 46.176511826332636 ] ] ] } },
{ "type": "Feature", "properties": { "id": "887a8dc045fffff", "center": "(46.17249950576105, 6.0772458906668785)", "polygon": "[(6.073622468122921, 46.17555299532852), (6.077717014145451, 46.17696614433421), (6.081340297957135, 46.17391273544355), (6.080869252559727, 46.1694460117499), (6.076774704439881, 46.16803262767275), (6.073151203802029, 46.171086202353486)]", "points": "[(6.080463, 46.172821)]" }, "geometry": { "type": "Polygon", "coordinates": [ [ [ 6.076774704439881, 46.168032627672751 ], [ 6.073151203802029, 46.171086202353486 ], [ 6.073622468122921, 46.175552995328523 ], [ 6.077717014145451, 46.176966144334209 ], [ 6.081340297957135, 46.173912735443551 ], [ 6.080869252559727, 46.169446011749898 ], [ 6.076774704439881, 46.168032627672751 ] ] ] } },
{ "type": "Feature", "properties": { "id": "887a8dc307fffff", "center": "(46.20681383686385, 6.076919561813055)", "polygon": "[(6.07329662594979, 46.209866725095736), (6.077390324256113, 46.21127871247929), (6.081013121506881, 46.20822590498263), (6.080542437278136, 46.203760943995185), (6.0764487366339255, 46.20234872145615), (6.072825722543614, 46.20540169505282)]", "points": "[(6.07311438, 46.20697268), (6.07319523, 46.20699755), (6.07405761, 46.21006858), (6.07613272, 46.20533141), (6.07615068, 46.20530654), (6.07573746, 46.21059076), (6.07524338, 46.21046643), (6.07623153, 46.21072131), (6.076077, 46.205322), (6.0787014, 46.2071864)]" }, "geometry": { "type": "Polygon", "coordinates": [ [ [ 6.076448736633925, 46.202348721456147 ], [ 6.072825722543614, 46.205401695052821 ], [ 6.07329662594979, 46.209866725095736 ], [ 6.077390324256113, 46.211278712479292 ], [ 6.081013121506881, 46.208225904982633 ], [ 6.080542437278136, 46.203760943995185 ], [ 6.076448736633925, 46.202348721456147 ] ] ] } },
{ "type": "Feature", "properties": { "id": "887a8dca95fffff", "center": "(46.17045782262574, 6.183487969584119)", "polygon": "[(6.179867599872457, 46.17350990072524), (6.18395585777491, 46.174922449104436), (6.18757608815844, 46.171870451601826), (6.187108277569339, 46.16740574009825), (6.183020018232148, 46.16599295687538), (6.179399570906059, 46.169045119992525)]", "points": "[(6.18672431, 46.16728249), (6.18668838, 46.16727004), (6.18243036, 46.16700253), (6.18266393, 46.16731981), (6.18323885, 46.16764954), (6.18037322, 46.16860139), (6.18082238, 46.168956), (6.18055289, 46.16885646), (6.1821429, 46.17344126), (6.18236748, 46.17290006), (6.18239443, 46.17307424), (6.18249325, 46.17026864), (6.18244833, 46.17064812), (6.1821968, 46.17005091), (6.18316698, 46.16984561), (6.18477497, 46.16817213), (6.1849726, 46.16804148), (6.18449649, 46.16852674), (6.182445, 46.170647), (6.184672, 46.168392), (6.1828, 46.16761), (6.182366, 46.172928), (6.180192, 46.1684), (6.182233, 46.166931), (6.182258, 46.166973)]" }, "geometry": { "type": "Polygon", "coordinates": [ [ [ 6.183020018232148, 46.165992956875378 ], [ 6.179399570906059, 46.169045119992525 ], [ 6.179867599872457, 46.173509900725243 ], [ 6.18395585777491, 46.174922449104436 ], [ 6.18757608815844, 46.171870451601826 ], [ 6.187108277569339, 46.167405740098253 ], [ 6.183020018232148, 46.165992956875378 ] ] ] } },
{ "type": "Feature", "properties": { "id": "887a8dc8e9fffff", "center": "(46.19655782941019, 6.221670623973329)", "polygon": "[(6.218051741441486, 46.19960892671541), (6.222137055170581, 46.20102034971347), (6.225755798253419, 46.197969333021845), (6.22528944458841, 46.19350672753178), (6.221204129476681, 46.19209506970676), (6.217585169399866, 46.19514625219157)]", "points": "[(6.223361, 46.195572), (6.219815, 46.196819), (6.222569, 46.198215), (6.222577, 46.198444), (6.219872, 46.19619), (6.223278, 46.195675), (6.224255, 46.193527), (6.219793, 46.196106), (6.219982, 46.196884)]" }, "geometry": { "type": "Polygon", "coordinates": [ [ [ 6.221204129476681, 46.19209506970676 ], [ 6.217585169399866, 46.19514625219157 ], [ 6.218051741441486, 46.199608926715413 ], [ 6.222137055170581, 46.201020349713467 ], [ 6.225755798253419, 46.197969333021845 ], [ 6.22528944458841, 46.193506727531783 ], [ 6.221204129476681, 46.19209506970676 ] ] ] } },
{ "type": "Feature", "properties": { "id": "887a8dc813fffff", "center": "(46.198197430110966, 6.213966147436678)", "polygon": "[(6.2103470636453135, 46.20124860344764), (6.214432797051081, 46.20266001943016), (6.218051741441486, 46.19960892671541), (6.217585169399866, 46.19514625219157), (6.213499434553189, 46.19373460136196), (6.209880273176291, 46.19678585989606)]", "points": "[(6.21091594, 46.19793265), (6.21101476, 46.19790778), (6.2106195, 46.19797618), (6.21544345, 46.20058762), (6.21573989, 46.20069953), (6.21503023, 46.20040109), (6.211538, 46.19791)]" }, "geometry": { "type": "Polygon", "coordinates": [ [ [ 6.213499434553189, 46.19373460136196 ], [ 6.209880273176291, 46.19678585989606 ], [ 6.210347063645314, 46.201248603447638 ], [ 6.214432797051081, 46.202660019430162 ], [ 6.218051741441486, 46.199608926715413 ], [ 6.217585169399866, 46.19514625219157 ], [ 6.213499434553189, 46.19373460136196 ] ] ] } },
{ "type": "Feature", "properties": { "id": "887a8dc163fffff", "center": "(46.210363284421014, 6.12461623070579)", "polygon": "[(6.120994725196713, 46.21341546012442), (6.125085490145352, 46.214827026632186), (6.128706856789052, 46.21177493163564), (6.1282376753658685, 46.20731110406282), (6.124146908346601, 46.20589930249108), (6.120525324808418, 46.20895156354891)]", "points": "[(6.12733669, 46.2082782), (6.12784873, 46.20848957), (6.12822602, 46.20832794), (6.12717499, 46.20765653), (6.12740855, 46.20772491), (6.12352783, 46.20888122), (6.1234919, 46.20894338), (6.12358173, 46.20878797), (6.12735465, 46.21144241), (6.12703126, 46.21067779), (6.12755228, 46.21174079), (6.123506, 46.208981), (6.1237405, 46.2075873), (6.1272708, 46.2082245), (6.1248569, 46.2086856), (6.1216274, 46.2093243), (6.1253655, 46.2122951), (6.1258271, 46.2121062), (6.1236482, 46.2112408), (6.1248592, 46.2135221), (6.126333, 46.2085412), (6.1217478, 46.2124136), (6.1259941, 46.2094886), (6.1250308, 46.209506), (6.1218437, 46.2114264)]" }, "geometry": { "type": "Polygon", "coordinates": [ [ [ 6.124146908346601, 46.205899302491083 ], [ 6.120525324808418, 46.208951563548908 ], [ 6.120994725196713, 46.213415460124423 ], [ 6.125085490145352, 46.214827026632186 ], [ 6.128706856789052, 46.211774931635638 ], [ 6.128237675365868, 46.207311104062818 ], [ 6.124146908346601, 46.205899302491083 ] ] ] } },
{ "type": "Feature", "properties": { "id": "887a8dd885fffff", "center": "(46.2554520453983, 6.105703713233276)", "polygon": "[(6.1020823133458535, 46.258503679103), (6.106173064371179, 46.25991383470799), (6.1097943256532545, 46.25686228179975), (6.109325052788453, 46.25240040678459), (6.105234299264064, 46.25099001596751), (6.101612821090794, 46.25404173537052)]", "points": "[(6.10811274, 46.25564138), (6.10813071, 46.25547368), (6.10841817, 46.25584015), (6.10810376, 46.25606375), (6.10720544, 46.25701407), (6.10707069, 46.2570327), (6.10691, 46.25703), (6.107478, 46.255535)]" }, "geometry": { "type": "Polygon", "coordinates": [ [ [ 6.105234299264064, 46.25099001596751 ], [ 6.101612821090794, 46.254041735370521 ], [ 6.102082313345853, 46.258503679103001 ], [ 6.106173064371179, 46.259913834707987 ], [ 6.109794325653255, 46.256862281799748 ], [ 6.109325052788453, 46.252400406784588 ], [ 6.105234299264064, 46.25099001596751 ] ] ] } },
{ "type": "Feature", "properties": { "id": "887a8dc80bfffff", "center": "(46.22073721824934, 6.204509168637386)", "polygon": "[(6.200890132808008, 46.22378812172279), (6.204975861464203, 46.225198833015476), (6.208594758022102, 46.22214801020883), (6.208128142896646, 46.21768631006614), (6.2040424125861175, 46.21627536385212), (6.200423299042631, 46.219326352694914)]", "points": "[(6.20597521, 46.22394824), (6.20593928, 46.22389852), (6.20575961, 46.22387367), (6.20287602, 46.22140628), (6.20296585, 46.22138764), (6.20308263, 46.22130684), (6.20252568, 46.22169218), (6.20266941, 46.22172947), (6.20824795, 46.21908175), (6.202564, 46.221619), (6.205923, 46.223907), (6.203064, 46.221336)]" }, "geometry": { "type": "Polygon", "coordinates": [ [ [ 6.204042412586118, 46.21627536385212 ], [ 6.200423299042631, 46.219326352694914 ], [ 6.200890132808008, 46.223788121722791 ], [ 6.204975861464203, 46.225198833015476 ], [ 6.208594758022102, 46.222148010208826 ], [ 6.208128142896646, 46.217686310066142 ], [ 6.204042412586118, 46.21627536385212 ] ] ] } },
{ "type": "Feature", "properties": { "id": "887a8dc8e1fffff", "center": "(46.19491831174929, 6.229374479389132)", "polygon": "[(6.225755798253419, 46.197969333021845), (6.2298406922200416, 46.1993807630306), (6.2334592338587385, 46.19632982236332), (6.232993098519498, 46.19186728591306), (6.228908203228527, 46.19045562109746), (6.22528944458841, 46.19350672753178)]", "points": "[(6.23113702, 46.19420181), (6.23105617, 46.19420803), (6.23102922, 46.19426399), (6.232809, 46.193325), (6.233103, 46.194099), (6.229722, 46.192879), (6.231029, 46.198296), (6.230631, 46.198044), (6.226519, 46.193089), (6.231312, 46.194237), (6.22879, 46.196976), (6.231863, 46.196251), (6.227464, 46.197166), (6.232698, 46.1931), (6.22927, 46.19281), (6.229206, 46.192898), (6.231373, 46.192646), (6.228751, 46.197006), (6.230655, 46.19276), (6.231138, 46.192722), (6.23104, 46.194225), (6.231351, 46.19429), (6.230623, 46.195499), (6.227416, 46.197041), (6.231981, 46.192707), (6.22648, 46.193111), (6.226597, 46.19302), (6.22879, 46.196964), (6.230851, 46.198093), (6.226702, 46.192982), (6.23033, 46.194092), (6.228751, 46.196999)]" }, "geometry": { "type": "Polygon", "coordinates": [ [ [ 6.228908203228527, 46.190455621097463 ], [ 6.22528944458841, 46.193506727531783 ], [ 6.225755798253419, 46.197969333021845 ], [ 6.229840692220042, 46.199380763030597 ], [ 6.233459233858738, 46.196329822363317 ], [ 6.232993098519498, 46.191867285913062 ], [ 6.228908203228527, 46.190455621097463 ] ] ] } },
{ "type": "Feature", "properties": { "id": "887a8dcaddfffff", "center": "(46.18289349570252, 6.1572070350815284)", "polygon": "[(6.1535860793136905, 46.18594571267574), (6.157675593374057, 46.18735800526545), (6.161296410001666, 46.18430586892913), (6.160827929475373, 46.17984127423032), (6.156738413733868, 46.17842874671157), (6.153117380187046, 46.18148104881343)]", "points": "[(6.15731347, 46.18188201), (6.15707991, 46.18190067), (6.15670261, 46.18231116), (6.15860704, 46.1812165), (6.158316, 46.181282), (6.1571528, 46.181627), (6.1566577, 46.1868714)]" }, "geometry": { "type": "Polygon", "coordinates": [ [ [ 6.156738413733868, 46.178428746711567 ], [ 6.153117380187046, 46.181481048813431 ], [ 6.153586079313691, 46.185945712675739 ], [ 6.157675593374057, 46.187358005265452 ], [ 6.161296410001666, 46.18430586892913 ], [ 6.160827929475373, 46.17984127423032 ], [ 6.156738413733868, 46.178428746711567 ] ] ] } },
{ "type": "Feature", "properties": { "id": "887a8dca8dfffff", "center": "(46.193006439085934, 6.17403084964246)", "polygon": "[(6.170410528285238, 46.196058248325), (6.174498781455887, 46.19747009202385), (6.178118963614598, 46.194418363426685), (6.17765110953151, 46.18995462529169), (6.173562854712325, 46.18854254667454), (6.169942455612011, 46.191594441103476)]", "points": "[(6.17664521, 46.19330637), (6.17659131, 46.19339965), (6.17709437, 46.19327528), (6.17201889, 46.19410854), (6.17205482, 46.19412719), (6.17189313, 46.19406501), (6.176271, 46.192871), (6.171877, 46.194099), (6.176199, 46.19268)]" }, "geometry": { "type": "Polygon", "coordinates": [ [ [ 6.173562854712325, 46.18854254667454 ], [ 6.169942455612011, 46.191594441103476 ], [ 6.170410528285238, 46.196058248325002 ], [ 6.174498781455887, 46.197470092023849 ], [ 6.178118963614598, 46.194418363426685 ], [ 6.17765110953151, 46.189954625291691 ], [ 6.173562854712325, 46.18854254667454 ] ] ] } },
{ "type": "Feature", "properties": { "id": "887a8dc85bfffff", "center": "(46.210630842959965, 6.187696689470204)", "polygon": "[(6.184077018966671, 46.213682154446815), (6.188164009199784, 46.21509331442149), (6.191783540489861, 46.2120420835965), (6.191316298497579, 46.20757952681945), (6.187229306577367, 46.20616813191251), (6.183609558323793, 46.20921952870769)]", "points": "[(6.18421801, 46.21234998), (6.18456835, 46.21247431), (6.18649973, 46.2132016), (6.1865177, 46.21318917), (6.18642787, 46.21328241), (6.186425, 46.213291)]" }, "geometry": { "type": "Polygon", "coordinates": [ [ [ 6.187229306577367, 46.206168131912513 ], [ 6.183609558323793, 46.209219528707692 ], [ 6.184077018966671, 46.213682154446815 ], [ 6.188164009199784, 46.215093314421487 ], [ 6.191783540489861, 46.212042083596501 ], [ 6.191316298497579, 46.207579526819451 ], [ 6.187229306577367, 46.206168131912513 ] ] ] } },
{ "type": "Feature", "properties": { "id": "887a8dc03dfffff", "center": "(46.15253874953874, 6.10670158227697)", "polygon": "[(6.103078724464797, 46.15559218922561), (6.107172019015158, 46.157005829081115), (6.110794737862722, 46.15395247001595), (6.110324378998359, 46.149485305521736), (6.106231082669389, 46.14807143070528), (6.102608146970664, 46.15112495533672)]", "points": "[(6.109742, 46.151859), (6.110014, 46.151848), (6.109595, 46.151794), (6.109969, 46.151688)]" }, "geometry": { "type": "Polygon", "coordinates": [ [ [ 6.106231082669389, 46.148071430705279 ], [ 6.102608146970664, 46.151124955336719 ], [ 6.103078724464797, 46.155592189225608 ], [ 6.107172019015158, 46.157005829081115 ], [ 6.110794737862722, 46.153952470015952 ], [ 6.110324378998359, 46.149485305521736 ], [ 6.106231082669389, 46.148071430705279 ] ] ] } },
{ "type": "Feature", "properties": { "id": "887a8dc113fffff", "center": "(46.16853899117552, 6.128103965477636)", "polygon": "[(6.124481958358097, 46.17159185770041), (6.128573572501375, 46.17300482034016), (6.132195440592534, 46.169952034448784), (6.131725911409116, 46.16548612023128), (6.127634295506676, 46.16407292263637), (6.12401221053408, 46.167125874206874)]", "points": "[(6.12539633, 46.17156259), (6.12566582, 46.17163724), (6.12520768, 46.17146928), (6.130583, 46.165188), (6.125251, 46.171516), (6.1313478, 46.1695546), (6.1249355, 46.1712151)]" }, "geometry": { "type": "Polygon", "coordinates": [ [ [ 6.127634295506676, 46.164072922636372 ], [ 6.12401221053408, 46.167125874206874 ], [ 6.124481958358097, 46.171591857700413 ], [ 6.128573572501375, 46.173004820340161 ], [ 6.132195440592534, 46.169952034448784 ], [ 6.131725911409116, 46.165486120231279 ], [ 6.127634295506676, 46.164072922636372 ] ] ] } },
{ "type": "Feature", "properties": { "id": "887a8dc1e9fffff", "center": "(46.16689924413025, 6.1358172474650665)", "polygon": "[(6.132195440592534, 46.169952034448784), (6.1362866358582915, 46.17136500403069), (6.139908303654066, 46.16831229433732), (6.139438993060625, 46.163846449401866), (6.135347796094169, 46.16243324488499), (6.131725911409116, 46.16548612023128)]", "points": "[(6.13554729, 46.17082231), (6.13549339, 46.17098405), (6.13967954, 46.16761222), (6.1327715, 46.16697142), (6.13261878, 46.16688432), (6.13291523, 46.16703985), (6.135607, 46.170609), (6.135203, 46.170189), (6.132895, 46.167057)]" }, "geometry": { "type": "Polygon", "coordinates": [ [ [ 6.135347796094169, 46.162433244884987 ], [ 6.131725911409116, 46.165486120231279 ], [ 6.132195440592534, 46.169952034448784 ], [ 6.136286635858291, 46.17136500403069 ], [ 6.139908303654066, 46.168312294337319 ], [ 6.139438993060625, 46.163846449401866 ], [ 6.135347796094169, 46.162433244884987 ] ] ] } },
{ "type": "Feature", "properties": { "id": "887a8dc357fffff", "center": "(46.19669909429065, 6.060071138534168)", "polygon": "[(6.056447570122413, 46.19975239080493), (6.0605425274878995, 46.201164827425565), (6.064165957346242, 46.19811161164153), (6.063694646642693, 46.193645793195806), (6.059599686906472, 46.19223312140883), (6.055976040231805, 46.1952865032267)]", "points": "[(6.06239748, 46.19863527), (6.06249629, 46.19865392), (6.06228069, 46.19862905), (6.062445, 46.198669)]" }, "geometry": { "type": "Polygon", "coordinates": [ [ [ 6.059599686906472, 46.192233121408833 ], [ 6.055976040231805, 46.195286503226697 ], [ 6.056447570122413, 46.199752390804932 ], [ 6.060542527487899, 46.201164827425565 ], [ 6.064165957346242, 46.198111611641529 ], [ 6.063694646642693, 46.193645793195806 ], [ 6.059599686906472, 46.192233121408833 ] ] ] } },
{ "type": "Feature", "properties": { "id": "887a8dc11dfffff", "center": "(46.18357579828153, 6.121799352767071)", "polygon": "[(6.118177379309058, 46.186628485626976), (6.122268989719739, 46.18804097828167), (6.125890824235974, 46.184988371599786), (6.125421265209376, 46.18052310643186), (6.121329652896669, 46.17911037877218), (6.117707601499858, 46.18216315127818)]", "points": "[(6.12183002, 46.18408995), (6.12165934, 46.18392203), (6.12199171, 46.18426409), (6.12065322, 46.18195043), (6.12070712, 46.18177005), (6.12065322, 46.18214323), (6.11797624, 46.18242312), (6.11924287, 46.18269678), (6.1215156, 46.17931944), (6.12149764, 46.17954958), (6.120804, 46.181892), (6.120695, 46.182125), (6.120755, 46.182331), (6.121522, 46.179543), (6.11829, 46.18251), (6.119283, 46.182701), (6.1204327, 46.182324), (6.1238364, 46.1850804), (6.1238674, 46.1802006), (6.1209166, 46.1832897), (6.1212887, 46.1820854), (6.1226819, 46.1848688)]" }, "geometry": { "type": "Polygon", "coordinates": [ [ [ 6.121329652896669, 46.17911037877218 ], [ 6.117707601499858, 46.182163151278182 ], [ 6.118177379309058, 46.186628485626976 ], [ 6.122268989719739, 46.18804097828167 ], [ 6.125890824235974, 46.184988371599786 ], [ 6.125421265209376, 46.180523106431863 ], [ 6.121329652896669, 46.17911037877218 ] ] ] } },
{ "type": "Feature", "properties": { "id": "887a8dc047fffff", "center": "(46.16497904857348, 6.080398144398842)", "polygon": "[(6.076774704439881, 46.16803262767275), (6.080869252559727, 46.1694460117499), (6.08449255374303, 46.16639251331242), (6.084021523620447, 46.16192546507301), (6.079926973474865, 46.16051184594936), (6.0763034554648705, 46.16356551010436)]", "points": "[(6.07925885, 46.16847075), (6.07903427, 46.16827167), (6.07968106, 46.1688689)]" }, "geometry": { "type": "Polygon", "coordinates": [ [ [ 6.079926973474865, 46.160511845949358 ], [ 6.07630345546487, 46.163565510104362 ], [ 6.076774704439881, 46.168032627672751 ], [ 6.080869252559727, 46.169446011749898 ], [ 6.08449255374303, 46.166392513312417 ], [ 6.084021523620447, 46.161925465073011 ], [ 6.079926973474865, 46.160511845949358 ] ] ] } },
{ "type": "Feature", "properties": { "id": "887a8dca97fffff", "center": "(46.162940789355375, 6.186640403803984)", "polygon": "[(6.183020018232148, 46.16599295687538), (6.187108277569339, 46.16740574009825), (6.1907285237698515, 46.16435365316011), (6.190260727563286, 46.15988861744979), (6.186172466862615, 46.15847559940816), (6.18255200371925, 46.161527851888366)]", "points": "[(6.18334665, 46.16471924), (6.18363411, 46.16499299), (6.18322088, 46.16468191), (6.188813, 46.162418), (6.186977, 46.166981), (6.185935, 46.164268), (6.18722, 46.163445), (6.187383, 46.165222), (6.188479, 46.166142)]" }, "geometry": { "type": "Polygon", "coordinates": [ [ [ 6.186172466862615, 46.158475599408163 ], [ 6.18255200371925, 46.161527851888366 ], [ 6.183020018232148, 46.165992956875378 ], [ 6.187108277569339, 46.167405740098253 ], [ 6.190728523769851, 46.164353653160113 ], [ 6.190260727563286, 46.159888617449788 ], [ 6.186172466862615, 46.158475599408163 ] ] ] } },
{ "type": "Feature", "properties": { "id": "887a8dc8ebfffff", "center": "(46.18904388267383, 6.224823027608932)", "polygon": "[(6.221204129476681, 46.19209506970676), (6.22528944458841, 46.19350672753178), (6.228908203228527, 46.19045562109746), (6.228441863738401, 46.18599269111009), (6.224356547315172, 46.18458079848292), (6.220737571680837, 46.18763207063809)]", "points": "[(6.22314201, 46.19247932), (6.2229354, 46.19242957), (6.22334863, 46.19253528), (6.223331, 46.192551), (6.224088, 46.190533), (6.222829, 46.187176), (6.223172, 46.187439), (6.223094, 46.187466), (6.223716, 46.19268), (6.224666, 46.191906), (6.223629, 46.192501), (6.222867, 46.187183), (6.223589, 46.192589), (6.224715, 46.192024), (6.22473, 46.190784)]" }, "geometry": { "type": "Polygon", "coordinates": [ [ [ 6.224356547315172, 46.184580798482919 ], [ 6.220737571680837, 46.187632070638088 ], [ 6.221204129476681, 46.19209506970676 ], [ 6.22528944458841, 46.193506727531783 ], [ 6.228908203228527, 46.190455621097463 ], [ 6.228441863738401, 46.185992691110087 ], [ 6.224356547315172, 46.184580798482919 ] ] ] } },
{ "type": "Feature", "properties": { "id": "887a8dc815fffff", "center": "(46.21158447963969, 6.215365906471959)", "polygon": "[(6.211747055527578, 46.2146353971905), (6.215832366278058, 46.2160463504603), (6.219451077859722, 46.21299551355303), (6.21898469567159, 46.208533557431), (6.214899383396239, 46.2071223692847), (6.211280454821142, 46.21017337212972)]", "points": "[(6.21671906, 46.20978884), (6.21655736, 46.20978262), (6.21685381, 46.20980749), (6.21432954, 46.20888122), (6.21462598, 46.2090242), (6.21508412, 46.20914231), (6.21415886, 46.20871958), (6.21424869, 46.20825333), (6.21512904, 46.21430806), (6.21512006, 46.2142459), (6.21512006, 46.21435779), (6.217162, 46.209717), (6.216647, 46.209843), (6.21713, 46.210079), (6.217084, 46.209713), (6.215146, 46.214352), (6.216815, 46.209824), (6.216855, 46.209843), (6.21589, 46.209133), (6.214021, 46.208668), (6.217, 46.210079), (6.2154502, 46.2090168), (6.2147614, 46.208364), (6.2125701, 46.2091324)]" }, "geometry": { "type": "Polygon", "coordinates": [ [ [ 6.214899383396239, 46.207122369284697 ], [ 6.211280454821142, 46.210173372129717 ], [ 6.211747055527578, 46.214635397190499 ], [ 6.215832366278058, 46.216046350460303 ], [ 6.219451077859722, 46.212995513553032 ], [ 6.21898469567159, 46.208533557430997 ], [ 6.214899383396239, 46.207122369284697 ] ] ] } },
{ "type": "Feature", "properties": { "id": "887a8dc165fffff", "center": "(46.223753791758774, 6.126023820264365)", "polygon": "[(6.122402548932868, 46.22680571120522), (6.126492890943221, 46.228216814604494), (6.130114023447549, 46.22516497588648), (6.129645030830188, 46.22070186758233), (6.125554686664969, 46.219290529089726), (6.121933337259245, 46.22234253398742)]", "points": "[(6.12345597, 46.22310301), (6.12376139, 46.22296006), (6.12314156, 46.22327081), (6.12385122, 46.22586862), (6.12386919, 46.2257754), (6.12382427, 46.22596806), (6.12849551, 46.22300357), (6.12967231, 46.22269903), (6.12860331, 46.22290413), (6.12841467, 46.22310301), (6.12541429, 46.2219035), (6.12554006, 46.2219035), (6.12706719, 46.22421548), (6.12714804, 46.22410983), (6.12700431, 46.22430249), (6.1284, 46.223125), (6.126986, 46.224323), (6.123724, 46.223007), (6.129699, 46.222664), (6.123808, 46.225975), (6.125565, 46.221958), (6.12556, 46.222099), (6.1254948, 46.2231243), (6.1292017, 46.2207506), (6.1268312, 46.2226933)]" }, "geometry": { "type": "Polygon", "coordinates": [ [ [ 6.125554686664969, 46.219290529089726 ], [ 6.121933337259245, 46.222342533987423 ], [ 6.122402548932868, 46.226805711205223 ], [ 6.126492890943221, 46.228216814604494 ], [ 6.130114023447549, 46.225164975886479 ], [ 6.129645030830188, 46.220701867582328 ], [ 6.125554686664969, 46.219290529089726 ] ] ] } },
{ "type": "Feature", "properties": { "id": "887a8dca45fffff", "center": "(46.25475888308711, 6.141104531834443)", "polygon": "[(6.13748414556954, 46.25781004683614), (6.141572801709043, 46.25922000312767), (6.14519304916976, 46.256168920148426), (6.144724857408576, 46.251707714434545), (6.140636198991771, 46.250297523006914), (6.137015734600717, 46.2533487724221)]", "points": "[(6.14134142, 46.25447364), (6.14139532, 46.25449849), (6.14130549, 46.25443637), (6.13940106, 46.25674699), (6.1392753, 46.25672214), (6.13948191, 46.25674078), (6.13909563, 46.2565296), (6.139277, 46.256752), (6.139185, 46.256634), (6.141264, 46.254478), (6.139329, 46.256752), (6.139062, 46.256554), (6.1431605, 46.2555461), (6.1393666, 46.2566408), (6.1408877, 46.2566883)]" }, "geometry": { "type": "Polygon", "coordinates": [ [ [ 6.140636198991771, 46.250297523006914 ], [ 6.137015734600717, 46.2533487724221 ], [ 6.13748414556954, 46.257810046836141 ], [ 6.141572801709043, 46.259220003127673 ], [ 6.14519304916976, 46.256168920148426 ], [ 6.144724857408576, 46.251707714434545 ], [ 6.140636198991771, 46.250297523006914 ] ] ] } },
{ "type": "Feature", "properties": { "id": "887a8dca09fffff", "center": "(46.23973323828034, 6.147408705888522)", "polygon": "[(6.143788284937214, 46.24278458301915), (6.147876945560004, 46.244195009558275), (6.151497227620559, 46.24114374555942), (6.151029065976936, 46.236681888722664), (6.146940403219456, 46.235271227096675), (6.143319904227549, 46.238322657387144)]", "points": "[(6.14724335, 46.24322975), (6.14756675, 46.24303715), (6.1472164, 46.24361493), (6.14843811, 46.23776227), (6.147377, 46.242554), (6.147367, 46.243225), (6.143721, 46.241844), (6.1470152, 46.2427312), (6.1475225, 46.2432701)]" }, "geometry": { "type": "Polygon", "coordinates": [ [ [ 6.146940403219456, 46.235271227096675 ], [ 6.143319904227549, 46.238322657387144 ], [ 6.143788284937214, 46.242784583019152 ], [ 6.147876945560004, 46.244195009558275 ], [ 6.151497227620559, 46.24114374555942 ], [ 6.151029065976936, 46.236681888722664 ], [ 6.146940403219456, 46.235271227096675 ] ] ] } },
{ "type": "Feature", "properties": { "id": "887a8dc85dfffff", "center": "(46.22401753844742, 6.189098459168336)", "polygon": "[(6.185479022005213, 46.227068593815794), (6.189565589406886, 46.22847929094218), (6.193184887394781, 46.225428316257236), (6.192717834938671, 46.22096647835022), (6.188631265765905, 46.21955554626225), (6.1850117508075995, 46.22260668703569)]", "points": "[(6.19220403, 46.22478104), (6.19184471, 46.22433357), (6.19156623, 46.22425899), (6.18792805, 46.22098365), (6.18801789, 46.22099608), (6.18784721, 46.22097122), (6.187855, 46.221001), (6.185799, 46.222763)]" }, "geometry": { "type": "Polygon", "coordinates": [ [ [ 6.188631265765905, 46.219555546262249 ], [ 6.185011750807599, 46.222606687035693 ], [ 6.185479022005213, 46.227068593815794 ], [ 6.189565589406886, 46.228479290942182 ], [ 6.193184887394781, 46.225428316257236 ], [ 6.192717834938671, 46.220966478350221 ], [ 6.188631265765905, 46.219555546262249 ] ] ] } },
{ "type": "Feature", "properties": { "id": "887a8dc1adfffff", "center": "(46.161980501827976, 6.158953376670971)", "polygon": "[(6.1553321713628995, 46.16503306352031), (6.1594221094764015, 46.166446053899655), (6.163043175562785, 46.163393572807486), (6.1625745204354825, 46.1589279357544), (6.158484580796473, 46.157514710500585), (6.154863297797529, 46.16056735716707)]", "points": "[(6.15801415, 46.1656027), (6.15822975, 46.16545339), (6.15784347, 46.16566492)]" }, "geometry": { "type": "Polygon", "coordinates": [ [ [ 6.158484580796473, 46.157514710500585 ], [ 6.154863297797529, 46.160567357167068 ], [ 6.155332171362899, 46.165033063520312 ], [ 6.159422109476401, 46.166446053899655 ], [ 6.163043175562785, 46.163393572807486 ], [ 6.162574520435482, 46.158927935754399 ], [ 6.158484580796473, 46.157514710500585 ] ] ] } },
{ "type": "Feature", "properties": { "id": "887a8dc001fffff", "center": "(46.15581828493781, 6.091268099617816)", "polygon": "[(6.087644842046262, 46.15887187718867), (6.091738973747169, 46.16028550322778), (6.095362092451123, 46.157231991615305), (6.094891296276682, 46.15276468833776), (6.090797162680151, 46.151350827297335), (6.08717382714096, 46.1544045045285)]", "points": "[(6.09269765, 46.15641275), (6.09239222, 46.15624474), (6.09269765, 46.15635675), (6.09426072, 46.15503755), (6.09401817, 46.15489443), (6.09440445, 46.15509978), (6.092448, 46.156345), (6.092654, 46.156395), (6.094011, 46.154903), (6.0943918, 46.1554031)]" }, "geometry": { "type": "Polygon", "coordinates": [ [ [ 6.090797162680151, 46.151350827297335 ], [ 6.08717382714096, 46.1544045045285 ], [ 6.087644842046262, 46.158871877188673 ], [ 6.091738973747169, 46.160285503227783 ], [ 6.095362092451123, 46.157231991615305 ], [ 6.094891296276682, 46.152764688337761 ], [ 6.090797162680151, 46.151350827297335 ] ] ] } },
{ "type": "Feature", "properties": { "id": "887a8dca51fffff", "center": "(46.22798712322721, 6.138293590266533)", "polygon": "[(6.134672735470011, 46.23103880049004), (6.138762237945625, 46.23244968298442), (6.142382953861539, 46.22939808644834), (6.141914384205728, 46.22493544121112), (6.1378248796209744, 46.22352432363896), (6.134203946788413, 46.226576086374614)]", "points": "[(6.13631086, 46.22498613), (6.13653544, 46.22492398), (6.13745172, 46.22398553), (6.13728104, 46.22655223), (6.13684985, 46.22659574), (6.13674205, 46.22684432), (6.13802664, 46.22761492), (6.13840393, 46.22788215), (6.13873631, 46.2300261), (6.13873631, 46.23008202), (6.13867343, 46.23004474), (6.13879919, 46.23230046), (6.13879919, 46.23221346), (6.13877224, 46.23235017), (6.134772, 46.230419), (6.13774, 46.227032), (6.13863, 46.230087), (6.138761, 46.232235), (6.136763, 46.22686), (6.1368, 46.224922), (6.136484, 46.224987), (6.1384996, 46.227458)]" }, "geometry": { "type": "Polygon", "coordinates": [ [ [ 6.137824879620974, 46.223524323638962 ], [ 6.134203946788413, 46.226576086374614 ], [ 6.134672735470011, 46.23103880049004 ], [ 6.138762237945625, 46.232449682984416 ], [ 6.142382953861539, 46.229398086448342 ], [ 6.141914384205728, 46.224935441211123 ], [ 6.137824879620974, 46.223524323638962 ] ] ] } },
{ "type": "Feature", "properties": { "id": "887a8dc851fffff", "center": "(46.21650440078505, 6.192250719303631)", "polygon": "[(6.188631265765905, 46.21955554626225), (6.192717834938671, 46.22096647835022), (6.196337149257972, 46.21791541354148), (6.195870111362539, 46.21345325062134), (6.191783540489861, 46.2120420835965), (6.188164009199784, 46.21509331442149)]", "points": "[(6.1947822, 46.21563827), (6.19508763, 46.21575637), (6.19457559, 46.21560098), (6.1905691, 46.21418996), (6.19059605, 46.21416509), (6.1904613, 46.21423347), (6.190447, 46.214241), (6.188516, 46.217648)]" }, "geometry": { "type": "Polygon", "coordinates": [ [ [ 6.191783540489861, 46.212042083596501 ], [ 6.188164009199784, 46.215093314421487 ], [ 6.188631265765905, 46.219555546262249 ], [ 6.192717834938671, 46.220966478350221 ], [ 6.196337149257972, 46.217915413541483 ], [ 6.195870111362539, 46.213453250621342 ], [ 6.191783540489861, 46.212042083596501 ] ] ] } },
{ "type": "Feature", "properties": { "id": "887a8dca99fffff", "center": "(46.166219493738524, 6.171221933319933)", "polygon": "[(6.167601145730227, 46.169271813632), (6.171690243829782, 46.17068458299306), (6.175310892144552, 46.16763234369813), (6.174842659274616, 46.16316716944044), (6.170753559694934, 46.16175416522028), (6.167132694452559, 46.164806570109654)]", "points": "[(6.16874902, 46.16353712), (6.16880292, 46.16354956), (6.172677, 46.166908), (6.172379, 46.167065)]" }, "geometry": { "type": "Polygon", "coordinates": [ [ [ 6.170753559694934, 46.16175416522028 ], [ 6.167132694452559, 46.164806570109654 ], [ 6.167601145730227, 46.169271813632001 ], [ 6.171690243829782, 46.170684582993061 ], [ 6.175310892144552, 46.167632343698131 ], [ 6.174842659274616, 46.163167169440442 ], [ 6.170753559694934, 46.16175416522028 ] ] ] } },
{ "type": "Feature", "properties": { "id": "887a8dc8edfffff", "center": "(46.20243169910917, 6.226222088603828)", "polygon": "[(6.222603423068283, 46.205482630581734), (6.226688315639432, 46.20689382575886), (6.2303068417210925, 46.20384297490655), (6.2298406922200416, 46.1993807630306), (6.225755798253419, 46.197969333021845), (6.222137055170581, 46.20102034971347)]", "points": "[(6.22703172, 46.20639451), (6.22269286, 46.20387039), (6.22342947, 46.20409421), (6.224371, 46.199337), (6.225007, 46.205719), (6.224491, 46.201378), (6.224524, 46.201454), (6.22737, 46.199646), (6.227539, 46.199619), (6.227436, 46.199608), (6.227357, 46.199665), (6.222904, 46.203526), (6.225044, 46.199371), (6.227025, 46.206425), (6.225482, 46.205933)]" }, "geometry": { "type": "Polygon", "coordinates": [ [ [ 6.225755798253419, 46.197969333021845 ], [ 6.222137055170581, 46.201020349713467 ], [ 6.222603423068283, 46.205482630581734 ], [ 6.226688315639432, 46.206893825758861 ], [ 6.230306841721093, 46.20384297490655 ], [ 6.229840692220042, 46.199380763030597 ], [ 6.225755798253419, 46.197969333021845 ] ] ] } },
{ "type": "Feature", "properties": { "id": "887a8dcad3fffff", "center": "(46.1678589706022, 6.163511767605641)", "polygon": "[(6.159890779212466, 46.170911366680606), (6.163980296563766, 46.172324129103544), (6.167601145730227, 46.169271813632), (6.167132694452559, 46.164806570109654), (6.163043175562785, 46.163393572807486), (6.1594221094764015, 46.166446053899655)]", "points": "[(6.163913, 46.171299), (6.165123, 46.170692), (6.165109, 46.17078), (6.163501, 46.171806)]" }, "geometry": { "type": "Polygon", "coordinates": [ [ [ 6.163043175562785, 46.163393572807486 ], [ 6.159422109476401, 46.166446053899655 ], [ 6.159890779212466, 46.170911366680606 ], [ 6.163980296563766, 46.172324129103544 ], [ 6.167601145730227, 46.169271813632001 ], [ 6.167132694452559, 46.164806570109654 ], [ 6.163043175562785, 46.163393572807486 ] ] ] } },
{ "type": "Feature", "properties": { "id": "887a8dc817fffff", "center": "(46.20407136180685, 6.218518250198784)", "polygon": "[(6.214899383396239, 46.2071223692847), (6.21898469567159, 46.208533557431), (6.222603423068283, 46.205482630581734), (6.222137055170581, 46.20102034971347), (6.218051741441486, 46.19960892671541), (6.214432797051081, 46.20266001943016)]", "points": "[(6.21833603, 46.20630748), (6.21814738, 46.20610853), (6.21841687, 46.20653128), (6.21837196, 46.20615205), (6.21829111, 46.2076814), (6.2181923, 46.20784303), (6.21840789, 46.20755084), (6.22201014, 46.20367144), (6.22217183, 46.20474701), (6.21898281, 46.20240933), (6.2194679, 46.20254611), (6.21830908, 46.20220416), (6.218888, 46.207005), (6.218355, 46.207619)]" }, "geometry": { "type": "Polygon", "coordinates": [ [ [ 6.218051741441486, 46.199608926715413 ], [ 6.214432797051081, 46.202660019430162 ], [ 6.214899383396239, 46.207122369284697 ], [ 6.21898469567159, 46.208533557430997 ], [ 6.222603423068283, 46.205482630581734 ], [ 6.222137055170581, 46.201020349713467 ], [ 6.218051741441486, 46.199608926715413 ] ] ] } },
{ "type": "Feature", "properties": { "id": "887a8dc313fffff", "center": "(46.180019548756064, 6.074093669710451)", "polygon": "[(6.070470264710596, 46.18307294869179), (6.074564808564235, 46.184485862601065), (6.07818807487521, 46.18143254335721), (6.077717014145451, 46.17696614433421), (6.073622468122921, 46.17555299532852), (6.06999898498631, 46.17860648043501)]", "points": "[(6.07323116, 46.17838022), (6.0729976, 46.17781419), (6.0729976, 46.17788883), (6.0736893, 46.17854816), (6.07275505, 46.17826826), (6.07792036, 46.1795869), (6.077579, 46.17959312), (6.07636628, 46.17709265), (6.07583627, 46.17672565), (6.0768334, 46.17709887), (6.07510864, 46.17728547), (6.076657, 46.177109), (6.07652, 46.177303), (6.073659, 46.178463), (6.077527, 46.179691), (6.073044, 46.177929), (6.071852, 46.178478), (6.072648, 46.178345), (6.0729948, 46.1783468), (6.0778236, 46.1796015)]" }, "geometry": { "type": "Polygon", "coordinates": [ [ [ 6.073622468122921, 46.175552995328523 ], [ 6.06999898498631, 46.178606480435008 ], [ 6.070470264710596, 46.183072948691787 ], [ 6.074564808564235, 46.184485862601065 ], [ 6.07818807487521, 46.181432543357211 ], [ 6.077717014145451, 46.176966144334209 ], [ 6.073622468122921, 46.175552995328523 ] ] ] } },
{ "type": "Feature", "properties": { "id": "887a8dc167fffff", "center": "(46.21623851948709, 6.1291759752772546)", "polygon": "[(6.125554686664969, 46.219290529089726), (6.129645030830188, 46.22070186758233), (6.133266180572015, 46.21764993869318), (6.132797203037761, 46.21318650519683), (6.128706856789052, 46.21177493163564), (6.125085490145352, 46.214827026632186)]", "points": "[(6.13067842, 46.21604852), (6.13048079, 46.21550152), (6.13029215, 46.21624121), (6.13130724, 46.21654578), (6.12945671, 46.22040563), (6.1291423, 46.22028132), (6.12971722, 46.22057344), (6.12987892, 46.21357457), (6.13053469, 46.21322025), (6.1298879, 46.21361186), (6.13000468, 46.2139724), (6.1290884, 46.21346889), (6.12620481, 46.21803754), (6.12561192, 46.21831724), (6.12651024, 46.21763352), (6.12657312, 46.21777648), (6.12571972, 46.2183794), (6.12520768, 46.21503533), (6.12547718, 46.21491723), (6.131077, 46.216404), (6.126533, 46.217804), (6.125636, 46.218445), (6.126441, 46.218353), (6.130302, 46.216305), (6.131356, 46.215687), (6.128955, 46.214081), (6.128923, 46.213898), (6.126845, 46.217541), (6.1293581, 46.2132968), (6.1317222, 46.2157543), (6.1302306, 46.2146967), (6.1306132, 46.2125883), (6.1308509, 46.2158082), (6.1269288, 46.2187803), (6.131163, 46.2131078), (6.1294283, 46.2158089), (6.1269161, 46.2134567)]" }, "geometry": { "type": "Polygon", "coordinates": [ [ [ 6.128706856789052, 46.211774931635638 ], [ 6.125085490145352, 46.214827026632186 ], [ 6.125554686664969, 46.219290529089726 ], [ 6.129645030830188, 46.220701867582328 ], [ 6.133266180572015, 46.217649938693178 ], [ 6.132797203037761, 46.21318650519683 ], [ 6.128706856789052, 46.211774931635638 ] ] ] } },
{ "type": "Feature", "properties": { "id": "887a8dc159fffff", "center": "(46.18849641070615, 6.09865590658557)", "polygon": "[(6.095033333987904, 46.19154932649896), (6.099126200159403, 46.19296179817718), (6.1027486339606964, 46.18990896307293), (6.1022784184345165, 46.185443490380486), (6.098185550185395, 46.18403078363679), (6.0945628995273475, 46.187083784643775)]", "points": "[(6.09972248, 46.1886797), (6.09908467, 46.18955034), (6.09874331, 46.19060131), (6.09992011, 46.18833766), (6.10050401, 46.19120452), (6.10011773, 46.19111745), (6.10094418, 46.19120452), (6.10142029, 46.18521565), (6.10169877, 46.18530894), (6.10115978, 46.1851348), (6.10133944, 46.18955656), (6.100844, 46.185402), (6.100151, 46.191147), (6.101125, 46.185116), (6.100873, 46.191273), (6.0999253, 46.1886669), (6.099796, 46.1908503), (6.1015461, 46.1887412), (6.0965641, 46.1877354), (6.1016633, 46.1895549)]" }, "geometry": { "type": "Polygon", "coordinates": [ [ [ 6.098185550185395, 46.184030783636793 ], [ 6.094562899527348, 46.187083784643775 ], [ 6.095033333987904, 46.191549326498958 ], [ 6.099126200159403, 46.19296179817718 ], [ 6.102748633960696, 46.189908963072931 ], [ 6.102278418434516, 46.185443490380486 ], [ 6.098185550185395, 46.184030783636793 ] ] ] } },
{ "type": "Feature", "properties": { "id": "887a8dc305fffff", "center": "(46.21433151531406, 6.073767466634925)", "polygon": "[(6.070144548701744, 46.2173843134696), (6.07423824459865, 46.21879606567289), (6.077861023962724, 46.215743348267544), (6.077390324256113, 46.21127871247929), (6.07329662594979, 46.209866725095736), (6.069673629746761, 46.21291960867349)]", "points": "[(6.0737432, 46.21002506), (6.07339285, 46.20997533)]" }, "geometry": { "type": "Polygon", "coordinates": [ [ [ 6.07329662594979, 46.209866725095736 ], [ 6.069673629746761, 46.212919608673488 ], [ 6.070144548701744, 46.217384313469601 ], [ 6.07423824459865, 46.21879606567289 ], [ 6.077861023962724, 46.215743348267544 ], [ 6.077390324256113, 46.211278712479292 ], [ 6.07329662594979, 46.209866725095736 ] ] ] } },
{ "type": "Feature", "properties": { "id": "887a8dcae1fffff", "center": "(46.2063966793397, 6.175434455731689)", "polygon": "[(6.171814367694089, 46.209448232815475), (6.1759021981935724, 46.21085961364786), (6.179522147070869, 46.20780814083562), (6.179054482384509, 46.20334512123354), (6.174966650152374, 46.201933505453404), (6.171346484326524, 46.204985144215904)]", "points": "[(6.17531571, 46.20384552), (6.17554927, 46.2037647), (6.17506418, 46.20391391), (6.17875625, 46.20537493), (6.17785794, 46.2056547), (6.17563012, 46.20616449), (6.1755313, 46.20640073), (6.17573792, 46.20592203), (6.177011, 46.203308), (6.177375, 46.203175), (6.177843, 46.205673), (6.175451, 46.206463), (6.177028, 46.203327), (6.175766, 46.205902)]" }, "geometry": { "type": "Polygon", "coordinates": [ [ [ 6.174966650152374, 46.201933505453404 ], [ 6.171346484326524, 46.204985144215904 ], [ 6.171814367694089, 46.209448232815475 ], [ 6.175902198193572, 46.210859613647862 ], [ 6.179522147070869, 46.207808140835617 ], [ 6.179054482384509, 46.203345121233539 ], [ 6.174966650152374, 46.201933505453404 ] ] ] } },
{ "type": "Feature", "properties": { "id": "887a8dca0bfffff", "center": "(46.23221979201236, 6.150560841320694)", "polygon": "[(6.146940403219456, 46.235271227096675), (6.151029065976936, 46.236681888722664), (6.154649365144141, 46.233630534363364), (6.154181218472951, 46.229168352151525), (6.150092553652074, 46.22775745546334), (6.146472037553043, 46.23080897604204)]", "points": "[(6.14942626, 46.23222589), (6.14956101, 46.23151749), (6.14931846, 46.23219482)]" }, "geometry": { "type": "Polygon", "coordinates": [ [ [ 6.150092553652074, 46.22775745546334 ], [ 6.146472037553043, 46.230808976042042 ], [ 6.146940403219456, 46.235271227096675 ], [ 6.151029065976936, 46.236681888722664 ], [ 6.154649365144141, 46.233630534363364 ], [ 6.154181218472951, 46.229168352151525 ], [ 6.150092553652074, 46.22775745546334 ] ] ] } },
{ "type": "Feature", "properties": { "id": "887a8dd8d1fffff", "center": "(46.23947391568475, 6.0843061540462156)", "polygon": "[(6.080683904716476, 46.242526124673205), (6.084776336252994, 46.24393695733681), (6.088398447041427, 46.240884829133364), (6.08792834314141, 46.236421701876154), (6.083835909085449, 46.23501063399383), (6.0802135814362055, 46.23806292858028)]", "points": "[(6.083445, 46.23546949), (6.08658012, 46.23988098), (6.08621181, 46.23953926), (6.08209753, 46.23676191), (6.08209753, 46.23673084), (6.08285211, 46.23625861), (6.08181905, 46.23701666), (6.08172922, 46.2372217), (6.08640046, 46.23971323), (6.088271, 46.240841), (6.081957, 46.23666), (6.081802, 46.23716), (6.08192, 46.236713), (6.086952, 46.240166), (6.081988, 46.236954), (6.0829248, 46.2362148)]" }, "geometry": { "type": "Polygon", "coordinates": [ [ [ 6.083835909085449, 46.235010633993831 ], [ 6.080213581436205, 46.238062928580277 ], [ 6.080683904716476, 46.242526124673205 ], [ 6.084776336252994, 46.243936957336807 ], [ 6.088398447041427, 46.240884829133364 ], [ 6.08792834314141, 46.236421701876154 ], [ 6.083835909085449, 46.235010633993831 ] ] ] } },
{ "type": "Feature", "properties": { "id": "887a8dca53fffff", "center": "(46.22047255617511, 6.141445751568408)", "polygon": "[(6.1378248796209744, 46.22352432363896), (6.141914384205728, 46.22493544121112), (6.145535117229238, 46.22188375445904), (6.145066562572375, 46.217420784000325), (6.1409770559498345, 46.21600943137511), (6.137356106009196, 46.219061284254494)]", "points": "[(6.13914055, 46.22230127), (6.13894292, 46.22236342), (6.13902377, 46.22216453), (6.13908665, 46.22214589), (6.13920343, 46.22200294), (6.13907767, 46.22176676), (6.13971547, 46.2226866), (6.1401826, 46.22278604), (6.13782003, 46.22173569), (6.13818834, 46.22266796), (6.14123363, 46.22109552), (6.1416738, 46.22091528), (6.14144024, 46.22100229), (6.14126956, 46.21669496), (6.14133244, 46.21680062), (6.14119769, 46.21666388), (6.14025446, 46.22077854), (6.1401287, 46.22051129), (6.14089227, 46.21979031), (6.14085633, 46.21947332), (6.13805359, 46.2191439), (6.13782901, 46.2189015), (6.13828715, 46.21936766), (6.138439, 46.222366), (6.139312, 46.22163), (6.139321, 46.221909), (6.139195, 46.221973), (6.138971, 46.222324), (6.139395, 46.221874), (6.139436, 46.222786), (6.144536, 46.222511), (6.139, 46.222172), (6.139078, 46.222229), (6.138171, 46.222729), (6.139174, 46.221989), (6.138894, 46.222309), (6.138267, 46.222523), (6.14161, 46.220943), (6.14118, 46.21666), (6.139066, 46.222157), (6.14055, 46.220779), (6.140117, 46.221046), (6.1430261, 46.2208506), (6.1392161, 46.2225658), (6.140563, 46.220866), (6.1409772, 46.2200435), (6.141676, 46.2176169), (6.138517, 46.2205153), (6.14099, 46.2190458)]" }, "geometry": { "type": "Polygon", "coordinates": [ [ [ 6.140977055949834, 46.216009431375113 ], [ 6.137356106009196, 46.219061284254494 ], [ 6.137824879620974, 46.223524323638962 ], [ 6.141914384205728, 46.224935441211123 ], [ 6.145535117229238, 46.221883754459043 ], [ 6.145066562572375, 46.217420784000325 ], [ 6.140977055949834, 46.216009431375113 ] ] ] } },
{ "type": "Feature", "properties": { "id": "887a8dc121fffff", "center": "(46.20708246262266, 6.140039475770065)", "polygon": "[(6.136418369888147, 46.21013448623624), (6.140508297350288, 46.21154606684601), (6.14412926427007, 46.20849412392262), (6.1436605206251835, 46.20403043437336), (6.139570591209427, 46.2026186187399), (6.1359494073794405, 46.20567072767218)]", "points": "[(6.14243737, 46.20973289), (6.14232957, 46.20965207), (6.14230262, 46.20939719), (6.14223974, 46.2093599), (6.1414582, 46.20991938), (6.14184448, 46.20957747), (6.14153905, 46.21051616), (6.14020955, 46.20888743), (6.13979632, 46.2089123), (6.14304822, 46.20472836), (6.14346145, 46.20487135), (6.14345246, 46.20452941), (6.14297636, 46.20506408), (6.14206008, 46.2042372), (6.14355128, 46.20815387), (6.14363213, 46.20815387), (6.14219482, 46.20744516), (6.14192533, 46.20725244), (6.1423655, 46.20760058), (6.14200618, 46.20725244), (6.14229364, 46.20761301), (6.14144922, 46.20753841), (6.14153007, 46.20761301), (6.13953581, 46.20686699), (6.13958971, 46.20725244), (6.13904174, 46.20680483), (6.13998497, 46.20650642), (6.13949089, 46.20717162), (6.13830512, 46.20980749), (6.1385297, 46.20966451), (6.13784698, 46.21003128), (6.13652645, 46.2060215), (6.13652645, 46.20612097), (6.13639171, 46.20597176), (6.13988615, 46.20369009), (6.13985022, 46.20364035), (6.13994903, 46.20397608), (6.14105396, 46.20359683), (6.14022751, 46.20410664), (6.14033531, 46.20417503), (6.14028141, 46.20416882), (6.143211, 46.204281), (6.142212, 46.207619), (6.142012, 46.207325), (6.141869, 46.207291), (6.14362, 46.208324), (6.142349, 46.209454), (6.14282, 46.208729), (6.141668, 46.20977), (6.141884, 46.207882), (6.138489, 46.20752), (6.139576, 46.207275), (6.138728, 46.20919), (6.141748, 46.205776), (6.142307, 46.209328), (6.142284, 46.209332), (6.142342, 46.20929), (6.138674, 46.203377), (6.142945, 46.20702), (6.142167, 46.205688), (6.141803, 46.205723), (6.140944, 46.203709), (6.140181, 46.204193), (6.142027, 46.208305), (6.142287, 46.207447), (6.141909, 46.207294), (6.142186, 46.207607), (6.143484, 46.20821), (6.140244, 46.208656), (6.142338, 46.2094), (6.141825, 46.209179), (6.141788, 46.209656), (6.140707, 46.209824), (6.142298, 46.209263), (6.14155, 46.209717), (6.141834, 46.207924), (6.138235, 46.209175), (6.141773, 46.205795), (6.142507, 46.209335), (6.140173, 46.208889), (6.143483, 46.204826), (6.143449, 46.204601), (6.143086, 46.204651), (6.14305, 46.205036), (6.142323, 46.209248), (6.141572, 46.209705), (6.142456, 46.209759), (6.140374, 46.209171), (6.140229, 46.209267), (6.143477, 46.204845), (6.138211, 46.207745), (6.139525, 46.20723), (6.136519, 46.206154), (6.139831, 46.203667), (6.140182, 46.20414), (6.141438, 46.203651), (6.14026, 46.204212), (6.141012, 46.203583), (6.139727, 46.203526), (6.1425051, 46.2093526), (6.1406665, 46.2099986), (6.1427931, 46.2057147), (6.139265, 46.2041899), (6.1424073, 46.2085539), (6.1412041, 46.2087165), (6.1428894, 46.2069752), (6.1404056, 46.209146), (6.1368786, 46.2080365), (6.1374097, 46.2102756), (6.1409182, 46.2111408), (6.1412344, 46.2072477), (6.1409662, 46.2076433), (6.1396961, 46.2060901), (6.138704, 46.2084192), (6.1393971, 46.2082382), (6.1401026, 46.2068494), (6.1380201, 46.2064096), (6.141601, 46.2054865), (6.1396381, 46.2105352), (6.1392143, 46.2106327), (6.1391218, 46.2108941), (6.1411253, 46.2061256)]" }, "geometry": { "type": "Polygon", "coordinates": [ [ [ 6.139570591209427, 46.202618618739898 ], [ 6.135949407379441, 46.205670727672178 ], [ 6.136418369888147, 46.210134486236242 ], [ 6.140508297350288, 46.211546066846012 ], [ 6.14412926427007, 46.20849412392262 ], [ 6.143660520625184, 46.204030434373358 ], [ 6.139570591209427, 46.202618618739898 ] ] ] } },
{ "type": "Feature", "properties": { "id": "887a8dca8bfffff", "center": "(46.17961404357109, 6.172626675502944)", "polygon": "[(6.169006120961662, 46.18266610828281), (6.173094796665732, 46.18407841482462), (6.176715211970283, 46.181026430733134), (6.1762471684926386, 46.17656197437947), (6.172158491224215, 46.17514943294891), (6.168537858985037, 46.17820158275355)]", "points": "[(6.169409, 46.179264)]" }, "geometry": { "type": "Polygon", "coordinates": [ [ [ 6.172158491224215, 46.175149432948913 ], [ 6.168537858985037, 46.178201582753552 ], [ 6.169006120961662, 46.18266610828281 ], [ 6.173094796665732, 46.184078414824619 ], [ 6.176715211970283, 46.181026430733134 ], [ 6.176247168492639, 46.176561974379467 ], [ 6.172158491224215, 46.175149432948913 ] ] ] } },
{ "type": "Feature", "properties": { "id": "887a8dc819fffff", "center": "(46.20735093630369, 6.20310871081095)", "polygon": "[(6.199489441884385, 46.21040209578846), (6.203575593310581, 46.21181326985862), (6.207194722927413, 46.208762191019055), (6.2067279180839945, 46.20429977218432), (6.202641765087443, 46.20288836322215), (6.199022418491922, 46.20593960797953)]", "points": "[(6.20009124, 46.20536871), (6.20107939, 46.20688565), (6.20106142, 46.20686699), (6.20138482, 46.20679239), (6.2038462, 46.20352844), (6.2038462, 46.20390769), (6.20410671, 46.20397608), (6.20396298, 46.20359683), (6.20321738, 46.20347249), (6.20267839, 46.20323623), (6.20159143, 46.20918583), (6.20137583, 46.20896203), (6.20169024, 46.20920448), (6.205667, 46.205414), (6.206048, 46.206314), (6.206395, 46.205322), (6.200709, 46.207493), (6.199355, 46.206749), (6.205209, 46.205124), (6.200438, 46.20647), (6.206588, 46.205368), (6.201216, 46.206841), (6.200774, 46.207455), (6.20102, 46.20688), (6.2066868, 46.2056045), (6.2044785, 46.2038349), (6.2054726, 46.2043635), (6.2064084, 46.2069839)]" }, "geometry": { "type": "Polygon", "coordinates": [ [ [ 6.202641765087443, 46.202888363222151 ], [ 6.199022418491922, 46.205939607979531 ], [ 6.199489441884385, 46.21040209578846 ], [ 6.203575593310581, 46.211813269858617 ], [ 6.207194722927413, 46.208762191019055 ], [ 6.206727918083994, 46.204299772184321 ], [ 6.202641765087443, 46.202888363222151 ] ] ] } },
{ "type": "Feature", "properties": { "id": "887a8dc169fffff", "center": "(46.21951979749765, 6.113751531865063)", "polygon": "[(6.110129844159193, 46.222571959132814), (6.114221025520412, 46.223983283473444), (6.11784257445267, 46.220931202568416), (6.117373158897023, 46.21646763115574), (6.113281975335192, 46.215056071706236), (6.109660209516898, 46.21810831877108)]", "points": "[(6.11713183, 46.21681927), (6.11396077, 46.2234324), (6.11381704, 46.2235567), (6.1141045, 46.2232646), (6.11048429, 46.21847884), (6.11019683, 46.21856586), (6.11105921, 46.2182613), (6.11167905, 46.22164868), (6.11211923, 46.22125712), (6.11121193, 46.221947), (6.11420332, 46.21972815), (6.114374, 46.21944224), (6.11427518, 46.21982138), (6.11458959, 46.22056722), (6.110207, 46.218636), (6.11681, 46.217091), (6.113365, 46.220608), (6.110221, 46.218582), (6.110147, 46.218418), (6.117036, 46.216576), (6.111241, 46.221951), (6.112113, 46.221317), (6.116741, 46.217133), (6.114082, 46.219734), (6.114792, 46.21899), (6.1140876, 46.2203536)]" }, "geometry": { "type": "Polygon", "coordinates": [ [ [ 6.113281975335192, 46.215056071706236 ], [ 6.109660209516898, 46.21810831877108 ], [ 6.110129844159193, 46.222571959132814 ], [ 6.114221025520412, 46.223983283473444 ], [ 6.11784257445267, 46.220931202568416 ], [ 6.117373158897023, 46.216467631155737 ], [ 6.113281975335192, 46.215056071706236 ] ] ] } },
{ "type": "Feature", "properties": { "id": "887a8dc111fffff", "center": "(46.17605760178708, 6.124951643249971)", "polygon": "[(6.121329652896669, 46.17911037877218), (6.125421265209376, 46.18052310643186), (6.129043116577583, 46.177470410095296), (6.128573572501375, 46.17300482034016), (6.124481958358097, 46.17159185770041), (6.120859890108862, 46.17464471978862)]", "points": "[(6.12210849, 46.17693092), (6.12216239, 46.17697446), (6.12207256, 46.17696202), (6.12198273, 46.17705533), (6.12204561, 46.17652661), (6.12111136, 46.17604764), (6.12147069, 46.17588591), (6.12152459, 46.17913284), (6.12320444, 46.17295605), (6.12318647, 46.17298715), (6.12353681, 46.17281919), (6.12332122, 46.17297471), (6.1234919, 46.1732733), (6.128677, 46.176044), (6.128586, 46.177166), (6.122642, 46.175022), (6.127683, 46.173271), (6.121979, 46.177261), (6.122015, 46.177383), (6.12209, 46.176949), (6.121158, 46.17585), (6.122087, 46.177074), (6.121048, 46.176121), (6.122438, 46.176147), (6.123066, 46.172974), (6.123271, 46.173901), (6.124994, 46.171921), (6.121203, 46.17614), (6.121468, 46.175873), (6.122271, 46.17643), (6.122311, 46.176395), (6.122189, 46.176601), (6.121455, 46.17588), (6.123246, 46.173649), (6.124931, 46.171951), (6.1284354, 46.1741807), (6.123296, 46.1734887), (6.1246389, 46.1748588), (6.1242835, 46.1774544)]" }, "geometry": { "type": "Polygon", "coordinates": [ [ [ 6.124481958358097, 46.171591857700413 ], [ 6.120859890108862, 46.174644719788617 ], [ 6.121329652896669, 46.17911037877218 ], [ 6.125421265209376, 46.180523106431863 ], [ 6.129043116577583, 46.177470410095296 ], [ 6.128573572501375, 46.173004820340161 ], [ 6.124481958358097, 46.171591857700413 ] ] ] } },
{ "type": "Feature", "properties": { "id": "887a8dc1e7fffff", "center": "(46.1636199994601, 6.151241953285522)", "polygon": "[(6.147620547318765, 46.16667263736237), (6.151710904569562, 46.168085620814075), (6.1553321713628995, 46.16503306352031), (6.154863297797529, 46.16056735716707), (6.15077293896285, 46.15915413882074), (6.147151455264689, 46.16220686171502)]", "points": "[(6.1491388, 46.16358689), (6.14916575, 46.16350601), (6.14886032, 46.1637611), (6.1483932, 46.16172656), (6.14837523, 46.16167056), (6.14840218, 46.16180122), (6.148476, 46.161457), (6.148471, 46.161636), (6.152232, 46.162502), (6.152073, 46.16246), (6.149388, 46.163391)]" }, "geometry": { "type": "Polygon", "coordinates": [ [ [ 6.15077293896285, 46.159154138820739 ], [ 6.147151455264689, 46.162206861715021 ], [ 6.147620547318765, 46.166672637362367 ], [ 6.151710904569562, 46.168085620814075 ], [ 6.155332171362899, 46.165033063520312 ], [ 6.154863297797529, 46.160567357167068 ], [ 6.15077293896285, 46.159154138820739 ] ] ] } },
{ "type": "Feature", "properties": { "id": "887a8dd88bfffff", "center": "(46.243706435079254, 6.096582194105361)", "polygon": "[(6.092960360453279, 46.24675840171438), (6.097051953076003, 46.24816901343647), (6.10067364813304, 46.245117127584635), (6.10020396743096, 46.24065446360074), (6.096112372334703, 46.23924361667555), (6.0924904604013195, 46.24229566893019)]", "points": "[(6.09404512, 46.24491958), (6.09424275, 46.24556568), (6.09404512, 46.24495065), (6.096036, 46.241428)]" }, "geometry": { "type": "Polygon", "coordinates": [ [ [ 6.096112372334703, 46.239243616675552 ], [ 6.092490460401319, 46.24229566893019 ], [ 6.092960360453279, 46.246758401714381 ], [ 6.097051953076003, 46.248169013436467 ], [ 6.10067364813304, 46.245117127584635 ], [ 6.10020396743096, 46.240654463600741 ], [ 6.096112372334703, 46.239243616675552 ] ] ] } },
{ "type": "Feature", "properties": { "id": "887a8dcae3fffff", "center": "(46.19888186208561, 6.178586754565673)", "polygon": "[(6.174966650152374, 46.201933505453404), (6.179054482384509, 46.20334512123354), (6.1826744475943025, 46.20029355851431), (6.182206797508132, 46.19583021412979), (6.178118963614598, 46.194418363426685), (6.174498781455887, 46.19747009202385)]", "points": "[(6.18036424, 46.19883424), (6.1806517, 46.19880937), (6.18008576, 46.19891507), (6.17492045, 46.1995244), (6.174886, 46.199558), (6.180603, 46.198837), (6.180564, 46.198837), (6.174874, 46.199615)]" }, "geometry": { "type": "Polygon", "coordinates": [ [ [ 6.178118963614598, 46.194418363426685 ], [ 6.174498781455887, 46.197470092023849 ], [ 6.174966650152374, 46.201933505453404 ], [ 6.179054482384509, 46.203345121233539 ], [ 6.182674447594303, 46.200293558514311 ], [ 6.182206797508132, 46.195830214129792 ], [ 6.178118963614598, 46.194418363426685 ] ] ] } },
{ "type": "Feature", "properties": { "id": "887a8dca0dfffff", "center": "(46.2456053624879, 6.15196532625132)", "polygon": "[(6.1483451222336285, 46.2486565408957), (6.1524333618689635, 46.250066739473326), (6.156053426990834, 46.247015641812084), (6.155585469403331, 46.24255417922843), (6.151497227620559, 46.24114374555942), (6.147876945560004, 46.244195009558275)]", "points": "[(6.15197748, 46.24587631), (6.15206731, 46.24592601), (6.15162713, 46.24643542), (6.15118696, 46.24559053)]" }, "geometry": { "type": "Polygon", "coordinates": [ [ [ 6.151497227620559, 46.24114374555942 ], [ 6.147876945560004, 46.244195009558275 ], [ 6.148345122233629, 46.248656540895702 ], [ 6.152433361868964, 46.250066739473326 ], [ 6.156053426990834, 46.247015641812084 ], [ 6.155585469403331, 46.242554179228428 ], [ 6.151497227620559, 46.24114374555942 ] ] ] } },
{ "type": "Feature", "properties": { "id": "887a8dc861fffff", "center": "(46.24750331116244, 6.207308377225147)", "polygon": "[(6.203689807996299, 46.25055370174328), (6.207774690701502, 46.25196348741182), (6.211393120735357, 46.2489131775408), (6.2109268850505845, 46.24445291572167), (6.206842000523291, 46.24304289507341), (6.203223353490092, 46.246093371216844)]", "points": "[(6.20679267, 46.24553462), (6.20697234, 46.24552841), (6.20663996, 46.2455222), (6.206937, 46.245544)]" }, "geometry": { "type": "Polygon", "coordinates": [ [ [ 6.206842000523291, 46.243042895073408 ], [ 6.203223353490092, 46.246093371216844 ], [ 6.203689807996299, 46.250553701743279 ], [ 6.207774690701502, 46.251963487411821 ], [ 6.211393120735357, 46.2489131775408 ], [ 6.210926885050585, 46.244452915721673 ], [ 6.206842000523291, 46.243042895073408 ] ] ] } },
{ "type": "Feature", "properties": { "id": "887a8dc005fffff", "center": "(46.16169905553966, 6.095832825801802)", "polygon": "[(6.092209785067829, 46.16475248213216), (6.096303496328321, 46.16616588007576), (6.099926398189536, 46.16311253412835), (6.09945580562027, 46.15864562456503), (6.095362092451123, 46.157231991615305), (6.091738973747169, 46.16028550322778)]", "points": "[(6.09594057, 46.15763858), (6.0977372, 46.15826082)]" }, "geometry": { "type": "Polygon", "coordinates": [ [ [ 6.095362092451123, 46.157231991615305 ], [ 6.091738973747169, 46.160285503227783 ], [ 6.092209785067829, 46.164752482132158 ], [ 6.096303496328321, 46.166165880075759 ], [ 6.099926398189536, 46.163112534128352 ], [ 6.09945580562027, 46.158645624565033 ], [ 6.095362092451123, 46.157231991615305 ] ] ] } },
{ "type": "Feature", "properties": { "id": "887a8dca55fffff", "center": "(46.23386049185194, 6.142851460535577)", "polygon": "[(6.139230822657971, 46.236912002875776), (6.143319904227549, 46.238322657387144), (6.146940403219456, 46.235271227096675), (6.146472037553043, 46.23080897604204), (6.142382953861539, 46.22939808644834), (6.138762237945625, 46.23244968298442)]", "points": "[(6.13956276, 46.23456851), (6.13941903, 46.23374829), (6.13947293, 46.23471143), (6.14119769, 46.23733354), (6.14132346, 46.2374516), (6.14102701, 46.23720306), (6.138883, 46.232529), (6.139338, 46.235645), (6.139116, 46.232643), (6.14104, 46.237225), (6.1414312, 46.2375232)]" }, "geometry": { "type": "Polygon", "coordinates": [ [ [ 6.142382953861539, 46.229398086448342 ], [ 6.138762237945625, 46.232449682984416 ], [ 6.139230822657971, 46.236912002875776 ], [ 6.143319904227549, 46.238322657387144 ], [ 6.146940403219456, 46.235271227096675 ], [ 6.146472037553043, 46.230808976042042 ], [ 6.142382953861539, 46.229398086448342 ] ] ] } },
{ "type": "Feature", "properties": { "id": "887a8dc123fffff", "center": "(46.199566505197005, 6.143191713984843)", "polygon": "[(6.139570591209427, 46.2026186187399), (6.1436605206251835, 46.20403043437336), (6.147281504395178, 46.20097840150568), (6.146812775647331, 46.196514387060795), (6.1427228443493345, 46.19510233642845), (6.139101643668689, 46.19815453523265)]", "points": "[(6.14251822, 46.20332949), (6.14373992, 46.20392635), (6.14281466, 46.19803836), (6.14194329, 46.19828085), (6.14204211, 46.19864149), (6.14285958, 46.19808188), (6.14296737, 46.19764663), (6.14304822, 46.1980881), (6.14356026, 46.19768394), (6.14306619, 46.1980881), (6.14302127, 46.19718651), (6.14294042, 46.20238446), (6.14032633, 46.20108502), (6.1406048, 46.20080523), (6.14083837, 46.20035135), (6.139967, 46.20075549), (6.139967, 46.20129641), (6.13948191, 46.20145185), (6.14656063, 46.20105393), (6.14619233, 46.19672016), (6.14615639, 46.19669529), (6.1441801, 46.20119693), (6.14385671, 46.20099176), (6.14329975, 46.2006871), (6.14464722, 46.20096689), (6.14424298, 46.20126533), (6.14399145, 46.20152646), (6.14712657, 46.19988503), (6.14688403, 46.19989746), (6.1466864, 46.20009021), (6.14185346, 46.20217307), (6.14181753, 46.20207359), (6.14187143, 46.20234716), (6.14166482, 46.20188085), (6.14662352, 46.20109124), (6.143731, 46.20396), (6.145571, 46.197765), (6.142754, 46.198437), (6.143059, 46.198524), (6.143676, 46.198368), (6.142996, 46.199913), (6.146846, 46.196896), (6.142733, 46.202274), (6.141396, 46.200207), (6.14124, 46.201614), (6.139186, 46.198627), (6.146719, 46.200092), (6.142965, 46.197704), (6.143872, 46.198837), (6.143776, 46.198475), (6.142229, 46.198738), (6.144065, 46.201393), (6.144033, 46.201412), (6.143541, 46.201492), (6.141693, 46.202175), (6.142825, 46.202328), (6.142744, 46.202877), (6.142493, 46.200184), (6.142854, 46.202396), (6.142707, 46.202934), (6.144725, 46.198269), (6.145861, 46.197586), (6.146706, 46.200077), (6.142787, 46.198124), (6.142088, 46.197586), (6.1436, 46.201), (6.144029, 46.201504), (6.143519, 46.202244), (6.143638, 46.201061), (6.143353, 46.200901), (6.1433116, 46.2038067), (6.1432303, 46.1965365), (6.1398463, 46.2011859), (6.141155, 46.1995996), (6.1431529, 46.1972413), (6.1452873, 46.1969609), (6.1429661, 46.1996601), (6.1414002, 46.2028401), (6.1438301, 46.2017625), (6.1441602, 46.1987529), (6.1466746, 46.1965564), (6.1442388, 46.1966174), (6.1429667, 46.200731), (6.1396609, 46.2007559), (6.143123, 46.2018665), (6.1416152, 46.2025527), (6.1424538, 46.201362), (6.1417383, 46.201206), (6.141049, 46.2006217), (6.1414694, 46.2002036), (6.1462508, 46.1974452)]" }, "geometry": { "type": "Polygon", "coordinates": [ [ [ 6.142722844349334, 46.195102336428448 ], [ 6.139101643668689, 46.198154535232653 ], [ 6.139570591209427, 46.202618618739898 ], [ 6.143660520625184, 46.204030434373358 ], [ 6.147281504395178, 46.200978401505679 ], [ 6.146812775647331, 46.196514387060795 ], [ 6.142722844349334, 46.195102336428448 ] ] ] } },
{ "type": "Feature", "properties": { "id": "887a8dca43fffff", "center": "(46.241374082866486, 6.139699344403278)", "polygon": "[(6.1360787238049515, 46.24442550351739), (6.1401678031813, 46.24583592292179), (6.143788284937214, 46.24278458301915), (6.143319904227549, 46.238322657387144), (6.139230822657971, 46.236912002875776), (6.135610123978549, 46.239963509096214)]", "points": "[(6.14064074, 46.24307443), (6.14063175, 46.24309928), (6.14164685, 46.24262089), (6.14101803, 46.24368949), (6.13981429, 46.24348447), (6.13792782, 46.24457168), (6.13789189, 46.24467108), (6.13799071, 46.24440394), (6.14365009, 46.24184429), (6.14365009, 46.24194369), (6.14365009, 46.24173246), (6.13752, 46.244118), (6.138436, 46.244091), (6.140186, 46.243305), (6.140428, 46.24329), (6.137963, 46.244465), (6.143599, 46.241936), (6.143629, 46.241783), (6.136028, 46.243591), (6.140197, 46.2431108)]" }, "geometry": { "type": "Polygon", "coordinates": [ [ [ 6.139230822657971, 46.236912002875776 ], [ 6.135610123978549, 46.239963509096214 ], [ 6.136078723804951, 46.244425503517391 ], [ 6.1401678031813, 46.245835922921792 ], [ 6.143788284937214, 46.242784583019152 ], [ 6.143319904227549, 46.238322657387144 ], [ 6.139230822657971, 46.236912002875776 ] ] ] } },
{ "type": "Feature", "properties": { "id": "887a8dc04dfffff", "center": "(46.17413977259835, 6.069527642543722)", "polygon": "[(6.065904020723449, 46.17719333839), (6.06999898498631, 46.17860648043501), (6.073622468122921, 46.17555299532852), (6.073151203802029, 46.171086202353486), (6.069056237383245, 46.16967282521682), (6.065432537428548, 46.17272647613961)]", "points": "[(6.07057214, 46.17439301), (6.07021282, 46.17435568), (6.07083266, 46.17442411), (6.07335692, 46.17538828), (6.07323116, 46.17537584), (6.07343777, 46.17544427), (6.07184, 46.17638), (6.06949, 46.17556), (6.073225, 46.175404), (6.0726936, 46.1748168), (6.0718598, 46.1731977), (6.0728132, 46.1741897)]" }, "geometry": { "type": "Polygon", "coordinates": [ [ [ 6.069056237383245, 46.169672825216821 ], [ 6.065432537428548, 46.172726476139609 ], [ 6.065904020723449, 46.177193338389998 ], [ 6.06999898498631, 46.178606480435008 ], [ 6.073622468122921, 46.175552995328523 ], [ 6.073151203802029, 46.171086202353486 ], [ 6.069056237383245, 46.169672825216821 ] ] ] } },
{ "type": "Feature", "properties": { "id": "887a8dca9dfffff", "center": "(46.17209727868947, 6.175779061883972)", "polygon": "[(6.172158491224215, 46.17514943294891), (6.1762471684926386, 46.17656197437947), (6.179867599872457, 46.17350990072524), (6.179399570906059, 46.169045119992525), (6.175310892144552, 46.16763234369813), (6.171690243829782, 46.17068458299306)]", "points": "[(6.17267466, 46.17220956), (6.17289924, 46.17206026), (6.17245008, 46.17237752), (6.17794777, 46.16923595), (6.1775615, 46.16931682), (6.17788489, 46.16929816), (6.172674, 46.172157), (6.172841, 46.172123)]" }, "geometry": { "type": "Polygon", "coordinates": [ [ [ 6.175310892144552, 46.167632343698131 ], [ 6.171690243829782, 46.170684582993061 ], [ 6.172158491224215, 46.175149432948913 ], [ 6.176247168492639, 46.176561974379467 ], [ 6.179867599872457, 46.173509900725243 ], [ 6.179399570906059, 46.169045119992525 ], [ 6.175310892144552, 46.167632343698131 ] ] ] } },
{ "type": "Feature", "properties": { "id": "887a8dc81bfffff", "center": "(46.199837113855224, 6.206261050001637)", "polygon": "[(6.202641765087443, 46.20288836322215), (6.2067279180839945, 46.20429977218432), (6.2103470636453135, 46.20124860344764), (6.209880273176291, 46.19678585989606), (6.205794118680525, 46.19537421606669), (6.20217475614024, 46.19842555064889)]", "points": "[(6.20434926, 46.20319271), (6.20579554, 46.19604861), (6.20562486, 46.19622272), (6.20649623, 46.19714298), (6.20631657, 46.19723003), (6.20573266, 46.19600508), (6.209116, 46.201859), (6.206241, 46.197239), (6.205057, 46.196308), (6.20616, 46.203476), (6.206316, 46.196182), (6.2056, 46.195786), (6.205759, 46.195644)]" }, "geometry": { "type": "Polygon", "coordinates": [ [ [ 6.205794118680525, 46.195374216066689 ], [ 6.20217475614024, 46.198425550648892 ], [ 6.202641765087443, 46.202888363222151 ], [ 6.206727918083994, 46.204299772184321 ], [ 6.210347063645314, 46.201248603447638 ], [ 6.209880273176291, 46.19678585989606 ], [ 6.205794118680525, 46.195374216066689 ] ] ] } },
{ "type": "Feature", "properties": { "id": "887a8dc16bfffff", "center": "(46.21200381995975, 6.116903680451827)", "polygon": "[(6.113281975335192, 46.215056071706236), (6.117373158897023, 46.21646763115574), (6.120994725196713, 46.21341546012442), (6.120525324808418, 46.20895156354891), (6.116434139117399, 46.207539769015284), (6.112812355931136, 46.210592106134094)]", "points": "[(6.11937761, 46.21315809), (6.11935066, 46.21325755), (6.11937761, 46.2130462), (6.11788641, 46.21005615), (6.11731149, 46.21024886), (6.11871286, 46.20978884), (6.114174, 46.211163), (6.117035, 46.210194), (6.119293, 46.213291), (6.117319, 46.210262), (6.117062, 46.21019), (6.1129031, 46.2113397), (6.116958, 46.2090593), (6.1205304, 46.2100552), (6.1199145, 46.2123745), (6.1156515, 46.2144334), (6.1190798, 46.209663)]" }, "geometry": { "type": "Polygon", "coordinates": [ [ [ 6.116434139117399, 46.207539769015284 ], [ 6.112812355931136, 46.210592106134094 ], [ 6.113281975335192, 46.215056071706236 ], [ 6.117373158897023, 46.216467631155737 ], [ 6.120994725196713, 46.213415460124423 ], [ 6.120525324808418, 46.208951563548908 ], [ 6.116434139117399, 46.207539769015284 ] ] ] } },
{ "type": "Feature", "properties": { "id": "887a8dcae5fffff", "center": "(46.212270920856945, 6.179989748624517)", "polygon": "[(6.176369877537791, 46.21532230834301), (6.180457287045232, 46.21673346126269), (6.184077018966671, 46.213682154446815), (6.183609558323793, 46.20921952870769), (6.179522147070869, 46.20780814083562), (6.1759021981935724, 46.21085961364786)]", "points": "[(6.18377784, 46.21267944), (6.18344546, 46.2120516), (6.18069662, 46.2090988), (6.18063373, 46.20903042), (6.18038221, 46.20890608), (6.183667, 46.211956), (6.180849, 46.215588)]" }, "geometry": { "type": "Polygon", "coordinates": [ [ [ 6.179522147070869, 46.207808140835617 ], [ 6.175902198193572, 46.210859613647862 ], [ 6.176369877537791, 46.215322308343012 ], [ 6.180457287045232, 46.216733461262692 ], [ 6.184077018966671, 46.213682154446815 ], [ 6.183609558323793, 46.209219528707692 ], [ 6.179522147070869, 46.207808140835617 ] ] ] } },
{ "type": "Feature", "properties": { "id": "887a8dc863fffff", "center": "(46.23999241409507, 6.210460586125293)", "polygon": "[(6.206842000523291, 46.24304289507341), (6.2109268850505845, 46.24445291572167), (6.214545331414425, 46.24140251543827), (6.214079110237919, 46.23694192829911), (6.20999422395963, 46.235531672695735), (6.2063755605960935, 46.238582239179465)]", "points": "[(6.20946965, 46.24044016), (6.20973915, 46.24062034), (6.20955949, 46.24047122), (6.20918, 46.240063)]" }, "geometry": { "type": "Polygon", "coordinates": [ [ [ 6.20999422395963, 46.235531672695735 ], [ 6.206375560596094, 46.238582239179465 ], [ 6.206842000523291, 46.243042895073408 ], [ 6.210926885050585, 46.244452915721673 ], [ 6.214545331414425, 46.241402515438267 ], [ 6.214079110237919, 46.23694192829911 ], [ 6.20999422395963, 46.235531672695735 ] ] ] } },
{ "type": "Feature", "properties": { "id": "887a8dc007fffff", "center": "(46.154178475645836, 6.098985150211772)", "polygon": "[(6.095362092451123, 46.157231991615305), (6.09945580562027, 46.15864562456503), (6.103078724464797, 46.15559218922561), (6.102608146970664, 46.15112495533672), (6.098514431964412, 46.14971108740586), (6.094891296276682, 46.15276468833776)]", "points": "[(6.09749465, 46.15765103), (6.09749465, 46.15763858), (6.09676702, 46.15720301), (6.096068, 46.154438), (6.100041, 46.152203), (6.100096, 46.15213)]" }, "geometry": { "type": "Polygon", "coordinates": [ [ [ 6.098514431964412, 46.149711087405862 ], [ 6.094891296276682, 46.152764688337761 ], [ 6.095362092451123, 46.157231991615305 ], [ 6.09945580562027, 46.158645624565033 ], [ 6.103078724464797, 46.155592189225608 ], [ 6.102608146970664, 46.151124955336719 ], [ 6.098514431964412, 46.149711087405862 ] ] ] } },
{ "type": "Feature", "properties": { "id": "887a8dd8d5fffff", "center": "(46.24534771634918, 6.088868488172105)", "polygon": "[(6.085246455705455, 46.24839975891521), (6.089338466533126, 46.249810363488784), (6.092960360453279, 46.24675840171438), (6.0924904604013195, 46.24229566893019), (6.088398447041427, 46.240884829133364), (6.084776336252994, 46.24393695733681)]", "points": "[(6.092361, 46.24374), (6.092346, 46.243839)]" }, "geometry": { "type": "Polygon", "coordinates": [ [ [ 6.088398447041427, 46.240884829133364 ], [ 6.084776336252994, 46.243936957336807 ], [ 6.085246455705455, 46.248399758915212 ], [ 6.089338466533126, 46.249810363488784 ], [ 6.092960360453279, 46.246758401714381 ], [ 6.092490460401319, 46.24229566893019 ], [ 6.088398447041427, 46.240884829133364 ] ] ] } },
{ "type": "Feature", "properties": { "id": "887a8dca57fffff", "center": "(46.22634648515123, 6.1460036088895516)", "polygon": "[(6.142382953861539, 46.22939808644834), (6.146472037553043, 46.23080897604204), (6.150092553652074, 46.22775745546334), (6.149624202971343, 46.22329487911039), (6.145535117229238, 46.22188375445904), (6.141914384205728, 46.22493544121112)]", "points": "[(6.14771048, 46.22389231), (6.14755776, 46.22329567), (6.14855489, 46.22328946), (6.14462926, 46.2234324), (6.14464722, 46.22347591), (6.14438671, 46.22332053), (6.148527, 46.223995), (6.147347, 46.223431), (6.148344, 46.223766), (6.147234, 46.223988), (6.148618, 46.223244), (6.147542, 46.223297), (6.1484331, 46.2236673)]" }, "geometry": { "type": "Polygon", "coordinates": [ [ [ 6.145535117229238, 46.221883754459043 ], [ 6.141914384205728, 46.224935441211123 ], [ 6.142382953861539, 46.229398086448342 ], [ 6.146472037553043, 46.230808976042042 ], [ 6.150092553652074, 46.22775745546334 ], [ 6.149624202971343, 46.223294879110391 ], [ 6.145535117229238, 46.221883754459043 ] ] ] } },
{ "type": "Feature", "properties": { "id": "887a8dc125fffff", "center": "(46.2129575738099, 6.144597944919238)", "polygon": "[(6.1409770559498345, 46.21600943137511), (6.145066562572375, 46.217420784000325), (6.148687312574584, 46.214369007131936), (6.148218772859082, 46.20990571157614), (6.14412926427007, 46.20849412392262), (6.140508297350288, 46.21154606684601)]", "points": "[(6.14283263, 46.21009966), (6.14324585, 46.21046022), (6.14294941, 46.20989452), (6.14363213, 46.21039805), (6.14549164, 46.21315187), (6.14557249, 46.2133943), (6.14530299, 46.21312079), (6.14123363, 46.21293431), (6.14135939, 46.21338808), (6.14111684, 46.21266079), (6.142054, 46.21262), (6.144149, 46.210583), (6.145071, 46.212425), (6.142198, 46.210423), (6.141168, 46.212341), (6.142328, 46.212547), (6.146921, 46.215214), (6.147893, 46.214561), (6.144199, 46.210552), (6.142624, 46.209896), (6.14419, 46.210865), (6.143984, 46.210957), (6.1443209, 46.2089975), (6.1449087, 46.2102549), (6.1457237, 46.209689), (6.1466122, 46.2111603), (6.1458686, 46.2134789), (6.1483013, 46.2135399), (6.1475462, 46.2147665), (6.1447897, 46.2087736), (6.1442478, 46.2113707), (6.1467867, 46.2096233), (6.1466601, 46.2160508), (6.145709, 46.2147902), (6.1472369, 46.2116452), (6.1451953, 46.209787), (6.1470947, 46.210525), (6.1418191, 46.2126713), (6.1483385, 46.2117783), (6.1472328, 46.2100823), (6.1477451, 46.2114083)]" }, "geometry": { "type": "Polygon", "coordinates": [ [ [ 6.14412926427007, 46.20849412392262 ], [ 6.140508297350288, 46.211546066846012 ], [ 6.140977055949834, 46.216009431375113 ], [ 6.145066562572375, 46.217420784000325 ], [ 6.148687312574584, 46.214369007131936 ], [ 6.148218772859082, 46.209905711576141 ], [ 6.14412926427007, 46.20849412392262 ] ] ] } },
{ "type": "Feature", "properties": { "id": "887a8dcad1fffff", "center": "(46.17537644013583, 6.1603593858788805)", "polygon": "[(6.156738413733868, 46.17842874671157), (6.160827929475373, 46.17984127423032), (6.164448762436899, 46.17678904827648), (6.163980296563766, 46.172324129103544), (6.159890779212466, 46.170911366680606), (6.156269729331359, 46.17396375832755)]", "points": "[(6.16215539, 46.17602898), (6.16231708, 46.17629645), (6.1624698, 46.17630267), (6.16294591, 46.17572418), (6.16149063, 46.17620937), (6.16021503, 46.17125155), (6.16011621, 46.17123911), (6.16034977, 46.17127021), (6.15944248, 46.17645196), (6.159694, 46.17636488), (6.15911908, 46.17654527), (6.15857, 46.176567), (6.156674, 46.176743), (6.160131, 46.171261), (6.162289, 46.176304), (6.162279, 46.176331), (6.162851, 46.176785), (6.162562, 46.175838)]" }, "geometry": { "type": "Polygon", "coordinates": [ [ [ 6.159890779212466, 46.170911366680606 ], [ 6.156269729331359, 46.173963758327552 ], [ 6.156738413733868, 46.178428746711567 ], [ 6.160827929475373, 46.17984127423032 ], [ 6.164448762436899, 46.176789048276483 ], [ 6.163980296563766, 46.172324129103544 ], [ 6.159890779212466, 46.170911366680606 ] ] ] } },
{ "type": "Feature", "properties": { "id": "887a8dc81dfffff", "center": "(46.21322437032462, 6.207661464531694)", "polygon": "[(6.2040424125861175, 46.21627536385212), (6.208128142896646, 46.21768631006614), (6.211747055527578, 46.2146353971905), (6.211280454821142, 46.21017337212972), (6.207194722927413, 46.208762191019055), (6.203575593310581, 46.21181326985862)]", "points": "[(6.2070442, 46.21112537), (6.20662199, 46.21099483), (6.20734963, 46.21118132), (6.21119442, 46.21226917), (6.21094289, 46.2121262), (6.21140103, 46.21236863)]" }, "geometry": { "type": "Polygon", "coordinates": [ [ [ 6.207194722927413, 46.208762191019055 ], [ 6.203575593310581, 46.211813269858617 ], [ 6.204042412586118, 46.21627536385212 ], [ 6.208128142896646, 46.217686310066142 ], [ 6.211747055527578, 46.214635397190499 ], [ 6.211280454821142, 46.210173372129717 ], [ 6.207194722927413, 46.208762191019055 ] ] ] } },
{ "type": "Feature", "properties": { "id": "887a8dc16dfffff", "center": "(46.2253945341629, 6.118311927118454)", "polygon": "[(6.1146904563009326, 46.22844652959879), (6.118781216894078, 46.229857625904366), (6.122402548932868, 46.22680571120522), (6.121933337259245, 46.22234253398742), (6.11784257445267, 46.220931202568416), (6.114221025520412, 46.223983283473444)]", "points": "[(6.11714081, 46.22186621), (6.11713183, 46.2218227), (6.119171, 46.22158652), (6.11923388, 46.22150573), (6.11953931, 46.22727934), (6.12177, 46.226635), (6.117799, 46.222229), (6.1174891, 46.2218327)]" }, "geometry": { "type": "Polygon", "coordinates": [ [ [ 6.11784257445267, 46.220931202568416 ], [ 6.114221025520412, 46.223983283473444 ], [ 6.114690456300933, 46.228446529598791 ], [ 6.118781216894078, 46.229857625904366 ], [ 6.122402548932868, 46.226805711205223 ], [ 6.121933337259245, 46.222342533987423 ], [ 6.11784257445267, 46.220931202568416 ] ] ] } },
{ "type": "Feature", "properties": { "id": "887a8dc157fffff", "center": "(46.18521591928771, 6.11408548911791)", "polygon": "[(6.110463315809208, 46.18826868278349), (6.1145553448937, 46.18968116845085), (6.118177379309058, 46.186628485626976), (6.117707601499858, 46.18216315127818), (6.113615570454837, 46.180750430585654), (6.109993319166813, 46.18380327925984)]", "points": "[(6.11309839, 46.18809512), (6.1134667, 46.18817596), (6.11260432, 46.18798939), (6.11229889, 46.1887792), (6.11345772, 46.18856154), (6.11464349, 46.18826925), (6.11641317, 46.18641597), (6.11657487, 46.18621073), (6.11635029, 46.18665851), (6.114892, 46.187965), (6.111469, 46.187641), (6.111778, 46.187801), (6.115147, 46.18885), (6.111713, 46.1878207), (6.1142487, 46.1810886), (6.1166727, 46.1852208), (6.1175585, 46.1857474)]" }, "geometry": { "type": "Polygon", "coordinates": [ [ [ 6.113615570454837, 46.180750430585654 ], [ 6.109993319166813, 46.183803279259841 ], [ 6.110463315809208, 46.188268682783487 ], [ 6.1145553448937, 46.189681168450853 ], [ 6.118177379309058, 46.186628485626976 ], [ 6.117707601499858, 46.182163151278182 ], [ 6.113615570454837, 46.180750430585654 ] ] ] } },
{ "type": "Feature", "properties": { "id": "887a8dcae7fffff", "center": "(46.204756663385226, 6.183142034532926)", "polygon": "[(6.179522147070869, 46.20780814083562), (6.183609558323793, 46.20921952870769), (6.187229306577367, 46.20616813191251), (6.186761860521482, 46.201705181314), (6.1826744475943025, 46.20029355851431), (6.179054482384509, 46.20334512123354)]", "points": "[(6.18047204, 46.20497082), (6.18084933, 46.20592203), (6.18096611, 46.20576038), (6.17938508, 46.20605258), (6.18033729, 46.20499569), (6.18062475, 46.20489622), (6.18671533, 46.20431181), (6.18567328, 46.20480296), (6.18354428, 46.20526302), (6.1833736, 46.20533763), (6.18389462, 46.20513868), (6.180836, 46.205151), (6.18264, 46.20546), (6.180883, 46.205814), (6.180718, 46.205082), (6.1850462, 46.2059284)]" }, "geometry": { "type": "Polygon", "coordinates": [ [ [ 6.182674447594303, 46.200293558514311 ], [ 6.179054482384509, 46.203345121233539 ], [ 6.179522147070869, 46.207808140835617 ], [ 6.183609558323793, 46.209219528707692 ], [ 6.187229306577367, 46.206168131912513 ], [ 6.186761860521482, 46.201705181313997 ], [ 6.182674447594303, 46.200293558514311 ] ] ] } },
{ "type": "Feature", "properties": { "id": "887a8dc303fffff", "center": "(46.20093642522023, 6.0723547564167815)", "polygon": "[(6.0687316037191685, 46.203989479545456), (6.072825722543614, 46.20540169505282), (6.0764487366339255, 46.20234872145615), (6.075977848719091, 46.19788336629105), (6.071883727569671, 46.196470915632865), (6.068260496647329, 46.19952405528336)]", "points": "[(6.07491999, 46.19913891), (6.07493796, 46.19912647)]" }, "geometry": { "type": "Polygon", "coordinates": [ [ [ 6.071883727569671, 46.196470915632865 ], [ 6.068260496647329, 46.199524055283362 ], [ 6.068731603719169, 46.203989479545456 ], [ 6.072825722543614, 46.205401695052821 ], [ 6.076448736633925, 46.202348721456147 ], [ 6.075977848719091, 46.197883366291052 ], [ 6.071883727569671, 46.196470915632865 ] ] ] } },
{ "type": "Feature", "properties": { "id": "887a8dca11fffff", "center": "(46.21719165286672, 6.15686520806306)", "polygon": "[(6.153244736048611, 46.22024326834312), (6.1573334028615925, 46.22165440006879), (6.160953735855469, 46.21860286528754), (6.160485618956349, 46.21414003269849), (6.156396950222578, 46.21272866596002), (6.152776400295966, 46.215780366816205)]", "points": "[(6.15324, 46.219738)]" }, "geometry": { "type": "Polygon", "coordinates": [ [ [ 6.156396950222578, 46.212728665960022 ], [ 6.152776400295966, 46.215780366816205 ], [ 6.153244736048611, 46.220243268343118 ], [ 6.157333402861592, 46.221654400068793 ], [ 6.160953735855469, 46.218602865287536 ], [ 6.160485618956349, 46.214140032698488 ], [ 6.156396950222578, 46.212728665960022 ] ] ] } },
{ "type": "Feature", "properties": { "id": "887a8dc361fffff", "center": "(46.22936562581912, 6.0674633769457715)", "polygon": "[(6.06384049525976, 46.23241824352261), (6.0679341861231615, 46.23382952529109), (6.071556929326903, 46.23077698836772), (6.071086198492187, 46.226313003351585), (6.066992505076266, 46.224901486353346), (6.06336954503484, 46.227954189593795)]", "points": "[(6.071037, 46.228477), (6.0712401, 46.2293607), (6.0709917, 46.2282339)]" }, "geometry": { "type": "Polygon", "coordinates": [ [ [ 6.066992505076266, 46.224901486353346 ], [ 6.06336954503484, 46.227954189593795 ], [ 6.06384049525976, 46.232418243522609 ], [ 6.067934186123161, 46.233829525291092 ], [ 6.071556929326903, 46.230776988367722 ], [ 6.071086198492187, 46.226313003351585 ], [ 6.066992505076266, 46.224901486353346 ] ] ] } },
{ "type": "Feature", "properties": { "id": "887a8dd8d7fffff", "center": "(46.23783269610205, 6.092020497564671)", "polygon": "[(6.088398447041427, 46.240884829133364), (6.0924904604013195, 46.24229566893019), (6.096112372334703, 46.23924361667555), (6.095642487764327, 46.234780558260134), (6.091550471943672, 46.23336948326474), (6.08792834314141, 46.236421701876154)]", "points": "[(6.09002067, 46.2365755), (6.09063153, 46.23695453), (6.09071237, 46.23692967), (6.09293121, 46.23832147), (6.09321867, 46.23811643), (6.09276952, 46.23827176), (6.090253, 46.236717), (6.092641, 46.238178)]" }, "geometry": { "type": "Polygon", "coordinates": [ [ [ 6.091550471943672, 46.233369483264738 ], [ 6.08792834314141, 46.236421701876154 ], [ 6.088398447041427, 46.240884829133364 ], [ 6.092490460401319, 46.24229566893019 ], [ 6.096112372334703, 46.239243616675552 ], [ 6.095642487764327, 46.234780558260134 ], [ 6.091550471943672, 46.233369483264738 ] ] ] } },
{ "type": "Feature", "properties": { "id": "887a8dca59fffff", "center": "(46.22962784436475, 6.13058295312907)", "polygon": "[(6.126961898701264, 46.232679597592046), (6.131051819874434, 46.234090472982274), (6.134672735470011, 46.23103880049004), (6.134203946788413, 46.226576086374614), (6.130114023447549, 46.22516497588648), (6.126492890943221, 46.228216814604494)]", "points": "[(6.13107368, 46.23062887), (6.13069639, 46.23042381), (6.13143301, 46.23080908), (6.13393931, 46.23099551), (6.13386744, 46.23127514), (6.13412795, 46.23079044), (6.12783974, 46.22867759), (6.12755228, 46.22867138), (6.12760618, 46.22880188), (6.12844162, 46.22868381), (6.12682465, 46.23077801), (6.12700431, 46.2307718), (6.129646, 46.229542), (6.129704, 46.229794), (6.129747, 46.229656), (6.130236, 46.230152), (6.129688, 46.229706), (6.127527, 46.228725), (6.129535, 46.230145), (6.133717, 46.231159), (6.130739, 46.230476), (6.133831, 46.2313), (6.132539, 46.231625), (6.133807, 46.231339), (6.134059, 46.231033), (6.126842, 46.230816), (6.132235, 46.231361), (6.1298639, 46.2278866)]" }, "geometry": { "type": "Polygon", "coordinates": [ [ [ 6.130114023447549, 46.225164975886479 ], [ 6.126492890943221, 46.228216814604494 ], [ 6.126961898701264, 46.232679597592046 ], [ 6.131051819874434, 46.234090472982274 ], [ 6.134672735470011, 46.23103880049004 ], [ 6.134203946788413, 46.226576086374614 ], [ 6.130114023447549, 46.225164975886479 ] ] ] } },
{ "type": "Feature", "properties": { "id": "887a8dca89fffff", "center": "(46.1871303944111, 6.169474319837397)", "polygon": "[(6.16585378154358, 46.19018236947527), (6.169942455612011, 46.191594441103476), (6.173562854712325, 46.18854254667454), (6.173094796665732, 46.18407841482462), (6.169006120961662, 46.18266610828281), (6.165385504927068, 46.1857181684973)]", "points": "[(6.17016836, 46.18710629), (6.17027616, 46.18686996), (6.17003361, 46.18736749), (6.16736562, 46.18946949), (6.1673207, 46.18936999), (6.16698832, 46.19021575), (6.1716238, 46.1885408)]" }, "geometry": { "type": "Polygon", "coordinates": [ [ [ 6.169006120961662, 46.18266610828281 ], [ 6.165385504927068, 46.185718168497303 ], [ 6.16585378154358, 46.190182369475266 ], [ 6.169942455612011, 46.191594441103476 ], [ 6.173562854712325, 46.18854254667454 ], [ 6.173094796665732, 46.184078414824619 ], [ 6.169006120961662, 46.18266610828281 ] ] ] } },
{ "type": "Feature", "properties": { "id": "887a8dc127fffff", "center": "(46.20544217635576, 6.147750170132522)", "polygon": "[(6.14412926427007, 46.20849412392262), (6.148218772859082, 46.20990571157614), (6.151839539711057, 46.206853844691146), (6.151371014879306, 46.20239022416275), (6.147281504395178, 46.20097840150568), (6.1436605206251835, 46.20403043437336)]", "points": "[(6.14383874, 46.20391391), (6.14464722, 46.20365901), (6.14718946, 46.2090242), (6.14715352, 46.20903663), (6.14781828, 46.20146429), (6.15094441, 46.20337301), (6.14718047, 46.20311189), (6.14850998, 46.20398852), (6.1483932, 46.20409421), (6.14740505, 46.20301863), (6.14692894, 46.20320515), (6.14699183, 46.20734569), (6.14735115, 46.20703485), (6.14665047, 46.20760679), (6.144948, 46.207363), (6.149011, 46.208015), (6.150882, 46.204964), (6.150186, 46.20467), (6.146775, 46.209145), (6.146923, 46.209049), (6.146542, 46.207912), (6.150015, 46.204784), (6.151448, 46.203381), (6.148441, 46.203964), (6.148322, 46.20414), (6.149116, 46.208286), (6.147541, 46.208805), (6.150798, 46.203453), (6.14702, 46.209), (6.143751, 46.204456), (6.144637, 46.203716), (6.143879, 46.203976), (6.149666, 46.202534), (6.149612, 46.202541), (6.148756, 46.208107), (6.149528, 46.2041793), (6.147013, 46.2046831), (6.1460944, 46.2041587), (6.1447417, 46.2064075), (6.1488421, 46.2080078), (6.1514251, 46.2031806), (6.1473036, 46.2069193), (6.1481548, 46.2040222), (6.1473478, 46.2023685), (6.1488988, 46.2032448), (6.1464734, 46.2067751), (6.1465002, 46.2077679), (6.1441195, 46.2068767), (6.1463984, 46.2084035), (6.14606, 46.208767), (6.1448973, 46.2072301)]" }, "geometry": { "type": "Polygon", "coordinates": [ [ [ 6.147281504395178, 46.200978401505679 ], [ 6.143660520625184, 46.204030434373358 ], [ 6.14412926427007, 46.20849412392262 ], [ 6.148218772859082, 46.209905711576141 ], [ 6.151839539711057, 46.206853844691146 ], [ 6.151371014879306, 46.202390224162748 ], [ 6.147281504395178, 46.200978401505679 ] ] ] } },
{ "type": "Feature", "properties": { "id": "887a8dc1e5fffff", "center": "(46.17113817369195, 6.148089576349321)", "polygon": "[(6.144468186760477, 46.174190722136636), (6.148558542356021, 46.17560347066877), (6.1521797928146915, 46.17255100284761), (6.151710904569562, 46.168085620814075), (6.147620547318765, 46.16667263736237), (6.14399907995563, 46.16972527085653)]", "points": "[(6.146329, 46.173351), (6.146205, 46.173126)]" }, "geometry": { "type": "Polygon", "coordinates": [ [ [ 6.147620547318765, 46.166672637362367 ], [ 6.14399907995563, 46.169725270856532 ], [ 6.144468186760477, 46.174190722136636 ], [ 6.148558542356021, 46.175603470668769 ], [ 6.152179792814692, 46.172551002847612 ], [ 6.151710904569562, 46.168085620814075 ], [ 6.147620547318765, 46.166672637362367 ] ] ] } },
{ "type": "Feature", "properties": { "id": "887a8dcaa1fffff", "center": "(46.19560220337822, 6.194001327845053)", "polygon": "[(6.190381624978264, 46.198653694639226), (6.194468618514363, 46.200065324453654), (6.1980881820813, 46.19701391382456), (6.197620969063568, 46.192550707548264), (6.1935339739827855, 46.191138842851146), (6.189914193451694, 46.1941904193058)]", "points": "[(6.19418931, 46.19693157), (6.19415338, 46.19695644), (6.19437796, 46.19707458), (6.19436897, 46.19671394), (6.19532119, 46.19733574), (6.19426118, 46.19697509), (6.19630035, 46.19400904), (6.19655188, 46.19393442), (6.19594103, 46.19410854), (6.1946205, 46.19413341), (6.19418931, 46.1940277), (6.19273404, 46.19540814), (6.19198844, 46.19565687), (6.19250946, 46.1953584), (6.19294065, 46.19557603), (6.1931293, 46.19558225), (6.19328201, 46.1957688), (6.19200641, 46.19548898), (6.19239268, 46.19231142), (6.191635, 46.195724), (6.195117, 46.19664), (6.194133, 46.196976), (6.196099, 46.197361), (6.195321, 46.196003), (6.193227, 46.195793), (6.192064, 46.195675), (6.194176, 46.197033), (6.19427, 46.196999), (6.194792, 46.197613), (6.194586, 46.194157), (6.193798, 46.193493), (6.195622, 46.197357), (6.193406, 46.196133), (6.195592, 46.196053), (6.195183, 46.195797), (6.194791, 46.197643), (6.1951589, 46.1968767), (6.1957278, 46.1942368)]" }, "geometry": { "type": "Polygon", "coordinates": [ [ [ 6.193533973982785, 46.191138842851146 ], [ 6.189914193451694, 46.194190419305798 ], [ 6.190381624978264, 46.198653694639226 ], [ 6.194468618514363, 46.200065324453654 ], [ 6.1980881820813, 46.197013913824563 ], [ 6.197620969063568, 46.192550707548264 ], [ 6.193533973982785, 46.191138842851146 ] ] ] } },
{ "type": "Feature", "properties": { "id": "887a8dd891fffff", "center": "(46.22867626821379, 6.10288628695929)", "polygon": "[(6.099264417581998, 46.231728415624936), (6.103356015080363, 46.23313949772856), (6.1069777457758825, 46.230087431070835), (6.106508095837816, 46.22562411604396), (6.102416496008795, 46.2242127987866), (6.098794548435768, 46.227265031702636)]", "points": "[(6.10642391, 46.22936738), (6.10632509, 46.22940467), (6.10648679, 46.22928038), (6.10136639, 46.22626014), (6.10124063, 46.22614207), (6.10143826, 46.22635336), (6.10398049, 46.22854709), (6.10395354, 46.22862788), (6.10400744, 46.22849116), (6.103531, 46.228218), (6.106446, 46.225636), (6.101426, 46.226318), (6.103974, 46.228668), (6.106353, 46.229416), (6.106326, 46.2294623), (6.1022876, 46.2281028)]" }, "geometry": { "type": "Polygon", "coordinates": [ [ [ 6.102416496008795, 46.224212798786603 ], [ 6.098794548435768, 46.227265031702636 ], [ 6.099264417581998, 46.231728415624936 ], [ 6.103356015080363, 46.233139497728558 ], [ 6.106977745775882, 46.230087431070835 ], [ 6.106508095837816, 46.22562411604396 ], [ 6.102416496008795, 46.224212798786603 ] ] ] } },
{ "type": "Feature", "properties": { "id": "887a8dcae9fffff", "center": "(46.20803677835579, 6.167726257146385)", "polygon": "[(6.1641059686702295, 46.21108840785575), (6.1681942183300045, 46.21249978164357), (6.171814367694089, 46.209448232815475), (6.171346484326524, 46.204985144215904), (6.167258232875679, 46.203573535460166), (6.163637866570719, 46.20662525026471)]", "points": "[(6.16746443, 46.20937233), (6.16773393, 46.20952153), (6.16720392, 46.2092107), (6.16793156, 46.20964586), (6.169751, 46.204754), (6.17033, 46.204914), (6.167747, 46.209572), (6.1667147, 46.2093747), (6.1688967, 46.2103269), (6.1667536, 46.2040117)]" }, "geometry": { "type": "Polygon", "coordinates": [ [ [ 6.167258232875679, 46.203573535460166 ], [ 6.163637866570719, 46.206625250264707 ], [ 6.16410596867023, 46.211088407855748 ], [ 6.168194218330004, 46.212499781643572 ], [ 6.171814367694089, 46.209448232815475 ], [ 6.171346484326524, 46.204985144215904 ], [ 6.167258232875679, 46.203573535460166 ] ] ] } },
{ "type": "Feature", "properties": { "id": "887a8dca13fffff", "center": "(46.2096769604371, 6.160017439000257)", "polygon": "[(6.156396950222578, 46.21272866596002), (6.160485618956349, 46.21414003269849), (6.1641059686702295, 46.21108840785575), (6.163637866570719, 46.20662525026471), (6.159549195987431, 46.20521364853821), (6.155928629340418, 46.208265439383574)]", "points": "[(6.16189488, 46.20668049), (6.16186793, 46.20663075), (6.1617242, 46.20636964), (6.15909213, 46.20612097), (6.161289, 46.206142), (6.1634415, 46.2080538), (6.1607702, 46.2057451), (6.1622934, 46.2068414), (6.1617932, 46.2065734)]" }, "geometry": { "type": "Polygon", "coordinates": [ [ [ 6.159549195987431, 46.205213648538212 ], [ 6.155928629340418, 46.208265439383574 ], [ 6.156396950222578, 46.212728665960022 ], [ 6.160485618956349, 46.214140032698488 ], [ 6.16410596867023, 46.211088407855748 ], [ 6.163637866570719, 46.206625250264707 ], [ 6.159549195987431, 46.205213648538212 ] ] ] } },
{ "type": "Feature", "properties": { "id": "887a8dc867fffff", "center": "(46.24586286280214, 6.215011489335379)", "polygon": "[(6.211393120735357, 46.2489131775408), (6.215477584000616, 46.250322970356), (6.219095813357558, 46.24727273631884), (6.218629796443391, 46.24281254321308), (6.214545331414425, 46.24140251543827), (6.2109268850505845, 46.24445291572167)]", "points": "[(6.21255986, 46.24684544), (6.21269461, 46.24681438), (6.21241613, 46.24683923), (6.212653, 46.246838)]" }, "geometry": { "type": "Polygon", "coordinates": [ [ [ 6.214545331414425, 46.241402515438267 ], [ 6.210926885050585, 46.244452915721673 ], [ 6.211393120735357, 46.2489131775408 ], [ 6.215477584000616, 46.250322970356002 ], [ 6.219095813357558, 46.247272736318841 ], [ 6.218629796443391, 46.242812543213077 ], [ 6.214545331414425, 46.241402515438267 ] ] ] } },
{ "type": "Feature", "properties": { "id": "887a8dc363fffff", "center": "(46.22184877837392, 6.070615404950347)", "polygon": "[(6.066992505076266, 46.224901486353346), (6.071086198492187, 46.226313003351585), (6.074708959840588, 46.22326037613735), (6.07423824459865, 46.21879606567289), (6.070144548701744, 46.2173843134696), (6.0665215705150235, 46.220437106928614)]", "points": "[(6.06868568, 46.22291656), (6.06860483, 46.22298492), (6.06884738, 46.22280469), (6.06854195, 46.22302843), (6.070155, 46.217709), (6.068291, 46.225124), (6.070273, 46.21764), (6.068818, 46.222801), (6.0688062, 46.2249684), (6.0680359, 46.2233392)]" }, "geometry": { "type": "Polygon", "coordinates": [ [ [ 6.070144548701744, 46.217384313469601 ], [ 6.066521570515023, 46.220437106928614 ], [ 6.066992505076266, 46.224901486353346 ], [ 6.071086198492187, 46.226313003351585 ], [ 6.074708959840588, 46.223260376137347 ], [ 6.07423824459865, 46.21879606567289 ], [ 6.070144548701744, 46.217384313469601 ] ] ] } },
{ "type": "Feature", "properties": { "id": "887a8dca5bfffff", "center": "(46.22211313243072, 6.133735095155662)", "polygon": "[(6.130114023447549, 46.22516497588648), (6.134203946788413, 46.226576086374614), (6.1378248796209744, 46.22352432363896), (6.137356106009196, 46.219061284254494), (6.133266180572015, 46.21764993869318), (6.129645030830188, 46.22070186758233)]", "points": "[(6.1358617, 46.22499856), (6.13768528, 46.22236342), (6.13380456, 46.22437707), (6.13278048, 46.2240539), (6.13349015, 46.22427142), (6.13340032, 46.22481211), (6.13488254, 46.22369343), (6.13473881, 46.21944224), (6.13521491, 46.21992705), (6.13427168, 46.21901959), (6.13040893, 46.22294763), (6.133423, 46.224628), (6.130067, 46.22263), (6.135701, 46.220322), (6.133429, 46.224808), (6.131861, 46.223682), (6.130513, 46.223137), (6.130657, 46.223129), (6.136825, 46.221024), (6.1342364, 46.2191586), (6.1373301, 46.2196215), (6.1352229, 46.2214437), (6.1298382, 46.2218459), (6.1316187, 46.2251458), (6.1313635, 46.2239215), (6.1338875, 46.2255368)]" }, "geometry": { "type": "Polygon", "coordinates": [ [ [ 6.133266180572015, 46.217649938693178 ], [ 6.129645030830188, 46.220701867582328 ], [ 6.130114023447549, 46.225164975886479 ], [ 6.134203946788413, 46.226576086374614 ], [ 6.137824879620974, 46.223524323638962 ], [ 6.137356106009196, 46.219061284254494 ], [ 6.133266180572015, 46.217649938693178 ] ] ] } },
{ "type": "Feature", "properties": { "id": "887a8dc129fffff", "center": "(46.20872283197653, 6.132328162553193)", "polygon": "[(6.128706856789052, 46.21177493163564), (6.132797203037761, 46.21318650519683), (6.136418369888147, 46.21013448623624), (6.1359494073794405, 46.20567072767218), (6.131859059118612, 46.20425891906716), (6.1282376753658685, 46.20731110406282)]", "points": "[(6.13222352, 46.20542467), (6.13199894, 46.20538115), (6.13230437, 46.20532519), (6.13195403, 46.20597176), (6.13190013, 46.2052195), (6.1314869, 46.20874445), (6.13140606, 46.20882527), (6.13161267, 46.2086885), (6.13390337, 46.20717784), (6.13358896, 46.20696646), (6.13418185, 46.20735812), (6.13358896, 46.21179052), (6.13393931, 46.21161025), (6.13326557, 46.21198322), (6.13574492, 46.20849579), (6.13551136, 46.20851444), (6.13599645, 46.20851444), (6.131379, 46.205158), (6.131876, 46.205917), (6.132609, 46.205925), (6.131547, 46.208691), (6.13225, 46.205334), (6.131325, 46.205177), (6.132219, 46.205894), (6.132698, 46.212143), (6.1328757, 46.2061679), (6.1308238, 46.2114115), (6.1298586, 46.2065885), (6.1311852, 46.2073026), (6.1287092, 46.2108492), (6.1360497, 46.2081224), (6.1352973, 46.2102359), (6.1345433, 46.2109921), (6.1337542, 46.2096986), (6.1301854, 46.2059144), (6.1331161, 46.2088562), (6.1351156, 46.2082396), (6.1287034, 46.2099832), (6.1293016, 46.208431), (6.1286469, 46.209132)]" }, "geometry": { "type": "Polygon", "coordinates": [ [ [ 6.131859059118612, 46.204258919067158 ], [ 6.128237675365868, 46.207311104062818 ], [ 6.128706856789052, 46.211774931635638 ], [ 6.132797203037761, 46.21318650519683 ], [ 6.136418369888147, 46.210134486236242 ], [ 6.135949407379441, 46.205670727672178 ], [ 6.131859059118612, 46.204258919067158 ] ] ] } },
{ "type": "Feature", "properties": { "id": "887a8dcaa3fffff", "center": "(46.188087261852615, 6.197153692837812)", "polygon": "[(6.1935339739827855, 46.191138842851146), (6.197620969063568, 46.192550707548264), (6.201240548575572, 46.18949920716667), (6.2007733499585225, 46.18503567632752), (6.196686353404268, 46.183623576772526), (6.193066556927799, 46.18667524290734)]", "points": "[(6.19842038, 46.19025306), (6.19847428, 46.19030903), (6.19837546, 46.19017843), (6.1965429, 46.18650925), (6.19612967, 46.1862978), (6.19691121, 46.18670205), (6.19835749, 46.1880578), (6.19826766, 46.18787745), (6.19806105, 46.18777173), (6.20005531, 46.18915233), (6.20006429, 46.18911502), (6.198447, 46.190208), (6.198431, 46.190308), (6.198248, 46.188076), (6.199743, 46.189266)]" }, "geometry": { "type": "Polygon", "coordinates": [ [ [ 6.196686353404268, 46.183623576772526 ], [ 6.193066556927799, 46.186675242907341 ], [ 6.193533973982785, 46.191138842851146 ], [ 6.197620969063568, 46.192550707548264 ], [ 6.201240548575572, 46.189499207166669 ], [ 6.200773349958522, 46.185035676327523 ], [ 6.196686353404268, 46.183623576772526 ] ] ] } },
{ "type": "Feature", "properties": { "id": "887a8dd893fffff", "center": "(46.221160561136976, 6.106038383055301)", "polygon": "[(6.102416496008795, 46.2242127987866), (6.106508095837816, 46.22562411604396), (6.110129844159193, 46.222571959132814), (6.109660209516898, 46.21810831877108), (6.105568607428664, 46.216696766384686), (6.101946642229212, 46.21974908948185)]", "points": "[(6.10296539, 46.21892636), (6.10302828, 46.21905689), (6.10558847, 46.21971572), (6.10518423, 46.21985868), (6.1058939, 46.21959763), (6.10623526, 46.22005757), (6.10572322, 46.21949818), (6.10787918, 46.22446408), (6.108794, 46.220806), (6.104073, 46.220387), (6.105193, 46.220001), (6.104458, 46.220009), (6.108912, 46.220905), (6.108995, 46.22081), (6.109229, 46.218937), (6.106396, 46.225555), (6.1056026, 46.224837), (6.105968, 46.2198764), (6.1096021, 46.2199486), (6.106477, 46.220671), (6.1035101, 46.2199574)]" }, "geometry": { "type": "Polygon", "coordinates": [ [ [ 6.105568607428664, 46.216696766384686 ], [ 6.101946642229212, 46.219749089481851 ], [ 6.102416496008795, 46.224212798786603 ], [ 6.106508095837816, 46.22562411604396 ], [ 6.110129844159193, 46.222571959132814 ], [ 6.109660209516898, 46.21810831877108 ], [ 6.105568607428664, 46.216696766384686 ] ] ] } },
{ "type": "Feature", "properties": { "id": "887a8dcaebfffff", "center": "(46.200521816040784, 6.170878537856834)", "polygon": "[(6.167258232875679, 46.203573535460166), (6.171346484326524, 46.204985144215904), (6.174966650152374, 46.201933505453404), (6.174498781455887, 46.19747009202385), (6.170410528285238, 46.196058248325), (6.166790145518135, 46.199110052991614)]", "points": "[(6.16991683, 46.20288807), (6.16962937, 46.20278859), (6.17014141, 46.2029005), (6.16768003, 46.20000938), (6.16764409, 46.2000529), (6.16839868, 46.20000938), (6.16743748, 46.1996301), (6.16731172, 46.19947466), (6.17466892, 46.19961145), (6.17439943, 46.19967985), (6.172322, 46.200016), (6.168462, 46.199959), (6.174715, 46.199615), (6.171961, 46.20005), (6.170105, 46.20285), (6.1736274, 46.1998548), (6.17287, 46.2011179)]" }, "geometry": { "type": "Polygon", "coordinates": [ [ [ 6.170410528285238, 46.196058248325002 ], [ 6.166790145518135, 46.199110052991614 ], [ 6.167258232875679, 46.203573535460166 ], [ 6.171346484326524, 46.204985144215904 ], [ 6.174966650152374, 46.201933505453404 ], [ 6.174498781455887, 46.197470092023849 ], [ 6.170410528285238, 46.196058248325002 ] ] ] } },
{ "type": "Feature", "properties": { "id": "887a8dc869fffff", "center": "(46.2491438425081, 6.199604645083912)", "polygon": "[(6.195985875362967, 46.25219430892986), (6.200071177422229, 46.25360408744691), (6.203689807996299, 46.25055370174328), (6.203223353490092, 46.246093371216844), (6.199138049550325, 46.244683357699984), (6.195519201984497, 46.2477339097022)]", "points": "[(6.20229212, 46.25141131), (6.20198669, 46.25107587), (6.20081888, 46.24832395), (6.20098956, 46.24864077), (6.20061227, 46.24796364), (6.19980378, 46.24808168), (6.202163, 46.250854), (6.196063, 46.252216), (6.199823, 46.248135), (6.2008109, 46.2487929)]" }, "geometry": { "type": "Polygon", "coordinates": [ [ [ 6.199138049550325, 46.244683357699984 ], [ 6.195519201984497, 46.247733909702198 ], [ 6.195985875362967, 46.252194308929859 ], [ 6.200071177422229, 46.253604087446909 ], [ 6.203689807996299, 46.250553701743279 ], [ 6.203223353490092, 46.246093371216844 ], [ 6.199138049550325, 46.244683357699984 ] ] ] } },
{ "type": "Feature", "properties": { "id": "887a8dc365fffff", "center": "(46.23524073338749, 6.072027597454105)", "polygon": "[(6.068404932608068, 46.23829318473445), (6.072498202873438, 46.23970423837607), (6.076120729231978, 46.23665186781587), (6.0756502021576155, 46.23218827724368), (6.071556929326903, 46.23077698836772), (6.0679341861231615, 46.23382952529109)]", "points": "[(6.07562068, 46.23440074), (6.07514457, 46.23387257), (6.07537813, 46.23399063), (6.075812, 46.236095), (6.07532, 46.23399), (6.075684, 46.236069), (6.074944, 46.231956)]" }, "geometry": { "type": "Polygon", "coordinates": [ [ [ 6.071556929326903, 46.230776988367722 ], [ 6.067934186123161, 46.233829525291092 ], [ 6.068404932608068, 46.238293184734452 ], [ 6.072498202873438, 46.239704238376071 ], [ 6.076120729231978, 46.236651867815873 ], [ 6.075650202157616, 46.232188277243679 ], [ 6.071556929326903, 46.230776988367722 ] ] ] } },
{ "type": "Feature", "properties": { "id": "887a8dd8dbfffff", "center": "(46.233599492451035, 6.0797431954173184)", "polygon": "[(6.076120729231978, 46.23665186781587), (6.0802135814362055, 46.23806292858028), (6.083835909085449, 46.23501063399383), (6.0833656013710495, 46.23054711229887), (6.079272746660175, 46.2291358163203), (6.0756502021576155, 46.23218827724368)]", "points": "[(6.07995056, 46.23712229), (6.07942953, 46.23694831), (6.08034582, 46.23719685), (6.08095667, 46.2305978), (6.08074107, 46.2309458), (6.08119921, 46.23047973), (6.08328331, 46.235426), (6.08305873, 46.23539493), (6.0777946, 46.2331207), (6.07762392, 46.23326983), (6.07794731, 46.23295913), (6.08168431, 46.23653201), (6.08151363, 46.23633318), (6.0803548, 46.23346246), (6.08048955, 46.23345624), (6.08022005, 46.23346246), (6.07740832, 46.23593551), (6.07724663, 46.23591687), (6.07753409, 46.23594794), (6.077501, 46.235962), (6.077178, 46.235958), (6.077461, 46.236004), (6.078703, 46.229931), (6.078686, 46.229782), (6.076829, 46.233261), (6.077646, 46.233284), (6.080246, 46.233505), (6.077844, 46.233021), (6.081702, 46.236454), (6.083089, 46.235424), (6.077074, 46.233337), (6.0770025, 46.2312715), (6.0813571, 46.2307331), (6.0787755, 46.2298364), (6.0778122, 46.2306145)]" }, "geometry": { "type": "Polygon", "coordinates": [ [ [ 6.079272746660175, 46.229135816320301 ], [ 6.075650202157616, 46.232188277243679 ], [ 6.076120729231978, 46.236651867815873 ], [ 6.080213581436205, 46.238062928580277 ], [ 6.083835909085449, 46.235010633993831 ], [ 6.08336560137105, 46.230547112298872 ], [ 6.079272746660175, 46.229135816320301 ] ] ] } },
{ "type": "Feature", "properties": { "id": "887a8dca5dfffff", "center": "(46.23550127474218, 6.135141461200137)", "polygon": "[(6.131520623683394, 46.238552861704285), (6.135610123978549, 46.239963509096214), (6.139230822657971, 46.236912002875776), (6.138762237945625, 46.23244968298442), (6.134672735470011, 46.23103880049004), (6.131051819874434, 46.234090472982274)]", "points": "[(6.13572695, 46.23715957), (6.13568204, 46.23715957), (6.13326557, 46.23576774), (6.13329252, 46.23578639), (6.13414, 46.233543)]" }, "geometry": { "type": "Polygon", "coordinates": [ [ [ 6.134672735470011, 46.23103880049004 ], [ 6.131051819874434, 46.234090472982274 ], [ 6.131520623683394, 46.238552861704285 ], [ 6.135610123978549, 46.239963509096214 ], [ 6.139230822657971, 46.236912002875776 ], [ 6.138762237945625, 46.232449682984416 ], [ 6.134672735470011, 46.23103880049004 ] ] ] } },
{ "type": "Feature", "properties": { "id": "887a8dc12bfffff", "center": "(46.201206729451336, 6.13548038190567)", "polygon": "[(6.131859059118612, 46.20425891906716), (6.1359494073794405, 46.20567072767218), (6.139570591209427, 46.2026186187399), (6.139101643668689, 46.19815453523265), (6.135011293467132, 46.196742491608596), (6.131389892734311, 46.1997947665036)]", "points": "[(6.13754155, 46.19974824), (6.1376224, 46.19983529), (6.13626594, 46.1978083), (6.13640967, 46.19794509), (6.13603238, 46.19783317), (6.13356201, 46.20301863), (6.13313082, 46.20295646), (6.13391236, 46.20303106), (6.1323403, 46.20395121), (6.13213369, 46.20391391), (6.13251098, 46.20396987), (6.13282539, 46.19981042), (6.13262776, 46.19987881), (6.1334632, 46.19928191), (6.13588865, 46.20133372), (6.13570899, 46.2012902), (6.13598746, 46.20140211), (6.137472, 46.199898), (6.137555, 46.199707), (6.133305, 46.201286), (6.1349, 46.203148), (6.138266, 46.201351), (6.131757, 46.200371), (6.133246, 46.201347), (6.134674, 46.203167), (6.131917, 46.200321), (6.137527, 46.200825), (6.134781, 46.198616), (6.137817, 46.202801), (6.137809, 46.20097), (6.132382, 46.199261), (6.132179, 46.203949), (6.135983, 46.201454), (6.1340625, 46.2030625), (6.1380616, 46.1978853), (6.1318601, 46.2003679), (6.1377357, 46.2031888), (6.1352668, 46.2012334), (6.1371926, 46.198606), (6.1370686, 46.1996679), (6.1372219, 46.2013132), (6.1376221, 46.2008162), (6.1345087, 46.1989667), (6.1334751, 46.198303), (6.139445, 46.2016516), (6.1364113, 46.2034058), (6.1338794, 46.2041192), (6.1380224, 46.2038939), (6.1335254, 46.2011213), (6.1369485, 46.2039152), (6.131682, 46.2012379), (6.1344404, 46.2013743), (6.1385006, 46.2010616), (6.1327143, 46.2014061), (6.1318986, 46.2018892)]" }, "geometry": { "type": "Polygon", "coordinates": [ [ [ 6.135011293467132, 46.196742491608596 ], [ 6.131389892734311, 46.199794766503601 ], [ 6.131859059118612, 46.204258919067158 ], [ 6.135949407379441, 46.205670727672178 ], [ 6.139570591209427, 46.202618618739898 ], [ 6.139101643668689, 46.198154535232653 ], [ 6.135011293467132, 46.196742491608596 ] ] ] } },
{ "type": "Feature", "properties": { "id": "887a8dcaa5fffff", "center": "(46.201476880646624, 6.198555331890833)", "polygon": "[(6.19493584599053, 46.20452820604257), (6.199022418491922, 46.20593960797953), (6.202641765087443, 46.20288836322215), (6.20217475614024, 46.19842555064889), (6.1980881820813, 46.19701391382456), (6.194468618514363, 46.200065324453654)]", "points": "[(6.19559068, 46.2018249), (6.19585119, 46.20206116), (6.19530322, 46.20156998), (6.19559967, 46.20191816), (6.19970497, 46.20493974), (6.19928276, 46.20456049), (6.19705494, 46.19981663), (6.19714477, 46.19982285), (6.19687527, 46.19976067), (6.20014514, 46.20166324), (6.20041464, 46.20178138), (6.19983073, 46.20153268), (6.199044, 46.204288), (6.196867, 46.19978), (6.199057, 46.204346)]" }, "geometry": { "type": "Polygon", "coordinates": [ [ [ 6.1980881820813, 46.197013913824563 ], [ 6.194468618514363, 46.200065324453654 ], [ 6.19493584599053, 46.204528206042568 ], [ 6.199022418491922, 46.205939607979531 ], [ 6.202641765087443, 46.202888363222151 ], [ 6.20217475614024, 46.198425550648892 ], [ 6.1980881820813, 46.197013913824563 ] ] ] } },
{ "type": "Feature", "properties": { "id": "887a8dc823fffff", "center": "(46.22920086622375, 6.229018501089967)", "polygon": "[(6.225400301154412, 46.232251285704955), (6.22948434823351, 46.23366155551639), (6.233102408791658, 46.23061121669858), (6.232636639272995, 46.22615044198632), (6.228552590630705, 46.22473993728463), (6.224934313057532, 46.22779044217827)]", "points": "[(6.226391, 46.227806), (6.225014, 46.227993)]" }, "geometry": { "type": "Polygon", "coordinates": [ [ [ 6.228552590630705, 46.224739937284632 ], [ 6.224934313057532, 46.227790442178268 ], [ 6.225400301154412, 46.232251285704955 ], [ 6.22948434823351, 46.233661555516392 ], [ 6.233102408791658, 46.230611216698577 ], [ 6.232636639272995, 46.22615044198632 ], [ 6.228552590630705, 46.224739937284632 ] ] ] } },
{ "type": "Feature", "properties": { "id": "887a8dc155fffff", "center": "(46.19273384673586, 6.110933249579379)", "polygon": "[(6.107311093424493, 46.19578652046468), (6.111403120476985, 46.19719877108204), (6.115025137781866, 46.19414617804013), (6.1145553448937, 46.18968116845085), (6.110463315809208, 46.18826868278349), (6.106841081632146, 46.19132144174815)]", "points": "[(6.1120294, 46.18917099), (6.11227194, 46.19054534), (6.11225397, 46.19027171), (6.11233482, 46.1908003), (6.1076007, 46.19363594), (6.10719646, 46.19353023), (6.10793308, 46.19370434), (6.11216414, 46.1945376), (6.11212821, 46.19455625), (6.11246957, 46.19507858), (6.11317924, 46.19479876), (6.11338585, 46.19471793), (6.10991835, 46.19256016), (6.10996327, 46.19246066), (6.1095231, 46.19302654), (6.108249, 46.193771), (6.107448, 46.19101), (6.109474, 46.193462), (6.110142, 46.192101), (6.113198, 46.19482), (6.1083479, 46.1914228), (6.110451, 46.1916325), (6.1074939, 46.1936682), (6.1138785, 46.1940416), (6.1092795, 46.1900287), (6.1092068, 46.1914675), (6.1071399, 46.1912278), (6.110963, 46.1926096), (6.1137612, 46.191591), (6.1133726, 46.1919867), (6.1136013, 46.1909571)]" }, "geometry": { "type": "Polygon", "coordinates": [ [ [ 6.110463315809208, 46.188268682783487 ], [ 6.106841081632146, 46.191321441748151 ], [ 6.107311093424493, 46.195786520464679 ], [ 6.111403120476985, 46.197198771082043 ], [ 6.115025137781866, 46.194146178040128 ], [ 6.1145553448937, 46.189681168450853 ], [ 6.110463315809208, 46.188268682783487 ] ] ] } },
{ "type": "Feature", "properties": { "id": "887a8dd895fffff", "center": "(46.23455050618273, 6.107447332869187)", "polygon": "[(6.103825680371689, 46.23760248729611), (6.107916857117404, 46.23901334134484), (6.111538370927976, 46.23596144099148), (6.111068924865056, 46.23149852027784), (6.1069777457758825, 46.230087431070835), (6.103356015080363, 46.23313949772856)]", "points": "[(6.10960394, 46.23105765), (6.109193, 46.231026), (6.109286, 46.230888), (6.110719, 46.231384), (6.1094352, 46.2312386)]" }, "geometry": { "type": "Polygon", "coordinates": [ [ [ 6.106977745775882, 46.230087431070835 ], [ 6.103356015080363, 46.233139497728558 ], [ 6.103825680371689, 46.237602487296108 ], [ 6.107916857117404, 46.239013341344837 ], [ 6.111538370927976, 46.235961440991481 ], [ 6.111068924865056, 46.231498520277839 ], [ 6.106977745775882, 46.230087431070835 ] ] ] } },
{ "type": "Feature", "properties": { "id": "887a8dc301fffff", "center": "(46.20845466402048, 6.069202648085773)", "polygon": "[(6.065579513318865, 46.211507628341785), (6.069673629746761, 46.21291960867349), (6.07329662594979, 46.209866725095736), (6.072825722543614, 46.20540169505282), (6.0687316037191685, 46.203989479545456), (6.065108390684724, 46.20704252924946)]", "points": "[(6.07284488, 46.20666184), (6.07019485, 46.2087631), (6.06997027, 46.20870094), (6.0703835, 46.20881283), (6.070044, 46.208717)]" }, "geometry": { "type": "Polygon", "coordinates": [ [ [ 6.068731603719169, 46.203989479545456 ], [ 6.065108390684724, 46.207042529249463 ], [ 6.065579513318865, 46.211507628341785 ], [ 6.069673629746761, 46.212919608673488 ], [ 6.07329662594979, 46.209866725095736 ], [ 6.072825722543614, 46.205401695052821 ], [ 6.068731603719169, 46.203989479545456 ] ] ] } },
{ "type": "Feature", "properties": { "id": "887a8dcaedfffff", "center": "(46.21391108180466, 6.172282187959291)", "polygon": "[(6.168662116426314, 46.21696254528871), (6.172749945121888, 46.21837369114857), (6.176369877537791, 46.21532230834301), (6.1759021981935724, 46.21085961364786), (6.171814367694089, 46.209448232815475), (6.1681942183300045, 46.21249978164357)]", "points": "[(6.17237822, 46.21158538), (6.17179431, 46.21134916), (6.17213567, 46.21154187), (6.17192906, 46.21140511), (6.173025, 46.211609), (6.172429, 46.211586), (6.170448, 46.211502), (6.170361, 46.211578), (6.1738125, 46.2128125), (6.1756257, 46.2150029), (6.1716778, 46.2113173)]" }, "geometry": { "type": "Polygon", "coordinates": [ [ [ 6.171814367694089, 46.209448232815475 ], [ 6.168194218330004, 46.212499781643572 ], [ 6.168662116426314, 46.216962545288709 ], [ 6.172749945121888, 46.218373691148571 ], [ 6.176369877537791, 46.215322308343012 ], [ 6.175902198193572, 46.210859613647862 ], [ 6.171814367694089, 46.209448232815475 ] ] ] } },
{ "type": "Feature", "properties": { "id": "887a8dc86bfffff", "center": "(46.2416328008533, 6.202756835773583)", "polygon": "[(6.199138049550325, 46.244683357699984), (6.203223353490092, 46.246093371216844), (6.206842000523291, 46.24304289507341), (6.2063755605960935, 46.238582239179465), (6.202290254846951, 46.237171990687365), (6.198671390821618, 46.240222633057286)]", "points": "[(6.20207652, 46.24240966), (6.20121414, 46.24168897), (6.20270534, 46.24290047), (6.203488, 46.243565), (6.19898, 46.2402), (6.203673, 46.243542)]" }, "geometry": { "type": "Polygon", "coordinates": [ [ [ 6.202290254846951, 46.237171990687365 ], [ 6.198671390821618, 46.240222633057286 ], [ 6.199138049550325, 46.244683357699984 ], [ 6.203223353490092, 46.246093371216844 ], [ 6.206842000523291, 46.243042895073408 ], [ 6.206375560596094, 46.238582239179465 ], [ 6.202290254846951, 46.237171990687365 ] ] ] } },
{ "type": "Feature", "properties": { "id": "887a8dc367fffff", "center": "(46.22772444667257, 6.075179612360361)", "polygon": "[(6.071556929326903, 46.23077698836772), (6.0756502021576155, 46.23218827724368), (6.079272746660175, 46.2291358163203), (6.078802235165122, 46.22467190022291), (6.074708959840588, 46.22326037613735), (6.071086198492187, 46.226313003351585)]", "points": "[(6.07153334, 46.22901317), (6.07224301, 46.22875217), (6.07179385, 46.2289386), (6.07247657, 46.22977131), (6.07175792, 46.2294171), (6.07826172, 46.22716126), (6.07804613, 46.22733527), (6.07849529, 46.22696861), (6.07797426, 46.22724827), (6.07853122, 46.22706183), (6.07505474, 46.23194005), (6.07518949, 46.23199597), (6.07491999, 46.23192762), (6.076059, 46.227768), (6.073073, 46.225754), (6.078025, 46.227352), (6.075158, 46.228043), (6.076007, 46.224174), (6.076124, 46.224159), (6.0714963, 46.2261402), (6.0752782, 46.2295566), (6.0785086, 46.2268072), (6.0769003, 46.2252222)]" }, "geometry": { "type": "Polygon", "coordinates": [ [ [ 6.074708959840588, 46.223260376137347 ], [ 6.071086198492187, 46.226313003351585 ], [ 6.071556929326903, 46.230776988367722 ], [ 6.075650202157616, 46.232188277243679 ], [ 6.079272746660175, 46.229135816320301 ], [ 6.078802235165122, 46.224671900222909 ], [ 6.074708959840588, 46.223260376137347 ] ] ] } },
{ "type": "Feature", "properties": { "id": "887a8dc805fffff", "center": "(46.2324811014194, 6.213612825805994)", "polygon": "[(6.20999422395963, 46.235531672695735), (6.214079110237919, 46.23694192829911), (6.217697572802957, 46.233891437702795), (6.217231366076994, 46.22943052536777), (6.213146478118835, 46.22802003483391), (6.2095277985537685, 46.2310706915584)]", "points": "[(6.21123035, 46.23271679), (6.21112255, 46.23264222), (6.21133815, 46.23279757), (6.21310783, 46.23092094), (6.21317071, 46.2305108), (6.21311681, 46.23088987), (6.21279342, 46.23108872), (6.21339529, 46.23065373), (6.211322, 46.232815), (6.213266, 46.230553), (6.213239, 46.230568), (6.21323, 46.230663)]" }, "geometry": { "type": "Polygon", "coordinates": [ [ [ 6.213146478118835, 46.228020034833911 ], [ 6.209527798553768, 46.231070691558401 ], [ 6.20999422395963, 46.235531672695735 ], [ 6.214079110237919, 46.23694192829911 ], [ 6.217697572802957, 46.233891437702795 ], [ 6.217231366076994, 46.229430525367768 ], [ 6.213146478118835, 46.228020034833911 ] ] ] } },
{ "type": "Feature", "properties": { "id": "887a8dc12dfffff", "center": "(46.214598005108634, 6.13688726943149)", "polygon": "[(6.133266180572015, 46.21764993869318), (6.137356106009196, 46.219061284254494), (6.1409770559498345, 46.21600943137511), (6.140508297350288, 46.21154606684601), (6.136418369888147, 46.21013448623624), (6.132797203037761, 46.21318650519683)]", "points": "[(6.1392214, 46.21646497), (6.1390058, 46.21653335), (6.13936513, 46.21643389), (6.13401117, 46.2148302), (6.13417287, 46.2147121), (6.13408304, 46.21496074), (6.13787393, 46.21256755), (6.13799969, 46.2123189), (6.13749663, 46.21295917), (6.13613119, 46.21733517), (6.13658035, 46.21773919), (6.13679595, 46.21700574), (6.13578983, 46.21705547), (6.13558322, 46.21763352), (6.137433, 46.216831), (6.139453, 46.213634), (6.134479, 46.214741), (6.139257, 46.213318), (6.136268, 46.217491), (6.137527, 46.216808), (6.1334721, 46.2151683), (6.1354675, 46.2141172), (6.1341607, 46.2161133), (6.1340986, 46.2128543), (6.1398214, 46.2152604), (6.1374893, 46.2113011), (6.1381163, 46.2166923), (6.1330256, 46.2150717), (6.1347766, 46.2135708), (6.1391882, 46.2131908), (6.1364578, 46.2135714), (6.1385629, 46.2112438), (6.1375131, 46.2109299)]" }, "geometry": { "type": "Polygon", "coordinates": [ [ [ 6.136418369888147, 46.210134486236242 ], [ 6.132797203037761, 46.21318650519683 ], [ 6.133266180572015, 46.217649938693178 ], [ 6.137356106009196, 46.219061284254494 ], [ 6.140977055949834, 46.216009431375113 ], [ 6.140508297350288, 46.211546066846012 ], [ 6.136418369888147, 46.210134486236242 ] ] ] } },
{ "type": "Feature", "properties": { "id": "887a8dca87fffff", "center": "(46.18385098410695, 6.18489144467199)", "polygon": "[(6.181271307894111, 46.18690280695959), (6.1853591433778, 46.18831489256085), (6.188979140865779, 46.185263150326804), (6.18851151980689, 46.180799156751064), (6.184423682804279, 46.17938683627649), (6.1808034683667294, 46.18243874424374)]", "points": "[(6.18826941, 46.18160834), (6.1882245, 46.18145285), (6.18826941, 46.18170786), (6.181224, 46.186413), (6.188179, 46.181469), (6.184434, 46.183483)]" }, "geometry": { "type": "Polygon", "coordinates": [ [ [ 6.184423682804279, 46.179386836276493 ], [ 6.180803468366729, 46.18243874424374 ], [ 6.181271307894111, 46.186902806959587 ], [ 6.1853591433778, 46.188314892560847 ], [ 6.188979140865779, 46.185263150326804 ], [ 6.18851151980689, 46.180799156751064 ], [ 6.184423682804279, 46.179386836276493 ] ] ] } },
{ "type": "Feature", "properties": { "id": "887a8dcaa7fffff", "center": "(46.19396249861876, 6.2017076839695555)", "polygon": "[(6.1980881820813, 46.19701391382456), (6.20217475614024, 46.19842555064889), (6.205794118680525, 46.19537421606669), (6.205327124120859, 46.19091107885355), (6.201240548575572, 46.18949920716667), (6.197620969063568, 46.192550707548264)]", "points": "[(6.19987565, 46.19581232), (6.1999026, 46.19736061), (6.19967802, 46.19611079), (6.1999026, 46.19744144), (6.19923784, 46.19540814), (6.20019006, 46.19696888), (6.20090871, 46.19323797), (6.20067515, 46.19323175), (6.20090871, 46.1932504), (6.19930073, 46.1937914), (6.20524757, 46.19536462), (6.199056, 46.195313), (6.200175, 46.19334), (6.199695, 46.19339), (6.204884, 46.192383), (6.203373, 46.193405), (6.203281, 46.193478), (6.203271, 46.192783), (6.199995, 46.193298), (6.200333, 46.193226), (6.204632, 46.192638), (6.203517, 46.192795), (6.203076, 46.192833), (6.199212, 46.195267), (6.199745, 46.19746), (6.199616, 46.193436), (6.198926, 46.192436), (6.200929, 46.193245), (6.202913, 46.193138), (6.202853, 46.193005), (6.203276, 46.193275), (6.203087, 46.193272), (6.205163, 46.192528), (6.203518, 46.192768), (6.2015369, 46.1929893), (6.2005578, 46.1933982)]" }, "geometry": { "type": "Polygon", "coordinates": [ [ [ 6.201240548575572, 46.189499207166669 ], [ 6.197620969063568, 46.192550707548264 ], [ 6.1980881820813, 46.197013913824563 ], [ 6.20217475614024, 46.198425550648892 ], [ 6.205794118680525, 46.195374216066689 ], [ 6.205327124120859, 46.190911078853553 ], [ 6.201240548575572, 46.189499207166669 ] ] ] } },
{ "type": "Feature", "properties": { "id": "887a8dc10dfffff", "center": "(46.20448742725724, 6.120055861515833)", "polygon": "[(6.116434139117399, 46.207539769015284), (6.120525324808418, 46.20895156354891), (6.124146908346601, 46.20589930249108), (6.123677523068083, 46.20143508087727), (6.119586335319293, 46.2000230512843), (6.115964534894045, 46.20307547835726)]", "points": "[(6.11803014, 46.20627639), (6.11759895, 46.20628261), (6.11847032, 46.20634478), (6.12248579, 46.20640695), (6.12219832, 46.20676752), (6.12272833, 46.20607745), (6.119523, 46.206615), (6.119524, 46.206711), (6.1230235, 46.2034541), (6.1200501, 46.2068473), (6.123687, 46.204516), (6.1207051, 46.2042837), (6.123333, 46.2051589)]" }, "geometry": { "type": "Polygon", "coordinates": [ [ [ 6.119586335319293, 46.200023051284298 ], [ 6.115964534894045, 46.203075478357263 ], [ 6.116434139117399, 46.207539769015284 ], [ 6.120525324808418, 46.208951563548908 ], [ 6.124146908346601, 46.205899302491083 ], [ 6.123677523068083, 46.201435080877268 ], [ 6.119586335319293, 46.200023051284298 ] ] ] } },
{ "type": "Feature", "properties": { "id": "887a8dc1e3fffff", "center": "(46.157740846784925, 6.146682300187366)", "polygon": "[(6.143060677320836, 46.16079365028099), (6.147151455264689, 46.16220686171502), (6.15077293896285, 46.15915413882074), (6.150303861601864, 46.15468803893099), (6.14621308208711, 46.153274592607126), (6.142591381491512, 46.156327481055584)]", "points": "[(6.14816862, 46.15995327), (6.14808777, 46.15990972), (6.14826743, 46.16000927), (6.14435078, 46.1592315), (6.14446756, 46.15916928), (6.148263, 46.160023), (6.1488163, 46.1606095), (6.1445697, 46.1591606)]" }, "geometry": { "type": "Polygon", "coordinates": [ [ [ 6.14621308208711, 46.153274592607126 ], [ 6.142591381491512, 46.156327481055584 ], [ 6.143060677320836, 46.160793650280993 ], [ 6.147151455264689, 46.162206861715021 ], [ 6.15077293896285, 46.159154138820739 ], [ 6.150303861601864, 46.154688038930992 ], [ 6.14621308208711, 46.153274592607126 ] ] ] } },
{ "type": "Feature", "properties": { "id": "887a8dc321fffff", "center": "(46.218566793129455, 6.086047299854816)", "polygon": "[(6.082424797682749, 46.221619349036104), (6.086517654828748, 46.22303088020414), (6.09014001837793, 46.21997840504599), (6.089669741622909, 46.215514232520285), (6.085576882113274, 46.21410246618751), (6.081954301709556, 46.21715510753799)]", "points": "[(6.08852947, 46.21780756), (6.08838574, 46.21774541), (6.08866421, 46.21787593), (6.08567282, 46.21658307), (6.08540333, 46.21676333), (6.08586147, 46.21637174), (6.0826994, 46.21702439), (6.08251974, 46.21706168), (6.08507095, 46.22002649), (6.08508892, 46.22007621), (6.08489129, 46.22000785), (6.084873, 46.220024), (6.086303, 46.21991), (6.086303, 46.219841), (6.08862, 46.217876), (6.082547, 46.217133), (6.086869, 46.222614), (6.088712, 46.2179007), (6.0868164, 46.2166125), (6.0842124, 46.21526), (6.0855162, 46.2184333)]" }, "geometry": { "type": "Polygon", "coordinates": [ [ [ 6.085576882113274, 46.214102466187512 ], [ 6.081954301709556, 46.217155107537991 ], [ 6.082424797682749, 46.221619349036104 ], [ 6.086517654828748, 46.223030880204142 ], [ 6.09014001837793, 46.219978405045993 ], [ 6.089669741622909, 46.215514232520285 ], [ 6.085576882113274, 46.214102466187512 ] ] ] } },
{ "type": "Feature", "properties": { "id": "887a8dd897fffff", "center": "(46.2270353596467, 6.110599415942025)", "polygon": "[(6.1069777457758825, 46.230087431070835), (6.111068924865056, 46.23149852027784), (6.1146904563009326, 46.22844652959879), (6.114221025520412, 46.223983283473444), (6.110129844159193, 46.222571959132814), (6.106508095837816, 46.22562411604396)]", "points": "[(6.1098914, 46.23082151), (6.10958598, 46.23098308), (6.11016988, 46.23097065), (6.11022378, 46.23095201), (6.11047531, 46.23118193), (6.10907394, 46.23010688), (6.10946021, 46.23036788), (6.11408654, 46.22783243), (6.11431112, 46.22801265), (6.11381704, 46.22760249), (6.11163414, 46.22525336), (6.11199346, 46.22562625), (6.11169702, 46.22505449), (6.10780731, 46.22458216), (6.10774443, 46.2247251), (6.110345, 46.231079), (6.109365, 46.230343), (6.109453, 46.230373), (6.109033, 46.230133), (6.109296, 46.230125), (6.109301, 46.223404), (6.110229, 46.230999), (6.110307, 46.23101), (6.108122, 46.22974), (6.109417, 46.230846), (6.107738, 46.224743), (6.10874, 46.224087)]" }, "geometry": { "type": "Polygon", "coordinates": [ [ [ 6.110129844159193, 46.222571959132814 ], [ 6.106508095837816, 46.22562411604396 ], [ 6.106977745775882, 46.230087431070835 ], [ 6.111068924865056, 46.231498520277839 ], [ 6.114690456300933, 46.228446529598791 ], [ 6.114221025520412, 46.223983283473444 ], [ 6.110129844159193, 46.222571959132814 ] ] ] } },
{ "type": "Feature", "properties": { "id": "887a8dca19fffff", "center": "(46.218832062988305, 6.149155789278762)", "polygon": "[(6.145535117229238, 46.22188375445904), (6.149624202971343, 46.22329487911039), (6.153244736048611, 46.22024326834312), (6.152776400295966, 46.215780366816205), (6.148687312574584, 46.214369007131936), (6.145066562572375, 46.217420784000325)]", "points": "[(6.14790811, 46.21673225), (6.14797099, 46.21701196), (6.14772844, 46.21662037), (6.15107018, 46.21678819), (6.15117798, 46.21676955), (6.15090848, 46.21681306), (6.14565334, 46.22002649), (6.14539282, 46.22012594), (6.14585097, 46.21997055), (6.14899507, 46.22299735), (6.14877947, 46.22281712), (6.1498305, 46.22039941), (6.14967779, 46.22036212), (6.1499922, 46.22049264), (6.150908, 46.216858), (6.150014, 46.220692), (6.147192, 46.215836), (6.150399, 46.215218), (6.147551, 46.220047), (6.147649, 46.220135), (6.14738, 46.217491), (6.14798, 46.216881), (6.149259, 46.222023), (6.14544, 46.2201), (6.145832, 46.219986), (6.149205, 46.222569), (6.150032, 46.220501), (6.149672, 46.220371), (6.149865, 46.214954), (6.1490149, 46.2223895), (6.1477965, 46.2203492), (6.1495471, 46.2147354), (6.1503958, 46.2151449), (6.1471882, 46.2158323), (6.1456074, 46.2213497), (6.1468508, 46.2176638)]" }, "geometry": { "type": "Polygon", "coordinates": [ [ [ 6.148687312574584, 46.214369007131936 ], [ 6.145066562572375, 46.217420784000325 ], [ 6.145535117229238, 46.221883754459043 ], [ 6.149624202971343, 46.223294879110391 ], [ 6.153244736048611, 46.220243268343118 ], [ 6.152776400295966, 46.215780366816205 ], [ 6.148687312574584, 46.214369007131936 ] ] ] } },
{ "type": "Feature", "properties": { "id": "887a8dc86dfffff", "center": "(46.25501379239788, 6.204156199292025)", "polygon": "[(6.200537646565103, 46.25806409248172), (6.204622527377115, 46.259473643145945), (6.208240940952206, 46.25642342378683), (6.207774690701502, 46.25196348741182), (6.203689807996299, 46.25055370174328), (6.200071177422229, 46.25360408744691)]", "points": "[(6.20261551, 46.25178401)]" }, "geometry": { "type": "Polygon", "coordinates": [ [ [ 6.203689807996299, 46.250553701743279 ], [ 6.200071177422229, 46.253604087446909 ], [ 6.200537646565103, 46.258064092481717 ], [ 6.204622527377115, 46.259473643145945 ], [ 6.208240940952206, 46.256423423786828 ], [ 6.207774690701502, 46.251963487411821 ], [ 6.203689807996299, 46.250553701743279 ] ] ] } },
{ "type": "Feature", "properties": { "id": "887a8dca61fffff", "center": "(46.25898877347612, 6.153369244063923)", "polygon": "[(6.149749274264977, 46.26203969491756), (6.153837090640784, 46.263449430424025), (6.157456921582163, 46.26039858975061), (6.1569891530804775, 46.25593784710789), (6.152901334473238, 46.25452787648097), (6.149281286586359, 46.25757888361006)]", "points": "[(6.1532441, 46.25694575), (6.15352258, 46.2569209), (6.15293867, 46.25702649), (6.14980355, 46.25830598), (6.14956999, 46.25835567), (6.15007305, 46.25825629), (6.156056, 46.258377), (6.152995, 46.256996), (6.1539, 46.256828), (6.156024, 46.258331), (6.153476, 46.256927), (6.1539605, 46.2566046), (6.1544607, 46.2550746), (6.1531551, 46.2567922), (6.1516759, 46.2556171)]" }, "geometry": { "type": "Polygon", "coordinates": [ [ [ 6.152901334473238, 46.254527876480971 ], [ 6.149281286586359, 46.257578883610059 ], [ 6.149749274264977, 46.262039694917561 ], [ 6.153837090640784, 46.263449430424025 ], [ 6.157456921582163, 46.260398589750608 ], [ 6.156989153080477, 46.255937847107887 ], [ 6.152901334473238, 46.254527876480971 ] ] ] } },
{ "type": "Feature", "properties": { "id": "887a8dcaa9fffff", "center": "(46.19724199119929, 6.186294351302775)", "polygon": "[(6.1826744475943025, 46.20029355851431), (6.186761860521482, 46.201705181314), (6.190381624978264, 46.198653694639226), (6.189914193451694, 46.1941904193058), (6.185826778921471, 46.192778561603276), (6.182206797508132, 46.19583021412979)]", "points": "[(6.18264596, 46.19855444), (6.1866794, 46.19577501), (6.18660753, 46.19558225), (6.18674228, 46.19593668), (6.19009299, 46.19757202), (6.18984147, 46.19752849), (6.18563735, 46.19827463), (6.18568227, 46.19821246), (6.18598769, 46.19820624), (6.18537684, 46.1983679), (6.1899852, 46.19757202), (6.189797, 46.196774), (6.189349, 46.19709), (6.189934, 46.197563), (6.1869116, 46.1978508)]" }, "geometry": { "type": "Polygon", "coordinates": [ [ [ 6.185826778921471, 46.192778561603276 ], [ 6.182206797508132, 46.195830214129792 ], [ 6.182674447594303, 46.200293558514311 ], [ 6.186761860521482, 46.201705181313997 ], [ 6.190381624978264, 46.198653694639226 ], [ 6.189914193451694, 46.194190419305798 ], [ 6.185826778921471, 46.192778561603276 ] ] ] } },
{ "type": "Feature", "properties": { "id": "887a8dd899fffff", "center": "(46.23031725986779, 6.095172540394593)", "polygon": "[(6.091550471943672, 46.23336948326474), (6.095642487764327, 46.234780558260134), (6.099264417581998, 46.231728415624936), (6.098794548435768, 46.227265031702636), (6.094702530225816, 46.22585372153336), (6.091080383538658, 46.22890603045307)]", "points": "[(6.094499, 46.23333)]" }, "geometry": { "type": "Polygon", "coordinates": [ [ [ 6.094702530225816, 46.225853721533362 ], [ 6.091080383538658, 46.228906030453068 ], [ 6.091550471943672, 46.233369483264738 ], [ 6.095642487764327, 46.234780558260134 ], [ 6.099264417581998, 46.231728415624936 ], [ 6.098794548435768, 46.227265031702636 ], [ 6.094702530225816, 46.225853721533362 ] ] ] } },
{ "type": "Feature", "properties": { "id": "887a8dca1bfffff", "center": "(46.21131722558726, 6.152308001516701)", "polygon": "[(6.148687312574584, 46.214369007131936), (6.152776400295966, 46.215780366816205), (6.156396950222578, 46.21272866596002), (6.155928629340418, 46.208265439383574), (6.151839539711057, 46.206853844691146), (6.148218772859082, 46.20990571157614)]", "points": "[(6.1525524, 46.2113243), (6.15275003, 46.21197079), (6.15184273, 46.21075861), (6.15049526, 46.21351862), (6.15059407, 46.21358078), (6.15039644, 46.21344403), (6.148501, 46.21047887), (6.14837523, 46.21053481), (6.14830337, 46.21019291), (6.14964186, 46.21188998), (6.14965084, 46.21195214), (6.14947118, 46.21182782), (6.150679, 46.209534), (6.149634, 46.210247), (6.152129, 46.214191), (6.151235, 46.210026), (6.149625, 46.211964), (6.151168, 46.213783), (6.1515, 46.209511), (6.149514, 46.211941), (6.148554, 46.210117), (6.149602, 46.211922), (6.151391, 46.209339), (6.15059, 46.209602), (6.150367, 46.213467), (6.151139, 46.210091), (6.149591, 46.211781), (6.152129, 46.214176), (6.151923, 46.214165), (6.151313, 46.209145), (6.1526709, 46.2112069), (6.1495787, 46.2115266), (6.1511388, 46.2138681), (6.1498047, 46.2104074), (6.15037, 46.2123003), (6.1510593, 46.2107688), (6.1504783, 46.2133671), (6.1488294, 46.2134901), (6.1491878, 46.2131834), (6.148367, 46.2112231), (6.1496226, 46.2121962), (6.150956, 46.2126718)]" }, "geometry": { "type": "Polygon", "coordinates": [ [ [ 6.151839539711057, 46.206853844691146 ], [ 6.148218772859082, 46.209905711576141 ], [ 6.148687312574584, 46.214369007131936 ], [ 6.152776400295966, 46.215780366816205 ], [ 6.156396950222578, 46.212728665960022 ], [ 6.155928629340418, 46.208265439383574 ], [ 6.151839539711057, 46.206853844691146 ] ] ] } },
{ "type": "Feature", "properties": { "id": "887a8dc36bfffff", "center": "(46.223489895673744, 6.062898532133214)", "polygon": "[(6.059275433614758, 46.226542679687704), (6.06336954503484, 46.227954189593795), (6.066992505076266, 46.224901486353346), (6.0665215705150235, 46.220437106928614), (6.062427456555253, 46.21902536179733), (6.058804279683662, 46.22207823130877)]", "points": "[(6.06534395, 46.22160517), (6.06522717, 46.22018188), (6.06512835, 46.22164246), (6.06536192, 46.22156788), (6.065222, 46.221619), (6.065117, 46.22163), (6.065788, 46.221233), (6.0652671, 46.2216731)]" }, "geometry": { "type": "Polygon", "coordinates": [ [ [ 6.062427456555253, 46.219025361797328 ], [ 6.058804279683662, 46.222078231308771 ], [ 6.059275433614758, 46.226542679687704 ], [ 6.06336954503484, 46.227954189593795 ], [ 6.066992505076266, 46.224901486353346 ], [ 6.066521570515023, 46.220437106928614 ], [ 6.062427456555253, 46.219025361797328 ] ] ] } },
{ "type": "Feature", "properties": { "id": "887a8dca63fffff", "center": "(46.25147686445014, 6.156521321549967)", "polygon": "[(6.152901334473238, 46.25452787648097), (6.1569891530804775, 46.25593784710789), (6.1606090012563595, 46.25288691583018), (6.160141247758264, 46.248425847534854), (6.156053426990834, 46.247015641812084), (6.1524333618689635, 46.250066739473326)]", "points": "[(6.15429513, 46.25430593), (6.15422326, 46.25429972), (6.15434005, 46.25430593), (6.15421, 46.254383)]" }, "geometry": { "type": "Polygon", "coordinates": [ [ [ 6.156053426990834, 46.247015641812084 ], [ 6.152433361868964, 46.250066739473326 ], [ 6.152901334473238, 46.254527876480971 ], [ 6.156989153080477, 46.255937847107887 ], [ 6.160609001256359, 46.252886915830182 ], [ 6.160141247758264, 46.248425847534854 ], [ 6.156053426990834, 46.247015641812084 ] ] ] } },
{ "type": "Feature", "properties": { "id": "887a8dc131fffff", "center": "(46.18617328025442, 6.141784916093952)", "polygon": "[(6.138163559648009, 46.189225649484335), (6.14225391171894, 46.1906379281026), (6.145875129121261, 46.18758563952627), (6.145406211343594, 46.18312090650648), (6.141315857474672, 46.18170839291884), (6.137694423168668, 46.184760847313115)]", "points": "[(6.14020955, 46.18680155), (6.14064074, 46.18691972), (6.14009276, 46.18674558), (6.13990412, 46.18672071), (6.14470112, 46.18550174), (6.14074853, 46.18391581), (6.14078447, 46.18390337), (6.14039819, 46.18431385), (6.14100905, 46.18326898), (6.14303924, 46.18882273), (6.14315602, 46.18919586), (6.14294042, 46.1887481), (6.1423116, 46.18859263), (6.14335365, 46.18954412), (6.141716, 46.187531), (6.140394, 46.184383), (6.140528, 46.186932), (6.14233, 46.186874), (6.140352, 46.187794), (6.145371, 46.185352), (6.139385, 46.184307), (6.139571, 46.18343), (6.142524, 46.185795), (6.140997, 46.183292), (6.139352, 46.184372), (6.1418333, 46.1853056), (6.140532, 46.1839255), (6.1441851, 46.1889796), (6.1404857, 46.1867876), (6.1429755, 46.1883703), (6.1421692, 46.1868624), (6.1395225, 46.1837925), (6.1395276, 46.1881375), (6.1405322, 46.1852293), (6.141977, 46.1898414), (6.138639, 46.1850207), (6.1384251, 46.1880839), (6.1439558, 46.1873472), (6.1385243, 46.1860491)]" }, "geometry": { "type": "Polygon", "coordinates": [ [ [ 6.141315857474672, 46.181708392918843 ], [ 6.137694423168668, 46.184760847313115 ], [ 6.138163559648009, 46.189225649484335 ], [ 6.14225391171894, 46.190637928102603 ], [ 6.145875129121261, 46.187585639526269 ], [ 6.145406211343594, 46.183120906506481 ], [ 6.141315857474672, 46.181708392918843 ] ] ] } },
{ "type": "Feature", "properties": { "id": "887a8dcaabfffff", "center": "(46.18972690452335, 6.189446698747453)", "polygon": "[(6.185826778921471, 46.192778561603276), (6.189914193451694, 46.1941904193058), (6.1935339739827855, 46.191138842851146), (6.193066556927799, 46.18667524290734), (6.188979140865779, 46.185263150326804), (6.1853591433778, 46.18831489256085)]", "points": "[(6.19221302, 46.19045828), (6.19223997, 46.19067593), (6.19255438, 46.19052668), (6.19179979, 46.19007271), (6.19154826, 46.18955656), (6.19144047, 46.18938243), (6.19200641, 46.1901349), (6.18658956, 46.19015356), (6.18676024, 46.19010381), (6.18640092, 46.19022196), (6.19225793, 46.19216217), (6.19206929, 46.19200049), (6.192051, 46.19009), (6.191523, 46.18935), (6.191522, 46.189388), (6.191537, 46.189369), (6.191803, 46.190117), (6.191531, 46.189548), (6.186698, 46.190151), (6.191431, 46.189392), (6.191518, 46.189533), (6.191461, 46.189186), (6.192057, 46.192028), (6.192154, 46.192024), (6.1918154, 46.1898618)]" }, "geometry": { "type": "Polygon", "coordinates": [ [ [ 6.188979140865779, 46.185263150326804 ], [ 6.1853591433778, 46.188314892560847 ], [ 6.185826778921471, 46.192778561603276 ], [ 6.189914193451694, 46.194190419305798 ], [ 6.193533973982785, 46.191138842851146 ], [ 6.193066556927799, 46.186675242907341 ], [ 6.188979140865779, 46.185263150326804 ] ] ] } },
{ "type": "Feature", "properties": { "id": "887a8dc829fffff", "center": "(46.238352110329494, 6.21816371625847)", "polygon": "[(6.214545331414425, 46.24140251543827), (6.218629796443391, 46.24281254321308), (6.222248042001193, 46.239762218790915), (6.221782039524529, 46.23530170041262), (6.217697572802957, 46.233891437702795), (6.214079110237919, 46.23694192829911)]", "points": "[(6.21704245, 46.23612813), (6.21719517, 46.2362524), (6.21679991, 46.2359293), (6.220947, 46.235432)]" }, "geometry": { "type": "Polygon", "coordinates": [ [ [ 6.217697572802957, 46.233891437702795 ], [ 6.214079110237919, 46.23694192829911 ], [ 6.214545331414425, 46.241402515438267 ], [ 6.218629796443391, 46.242812543213077 ], [ 6.222248042001193, 46.239762218790915 ], [ 6.221782039524529, 46.23530170041262 ], [ 6.217697572802957, 46.233891437702795 ] ] ] } },
{ "type": "Feature", "properties": { "id": "887a8dc84bfffff", "center": "(46.23153026087327, 6.185946230053989)", "polygon": "[(6.1823268093943184, 46.234581226033185), (6.186413374953703, 46.23599168817333), (6.190032656481334, 46.23294080371175), (6.189565589406886, 46.22847929094218), (6.185479022005213, 46.227068593815794), (6.181859523507548, 46.23011964443806)]", "points": "[(6.18517023, 46.2273912), (6.18569125, 46.22766464)]" }, "geometry": { "type": "Polygon", "coordinates": [ [ [ 6.185479022005213, 46.227068593815794 ], [ 6.181859523507548, 46.230119644438062 ], [ 6.182326809394318, 46.234581226033185 ], [ 6.186413374953703, 46.235991688173328 ], [ 6.190032656481334, 46.232940803711749 ], [ 6.189565589406886, 46.228479290942182 ], [ 6.185479022005213, 46.227068593815794 ] ] ] } },
{ "type": "Feature", "properties": { "id": "887a8dc325fffff", "center": "(46.22444233770187, 6.09061023234996)", "polygon": "[(6.086987947034732, 46.22749472737672), (6.091080383538658, 46.22890603045307), (6.094702530225816, 46.22585372153336), (6.094232457258321, 46.22138994329166), (6.09014001837793, 46.21997840504599), (6.086517654828748, 46.22303088020414)]", "points": "[(6.09087, 46.223347), (6.094264, 46.222733), (6.089961, 46.223877), (6.089064, 46.222462), (6.0909951, 46.2234543)]" }, "geometry": { "type": "Polygon", "coordinates": [ [ [ 6.09014001837793, 46.219978405045993 ], [ 6.086517654828748, 46.223030880204142 ], [ 6.086987947034732, 46.227494727376722 ], [ 6.091080383538658, 46.228906030453068 ], [ 6.094702530225816, 46.225853721533362 ], [ 6.094232457258321, 46.221389943291662 ], [ 6.09014001837793, 46.219978405045993 ] ] ] } },
{ "type": "Feature", "properties": { "id": "887a8dd89bfffff", "center": "(46.22280140787051, 6.098324616475462)", "polygon": "[(6.094702530225816, 46.22585372153336), (6.098794548435768, 46.227265031702636), (6.102416496008795, 46.2242127987866), (6.101946642229212, 46.21974908948185), (6.09785462170142, 46.2183375441634), (6.094232457258321, 46.22138994329166)]", "points": "[(6.09724313, 46.22192214), (6.09745872, 46.22191593), (6.09694668, 46.22212103), (6.09709041, 46.221947), (6.09744076, 46.22203402), (6.09650651, 46.222438), (6.09795279, 46.22271146), (6.09797076, 46.22154302), (6.09974044, 46.22441436), (6.09961468, 46.22442679), (6.09985722, 46.22441436), (6.09606633, 46.21994569), (6.097047, 46.221985), (6.098429, 46.22319), (6.098212, 46.223209), (6.096979, 46.222141), (6.098185, 46.221985), (6.096824, 46.221752), (6.097001, 46.221401), (6.09963, 46.22448), (6.09967, 46.224323), (6.097086, 46.221989), (6.097385, 46.221951), (6.100741, 46.22361), (6.096047, 46.21999), (6.0991645, 46.2241049), (6.0985199, 46.2199175)]" }, "geometry": { "type": "Polygon", "coordinates": [ [ [ 6.09785462170142, 46.218337544163397 ], [ 6.094232457258321, 46.221389943291662 ], [ 6.094702530225816, 46.225853721533362 ], [ 6.098794548435768, 46.227265031702636 ], [ 6.102416496008795, 46.224212798786603 ], [ 6.101946642229212, 46.219749089481851 ], [ 6.09785462170142, 46.218337544163397 ] ] ] } },
{ "type": "Feature", "properties": { "id": "887a8dcacdfffff", "center": "(46.20380197317223, 6.155460245416853)", "polygon": "[(6.151839539711057, 46.206853844691146), (6.155928629340418, 46.208265439383574), (6.159549195987431, 46.20521364853821), (6.159080889918144, 46.2007500970367), (6.154991798452121, 46.19933826736088), (6.151371014879306, 46.20239022416275)]", "points": "[(6.15281291, 46.2018622), (6.15272308, 46.2016819), (6.15286681, 46.2017192), (6.15225595, 46.20190572), (6.1524446, 46.20191816), (6.15349563, 46.20143942), (6.1535136, 46.20150159), (6.15350461, 46.2020052), (6.1539358, 46.20263937), (6.15355851, 46.20282589), (6.15151934, 46.20339788), (6.15151035, 46.20337301), (6.15601091, 46.2022912), (6.15541802, 46.20255855), (6.15578633, 46.20235959), (6.15658583, 46.20232229), (6.15578633, 46.20179381), (6.15690923, 46.20175029), (6.15555277, 46.20250259), (6.15801415, 46.2038393), (6.15748415, 46.20352223), (6.15854416, 46.20410664), (6.15641515, 46.2010788), (6.15647804, 46.20098554), (6.15590311, 46.20114719), (6.15520243, 46.20073062), (6.15574142, 46.20096689), (6.15854416, 46.2006187), (6.15822077, 46.20069953), (6.15311, 46.203026), (6.15611, 46.204052), (6.153389, 46.20126), (6.15749, 46.201778), (6.15402, 46.202663), (6.153457, 46.202789), (6.153372, 46.201313), (6.15352, 46.202869), (6.154483, 46.203773), (6.153717, 46.202553), (6.155128, 46.205276), (6.157694, 46.201733), (6.153603, 46.20155), (6.152692, 46.20171), (6.15364, 46.202446), (6.152286, 46.201912), (6.15359, 46.202091), (6.15366, 46.202648), (6.153061, 46.201443), (6.151844, 46.203289), (6.155241, 46.200729), (6.155883, 46.201035), (6.156063, 46.201054), (6.157975, 46.200764), (6.1530625, 46.2014375), (6.1578497, 46.2053158), (6.1538102, 46.2016212), (6.1558235, 46.2012952), (6.1563643, 46.2023076), (6.1525064, 46.2027213), (6.1576766, 46.2023365), (6.1586265, 46.2035996), (6.1555808, 46.2031314), (6.1541791, 46.2029882), (6.1591623, 46.2051736), (6.15607, 46.2039075), (6.1587204, 46.2032123), (6.1589403, 46.204237)]" }, "geometry": { "type": "Polygon", "coordinates": [ [ [ 6.154991798452121, 46.199338267360879 ], [ 6.151371014879306, 46.202390224162748 ], [ 6.151839539711057, 46.206853844691146 ], [ 6.155928629340418, 46.208265439383574 ], [ 6.159549195987431, 46.205213648538212 ], [ 6.159080889918144, 46.200750097036703 ], [ 6.154991798452121, 46.199338267360879 ] ] ] } },
{ "type": "Feature", "properties": { "id": "887a8dc153fffff", "center": "(46.179337636199925, 6.109523259652534)", "polygon": "[(6.105900869476292, 46.18239056553931), (6.109993319166813, 46.18380327925984), (6.113615570454837, 46.180750430585654), (6.113145588904824, 46.176284702379654), (6.109053137266724, 46.17487175363871), (6.1054306691134945, 46.17792476811693)]", "points": "[(6.11320619, 46.18051988), (6.11301754, 46.1804639), (6.11336789, 46.18057586), (6.10882241, 46.17985436), (6.10903801, 46.17984192), (6.10910987, 46.17977972), (6.10606458, 46.18089929), (6.1059478, 46.18105479), (6.10609153, 46.18079977), (6.113284, 46.180614), (6.108534, 46.179939), (6.1117264, 46.1766146)]" }, "geometry": { "type": "Polygon", "coordinates": [ [ [ 6.109053137266724, 46.174871753638712 ], [ 6.105430669113495, 46.177924768116931 ], [ 6.105900869476292, 46.182390565539308 ], [ 6.109993319166813, 46.183803279259841 ], [ 6.113615570454837, 46.180750430585654 ], [ 6.113145588904824, 46.176284702379654 ], [ 6.109053137266724, 46.174871753638712 ] ] ] } },
{ "type": "Feature", "properties": { "id": "887a8dc1c1fffff", "center": "(46.155140067574635, 6.126694766724423)", "polygon": "[(6.123072526090938, 46.15819318913925), (6.1271645625888205, 46.15960661475773), (6.130786664155713, 46.156553573804835), (6.1303169460863955, 46.152086941666006), (6.12622490791379, 46.150673281122145), (6.122602589472501, 46.153726487635254)]", "points": "[(6.12426445, 46.15597717), (6.12417462, 46.15593361), (6.12432733, 46.15602073), (6.1256748, 46.15727768), (6.12557599, 46.15724034), (6.12576464, 46.15730257), (6.12439, 46.156231), (6.125723, 46.157303), (6.12567, 46.15733), (6.125582, 46.157276)]" }, "geometry": { "type": "Polygon", "coordinates": [ [ [ 6.12622490791379, 46.150673281122145 ], [ 6.122602589472501, 46.153726487635254 ], [ 6.123072526090938, 46.158193189139247 ], [ 6.12716456258882, 46.159606614757728 ], [ 6.130786664155713, 46.156553573804835 ], [ 6.130316946086396, 46.152086941666006 ], [ 6.12622490791379, 46.150673281122145 ] ] ] } },
{ "type": "Feature", "properties": { "id": "887a8dca65fffff", "center": "(46.26485909234358, 6.157924627054766)", "polygon": "[(6.154304874203585, 46.267909847290035), (6.158392269498081, 46.269319354852136), (6.16201188348665, 46.26626868068028), (6.161544319120785, 46.261808332437596), (6.157456921582163, 46.26039858975061), (6.153837090640784, 46.263449430424025)]", "points": "[(6.16164335, 46.26369068), (6.16164335, 46.2637031), (6.15510361, 46.26464086), (6.161183, 46.263519), (6.161172, 46.263729), (6.161334, 46.263748), (6.161288, 46.263477), (6.157298, 46.264641), (6.1606985, 46.2637204)]" }, "geometry": { "type": "Polygon", "coordinates": [ [ [ 6.157456921582163, 46.260398589750608 ], [ 6.153837090640784, 46.263449430424025 ], [ 6.154304874203585, 46.267909847290035 ], [ 6.158392269498081, 46.269319354852136 ], [ 6.16201188348665, 46.266268680680277 ], [ 6.161544319120785, 46.261808332437596 ], [ 6.157456921582163, 46.260398589750608 ] ] ] } },
{ "type": "Feature", "properties": { "id": "887a8dc133fffff", "center": "(46.1786559340316, 6.14493723055657)", "polygon": "[(6.141315857474672, 46.18170839291884), (6.145406211343594, 46.18312090650648), (6.149027445338597, 46.18006852825781), (6.148558542356021, 46.17560347066877), (6.144468186760477, 46.174190722136636), (6.140846735861402, 46.177243266130795)]", "points": "[(6.14505147, 46.17791371), (6.14488079, 46.17797591), (6.1451952, 46.17787639), (6.14799794, 46.17632756), (6.1482854, 46.17620937), (6.14771048, 46.17647684), (6.14444959, 46.18227385), (6.14381179, 46.18243556), (6.14462027, 46.18182603), (6.144958, 46.182343), (6.144872, 46.177998), (6.1427941, 46.1813317), (6.1455038, 46.181678), (6.148767, 46.1797581)]" }, "geometry": { "type": "Polygon", "coordinates": [ [ [ 6.144468186760477, 46.174190722136636 ], [ 6.140846735861402, 46.177243266130795 ], [ 6.141315857474672, 46.181708392918843 ], [ 6.145406211343594, 46.183120906506481 ], [ 6.149027445338597, 46.180068528257813 ], [ 6.148558542356021, 46.175603470668769 ], [ 6.144468186760477, 46.174190722136636 ] ] ] } },
{ "type": "Feature", "properties": { "id": "887a8dcaadfffff", "center": "(46.20311673048874, 6.19084899332697)", "polygon": "[(6.187229306577367, 46.20616813191251), (6.191316298497579, 46.20757952681945), (6.19493584599053, 46.20452820604257), (6.194468618514363, 46.200065324453654), (6.190381624978264, 46.198653694639226), (6.186761860521482, 46.201705181314)]", "points": "[(6.19079368, 46.20432424), (6.19103622, 46.20420612), (6.18702974, 46.20403825), (6.18735313, 46.20377092), (6.191175, 46.20451), (6.190341, 46.204117), (6.191121, 46.204021), (6.19345, 46.20528)]" }, "geometry": { "type": "Polygon", "coordinates": [ [ [ 6.190381624978264, 46.198653694639226 ], [ 6.186761860521482, 46.201705181313997 ], [ 6.187229306577367, 46.206168131912513 ], [ 6.191316298497579, 46.207579526819451 ], [ 6.19493584599053, 46.204528206042568 ], [ 6.194468618514363, 46.200065324453654 ], [ 6.190381624978264, 46.198653694639226 ] ] ] } },
{ "type": "Feature", "properties": { "id": "887a8dc803fffff", "center": "(46.21909718268466, 6.2122135929794515)", "polygon": "[(6.208594758022102, 46.22214801020883), (6.212680067176595, 46.22355872857741), (6.21629876281438, 46.220507981711734), (6.215832366278058, 46.2160463504603), (6.211747055527578, 46.2146353971905), (6.208128142896646, 46.21768631006614)]", "points": "[(6.21044882, 46.21781378), (6.2104039, 46.21778892), (6.2105656, 46.21781378), (6.21167951, 46.21698088), (6.21169748, 46.21690008), (6.20833778, 46.21910661), (6.20833778, 46.21911283), (6.21499429, 46.21879584), (6.21498531, 46.21878962), (6.21476073, 46.21877719), (6.214775, 46.218792), (6.210557, 46.217834), (6.208325, 46.219143), (6.211678, 46.216999)]" }, "geometry": { "type": "Polygon", "coordinates": [ [ [ 6.211747055527578, 46.214635397190499 ], [ 6.208128142896646, 46.217686310066142 ], [ 6.208594758022102, 46.222148010208826 ], [ 6.212680067176595, 46.223558728577409 ], [ 6.21629876281438, 46.220507981711734 ], [ 6.215832366278058, 46.216046350460303 ], [ 6.211747055527578, 46.214635397190499 ] ] ] } },
{ "type": "Feature", "properties": { "id": "887a8dc327fffff", "center": "(46.21692592517756, 6.09376232149248)", "polygon": "[(6.09014001837793, 46.21997840504599), (6.094232457258321, 46.22138994329166), (6.09785462170142, 46.2183375441634), (6.097384564113989, 46.21387344061614), (6.093292122928612, 46.2124616672259), (6.089669741622909, 46.215514232520285)]", "points": "[(6.0928863, 46.2190631), (6.09244612, 46.21904446), (6.09291325, 46.21903202), (6.09582379, 46.21924957), (6.09558124, 46.21911904), (6.09594057, 46.2192247), (6.093403, 46.221027), (6.093956, 46.220615), (6.093146, 46.220909), (6.095159, 46.218674), (6.092413, 46.219093), (6.095536, 46.21912), (6.095535, 46.219173), (6.0940902, 46.2209378), (6.0944915, 46.2185848), (6.0937751, 46.2202315), (6.0921664, 46.21857)]" }, "geometry": { "type": "Polygon", "coordinates": [ [ [ 6.093292122928612, 46.212461667225902 ], [ 6.089669741622909, 46.215514232520285 ], [ 6.09014001837793, 46.219978405045993 ], [ 6.094232457258321, 46.221389943291662 ], [ 6.09785462170142, 46.218337544163397 ], [ 6.097384564113989, 46.21387344061614 ], [ 6.093292122928612, 46.212461667225902 ] ] ] } },
{ "type": "Feature", "properties": { "id": "887a8dca85fffff", "center": "(46.191366630266586, 6.181739084274647)", "polygon": "[(6.178118963614598, 46.194418363426685), (6.182206797508132, 46.19583021412979), (6.185826778921471, 46.192778561603276), (6.1853591433778, 46.18831489256085), (6.181271307894111, 46.18690280695959), (6.17765110953151, 46.18995462529169)]", "points": "[(6.18189137, 46.19210621), (6.18317597, 46.19290217), (6.18162188, 46.19242957), (6.18203511, 46.19187612)]" }, "geometry": { "type": "Polygon", "coordinates": [ [ [ 6.181271307894111, 46.186902806959587 ], [ 6.17765110953151, 46.189954625291691 ], [ 6.178118963614598, 46.194418363426685 ], [ 6.182206797508132, 46.195830214129792 ], [ 6.185826778921471, 46.192778561603276 ], [ 6.1853591433778, 46.188314892560847 ], [ 6.181271307894111, 46.186902806959587 ] ] ] } },
{ "type": "Feature", "properties": { "id": "887a8dd89dfffff", "center": "(46.23619155960258, 6.09973422391384)", "polygon": "[(6.096112372334703, 46.23924361667555), (6.10020396743096, 46.24065446360074), (6.103825680371689, 46.23760248729611), (6.103356015080363, 46.23313949772856), (6.099264417581998, 46.231728415624936), (6.095642487764327, 46.234780558260134)]", "points": "[(6.09676702, 46.23490405), (6.09659634, 46.23502211), (6.096416, 46.235313)]" }, "geometry": { "type": "Polygon", "coordinates": [ [ [ 6.099264417581998, 46.231728415624936 ], [ 6.095642487764327, 46.234780558260134 ], [ 6.096112372334703, 46.239243616675552 ], [ 6.10020396743096, 46.240654463600741 ], [ 6.103825680371689, 46.237602487296108 ], [ 6.103356015080363, 46.233139497728558 ], [ 6.099264417581998, 46.231728415624936 ] ] ] } },
{ "type": "Feature", "properties": { "id": "887a8dc035fffff", "center": "(46.150899106612854, 6.114417395588913)", "polygon": "[(6.110794737862722, 46.15395247001595), (6.114887613707343, 46.15536611677241), (6.118510132420486, 46.15231283398268), (6.118039992135343, 46.14784573888917), (6.11394711457057, 46.14643185719194), (6.110324378998359, 46.149485305521736)]", "points": "[(6.11241567, 46.14862156), (6.11254144, 46.14864645), (6.11228092, 46.14859666), (6.112534, 46.148666)]" }, "geometry": { "type": "Polygon", "coordinates": [ [ [ 6.11394711457057, 46.146431857191942 ], [ 6.110324378998359, 46.149485305521736 ], [ 6.110794737862722, 46.153952470015952 ], [ 6.114887613707343, 46.155366116772413 ], [ 6.118510132420486, 46.152312833982677 ], [ 6.118039992135343, 46.147845738889167 ], [ 6.11394711457057, 46.146431857191942 ] ] ] } },
{ "type": "Feature", "properties": { "id": "887a8dc10bfffff", "center": "(46.19109358043423, 6.118647094215574)", "polygon": "[(6.115025137781866, 46.19414617804013), (6.119116746219087, 46.19555843566498), (6.1227385637543374, 46.19250591873763), (6.122268989719739, 46.18804097828167), (6.118177379309058, 46.186628485626976), (6.1145553448937, 46.18968116845085)]", "points": "[(6.1193327, 46.19039609), (6.11900931, 46.19019087), (6.11962016, 46.19055777), (6.1208239, 46.1898675), (6.120601, 46.189762), (6.12056, 46.191479), (6.1187042, 46.1902142), (6.1192275, 46.1901424), (6.1162331, 46.1888079), (6.1195645, 46.1888424), (6.1171961, 46.1880391), (6.1225246, 46.1918565), (6.1151462, 46.1900893), (6.1181389, 46.1871262), (6.1185301, 46.1887723)]" }, "geometry": { "type": "Polygon", "coordinates": [ [ [ 6.118177379309058, 46.186628485626976 ], [ 6.1145553448937, 46.189681168450853 ], [ 6.115025137781866, 46.194146178040128 ], [ 6.119116746219087, 46.195558435664978 ], [ 6.122738563754337, 46.192505918737631 ], [ 6.122268989719739, 46.18804097828167 ], [ 6.118177379309058, 46.186628485626976 ] ] ] } },
{ "type": "Feature", "properties": { "id": "887a8dc1e1fffff", "center": "(46.16525958022631, 6.143529910142306)", "polygon": "[(6.139908303654066, 46.16831229433732), (6.14399907995563, 46.16972527085653), (6.147620547318765, 46.16667263736237), (6.147151455264689, 46.16220686171502), (6.143060677320836, 46.16079365028099), (6.139438993060625, 46.163846449401866)]", "points": "[(6.14690199, 46.16521697), (6.14708166, 46.16497433), (6.1468481, 46.16536006), (6.14052396, 46.16768687), (6.14044311, 46.16761844), (6.14061379, 46.16779263), (6.14001192, 46.16732604), (6.1448179, 46.16805393), (6.14488977, 46.16787973), (6.14489875, 46.16801038), (6.14378484, 46.16961544), (6.13967954, 46.16504898), (6.13966157, 46.16517964), (6.13964361, 46.16483745), (6.143533, 46.165932), (6.140133, 46.166836), (6.144915, 46.168018), (6.143775, 46.169632), (6.143393, 46.165798), (6.142695, 46.165104), (6.142612, 46.16497), (6.140416, 46.167679), (6.140302, 46.166901), (6.1445617, 46.1632679)]" }, "geometry": { "type": "Polygon", "coordinates": [ [ [ 6.143060677320836, 46.160793650280993 ], [ 6.139438993060625, 46.163846449401866 ], [ 6.139908303654066, 46.168312294337319 ], [ 6.14399907995563, 46.169725270856532 ], [ 6.147620547318765, 46.166672637362367 ], [ 6.147151455264689, 46.162206861715021 ], [ 6.143060677320836, 46.160793650280993 ] ] ] } },
{ "type": "Feature", "properties": { "id": "887a8dc1c3fffff", "center": "(46.14762007029019, 6.129847165055775)", "polygon": "[(6.12622490791379, 46.150673281122145), (6.1303169460863955, 46.152086941666006), (6.133939064118495, 46.149033811430726), (6.1334693608400634, 46.14456685515668), (6.129377321064188, 46.14315295971244), (6.125754986157294, 46.14620625543535)]", "points": "[(6.130516, 46.144146), (6.130494, 46.148064), (6.130554, 46.148045), (6.130611, 46.144012)]" }, "geometry": { "type": "Polygon", "coordinates": [ [ [ 6.129377321064188, 46.143152959712438 ], [ 6.125754986157294, 46.146206255435352 ], [ 6.12622490791379, 46.150673281122145 ], [ 6.130316946086396, 46.152086941666006 ], [ 6.133939064118495, 46.149033811430726 ], [ 6.133469360840063, 46.144566855156683 ], [ 6.129377321064188, 46.143152959712438 ] ] ] } },
{ "type": "Feature", "properties": { "id": "887a8dca67fffff", "center": "(46.25734774414268, 6.16107669171062)", "polygon": "[(6.157456921582163, 46.26039858975061), (6.161544319120785, 46.261808332437596), (6.165163950343376, 46.25875756758939), (6.164696400967886, 46.25429689361753), (6.1606090012563595, 46.25288691583018), (6.1569891530804775, 46.25593784710789)]", "points": "[(6.157703, 46.2603), (6.157734, 46.260029), (6.157678, 46.260262), (6.157732, 46.260132), (6.1579871, 46.2602536)]" }, "geometry": { "type": "Polygon", "coordinates": [ [ [ 6.160609001256359, 46.252886915830182 ], [ 6.156989153080477, 46.255937847107887 ], [ 6.157456921582163, 46.260398589750608 ], [ 6.161544319120785, 46.261808332437596 ], [ 6.165163950343376, 46.258757567589392 ], [ 6.164696400967886, 46.254296893617528 ], [ 6.160609001256359, 46.252886915830182 ] ] ] } },
{ "type": "Feature", "properties": { "id": "887a8dc135fffff", "center": "(46.192050133056014, 6.146343983889262)", "polygon": "[(6.1427228443493345, 46.19510233642845), (6.146812775647331, 46.196514387060795), (6.150433776138582, 46.193462264348604), (6.149965062230162, 46.188997925132675), (6.145875129121261, 46.18758563952627), (6.14225391171894, 46.1906379281026)]", "points": "[(6.14880642, 46.18991725), (6.14872557, 46.18979287), (6.14886032, 46.19004162), (6.14400044, 46.19183881), (6.1425811, 46.19172688), (6.14285958, 46.1919694), (6.14382976, 46.19178284), (6.14392857, 46.19219327), (6.14326382, 46.19170822), (6.14438671, 46.19166469), (6.14901304, 46.19459978), (6.14893219, 46.19465574), (6.14821353, 46.19400904), (6.14880642, 46.19427643), (6.14720742, 46.19552007), (6.1472164, 46.19557603), (6.14597673, 46.19116098), (6.14600368, 46.19126048), (6.14614741, 46.19134132), (6.14342551, 46.19489825), (6.14342551, 46.19500396), (6.14345246, 46.1945376), (6.14301229, 46.19502262), (6.143527, 46.190979), (6.148684, 46.193684), (6.148187, 46.194778), (6.14893, 46.190834), (6.148836, 46.190701), (6.148927, 46.190723), (6.149685, 46.192265), (6.14383, 46.191856), (6.147214, 46.195595), (6.145959, 46.191113), (6.146071, 46.191322), (6.148848, 46.190048), (6.143681, 46.191631), (6.148091, 46.191391), (6.148843, 46.190796), (6.145957, 46.191242), (6.149838, 46.19241), (6.1444798, 46.1915882), (6.1438287, 46.1940149), (6.1467022, 46.192095), (6.14602, 46.191157), (6.1475439, 46.1933165), (6.1449177, 46.1930898), (6.1487596, 46.1948567), (6.1484971, 46.1941134), (6.1453717, 46.1890918), (6.1461304, 46.1879289), (6.1440325, 46.1929841), (6.1463225, 46.1957388), (6.1430817, 46.1937722), (6.1487102, 46.1901014)]" }, "geometry": { "type": "Polygon", "coordinates": [ [ [ 6.145875129121261, 46.187585639526269 ], [ 6.14225391171894, 46.190637928102603 ], [ 6.142722844349334, 46.195102336428448 ], [ 6.146812775647331, 46.196514387060795 ], [ 6.150433776138582, 46.193462264348604 ], [ 6.149965062230162, 46.188997925132675 ], [ 6.145875129121261, 46.187585639526269 ] ] ] } },
{ "type": "Feature", "properties": { "id": "887a8dc9d9fffff", "center": "(46.20666530572257, 6.238475506927297)", "polygon": "[(6.234857259806278, 46.20971599533605), (6.238941311361789, 46.211126969744186), (6.242559418976079, 46.208076360749295), (6.242093692037903, 46.20361461147981), (6.238009639132363, 46.202203402255535), (6.2343913145022825, 46.20525417710967)]", "points": "[(6.239211, 46.204712), (6.238537, 46.204418)]" }, "geometry": { "type": "Polygon", "coordinates": [ [ [ 6.238009639132363, 46.202203402255535 ], [ 6.234391314502282, 46.205254177109673 ], [ 6.234857259806278, 46.209715995336047 ], [ 6.238941311361789, 46.211126969744186 ], [ 6.242559418976079, 46.208076360749295 ], [ 6.242093692037903, 46.203614611479807 ], [ 6.238009639132363, 46.202203402255535 ] ] ] } },
{ "type": "Feature", "properties": { "id": "887a8dc329fffff", "center": "(46.22020774419371, 6.078331660932521)", "polygon": "[(6.074708959840588, 46.22326037613735), (6.078802235165122, 46.22467190022291), (6.082424797682749, 46.221619349036104), (6.081954301709556, 46.21715510753799), (6.077861023962724, 46.215743348267544), (6.07423824459865, 46.21879606567289)]", "points": "[(6.07918699, 46.21678819), (6.07869292, 46.21773297), (6.07907919, 46.21680062), (6.07932174, 46.21673225), (6.07933072, 46.21829859), (6.07684239, 46.219666), (6.0767256, 46.21975301), (6.0768334, 46.21957277), (6.0761956, 46.22142493), (6.07695018, 46.2216984), (6.07687832, 46.22154923), (6.07575542, 46.22081584), (6.0753422, 46.22069153), (6.07498287, 46.22167975), (6.07481219, 46.2215368), (6.076731, 46.222515), (6.076923, 46.221733), (6.076862, 46.221588), (6.075519, 46.220364), (6.075703, 46.220276), (6.07924, 46.216682), (6.077072, 46.222523), (6.077404, 46.222385), (6.076572, 46.222561), (6.076528, 46.22261), (6.0808, 46.222733), (6.077721, 46.222515), (6.077574, 46.222279), (6.078064, 46.222698), (6.078067, 46.218513), (6.077884, 46.218575), (6.078598, 46.217819), (6.077256, 46.222439), (6.077075, 46.222538), (6.077002, 46.22171), (6.076795, 46.219604), (6.075538, 46.221531), (6.081408, 46.2183044), (6.0755504, 46.2224265), (6.0755498, 46.2218336)]" }, "geometry": { "type": "Polygon", "coordinates": [ [ [ 6.077861023962724, 46.215743348267544 ], [ 6.07423824459865, 46.21879606567289 ], [ 6.074708959840588, 46.223260376137347 ], [ 6.078802235165122, 46.224671900222909 ], [ 6.082424797682749, 46.221619349036104 ], [ 6.081954301709556, 46.217155107537991 ], [ 6.077861023962724, 46.215743348267544 ] ] ] } },
{ "type": "Feature", "properties": { "id": "887a8dcb13fffff", "center": "(46.25078445684269, 6.191900293134353)", "polygon": "[(6.188281323058082, 46.25383499910415), (6.192367044385439, 46.25524477046487), (6.195985875362967, 46.25219430892986), (6.195519201984497, 46.2477339097022), (6.191433478718201, 46.24632390332155), (6.187814430756546, 46.24937453118134)]", "points": "[(6.193943, 46.252789)]" }, "geometry": { "type": "Polygon", "coordinates": [ [ [ 6.191433478718201, 46.246323903321553 ], [ 6.187814430756546, 46.249374531181338 ], [ 6.188281323058082, 46.25383499910415 ], [ 6.192367044385439, 46.25524477046487 ], [ 6.195985875362967, 46.252194308929859 ], [ 6.195519201984497, 46.247733909702198 ], [ 6.191433478718201, 46.246323903321553 ] ] ] } },
{ "type": "Feature", "properties": { "id": "887a8dd8bbfffff", "center": "(46.23290953583887, 6.11515982420633)", "polygon": "[(6.111538370927976, 46.23596144099148), (6.1156291292362654, 46.23737230215887), (6.11925044377923, 46.23432047775798), (6.118781216894078, 46.229857625904366), (6.1146904563009326, 46.22844652959879), (6.111068924865056, 46.23149852027784)]", "points": "[(6.11220008, 46.2332139), (6.1126133, 46.23336925), (6.11190363, 46.23303992), (6.11588317, 46.23587959), (6.115973, 46.23590444), (6.11648504, 46.23484191), (6.1185871, 46.23337546), (6.11816489, 46.23347489), (6.11860506, 46.23351217), (6.11857811, 46.23319526), (6.11726657, 46.23060402), (6.11727556, 46.2306848), (6.11722166, 46.23056673), (6.115868, 46.235897), (6.115815, 46.23595), (6.115669, 46.236183), (6.118739, 46.233421), (6.118537, 46.233253), (6.116463, 46.234867), (6.117943, 46.233707), (6.118685, 46.233456), (6.114396, 46.234562), (6.115151, 46.235985), (6.116864, 46.23444), (6.11857, 46.233486), (6.118495, 46.233322), (6.117176, 46.230595)]" }, "geometry": { "type": "Polygon", "coordinates": [ [ [ 6.114690456300933, 46.228446529598791 ], [ 6.111068924865056, 46.231498520277839 ], [ 6.111538370927976, 46.235961440991481 ], [ 6.115629129236265, 46.237372302158867 ], [ 6.11925044377923, 46.234320477757983 ], [ 6.118781216894078, 46.229857625904366 ], [ 6.114690456300933, 46.228446529598791 ] ] ] } },
{ "type": "Feature", "properties": { "id": "887a8dc1c5fffff", "center": "(46.16101996667162, 6.131256319263401)", "polygon": "[(6.127634295506676, 46.16407292263637), (6.131725911409116, 46.16548612023128), (6.135347796094169, 46.16243324488499), (6.134878281745885, 46.15796700632995), (6.130786664155713, 46.156553573804835), (6.1271645625888205, 46.15960661475773)]", "points": "[(6.12899857, 46.16384198), (6.12907044, 46.16382332), (6.127741, 46.163311), (6.128541, 46.163692)]" }, "geometry": { "type": "Polygon", "coordinates": [ [ [ 6.130786664155713, 46.156553573804835 ], [ 6.12716456258882, 46.159606614757728 ], [ 6.127634295506676, 46.164072922636372 ], [ 6.131725911409116, 46.165486120231279 ], [ 6.135347796094169, 46.162433244884987 ], [ 6.134878281745885, 46.157967006329947 ], [ 6.130786664155713, 46.156553573804835 ] ] ] } },
{ "type": "Feature", "properties": { "id": "887a8dca69fffff", "center": "(46.26062988582013, 6.145661177947624)", "polygon": "[(6.142041008615335, 46.26368088309387), (6.146129243741925, 46.265090611414955), (6.149749274264977, 46.26203969491756), (6.149281286586359, 46.25757888361006), (6.14519304916976, 46.256168920148426), (6.141572801709043, 46.25922000312767)]", "points": "[(6.14795302, 46.26110087), (6.14760268, 46.26103255), (6.1481237, 46.2611195), (6.14351535, 46.26121266), (6.14345246, 46.26109466), (6.14355128, 46.26128719), (6.14639894, 46.26450423), (6.14649775, 46.26452286), (6.14629114, 46.26450423), (6.14520418, 46.25970965), (6.14505147, 46.25953575), (6.1456174, 46.25960407), (6.14541977, 46.25992082), (6.14651572, 46.25927489), (6.14502, 46.259563), (6.143554, 46.261311), (6.146278, 46.264526)]" }, "geometry": { "type": "Polygon", "coordinates": [ [ [ 6.14519304916976, 46.256168920148426 ], [ 6.141572801709043, 46.259220003127673 ], [ 6.142041008615335, 46.263680883093869 ], [ 6.146129243741925, 46.265090611414955 ], [ 6.149749274264977, 46.262039694917561 ], [ 6.149281286586359, 46.257578883610059 ], [ 6.14519304916976, 46.256168920148426 ] ] ] } },
{ "type": "Feature", "properties": { "id": "887a8dc137fffff", "center": "(46.1845333464241, 6.149496285296737)", "polygon": "[(6.145875129121261, 46.18758563952627), (6.149965062230162, 46.188997925132675), (6.1535860793136905, 46.18594571267574), (6.153117380187046, 46.18148104881343), (6.149027445338597, 46.18006852825781), (6.145406211343594, 46.18312090650648)]", "points": "[(6.14741403, 46.1872742), (6.14718047, 46.18729908), (6.14769251, 46.18726799), (6.14622826, 46.18515346), (6.14586893, 46.18443202), (6.14650674, 46.1861361), (6.14665945, 46.18628536), (6.15013593, 46.18462482), (6.15033356, 46.18455019), (6.14983949, 46.18474299), (6.146526, 46.187218), (6.152709, 46.183044), (6.14597, 46.184944), (6.147203, 46.187286), (6.146644, 46.186272), (6.15024, 46.184692), (6.149782, 46.184666), (6.1501828, 46.1848543), (6.1472321, 46.184996)]" }, "geometry": { "type": "Polygon", "coordinates": [ [ [ 6.149027445338597, 46.180068528257813 ], [ 6.145406211343594, 46.183120906506481 ], [ 6.145875129121261, 46.187585639526269 ], [ 6.149965062230162, 46.188997925132675 ], [ 6.153586079313691, 46.185945712675739 ], [ 6.153117380187046, 46.181481048813431 ], [ 6.149027445338597, 46.180068528257813 ] ] ] } },
{ "type": "Feature", "properties": { "id": "887a8dc061fffff", "center": "(46.17673897364962, 6.089528273731219)", "polygon": "[(6.085905267437874, 46.17979222118826), (6.089998974666482, 46.18120514904472), (6.093621842173789, 46.17815198218128), (6.093151219281508, 46.17368572164394), (6.089057510001187, 46.17227255873144), (6.085434425652127, 46.175325891405066)]", "points": "[(6.08942778, 46.17870366), (6.08981406, 46.1788094), (6.08897863, 46.17864146), (6.08844862, 46.17801323), (6.08860133, 46.17802567), (6.08828692, 46.1783118), (6.08803539, 46.17862902), (6.088466, 46.178055), (6.088597, 46.178047), (6.08857, 46.178036), (6.088562, 46.178509), (6.0892869, 46.1785367)]" }, "geometry": { "type": "Polygon", "coordinates": [ [ [ 6.089057510001187, 46.172272558731443 ], [ 6.085434425652127, 46.175325891405066 ], [ 6.085905267437874, 46.179792221188258 ], [ 6.089998974666482, 46.181205149044722 ], [ 6.093621842173789, 46.178151982181276 ], [ 6.093151219281508, 46.173685721643942 ], [ 6.089057510001187, 46.172272558731443 ] ] ] } },
{ "type": "Feature", "properties": { "id": "887a8dc9dbfffff", "center": "(46.199152622797165, 6.241627901724217)", "polygon": "[(6.238009639132363, 46.202203402255535), (6.242093692037903, 46.20361461147981), (6.245711815079918, 46.200563912625064), (6.245246102219662, 46.19610183875185), (6.241162048035154, 46.194690394736206), (6.237543707977128, 46.197741259377935)]", "points": "[(6.238038, 46.199474), (6.239468, 46.198322), (6.23921, 46.198231), (6.237925, 46.199059), (6.23783, 46.199268), (6.237716, 46.199238), (6.238072, 46.198471), (6.238258, 46.198261), (6.23931, 46.197552)]" }, "geometry": { "type": "Polygon", "coordinates": [ [ [ 6.241162048035154, 46.194690394736206 ], [ 6.237543707977128, 46.197741259377935 ], [ 6.238009639132363, 46.202203402255535 ], [ 6.242093692037903, 46.203614611479807 ], [ 6.245711815079918, 46.200563912625064 ], [ 6.245246102219662, 46.196101838751851 ], [ 6.241162048035154, 46.194690394736206 ] ] ] } },
{ "type": "Feature", "properties": { "id": "887a8dc32bfffff", "center": "(46.2126906261752, 6.081483742984149)", "polygon": "[(6.077861023962724, 46.215743348267544), (6.081954301709556, 46.21715510753799), (6.085576882113274, 46.21410246618751), (6.085106401604482, 46.209637899413195), (6.081013121506881, 46.20822590498263), (6.077390324256113, 46.21127871247929)]", "points": "[(6.08187295, 46.21524045), (6.08182804, 46.2152591), (6.08198973, 46.21522181), (6.07909716, 46.21269809), (6.07935767, 46.2128162), (6.078648, 46.21254269), (6.07897139, 46.21274782), (6.081828, 46.215282), (6.078956, 46.212498), (6.0811479, 46.2128142)]" }, "geometry": { "type": "Polygon", "coordinates": [ [ [ 6.081013121506881, 46.208225904982633 ], [ 6.077390324256113, 46.211278712479292 ], [ 6.077861023962724, 46.215743348267544 ], [ 6.081954301709556, 46.217155107537991 ], [ 6.085576882113274, 46.214102466187512 ], [ 6.085106401604482, 46.209637899413195 ], [ 6.081013121506881, 46.208225904982633 ] ] ] } },
{ "type": "Feature", "properties": { "id": "887a8dca6bfffff", "center": "(46.25311783225788, 6.148813235909173)", "polygon": "[(6.14519304916976, 46.256168920148426), (6.149281286586359, 46.25757888361006), (6.152901334473238, 46.25452787648097), (6.1524333618689635, 46.250066739473326), (6.1483451222336285, 46.2486565408957), (6.144724857408576, 46.251707714434545)]", "points": "[(6.15139357, 46.25174674), (6.15130374, 46.2517219), (6.1514834, 46.25184613), (6.14661453, 46.25034286), (6.14666843, 46.25039256), (6.14656962, 46.25031181), (6.14724, 46.250244), (6.151456, 46.251862), (6.146459, 46.250359), (6.146262, 46.250462), (6.1474675, 46.2501745), (6.1469904, 46.2500836)]" }, "geometry": { "type": "Polygon", "coordinates": [ [ [ 6.148345122233629, 46.248656540895702 ], [ 6.144724857408576, 46.251707714434545 ], [ 6.14519304916976, 46.256168920148426 ], [ 6.149281286586359, 46.257578883610059 ], [ 6.152901334473238, 46.254527876480971 ], [ 6.152433361868964, 46.250066739473326 ], [ 6.148345122233629, 46.248656540895702 ] ] ] } },
{ "type": "Feature", "properties": { "id": "887a8dcacbfffff", "center": "(46.19041013707771, 6.15405471540027)", "polygon": "[(6.150433776138582, 46.193462264348604), (6.154523288446502, 46.19487432198439), (6.158144088611189, 46.19182227536542), (6.157675593374057, 46.18735800526545), (6.1535860793136905, 46.18594571267574), (6.149965062230162, 46.188997925132675)]", "points": "[(6.15154628, 46.18813865), (6.15193256, 46.18871701), (6.1547353, 46.18790233), (6.15513056, 46.18817596), (6.15429513, 46.18811377), (6.15045932, 46.18878542), (6.15046831, 46.18876676), (6.15247155, 46.18996078), (6.1522829, 46.18971203), (6.1526063, 46.19017221), (6.15637922, 46.1893389), (6.15667566, 46.18906527), (6.15575938, 46.18894089), (6.15385495, 46.19377896), (6.15433106, 46.19408366), (6.15309139, 46.19412097), (6.15327105, 46.19216217), (6.15336088, 46.19224302), (6.15307342, 46.19192587), (6.15037847, 46.19024062), (6.15035153, 46.19017221), (6.1505761, 46.19316335), (6.15071085, 46.19326906), (6.15049526, 46.19315091), (6.15043237, 46.19257881), (6.15185171, 46.19333746), (6.15024373, 46.1913662), (6.15598, 46.189186), (6.155813, 46.189674), (6.15473, 46.194397), (6.150402, 46.189941), (6.152783, 46.191795), (6.150458, 46.192642), (6.155245, 46.188484), (6.153702, 46.193497), (6.153208, 46.194122), (6.151967, 46.189617), (6.153368, 46.192287), (6.151867, 46.193279), (6.150549, 46.193165), (6.156084, 46.189194), (6.151866, 46.193325), (6.152802, 46.19101), (6.152827, 46.191071), (6.1541875, 46.1923125), (6.1506875, 46.1929375), (6.1526665, 46.1907713), (6.1534958, 46.1916875), (6.1576066, 46.1907538), (6.1554907, 46.187437), (6.1527109, 46.188709), (6.157216, 46.1920798), (6.1536493, 46.1934291), (6.150432, 46.1887521), (6.150428, 46.1906208), (6.15685, 46.19101)]" }, "geometry": { "type": "Polygon", "coordinates": [ [ [ 6.153586079313691, 46.185945712675739 ], [ 6.149965062230162, 46.188997925132675 ], [ 6.150433776138582, 46.193462264348604 ], [ 6.154523288446502, 46.194874321984393 ], [ 6.158144088611189, 46.191822275365418 ], [ 6.157675593374057, 46.187358005265452 ], [ 6.153586079313691, 46.185945712675739 ] ] ] } },
{ "type": "Feature", "properties": { "id": "887a8dc139fffff", "center": "(46.187813297197145, 6.134072927696915)", "polygon": "[(6.1304513711177355, 46.190865742553584), (6.134542142064108, 46.19227801417889), (6.138163559648009, 46.189225649484335), (6.137694423168668, 46.184760847313115), (6.133603650365851, 46.18334834069829), (6.129982015886072, 46.18640087123697)]", "points": "[(6.13566407, 46.1853587), (6.13585272, 46.18575051), (6.13546644, 46.18470567), (6.13710137, 46.18863616), (6.13668815, 46.18831278), (6.13693968, 46.18902795), (6.13596051, 46.19073812), (6.13534966, 46.19066349), (6.13383151, 46.19037121), (6.13359795, 46.19028415), (6.13406507, 46.19045828), (6.13101978, 46.18891601), (6.13076825, 46.18884761), (6.13123538, 46.18902174), (6.135484, 46.18494), (6.131867, 46.187786), (6.135403, 46.185516), (6.131164, 46.189045), (6.133992, 46.190495), (6.131177, 46.189011), (6.1372298, 46.1898914), (6.1333889, 46.1892222), (6.1355833, 46.1845), (6.1339411, 46.1857476), (6.134159, 46.1879435), (6.1357744, 46.1901998), (6.1366381, 46.1869013), (6.1340863, 46.1907666), (6.1365016, 46.1880603), (6.135989, 46.1895752), (6.1375745, 46.1860018), (6.1355964, 46.1879692), (6.1329158, 46.1880196)]" }, "geometry": { "type": "Polygon", "coordinates": [ [ [ 6.133603650365851, 46.183348340698288 ], [ 6.129982015886072, 46.18640087123697 ], [ 6.130451371117736, 46.190865742553584 ], [ 6.134542142064108, 46.192278014178889 ], [ 6.138163559648009, 46.189225649484335 ], [ 6.137694423168668, 46.184760847313115 ], [ 6.133603650365851, 46.183348340698288 ] ] ] } },
{ "type": "Feature", "properties": { "id": "887a8dcab3fffff", "center": "(46.167179159799, 6.1989039232638286)", "polygon": "[(6.1952839558590655, 46.170231085575026), (6.199371374771042, 46.171643647837), (6.202991202751392, 46.168591802641224), (6.202523828764751, 46.16412722961405), (6.198436408534631, 46.1627144325487), (6.19481636359656, 46.165766443306644)]", "points": "[(6.201162, 46.168171), (6.201447, 46.168121)]" }, "geometry": { "type": "Polygon", "coordinates": [ [ [ 6.198436408534631, 46.162714432548697 ], [ 6.19481636359656, 46.165766443306644 ], [ 6.195283955859066, 46.170231085575026 ], [ 6.199371374771042, 46.171643647837001 ], [ 6.202991202751392, 46.168591802641224 ], [ 6.202523828764751, 46.164127229614053 ], [ 6.198436408534631, 46.162714432548697 ] ] ] } },
{ "type": "Feature", "properties": { "id": "887a8dc151fffff", "center": "(46.18685612342804, 6.1063710069826325)", "polygon": "[(6.1027486339606964, 46.18990896307293), (6.106841081632146, 46.19132144174815), (6.110463315809208, 46.18826868278349), (6.109993319166813, 46.18380327925984), (6.105900869476292, 46.18239056553931), (6.1022784184345165, 46.185443490380486)]", "points": "[(6.10638798, 46.18590599), (6.10603763, 46.18582514), (6.10681917, 46.18598062), (6.10334269, 46.18999187), (6.10450151, 46.1872058), (6.10433982, 46.18714982), (6.10460033, 46.1871747), (6.103693, 46.185127), (6.10384, 46.185371), (6.103312, 46.190083), (6.110233, 46.187317), (6.104764, 46.185276), (6.104356, 46.187168), (6.103858, 46.185394), (6.1070936, 46.1869044), (6.1032268, 46.1896316), (6.103676, 46.1869324), (6.1028346, 46.1862924), (6.1039575, 46.1892298)]" }, "geometry": { "type": "Polygon", "coordinates": [ [ [ 6.105900869476292, 46.182390565539308 ], [ 6.102278418434516, 46.185443490380486 ], [ 6.102748633960696, 46.189908963072931 ], [ 6.106841081632146, 46.191321441748151 ], [ 6.110463315809208, 46.188268682783487 ], [ 6.109993319166813, 46.183803279259841 ], [ 6.105900869476292, 46.182390565539308 ] ] ] } },
{ "type": "Feature", "properties": { "id": "887a8dc32dfffff", "center": "(46.22608335063469, 6.082895230903369)", "polygon": "[(6.079272746660175, 46.2291358163203), (6.0833656013710495, 46.23054711229887), (6.086987947034732, 46.22749472737672), (6.086517654828748, 46.22303088020414), (6.082424797682749, 46.221619349036104), (6.078802235165122, 46.22467190022291)]", "points": "[(6.08319347, 46.2258189), (6.08387619, 46.22541495), (6.08308568, 46.226198), (6.08330127, 46.2258189), (6.08393009, 46.22559517), (6.08269042, 46.22657709), (6.08254669, 46.2260737), (6.081234, 46.225075), (6.083336, 46.226044), (6.086171, 46.227779), (6.08553, 46.22279), (6.081248, 46.225033), (6.083861, 46.225906), (6.084488, 46.225536), (6.085407, 46.222698), (6.083835, 46.225441), (6.0840604, 46.2259576), (6.0814781, 46.2278728), (6.0799865, 46.2271596), (6.0796874, 46.2284672), (6.0799519, 46.2288771), (6.0833345, 46.2245564)]" }, "geometry": { "type": "Polygon", "coordinates": [ [ [ 6.082424797682749, 46.221619349036104 ], [ 6.078802235165122, 46.224671900222909 ], [ 6.079272746660175, 46.229135816320301 ], [ 6.08336560137105, 46.230547112298872 ], [ 6.086987947034732, 46.227494727376722 ], [ 6.086517654828748, 46.223030880204142 ], [ 6.082424797682749, 46.221619349036104 ] ] ] } },
{ "type": "Feature", "properties": { "id": "887a8dd8a3fffff", "center": "(46.25216948559811, 6.121126722409247)", "polygon": "[(6.117505720595678, 46.255220967542115), (6.12159563483765, 46.25663113749069), (6.125216497948922, 46.25357973632651), (6.124747663712653, 46.24911799876421), (6.120657747088918, 46.24770759364379), (6.117036667070475, 46.25075916125035)]", "points": "[(6.120574, 46.248718), (6.118044, 46.251064), (6.121141, 46.248356), (6.121064, 46.24831), (6.120005, 46.249187), (6.120783, 46.248657), (6.118001, 46.251099), (6.119496, 46.249866), (6.117862, 46.250969), (6.118106, 46.250999)]" }, "geometry": { "type": "Polygon", "coordinates": [ [ [ 6.120657747088918, 46.247707593643788 ], [ 6.117036667070475, 46.25075916125035 ], [ 6.117505720595678, 46.255220967542115 ], [ 6.12159563483765, 46.256631137490693 ], [ 6.125216497948922, 46.253579736326508 ], [ 6.124747663712653, 46.249117998764213 ], [ 6.120657747088918, 46.247707593643788 ] ] ] } },
{ "type": "Feature", "properties": { "id": "887a8dc801fffff", "center": "(46.22660947071785, 6.2090613099078675)", "polygon": "[(6.205442491066383, 46.22966020811573), (6.2095277985537685, 46.2310706915584), (6.213146478118835, 46.22802003483391), (6.212680067176595, 46.22355872857741), (6.208594758022102, 46.22214801020883), (6.204975861464203, 46.225198833015476)]", "points": "[(6.20973017, 46.22706183), (6.20982898, 46.2270929), (6.20962237, 46.22703697), (6.206845, 46.224766), (6.206919, 46.224712), (6.209623, 46.227066)]" }, "geometry": { "type": "Polygon", "coordinates": [ [ [ 6.208594758022102, 46.222148010208826 ], [ 6.204975861464203, 46.225198833015476 ], [ 6.205442491066383, 46.229660208115732 ], [ 6.209527798553768, 46.231070691558401 ], [ 6.213146478118835, 46.228020034833911 ], [ 6.212680067176595, 46.223558728577409 ], [ 6.208594758022102, 46.222148010208826 ] ] ] } },
{ "type": "Feature", "properties": { "id": "887a8dca6dfffff", "center": "(46.26650026614566, 6.150217198944788)", "polygon": "[(6.146597246552426, 46.26955109689822), (6.15068506062553, 46.27096059725968), (6.154304874203585, 46.267909847290035), (6.153837090640784, 46.263449430424025), (6.149749274264977, 46.26203969491756), (6.146129243741925, 46.265090611414955)]", "points": "[(6.14850998, 46.26481475), (6.14865371, 46.26478991), (6.1482854, 46.2648458)]" }, "geometry": { "type": "Polygon", "coordinates": [ [ [ 6.149749274264977, 46.262039694917561 ], [ 6.146129243741925, 46.265090611414955 ], [ 6.146597246552426, 46.269551096898219 ], [ 6.15068506062553, 46.27096059725968 ], [ 6.154304874203585, 46.267909847290035 ], [ 6.153837090640784, 46.263449430424025 ], [ 6.149749274264977, 46.262039694917561 ] ] ] } },
{ "type": "Feature", "properties": { "id": "887a8dca83fffff", "center": "(46.177974442153975, 6.180335565692774)", "polygon": "[(6.176715211970283, 46.181026430733134), (6.1808034683667294, 46.18243874424374), (6.184423682804279, 46.17938683627649), (6.18395585777491, 46.174922449104436), (6.179867599872457, 46.17350990072524), (6.1762471684926386, 46.17656197437947)]", "points": "[(6.18158595, 46.18161456), (6.1816668, 46.18148395), (6.181559, 46.18168298), (6.18208002, 46.17869744), (6.18137934, 46.178374), (6.18204409, 46.17857304), (6.17969949, 46.17705533), (6.17965457, 46.17698068), (6.17983423, 46.17711131), (6.179604, 46.177021), (6.181623, 46.181541)]" }, "geometry": { "type": "Polygon", "coordinates": [ [ [ 6.179867599872457, 46.173509900725243 ], [ 6.176247168492639, 46.176561974379467 ], [ 6.176715211970283, 46.181026430733134 ], [ 6.180803468366729, 46.18243874424374 ], [ 6.184423682804279, 46.179386836276493 ], [ 6.18395585777491, 46.174922449104436 ], [ 6.179867599872457, 46.173509900725243 ] ] ] } },
{ "type": "Feature", "properties": { "id": "887a8dc8c1fffff", "center": "(46.18480822571409, 6.212565818979776)", "polygon": "[(6.208946502477014, 46.18785965454622), (6.213032658400834, 46.189271533218026), (6.216651835464401, 46.18622018498619), (6.216185073570926, 46.18175679237445), (6.212098916290223, 46.18034467888506), (6.208479522247134, 46.18339619281777)]", "points": "[(6.215273, 46.182716), (6.215272, 46.182755), (6.209591, 46.184288), (6.21599, 46.184814), (6.209315, 46.184444), (6.215939, 46.184788), (6.216003, 46.184814)]" }, "geometry": { "type": "Polygon", "coordinates": [ [ [ 6.212098916290223, 46.180344678885056 ], [ 6.208479522247134, 46.183396192817767 ], [ 6.208946502477014, 46.187859654546223 ], [ 6.213032658400834, 46.189271533218026 ], [ 6.216651835464401, 46.18622018498619 ], [ 6.216185073570926, 46.181756792374451 ], [ 6.212098916290223, 46.180344678885056 ] ] ] } },
{ "type": "Feature", "properties": { "id": "887a8dc13bfffff", "center": "(46.18029580565712, 6.137225223710399)", "polygon": "[(6.133603650365851, 46.18334834069829), (6.137694423168668, 46.184760847313115), (6.141315857474672, 46.18170839291884), (6.140846735861402, 46.177243266130795), (6.136755961273507, 46.1758305245513), (6.133134310071217, 46.17888314471728)]", "points": "[(6.13531373, 46.18350532), (6.13584373, 46.18365459), (6.13584373, 46.18351776), (6.13565509, 46.183213), (6.13508017, 46.18326276), (6.13617611, 46.18257239), (6.13839495, 46.1798668), (6.13883512, 46.17963666), (6.1384758, 46.17951848), (6.13802664, 46.1796491), (6.1385836, 46.1798357), (6.13902377, 46.17935676), (6.13822427, 46.18063806), (6.13797274, 46.17970508), (6.13848478, 46.18050744), (6.13864648, 46.17937542), (6.13869139, 46.17966154), (6.14082938, 46.1812165), (6.1409282, 46.18140309), (6.14068565, 46.18106101), (6.14008378, 46.18102991), (6.13782003, 46.1827652), (6.13786494, 46.18323788), (6.13930225, 46.17892758), (6.13946394, 46.17884672), (6.138366, 46.180794), (6.138823, 46.179653), (6.138529, 46.179005), (6.137951, 46.179718), (6.138738, 46.179424), (6.13867, 46.17968), (6.138197, 46.180988), (6.138823, 46.179668), (6.137708, 46.183891), (6.135596, 46.183018), (6.140731, 46.18111), (6.137801, 46.182785), (6.140066, 46.181305), (6.138281, 46.180664), (6.13785, 46.183235), (6.137579, 46.18388), (6.135878, 46.183674), (6.137671, 46.183495), (6.136217, 46.182426), (6.1390625, 46.1803125), (6.1344554, 46.182835)]" }, "geometry": { "type": "Polygon", "coordinates": [ [ [ 6.136755961273507, 46.175830524551301 ], [ 6.133134310071217, 46.178883144717283 ], [ 6.133603650365851, 46.183348340698288 ], [ 6.137694423168668, 46.184760847313115 ], [ 6.141315857474672, 46.181708392918843 ], [ 6.140846735861402, 46.177243266130795 ], [ 6.136755961273507, 46.175830524551301 ] ] ] } },
{ "type": "Feature", "properties": { "id": "887a8dc109fffff", "center": "(46.19861094802057, 6.115494867782092)", "polygon": "[(6.111872928501707, 46.2016634557871), (6.115964534894045, 46.20307547835726), (6.119586335319293, 46.2000230512843), (6.119116746219087, 46.19555843566498), (6.115025137781866, 46.19414617804013), (6.111403120476985, 46.19719877108204)]", "points": "[(6.11538011, 46.19705593), (6.11518248, 46.1970808), (6.11549689, 46.1970124), (6.11791336, 46.19647765), (6.11810201, 46.19651496), (6.11771573, 46.196459), (6.115476, 46.197052), (6.117692, 46.196484), (6.118118, 46.196526), (6.1173322, 46.1963759)]" }, "geometry": { "type": "Polygon", "coordinates": [ [ [ 6.115025137781866, 46.194146178040128 ], [ 6.111403120476985, 46.197198771082043 ], [ 6.111872928501707, 46.201663455787099 ], [ 6.115964534894045, 46.203075478357263 ], [ 6.119586335319293, 46.200023051284298 ], [ 6.119116746219087, 46.195558435664978 ], [ 6.115025137781866, 46.194146178040128 ] ] ] } },
{ "type": "Feature", "properties": { "id": "887a8dc065fffff", "center": "(46.182618003192886, 6.094092402255858)", "polygon": "[(6.090469612806601, 46.18567108488174), (6.0945628995273475, 46.187083784643775), (6.098185550185395, 46.18403078363679), (6.09771513095922, 46.17956491700407), (6.093621842173789, 46.17815198218128), (6.089998974666482, 46.18120514904472)]", "points": "[(6.09091, 46.18323166), (6.09084712, 46.183213), (6.09092797, 46.18329386), (6.09468293, 46.18078111), (6.0936858, 46.18040171), (6.09563514, 46.18116052), (6.09434157, 46.18437604), (6.09431462, 46.18441958), (6.09422479, 46.18438848), (6.09095492, 46.18496688), (6.09071237, 46.18501664), (6.09139509, 46.18489847), (6.090953, 46.183285), (6.094177, 46.18441), (6.0930608, 46.1845967)]" }, "geometry": { "type": "Polygon", "coordinates": [ [ [ 6.093621842173789, 46.178151982181276 ], [ 6.089998974666482, 46.181205149044722 ], [ 6.090469612806601, 46.18567108488174 ], [ 6.094562899527348, 46.187083784643775 ], [ 6.098185550185395, 46.184030783636793 ], [ 6.09771513095922, 46.179564917004072 ], [ 6.093621842173789, 46.178151982181276 ] ] ] } },
{ "type": "Feature", "properties": { "id": "887a8dcab5fffff", "center": "(46.180571906136244, 6.20030608811861)", "polygon": "[(6.196686353404268, 46.183623576772526), (6.2007733499585225, 46.18503567632752), (6.204392945286675, 46.18198408629316), (6.203925761012569, 46.17752023101574), (6.199838763056034, 46.17610789662774), (6.196218950763148, 46.17915965234294)]", "points": "[(6.201311, 46.182732), (6.201092, 46.182625), (6.200757, 46.183689), (6.197319, 46.183384), (6.201066, 46.184364)]" }, "geometry": { "type": "Polygon", "coordinates": [ [ [ 6.199838763056034, 46.176107896627741 ], [ 6.196218950763148, 46.179159652342939 ], [ 6.196686353404268, 46.183623576772526 ], [ 6.200773349958522, 46.185035676327523 ], [ 6.204392945286675, 46.181984086293163 ], [ 6.203925761012569, 46.177520231015741 ], [ 6.199838763056034, 46.176107896627741 ] ] ] } },
{ "type": "Feature", "properties": { "id": "887a8dc833fffff", "center": "(46.20830494734228, 6.230772927892128)", "polygon": "[(6.227154479360075, 46.21135571293608), (6.231238950732984, 46.21276668030295), (6.234857259806278, 46.20971599533605), (6.2343913145022825, 46.20525417710967), (6.2303068417210925, 46.20384297490655), (6.226688315639432, 46.20689382575886)]", "points": "[(6.23207127, 46.21092023), (6.23201737, 46.21088293), (6.23225093, 46.21101969), (6.22898106, 46.21195836), (6.22911581, 46.21201431), (6.22889123, 46.21191485), (6.23030159, 46.20827199), (6.23041837, 46.2083528), (6.23022074, 46.2082036), (6.22723833, 46.20647533), (6.22740901, 46.20654372), (6.228943, 46.211872), (6.230403, 46.208363), (6.229078, 46.212017), (6.228495, 46.211433), (6.230563, 46.211052), (6.232018, 46.210922), (6.228227, 46.211319), (6.232484, 46.21154), (6.232693, 46.211445), (6.228285, 46.211384), (6.231591, 46.210579)]" }, "geometry": { "type": "Polygon", "coordinates": [ [ [ 6.230306841721093, 46.20384297490655 ], [ 6.226688315639432, 46.206893825758861 ], [ 6.227154479360075, 46.211355712936083 ], [ 6.231238950732984, 46.212766680302948 ], [ 6.234857259806278, 46.209715995336047 ], [ 6.234391314502282, 46.205254177109673 ], [ 6.230306841721093, 46.20384297490655 ] ] ] } },
{ "type": "Feature", "properties": { "id": "887a8dc1cbfffff", "center": "(46.14925954686455, 6.122132589923263)", "polygon": "[(6.118510132420486, 46.15231283398268), (6.122602589472501, 46.153726487635254), (6.12622490791379, 46.150673281122145), (6.125754986157294, 46.14620625543535), (6.121662527443584, 46.14479236686222), (6.118039992135343, 46.14784573888917)]", "points": "[(6.12236002, 46.15159628), (6.12229714, 46.15154649), (6.1224229, 46.15160873), (6.11885659, 46.14776271), (6.11876676, 46.14776271), (6.11897337, 46.14772537), (6.122083, 46.150978), (6.118924, 46.147736), (6.122451, 46.151176), (6.122378, 46.1516), (6.1212293, 46.1489174)]" }, "geometry": { "type": "Polygon", "coordinates": [ [ [ 6.121662527443584, 46.14479236686222 ], [ 6.118039992135343, 46.147845738889167 ], [ 6.118510132420486, 46.152312833982677 ], [ 6.122602589472501, 46.153726487635254 ], [ 6.12622490791379, 46.150673281122145 ], [ 6.125754986157294, 46.146206255435352 ], [ 6.121662527443584, 46.14479236686222 ] ] ] } },
{ "type": "Feature", "properties": { "id": "887a8dc13dfffff", "center": "(46.19369021213585, 6.138632633148121)", "polygon": "[(6.135011293467132, 46.196742491608596), (6.139101643668689, 46.19815453523265), (6.1427228443493345, 46.19510233642845), (6.14225391171894, 46.1906379281026), (6.138163559648009, 46.189225649484335), (6.134542142064108, 46.19227801417889)]", "points": "[(6.13829613, 46.192641), (6.13804461, 46.1925726), (6.13851173, 46.19274671), (6.13930225, 46.19760932), (6.13930225, 46.19759067), (6.13755053, 46.19710567), (6.13672408, 46.19063862), (6.14093718, 46.19511589), (6.14091023, 46.19521538), (6.14086532, 46.19455003), (6.14123363, 46.19480498), (6.14108989, 46.195632), (6.14206008, 46.19442567), (6.14170973, 46.19437592), (6.14234754, 46.19292705), (6.1423116, 46.19254772), (6.14250025, 46.19307007), (6.141932, 46.19553), (6.138017, 46.19706), (6.141774, 46.194134), (6.141222, 46.19474), (6.142046, 46.194443), (6.134987, 46.192375), (6.138084, 46.197033), (6.137461, 46.197083), (6.141982, 46.195499), (6.1383047, 46.1974694), (6.1406472, 46.1953993), (6.1418347, 46.1945202), (6.1387761, 46.1963724), (6.1348118, 46.1941658), (6.1420419, 46.1936652), (6.1369809, 46.1973313), (6.137587, 46.196533), (6.1401122, 46.1931539), (6.1379691, 46.1912411), (6.1422982, 46.1925342), (6.138701, 46.1914868), (6.1410805, 46.1912034), (6.13688, 46.1960095), (6.1355364, 46.1960136), (6.1418084, 46.1913354), (6.1397367, 46.191221), (6.1384177, 46.1901977), (6.1385103, 46.1893491)]" }, "geometry": { "type": "Polygon", "coordinates": [ [ [ 6.138163559648009, 46.189225649484335 ], [ 6.134542142064108, 46.192278014178889 ], [ 6.135011293467132, 46.196742491608596 ], [ 6.139101643668689, 46.198154535232653 ], [ 6.142722844349334, 46.195102336428448 ], [ 6.14225391171894, 46.190637928102603 ], [ 6.138163559648009, 46.189225649484335 ] ] ] } },
{ "type": "Feature", "properties": { "id": "887a8dc835fffff", "center": "(46.22168942765977, 6.232170806423576)", "polygon": "[(6.228552590630705, 46.22473993728463), (6.232636639272995, 46.22615044198632), (6.236254715645343, 46.223100013009926), (6.235788960377952, 46.21863891332099), (6.231704910243518, 46.217228173753725), (6.228086616855871, 46.220278768733785)]", "points": "[(6.23197245, 46.21836696), (6.23217008, 46.2183421), (6.23181974, 46.21839804), (6.231892, 46.218399)]" }, "geometry": { "type": "Polygon", "coordinates": [ [ [ 6.231704910243518, 46.217228173753725 ], [ 6.228086616855871, 46.220278768733785 ], [ 6.228552590630705, 46.224739937284632 ], [ 6.232636639272995, 46.22615044198632 ], [ 6.236254715645343, 46.223100013009926 ], [ 6.235788960377952, 46.218638913320987 ], [ 6.231704910243518, 46.217228173753725 ] ] ] } },
{ "type": "Feature", "properties": { "id": "887a8dc331fffff", "center": "(46.19765514441673, 6.087788006779989)", "polygon": "[(6.084165252286604, 46.200708046507025), (6.088258534663438, 46.20212027607291), (6.09188115045236, 46.1990674546945), (6.091410700699902, 46.1946022377416), (6.087317416115348, 46.19318977306521), (6.083694583478236, 46.196242760445)]", "points": "[(6.08577164, 46.19879693), (6.08580757, 46.19880315), (6.0858789, 46.1988662)]" }, "geometry": { "type": "Polygon", "coordinates": [ [ [ 6.087317416115348, 46.193189773065207 ], [ 6.083694583478236, 46.196242760445003 ], [ 6.084165252286604, 46.200708046507025 ], [ 6.088258534663438, 46.202120276072911 ], [ 6.09188115045236, 46.1990674546945 ], [ 6.091410700699902, 46.194602237741599 ], [ 6.087317416115348, 46.193189773065207 ] ] ] } },
{ "type": "Feature", "properties": { "id": "887a8dd8a7fffff", "center": "(46.25804123382456, 6.125685269277984)", "polygon": "[(6.122064484373849, 46.26109254928683), (6.126153977699545, 46.2625024912236), (6.1297746238962905, 46.259451256547734), (6.129305993669127, 46.25498991343961), (6.125216497948922, 46.25357973632651), (6.12159563483765, 46.25663113749069)]", "points": "[(6.12755228, 46.25821281), (6.1275972, 46.25835567), (6.1275433, 46.25804512), (6.127508, 46.258083), (6.125708, 46.261124)]" }, "geometry": { "type": "Polygon", "coordinates": [ [ [ 6.125216497948922, 46.253579736326508 ], [ 6.12159563483765, 46.256631137490693 ], [ 6.122064484373849, 46.261092549286829 ], [ 6.126153977699545, 46.2625024912236 ], [ 6.12977462389629, 46.259451256547734 ], [ 6.129305993669127, 46.254989913439609 ], [ 6.125216497948922, 46.253579736326508 ] ] ] } },
{ "type": "Feature", "properties": { "id": "887a8dc1cdfffff", "center": "(46.16265965134148, 6.123542399778249)", "polygon": "[(6.119920175782359, 46.16571268353878), (6.12401221053408, 46.167125874206874), (6.127634295506676, 46.16407292263637), (6.1271645625888205, 46.15960661475773), (6.123072526090938, 46.15819318913925), (6.119450224244333, 46.16124630634255)]", "points": "[(6.12266545, 46.16564625), (6.12245884, 46.16549694), (6.12289901, 46.1657769), (6.12504598, 46.15984127), (6.12501005, 46.15992838), (6.1250909, 46.15971683), (6.12576464, 46.16272206), (6.12590837, 46.16255407), (6.12562091, 46.1629025), (6.122774, 46.165779), (6.127499, 46.163139), (6.125024, 46.159988), (6.124972, 46.159977), (6.12588, 46.162601), (6.125017, 46.159733), (6.125639, 46.162926), (6.126343, 46.16275), (6.126483, 46.162819), (6.1208446, 46.165528)]" }, "geometry": { "type": "Polygon", "coordinates": [ [ [ 6.123072526090938, 46.158193189139247 ], [ 6.119450224244333, 46.161246306342548 ], [ 6.119920175782359, 46.165712683538779 ], [ 6.12401221053408, 46.167125874206874 ], [ 6.127634295506676, 46.164072922636372 ], [ 6.12716456258882, 46.159606614757728 ], [ 6.123072526090938, 46.158193189139247 ] ] ] } },
{ "type": "Feature", "properties": { "id": "887a8dc021fffff", "center": "(46.165939270152414, 6.108112703881895)", "polygon": "[(6.104490079819869, 46.168992454811224), (6.108582952009726, 46.170405631611196), (6.112205437145343, 46.167352527595845), (6.111735266936563, 46.162886081088075), (6.107642392883588, 46.16147266929737), (6.104019690889767, 46.164525938997926)]", "points": "[(6.10620831, 46.16820324), (6.11136464, 46.16540361), (6.11119396, 46.16539117), (6.11151736, 46.16541606), (6.10985547, 46.1675189), (6.11000819, 46.16756245), (6.11001717, 46.16817213), (6.10630713, 46.16359934), (6.10607356, 46.16364289), (6.10656764, 46.16359934), (6.10732222, 46.16631195), (6.10724137, 46.16623729), (6.1052561, 46.16516097), (6.1057861, 46.16476279), (6.10473508, 46.16501165), (6.108655, 46.169662), (6.106459, 46.168377), (6.105673, 46.16798), (6.109975, 46.167599), (6.109653, 46.167545), (6.104678, 46.165012), (6.108021, 46.166351), (6.107941, 46.166656), (6.104152, 46.164772), (6.111478, 46.165424), (6.10864, 46.169773), (6.105507, 46.164951), (6.107376, 46.166393), (6.1087592, 46.1663068)]" }, "geometry": { "type": "Polygon", "coordinates": [ [ [ 6.107642392883588, 46.161472669297368 ], [ 6.104019690889767, 46.164525938997926 ], [ 6.104490079819869, 46.168992454811224 ], [ 6.108582952009726, 46.170405631611196 ], [ 6.112205437145343, 46.167352527595845 ], [ 6.111735266936563, 46.162886081088075 ], [ 6.107642392883588, 46.161472669297368 ] ] ] } },
{ "type": "Feature", "properties": { "id": "887a8dc8c5fffff", "center": "(46.190683338270205, 6.217118534074118)", "polygon": "[(6.213499434553189, 46.19373460136196), (6.217585169399866, 46.19514625219157), (6.221204129476681, 46.19209506970676), (6.220737571680837, 46.18763207063809), (6.216651835464401, 46.18622018498619), (6.213032658400834, 46.189271533218026)]", "points": "[(6.21649448, 46.19137242), (6.21626092, 46.19135998), (6.21672804, 46.19138486), (6.213643, 46.189545), (6.217023, 46.19421), (6.216152, 46.192635), (6.220741, 46.191887), (6.220627, 46.191795), (6.213783, 46.191349), (6.216958, 46.194244), (6.213965, 46.191353), (6.213659, 46.189468), (6.2138, 46.191391), (6.216245, 46.191376), (6.218511, 46.190731), (6.215971, 46.192577)]" }, "geometry": { "type": "Polygon", "coordinates": [ [ [ 6.216651835464401, 46.18622018498619 ], [ 6.213032658400834, 46.189271533218026 ], [ 6.213499434553189, 46.19373460136196 ], [ 6.217585169399866, 46.19514625219157 ], [ 6.221204129476681, 46.19209506970676 ], [ 6.220737571680837, 46.187632070638088 ], [ 6.216651835464401, 46.18622018498619 ] ] ] } },
{ "type": "Feature", "properties": { "id": "887a8dc069fffff", "center": "(46.17837921961944, 6.081811280590649)", "polygon": "[(6.07818807487521, 46.18143254335721), (6.082282200459908, 46.182845464242504), (6.085905267437874, 46.17979222118826), (6.085434425652127, 46.175325891405066), (6.081340297957135, 46.17391273544355), (6.077717014145451, 46.17696614433421)]", "points": "[(6.07823477, 46.17960556), (6.08201668, 46.1793692), (6.08171125, 46.1794625), (6.08232211, 46.17931322), (6.08320246, 46.1783118), (6.08258262, 46.17836778), (6.07932174, 46.17783907), (6.07898038, 46.17780175), (6.07970801, 46.17786395), (6.083629, 46.178528), (6.084377, 46.178452), (6.081721, 46.179562), (6.085063, 46.178921), (6.078815, 46.180416), (6.082513, 46.178398), (6.085679, 46.178696), (6.085234, 46.178875), (6.083095, 46.179291), (6.082772, 46.178295), (6.078722, 46.180382), (6.084964, 46.178822), (6.083878, 46.179127), (6.082616, 46.178394), (6.0839246, 46.1785998)]" }, "geometry": { "type": "Polygon", "coordinates": [ [ [ 6.081340297957135, 46.173912735443551 ], [ 6.077717014145451, 46.176966144334209 ], [ 6.07818807487521, 46.181432543357211 ], [ 6.082282200459908, 46.182845464242504 ], [ 6.085905267437874, 46.179792221188258 ], [ 6.085434425652127, 46.175325891405066 ], [ 6.081340297957135, 46.173912735443551 ] ] ] } },
{ "type": "Feature", "properties": { "id": "887a8dc847fffff", "center": "(46.235761668614764, 6.198204668898007)", "polygon": "[(6.194585665687541, 46.23881239168132), (6.198671390821618, 46.240222633057286), (6.202290254846951, 46.237171990687365), (6.201823610710358, 46.23271094075379), (6.197737883779641, 46.23130046440714), (6.1941188027694105, 46.234351272957575)]", "points": "[(6.19751308, 46.23939635), (6.19758494, 46.23936529), (6.19746816, 46.23939635), (6.19692019, 46.23834632), (6.19741426, 46.23923481), (6.20167228, 46.23284728), (6.20133092, 46.23261116), (6.19917496, 46.23784925), (6.1989414, 46.23799216), (6.19919293, 46.23784304), (6.19425219, 46.23551299), (6.198091, 46.239361), (6.1983, 46.239986), (6.198096, 46.240013), (6.199567, 46.237766), (6.201825, 46.233097), (6.198533, 46.239941), (6.197495, 46.239342), (6.197467, 46.239429), (6.19802, 46.239891), (6.197394, 46.23925), (6.1971366, 46.2391855)]" }, "geometry": { "type": "Polygon", "coordinates": [ [ [ 6.197737883779641, 46.231300464407141 ], [ 6.194118802769411, 46.234351272957575 ], [ 6.194585665687541, 46.238812391681321 ], [ 6.198671390821618, 46.240222633057286 ], [ 6.202290254846951, 46.237171990687365 ], [ 6.201823610710358, 46.23271094075379 ], [ 6.197737883779641, 46.231300464407141 ] ] ] } },
{ "type": "Feature", "properties": { "id": "887a8dc837fffff", "center": "(46.21417757408476, 6.235323141764879)", "polygon": "[(6.231704910243518, 46.217228173753725), (6.235788960377952, 46.21863891332099), (6.23940705243569, 46.21558839428555), (6.238941311361789, 46.211126969744186), (6.234857259806278, 46.20971599533605), (6.231238950732984, 46.21276668030295)]", "points": "[(6.23346366, 46.21446346), (6.23346366, 46.21440752), (6.23347264, 46.21449454), (6.23490096, 46.21041049), (6.23492791, 46.21036075), (6.23490994, 46.21042913), (6.23452367, 46.21338808), (6.23444282, 46.213357), (6.23458655, 46.21341916), (6.234255, 46.214874), (6.233717, 46.214359), (6.233418, 46.21442), (6.234906, 46.210426), (6.233492, 46.21455), (6.234137, 46.210659), (6.234413, 46.213375), (6.234581, 46.213417), (6.233842, 46.214569), (6.234222, 46.21069)]" }, "geometry": { "type": "Polygon", "coordinates": [ [ [ 6.234857259806278, 46.209715995336047 ], [ 6.231238950732984, 46.212766680302948 ], [ 6.231704910243518, 46.217228173753725 ], [ 6.235788960377952, 46.218638913320987 ], [ 6.23940705243569, 46.215588394285547 ], [ 6.238941311361789, 46.211126969744186 ], [ 6.234857259806278, 46.209715995336047 ] ] ] } },
{ "type": "Feature", "properties": { "id": "887a8dcac9fffff", "center": "(46.19792636403692, 6.1509024270217285)", "polygon": "[(6.147281504395178, 46.20097840150568), (6.151371014879306, 46.20239022416275), (6.154991798452121, 46.19933826736088), (6.154523288446502, 46.19487432198439), (6.150433776138582, 46.193462264348604), (6.146812775647331, 46.196514387060795)]", "points": "[(6.14835727, 46.19958036), (6.14749488, 46.19842386), (6.15206731, 46.20165703), (6.15185171, 46.20163216), (6.1489232, 46.1981565), (6.14869863, 46.19818137), (6.14860879, 46.19837412), (6.14909388, 46.1982622), (6.14956999, 46.19836168), (6.14878846, 46.19846117), (6.14852795, 46.20013995), (6.15072882, 46.19570661), (6.15076475, 46.19552629), (6.15039644, 46.1963906), (6.15116001, 46.19505993), (6.15277698, 46.19841764), (6.15373817, 46.19696266), (6.15384597, 46.19724247), (6.15405258, 46.19664554), (6.14945321, 46.19473658), (6.14882439, 46.19502884), (6.15114204, 46.1996301), (6.15165408, 46.19986016), (6.15069289, 46.19940005), (6.15171696, 46.19765907), (6.15094441, 46.19992855), (6.14819557, 46.20083632), (6.14860879, 46.20015239), (6.15280393, 46.19841764), (6.15169002, 46.1976342), (6.15098035, 46.1999099), (6.14784523, 46.2004757), (6.151364, 46.196495), (6.1477, 46.199665), (6.148654, 46.195263), (6.148694, 46.195389), (6.147563, 46.200542), (6.148766, 46.198479), (6.149223, 46.198833), (6.148546, 46.198406), (6.147391, 46.198502), (6.148572, 46.197697), (6.149695, 46.196655), (6.150733, 46.195354), (6.150712, 46.195374), (6.14978, 46.195789), (6.153919, 46.19788), (6.154004, 46.197998), (6.147648, 46.19968), (6.147545, 46.198769), (6.151813, 46.201645), (6.149534, 46.194775), (6.1484456, 46.2000917), (6.1506667, 46.2016987), (6.147423, 46.1986323), (6.1516402, 46.1949789), (6.1518549, 46.199425), (6.1540845, 46.195082), (6.1531468, 46.1966758), (6.1494832, 46.1988497), (6.1528473, 46.1949379), (6.1505205, 46.196348), (6.1530576, 46.1971196), (6.1486306, 46.1967467), (6.1502622, 46.198398), (6.1545398, 46.1960152), (6.1478557, 46.1959623), (6.152047, 46.1956787), (6.1482805, 46.1977578), (6.1512387, 46.1964928), (6.1471238, 46.1979739), (6.151061, 46.1978841), (6.1478058, 46.197339), (6.1512172, 46.1971742)]" }, "geometry": { "type": "Polygon", "coordinates": [ [ [ 6.150433776138582, 46.193462264348604 ], [ 6.146812775647331, 46.196514387060795 ], [ 6.147281504395178, 46.200978401505679 ], [ 6.151371014879306, 46.202390224162748 ], [ 6.154991798452121, 46.199338267360879 ], [ 6.154523288446502, 46.194874321984393 ], [ 6.150433776138582, 46.193462264348604 ] ] ] } },
{ "type": "Feature", "properties": { "id": "887a8dc333fffff", "center": "(46.190136781125695, 6.090940188151196)", "polygon": "[(6.087317416115348, 46.19318977306521), (6.091410700699902, 46.1946022377416), (6.095033333987904, 46.19154932649896), (6.0945628995273475, 46.187083784643775), (6.090469612806601, 46.18567108488174), (6.0868467626698655, 46.18872416205331)]", "points": "[(6.091554, 46.189297), (6.0919387, 46.1896766)]" }, "geometry": { "type": "Polygon", "coordinates": [ [ [ 6.090469612806601, 46.18567108488174 ], [ 6.086846762669865, 46.188724162053312 ], [ 6.087317416115348, 46.193189773065207 ], [ 6.091410700699902, 46.194602237741599 ], [ 6.095033333987904, 46.191549326498958 ], [ 6.094562899527348, 46.187083784643775 ], [ 6.090469612806601, 46.18567108488174 ] ] ] } },
{ "type": "Feature", "properties": { "id": "887a8dd8a9fffff", "center": "(46.2613239166913, 6.110263535671442)", "polygon": "[(6.106642352677487, 46.26437538386186), (6.110732682842734, 46.265785311424516), (6.114353727226202, 46.26273392505699), (6.113884658330287, 46.25827244457896), (6.1097943256532545, 46.25686228179975), (6.106173064371179, 46.25991383470799)]", "points": "[(6.11307144, 46.25829356), (6.111769, 46.257736), (6.111589, 46.257671), (6.111497, 46.257729), (6.111537, 46.257706)]" }, "geometry": { "type": "Polygon", "coordinates": [ [ [ 6.109794325653255, 46.256862281799748 ], [ 6.106173064371179, 46.259913834707987 ], [ 6.106642352677487, 46.264375383861861 ], [ 6.110732682842734, 46.265785311424516 ], [ 6.114353727226202, 46.262733925056992 ], [ 6.113884658330287, 46.258272444578957 ], [ 6.109794325653255, 46.256862281799748 ] ] ] } },
{ "type": "Feature", "properties": { "id": "887a8dc141fffff", "center": "(46.20776845748366, 6.104628867644304)", "polygon": "[(6.101006746184072, 46.21082095137908), (6.105098768958218, 46.212232731821956), (6.108720751655126, 46.20918031864341), (6.108250928436322, 46.20471595894723), (6.104158903487259, 46.2033039434047), (6.10053670391919, 46.2063565226508)]", "points": "[(6.10467219, 46.21170971), (6.10523813, 46.21209512), (6.10529203, 46.20986965), (6.10527406, 46.20990695), (6.10533695, 46.20981992), (6.10757375, 46.20866985), (6.10751087, 46.20876932), (6.1076546, 46.20856417), (6.10356727, 46.20615827), (6.10442066, 46.20590337), (6.10310912, 46.20635099), (6.10825647, 46.2057666), (6.10827444, 46.205692), (6.10806782, 46.20587851), (6.104178, 46.21133), (6.103865, 46.211418), (6.10529, 46.209839), (6.107627, 46.208591), (6.108255, 46.205704), (6.1026049, 46.2063477)]" }, "geometry": { "type": "Polygon", "coordinates": [ [ [ 6.104158903487259, 46.203303943404698 ], [ 6.10053670391919, 46.2063565226508 ], [ 6.101006746184072, 46.210820951379077 ], [ 6.105098768958218, 46.212232731821956 ], [ 6.108720751655126, 46.209180318643412 ], [ 6.108250928436322, 46.204715958947233 ], [ 6.104158903487259, 46.203303943404698 ] ] ] } },
{ "type": "Feature", "properties": { "id": "887a8dc06bfffff", "center": "(46.17085932210144, 6.084963521087055)", "polygon": "[(6.081340297957135, 46.17391273544355), (6.085434425652127, 46.175325891405066), (6.089057510001187, 46.17227255873144), (6.08858668347676, 46.16780590432519), (6.08449255374303, 46.16639251331242), (6.080869252559727, 46.1694460117499)]", "points": "[(6.08457688, 46.17340393), (6.08463078, 46.17350346), (6.08453196, 46.17332307), (6.08248381, 46.17203538), (6.08285211, 46.1723713), (6.08247482, 46.17192962), (6.082573, 46.172306), (6.084044, 46.174114), (6.084616, 46.173538), (6.0834009, 46.1740048)]" }, "geometry": { "type": "Polygon", "coordinates": [ [ [ 6.08449255374303, 46.166392513312417 ], [ 6.080869252559727, 46.169446011749898 ], [ 6.081340297957135, 46.173912735443551 ], [ 6.085434425652127, 46.175325891405066 ], [ 6.089057510001187, 46.172272558731443 ], [ 6.08858668347676, 46.167805904325192 ], [ 6.08449255374303, 46.166392513312417 ] ] ] } },
{ "type": "Feature", "properties": { "id": "887a8dcabbfffff", "center": "(46.16881844966346, 6.191196256785076)", "polygon": "[(6.18757608815844, 46.171870451601826), (6.191663926608717, 46.17328300692483), (6.1952839558590655, 46.170231085575026), (6.19481636359656, 46.165766443306644), (6.1907285237698515, 46.16435365316011), (6.187108277569339, 46.16740574009825)]", "points": "[(6.189121, 46.166412)]" }, "geometry": { "type": "Polygon", "coordinates": [ [ [ 6.190728523769851, 46.164353653160113 ], [ 6.187108277569339, 46.167405740098253 ], [ 6.18757608815844, 46.171870451601826 ], [ 6.191663926608717, 46.173283006924827 ], [ 6.195283955859066, 46.170231085575026 ], [ 6.19481636359656, 46.165766443306644 ], [ 6.190728523769851, 46.164353653160113 ] ] ] } },
{ "type": "Feature", "properties": { "id": "887a8dc839fffff", "center": "(46.21745723013809, 6.219917396763023)", "polygon": "[(6.21629876281438, 46.220507981711734), (6.220383652381312, 46.221918707151374), (6.224002146962324, 46.2188680362279), (6.223535968964312, 46.21440647387379), (6.219451077859722, 46.21299551355303), (6.215832366278058, 46.2160463504603)]", "points": "[(6.21805755, 46.22036834), (6.21807551, 46.22033726), (6.21798568, 46.2203932), (6.22347439, 46.21602365), (6.22321388, 46.21586204), (6.22089622, 46.21349997), (6.22114775, 46.21360565), (6.22333066, 46.21594285), (6.22102199, 46.2135497), (6.220996, 46.213551), (6.223468, 46.216042), (6.22023, 46.218197), (6.218252, 46.220322), (6.218391, 46.220245)]" }, "geometry": { "type": "Polygon", "coordinates": [ [ [ 6.219451077859722, 46.212995513553032 ], [ 6.215832366278058, 46.216046350460303 ], [ 6.21629876281438, 46.220507981711734 ], [ 6.220383652381312, 46.221918707151374 ], [ 6.224002146962324, 46.218868036227903 ], [ 6.223535968964312, 46.214406473873787 ], [ 6.219451077859722, 46.212995513553032 ] ] ] } },
{ "type": "Feature", "properties": { "id": "887a8dc335fffff", "center": "(46.20353243194947, 6.092351537408197)", "polygon": "[(6.088728999765307, 46.206585167998846), (6.092821861567061, 46.207997169471575), (6.096444260500299, 46.20494451414074), (6.09597401447473, 46.20047969128239), (6.09188115045236, 46.1990674546945), (6.088258534663438, 46.20212027607291)]", "points": "[(6.09333545, 46.20076793), (6.09308393, 46.20091715), (6.09393733, 46.20065601), (6.09343427, 46.20068088), (6.0950722, 46.2016985)]" }, "geometry": { "type": "Polygon", "coordinates": [ [ [ 6.09188115045236, 46.1990674546945 ], [ 6.088258534663438, 46.202120276072911 ], [ 6.088728999765307, 46.206585167998846 ], [ 6.092821861567061, 46.207997169471575 ], [ 6.096444260500299, 46.204944514140742 ], [ 6.09597401447473, 46.200479691282389 ], [ 6.09188115045236, 46.1990674546945 ] ] ] } },
{ "type": "Feature", "properties": { "id": "887a8dc189fffff", "center": "(46.145980676886104, 6.137561120762364)", "polygon": "[(6.133939064118495, 46.149033811430726), (6.138030683324956, 46.15044747886103), (6.141652600810582, 46.14739442490476), (6.141183115959607, 46.14292753804948), (6.13709149520828, 46.14151363573899), (6.1334693608400634, 46.14456685515668)]", "points": "[(6.13812545, 46.14188738), (6.13763138, 46.14426498), (6.1374607, 46.14430232), (6.13753257, 46.14397867), (6.13646357, 46.14550352), (6.13642764, 46.14539772), (6.13654442, 46.14562178), (6.13810749, 46.15012138), (6.137169, 46.144455), (6.137984, 46.143688), (6.138101, 46.143719), (6.136502, 46.145607), (6.1374089, 46.1440569)]" }, "geometry": { "type": "Polygon", "coordinates": [ [ [ 6.13709149520828, 46.141513635738988 ], [ 6.133469360840063, 46.144566855156683 ], [ 6.133939064118495, 46.149033811430726 ], [ 6.138030683324956, 46.150447478861032 ], [ 6.141652600810582, 46.147394424904761 ], [ 6.141183115959607, 46.142927538049477 ], [ 6.13709149520828, 46.141513635738988 ] ] ] } },
{ "type": "Feature", "properties": { "id": "887a8dca81fffff", "center": "(46.18549064771554, 6.177183192316659)", "polygon": "[(6.173562854712325, 46.18854254667454), (6.17765110953151, 46.18995462529169), (6.181271307894111, 46.18690280695959), (6.1808034683667294, 46.18243874424374), (6.176715211970283, 46.181026430733134), (6.173094796665732, 46.18407841482462)]", "points": "[(6.17783099, 46.18917721), (6.17757946, 46.18940108), (6.17689674, 46.18728664), (6.17639369, 46.18686996), (6.17413891, 46.18440092), (6.17381552, 46.18465591), (6.17443536, 46.18413971), (6.1783071, 46.18294556), (6.17873829, 46.18277763), (6.17779506, 46.18309483), (6.17770523, 46.18927671), (6.17666318, 46.18708763), (6.176536, 46.187054), (6.174666, 46.184433), (6.181002, 46.186401), (6.177796, 46.189137)]" }, "geometry": { "type": "Polygon", "coordinates": [ [ [ 6.176715211970283, 46.181026430733134 ], [ 6.173094796665732, 46.184078414824619 ], [ 6.173562854712325, 46.18854254667454 ], [ 6.17765110953151, 46.189954625291691 ], [ 6.181271307894111, 46.186902806959587 ], [ 6.180803468366729, 46.18243874424374 ], [ 6.176715211970283, 46.181026430733134 ] ] ] } },
{ "type": "Feature", "properties": { "id": "887a8dd8abfffff", "center": "(46.25381072397478, 6.113415526572474)", "polygon": "[(6.1097943256532545, 46.25686228179975), (6.113884658330287, 46.25827244457896), (6.117505720595678, 46.255220967542115), (6.117036667070475, 46.25075916125035), (6.112946331953036, 46.24934876327919), (6.109325052788453, 46.25240040678459)]", "points": "[(6.11340382, 46.25805754), (6.11371823, 46.25787742), (6.1167186, 46.25216914), (6.11679047, 46.25200764), (6.11664674, 46.2523617), (6.116879, 46.253513), (6.116601, 46.253197), (6.116757, 46.25211), (6.116507, 46.255993), (6.116786, 46.254005), (6.113747, 46.257965), (6.116201, 46.256287), (6.112932, 46.25388)]" }, "geometry": { "type": "Polygon", "coordinates": [ [ [ 6.112946331953036, 46.249348763279187 ], [ 6.109325052788453, 46.252400406784588 ], [ 6.109794325653255, 46.256862281799748 ], [ 6.113884658330287, 46.258272444578957 ], [ 6.117505720595678, 46.255220967542115 ], [ 6.117036667070475, 46.25075916125035 ], [ 6.112946331953036, 46.249348763279187 ] ] ] } },
{ "type": "Feature", "properties": { "id": "887a8dc107fffff", "center": "(46.195330374320775, 6.130920663400579)", "polygon": "[(6.127299123715791, 46.19838272989267), (6.131389892734311, 46.1997947665036), (6.135011293467132, 46.196742491608596), (6.134542142064108, 46.19227801417889), (6.1304513711177355, 46.190865742553584), (6.1268297534895035, 46.193918183365135)]", "points": "[(6.12880992, 46.19606726), (6.13004062, 46.19536462), (6.12943875, 46.19588072), (6.128235, 46.19627246), (6.12792958, 46.19588694), (6.13394829, 46.19320688), (6.1344244, 46.19273428), (6.13339133, 46.19367325), (6.128215, 46.198498), (6.128244, 46.196239), (6.127916, 46.195877), (6.129928, 46.1969002), (6.1333333, 46.1935454), (6.1323619, 46.1978244), (6.1345486, 46.1964309), (6.1284563, 46.1927468), (6.1284453, 46.1939318)]" }, "geometry": { "type": "Polygon", "coordinates": [ [ [ 6.130451371117736, 46.190865742553584 ], [ 6.126829753489504, 46.193918183365135 ], [ 6.127299123715791, 46.198382729892671 ], [ 6.131389892734311, 46.199794766503601 ], [ 6.135011293467132, 46.196742491608596 ], [ 6.134542142064108, 46.192278014178889 ], [ 6.130451371117736, 46.190865742553584 ] ] ] } },
{ "type": "Feature", "properties": { "id": "887a8dc025fffff", "center": "(46.17181873470473, 6.112675544468207)", "polygon": "[(6.109053137266724, 46.17487175363871), (6.113145588904824, 46.176284702379654), (6.116767857174766, 46.17323176409585), (6.116297890659559, 46.168765711332306), (6.112205437145343, 46.167352527595845), (6.108582952009726, 46.170405631611196)]", "points": "[(6.110023, 46.172001), (6.111472, 46.172611), (6.114364, 46.174046), (6.115196, 46.17329), (6.115304, 46.173199), (6.10975, 46.172054), (6.1121086, 46.1691526), (6.1120542, 46.1710947), (6.1131798, 46.1743978), (6.1110748, 46.1699855)]" }, "geometry": { "type": "Polygon", "coordinates": [ [ [ 6.112205437145343, 46.167352527595845 ], [ 6.108582952009726, 46.170405631611196 ], [ 6.109053137266724, 46.174871753638712 ], [ 6.113145588904824, 46.176284702379654 ], [ 6.116767857174766, 46.173231764095853 ], [ 6.116297890659559, 46.168765711332306 ], [ 6.112205437145343, 46.167352527595845 ] ] ] } },
{ "type": "Feature", "properties": { "id": "887a8dc8c9fffff", "center": "(46.18644770225074, 6.204860066322843)", "polygon": "[(6.201240548575572, 46.18949920716667), (6.205327124120859, 46.19091107885355), (6.208946502477014, 46.18785965454622), (6.208479522247134, 46.18339619281777), (6.204392945286675, 46.18198408629316), (6.2007733499585225, 46.18503567632752)]", "points": "[(6.206517, 46.185028), (6.206724, 46.185036), (6.206676, 46.184914), (6.20802, 46.186726), (6.206381, 46.185314), (6.202535, 46.18642), (6.205666, 46.188866), (6.205628, 46.188801), (6.208047, 46.186672), (6.205703, 46.183201), (6.205852, 46.182972), (6.20656, 46.185379), (6.201727, 46.185505)]" }, "geometry": { "type": "Polygon", "coordinates": [ [ [ 6.204392945286675, 46.181984086293163 ], [ 6.200773349958522, 46.185035676327523 ], [ 6.201240548575572, 46.189499207166669 ], [ 6.205327124120859, 46.190911078853553 ], [ 6.208946502477014, 46.187859654546223 ], [ 6.208479522247134, 46.183396192817767 ], [ 6.204392945286675, 46.181984086293163 ] ] ] } },
{ "type": "Feature", "properties": { "id": "887a8dc143fffff", "center": "(46.20025135954269, 6.10778104235932)", "polygon": "[(6.104158903487259, 46.2033039434047), (6.108250928436322, 46.20471595894723), (6.111872928501707, 46.2016634557871), (6.111403120476985, 46.19719877108204), (6.107311093424493, 46.19578652046468), (6.1036888764874115, 46.19883918961998)]", "points": "[(6.10438473, 46.20136481), (6.10892122, 46.20410664), (6.108508, 46.20403204), (6.1058614, 46.202539)]" }, "geometry": { "type": "Polygon", "coordinates": [ [ [ 6.107311093424493, 46.195786520464679 ], [ 6.103688876487412, 46.198839189619981 ], [ 6.104158903487259, 46.203303943404698 ], [ 6.108250928436322, 46.204715958947233 ], [ 6.111872928501707, 46.201663455787099 ], [ 6.111403120476985, 46.197198771082043 ], [ 6.107311093424493, 46.195786520464679 ] ] ] } },
{ "type": "Feature", "properties": { "id": "887a8dc06dfffff", "center": "(46.184258311416, 6.086376046443917)", "polygon": "[(6.082753057564497, 46.18731146927778), (6.0868467626698655, 46.18872416205331), (6.090469612806601, 46.18567108488174), (6.089998974666482, 46.18120514904472), (6.085905267437874, 46.17979222118826), (6.082282200459908, 46.182845464242504)]", "points": "[(6.08801743, 46.18564478), (6.08797251, 46.18557015), (6.08827794, 46.18228629), (6.08827794, 46.18231738), (6.0877659, 46.1855204), (6.089987, 46.184658), (6.084741, 46.187252), (6.087724, 46.185558), (6.085019, 46.186924), (6.0896033, 46.1821257), (6.0900028, 46.1853689), (6.0881397, 46.185338)]" }, "geometry": { "type": "Polygon", "coordinates": [ [ [ 6.085905267437874, 46.179792221188258 ], [ 6.082282200459908, 46.182845464242504 ], [ 6.082753057564497, 46.18731146927778 ], [ 6.086846762669865, 46.188724162053312 ], [ 6.090469612806601, 46.18567108488174 ], [ 6.089998974666482, 46.181205149044722 ], [ 6.085905267437874, 46.179792221188258 ] ] ] } },
{ "type": "Feature", "properties": { "id": "887a8dc88dfffff", "center": "(46.181529521822, 6.227975460918918)", "polygon": "[(6.224356547315172, 46.18458079848292), (6.228441863738401, 46.18599269111009), (6.232060637806895, 46.1829414950328), (6.231594312433874, 46.178478240672604), (6.227508994770259, 46.17706611326814), (6.2238900037073215, 46.18011747499393)]", "points": "[(6.228906, 46.18005), (6.228203, 46.179695), (6.231444, 46.181831), (6.231431, 46.18187), (6.2306, 46.182755)]" }, "geometry": { "type": "Polygon", "coordinates": [ [ [ 6.227508994770259, 46.17706611326814 ], [ 6.223890003707321, 46.180117474993928 ], [ 6.224356547315172, 46.184580798482919 ], [ 6.228441863738401, 46.185992691110087 ], [ 6.232060637806895, 46.1829414950328 ], [ 6.231594312433874, 46.178478240672604 ], [ 6.227508994770259, 46.17706611326814 ] ] ] } },
{ "type": "Feature", "properties": { "id": "887a8dcabdfffff", "center": "(46.18221140358172, 6.192599076680308)", "polygon": "[(6.188979140865779, 46.185263150326804), (6.193066556927799, 46.18667524290734), (6.196686353404268, 46.183623576772526), (6.196218950763148, 46.17915965234294), (6.192131533240533, 46.177747324909234), (6.18851151980689, 46.180799156751064)]", "points": "[(6.19197946, 46.18489225), (6.19261726, 46.184942), (6.19179081, 46.18524053), (6.19137758, 46.18455641), (6.196311, 46.183582)]" }, "geometry": { "type": "Polygon", "coordinates": [ [ [ 6.192131533240533, 46.177747324909234 ], [ 6.18851151980689, 46.180799156751064 ], [ 6.188979140865779, 46.185263150326804 ], [ 6.193066556927799, 46.186675242907341 ], [ 6.196686353404268, 46.183623576772526 ], [ 6.196218950763148, 46.179159652342939 ], [ 6.192131533240533, 46.177747324909234 ] ] ] } },
{ "type": "Feature", "properties": { "id": "887a8dc83bfffff", "center": "(46.20994467198012, 6.2230697276662506)", "polygon": "[(6.219451077859722, 46.21299551355303), (6.223535968964312, 46.21440647387379), (6.227154479360075, 46.21135571293608), (6.226688315639432, 46.20689382575886), (6.222603423068283, 46.205482630581734), (6.21898469567159, 46.208533557431)]", "points": "[(6.226558, 46.208767), (6.226842, 46.208843), (6.22055, 46.213226)]" }, "geometry": { "type": "Polygon", "coordinates": [ [ [ 6.222603423068283, 46.205482630581734 ], [ 6.21898469567159, 46.208533557430997 ], [ 6.219451077859722, 46.212995513553032 ], [ 6.223535968964312, 46.214406473873787 ], [ 6.227154479360075, 46.211355712936083 ], [ 6.226688315639432, 46.206893825758861 ], [ 6.222603423068283, 46.205482630581734 ] ] ] } },
{ "type": "Feature", "properties": { "id": "887a8dd8b7fffff", "center": "(46.23714214068663, 6.127430843538185)", "polygon": "[(6.123809806519565, 46.2401938035858), (6.1278997254537115, 46.241604443853454), (6.131520623683394, 46.238552861704285), (6.131051819874434, 46.234090472982274), (6.126961898701264, 46.232679597592046), (6.123340783563323, 46.23573134603922)]", "points": "[(6.12789364, 46.23458715), (6.12766906, 46.23446909), (6.12802839, 46.23481706), (6.12846857, 46.24081915), (6.12852246, 46.24101797), (6.12843263, 46.24060791), (6.12640244, 46.23624619), (6.12724686, 46.23589202), (6.12635752, 46.23621512), (6.12615989, 46.23612192), (6.12361766, 46.2379176), (6.12367156, 46.23830283), (6.12356376, 46.23750752), (6.126284, 46.236473), (6.126502, 46.2365), (6.128357, 46.235794), (6.124002, 46.238861), (6.127386, 46.232922), (6.126542, 46.236443), (6.127989, 46.234905)]" }, "geometry": { "type": "Polygon", "coordinates": [ [ [ 6.126961898701264, 46.232679597592046 ], [ 6.123340783563323, 46.235731346039223 ], [ 6.123809806519565, 46.240193803585797 ], [ 6.127899725453712, 46.241604443853454 ], [ 6.131520623683394, 46.238552861704285 ], [ 6.131051819874434, 46.234090472982274 ], [ 6.126961898701264, 46.232679597592046 ] ] ] } },
{ "type": "Feature", "properties": { "id": "887a8dc337fffff", "center": "(46.19601462872349, 6.095503705637146)", "polygon": "[(6.09188115045236, 46.1990674546945), (6.09597401447473, 46.20047969128239), (6.099596430906504, 46.19742694601493), (6.099126200159403, 46.19296179817718), (6.095033333987904, 46.19154932649896), (6.091410700699902, 46.1946022377416)]", "points": "[(6.09388343, 46.1962165), (6.09390139, 46.1962165), (6.09916552, 46.19650874), (6.09903077, 46.19638438), (6.09940807, 46.19667663), (6.09652447, 46.19553872), (6.09588667, 46.19553872), (6.09692872, 46.19561334), (6.095932, 46.195724), (6.093624, 46.196865)]" }, "geometry": { "type": "Polygon", "coordinates": [ [ [ 6.095033333987904, 46.191549326498958 ], [ 6.091410700699902, 46.194602237741599 ], [ 6.09188115045236, 46.1990674546945 ], [ 6.09597401447473, 46.200479691282389 ], [ 6.099596430906504, 46.197426946014929 ], [ 6.099126200159403, 46.19296179817718 ], [ 6.095033333987904, 46.191549326498958 ] ] ] } },
{ "type": "Feature", "properties": { "id": "887a8dc18bfffff", "center": "(46.13846041205441, 6.140713568102061)", "polygon": "[(6.13709149520828, 46.14151363573899), (6.141183115959607, 46.14292753804948), (6.144805049651883, 46.139874394938175), (6.144335579463038, 46.13540718412029), (6.140243957238262, 46.13399304695464), (6.136621806663056, 46.13704635545475)]", "points": "[(6.13866444, 46.14189361), (6.13892495, 46.14199942), (6.139353, 46.142204)]" }, "geometry": { "type": "Polygon", "coordinates": [ [ [ 6.140243957238262, 46.133993046954643 ], [ 6.136621806663056, 46.13704635545475 ], [ 6.13709149520828, 46.141513635738988 ], [ 6.141183115959607, 46.142927538049477 ], [ 6.144805049651883, 46.139874394938175 ], [ 6.144335579463038, 46.13540718412029 ], [ 6.140243957238262, 46.133993046954643 ] ] ] } },
{ "type": "Feature", "properties": { "id": "887a8dc027fffff", "center": "(46.16429941916719, 6.115827861243008)", "polygon": "[(6.112205437145343, 46.167352527595845), (6.116297890659559, 46.168765711332306), (6.119920175782359, 46.16571268353878), (6.119450224244333, 46.16124630634255), (6.115357768925492, 46.15983288763554), (6.111735266936563, 46.162886081088075)]", "points": "[(6.11578435, 46.16741936), (6.11572147, 46.16743802), (6.11590113, 46.16741313), (6.115858, 46.167439)]" }, "geometry": { "type": "Polygon", "coordinates": [ [ [ 6.115357768925492, 46.159832887635538 ], [ 6.111735266936563, 46.162886081088075 ], [ 6.112205437145343, 46.167352527595845 ], [ 6.116297890659559, 46.168765711332306 ], [ 6.119920175782359, 46.165712683538779 ], [ 6.119450224244333, 46.161246306342548 ], [ 6.115357768925492, 46.159832887635538 ] ] ] } },
{ "type": "Feature", "properties": { "id": "887a8dc145fffff", "center": "(46.213644438596326, 6.1091905120154335)", "polygon": "[(6.105568607428664, 46.216696766384686), (6.109660209516898, 46.21810831877108), (6.113281975335192, 46.215056071706236), (6.112812355931136, 46.210592106134094), (6.108720751655126, 46.20918031864341), (6.105098768958218, 46.212232731821956)]", "points": "[(6.10513033, 46.21222566), (6.1060556, 46.21193349), (6.11279296, 46.21122483), (6.11221804, 46.21240593), (6.11273906, 46.211287), (6.11276601, 46.21113781), (6.11122091, 46.21131186), (6.11098, 46.211426), (6.110591, 46.211391), (6.112284, 46.211597), (6.112723, 46.211151), (6.112711, 46.211109), (6.112198, 46.212421), (6.1094053, 46.2124929), (6.1110448, 46.2166338), (6.1117603, 46.2152683)]" }, "geometry": { "type": "Polygon", "coordinates": [ [ [ 6.108720751655126, 46.209180318643412 ], [ 6.105098768958218, 46.212232731821956 ], [ 6.105568607428664, 46.216696766384686 ], [ 6.109660209516898, 46.21810831877108 ], [ 6.113281975335192, 46.215056071706236 ], [ 6.112812355931136, 46.210592106134094 ], [ 6.108720751655126, 46.209180318643412 ] ] ] } },
{ "type": "Feature", "properties": { "id": "887a8dc83dfffff", "center": "(46.22332935900768, 6.2244682616601255)", "polygon": "[(6.22084984471443, 46.22637994455809), (6.224934313057532, 46.22779044217827), (6.228552590630705, 46.22473993728463), (6.228086616855871, 46.220278768733785), (6.224002146962324, 46.2188680362279), (6.220383652381312, 46.221918707151374)]", "points": "[(6.22291743, 46.22292277), (6.22306116, 46.22292277), (6.22274675, 46.22291034), (6.22463322, 46.22105202), (6.22505542, 46.22046778), (6.22465118, 46.22112038), (6.226213, 46.220238), (6.221274, 46.222553), (6.223041, 46.222946), (6.222782, 46.222969), (6.226175, 46.220184)]" }, "geometry": { "type": "Polygon", "coordinates": [ [ [ 6.224002146962324, 46.218868036227903 ], [ 6.220383652381312, 46.221918707151374 ], [ 6.22084984471443, 46.22637994455809 ], [ 6.224934313057532, 46.227790442178268 ], [ 6.228552590630705, 46.224739937284632 ], [ 6.228086616855871, 46.220278768733785 ], [ 6.224002146962324, 46.218868036227903 ] ] ] } },
{ "type": "Feature", "properties": { "id": "887a8dc339fffff", "center": "(46.19929574324775, 6.08007169029828)", "polygon": "[(6.0764487366339255, 46.20234872145615), (6.080542437278136, 46.203760943995185), (6.084165252286604, 46.200708046507025), (6.083694583478236, 46.196242760445), (6.079600880567681, 46.1948303027753), (6.075977848719091, 46.19788336629105)]", "points": "[(6.07998649, 46.1979824), (6.07625848, 46.19961145), (6.08335517, 46.19898968), (6.07998649, 46.19793265), (6.0762495, 46.19960523), (6.08330127, 46.19895237), (6.079979, 46.197952), (6.0822224, 46.1984397)]" }, "geometry": { "type": "Polygon", "coordinates": [ [ [ 6.079600880567681, 46.194830302775301 ], [ 6.075977848719091, 46.197883366291052 ], [ 6.076448736633925, 46.202348721456147 ], [ 6.080542437278136, 46.203760943995185 ], [ 6.084165252286604, 46.200708046507025 ], [ 6.083694583478236, 46.196242760445003 ], [ 6.079600880567681, 46.194830302775301 ] ] ] } },
{ "type": "Feature", "properties": { "id": "887a8dc18dfffff", "center": "(46.151861072585156, 6.142122022654654)", "polygon": "[(6.138500182895752, 46.154914041628686), (6.142591381491512, 46.156327481055584), (6.14621308208711, 46.153274592607126), (6.145743800964226, 46.14880809921669), (6.141652600810582, 46.14739442490476), (6.138030683324956, 46.15044747886103)]", "points": "[(6.13843088, 46.1507686), (6.13878122, 46.15140959), (6.13914055, 46.15411036), (6.1391136, 46.15399212), (6.13918547, 46.15416014), (6.139184, 46.15416)]" }, "geometry": { "type": "Polygon", "coordinates": [ [ [ 6.141652600810582, 46.147394424904761 ], [ 6.138030683324956, 46.150447478861032 ], [ 6.138500182895752, 46.154914041628686 ], [ 6.142591381491512, 46.156327481055584 ], [ 6.14621308208711, 46.153274592607126 ], [ 6.145743800964226, 46.148808099216687 ], [ 6.141652600810582, 46.147394424904761 ] ] ] } },
{ "type": "Feature", "properties": { "id": "887a8dc845fffff", "center": "(46.24327327060778, 6.195052465425964)", "polygon": "[(6.191433478718201, 46.24632390332155), (6.195519201984497, 46.2477339097022), (6.199138049550325, 46.244683357699984), (6.198671390821618, 46.240222633057286), (6.194585665687541, 46.23881239168132), (6.190966601137193, 46.241863109936205)]", "points": "[(6.19349761, 46.24482018), (6.19849224, 46.24336643), (6.19860004, 46.24344719), (6.19837546, 46.24327945), (6.19350659, 46.24490095), (6.198595, 46.243443)]" }, "geometry": { "type": "Polygon", "coordinates": [ [ [ 6.194585665687541, 46.238812391681321 ], [ 6.190966601137193, 46.241863109936205 ], [ 6.191433478718201, 46.246323903321553 ], [ 6.195519201984497, 46.247733909702198 ], [ 6.199138049550325, 46.244683357699984 ], [ 6.198671390821618, 46.240222633057286 ], [ 6.194585665687541, 46.238812391681321 ] ] ] } },
{ "type": "Feature", "properties": { "id": "887a8dcac7fffff", "center": "(46.19464633098501, 6.166321995074027)", "polygon": "[(6.162701473156635, 46.19769821630186), (6.166790145518135, 46.199110052991614), (6.170410528285238, 46.196058248325), (6.169942455612011, 46.191594441103476), (6.16585378154358, 46.19018236947527), (6.162233181842558, 46.19323433999983)]", "points": "[(6.16365557, 46.19243579), (6.16369151, 46.19242335), (6.16370947, 46.19259125), (6.16610798, 46.19626002), (6.16471559, 46.19516564), (6.16666493, 46.19619162), (6.1667907, 46.1960113), (6.16565882, 46.19537705), (6.16542526, 46.19530865), (6.16351184, 46.19675125), (6.1631076, 46.19691291), (6.16342201, 46.19669529), (6.164258, 46.195274), (6.165023, 46.196442), (6.165363, 46.19651), (6.163637, 46.192459), (6.165576, 46.195423), (6.165355, 46.195404), (6.165563, 46.195404), (6.166669, 46.196877), (6.1642395, 46.1921836), (6.1663264, 46.1917611), (6.1646095, 46.1951698), (6.1679532, 46.1940959), (6.1633356, 46.1955433)]" }, "geometry": { "type": "Polygon", "coordinates": [ [ [ 6.16585378154358, 46.190182369475266 ], [ 6.162233181842558, 46.193234339999833 ], [ 6.162701473156635, 46.197698216301859 ], [ 6.166790145518135, 46.199110052991614 ], [ 6.170410528285238, 46.196058248325002 ], [ 6.169942455612011, 46.191594441103476 ], [ 6.16585378154358, 46.190182369475266 ] ] ] } },
{ "type": "Feature", "properties": { "id": "887a8dc1d5fffff", "center": "(46.14009965971314, 6.132999594585565)", "polygon": "[(6.129377321064188, 46.14315295971244), (6.1334693608400634, 46.14456685515668), (6.13709149520828, 46.14151363573899), (6.136621806663056, 46.13704635545475), (6.132529765355357, 46.135632225135176), (6.128907414111975, 46.138685609967894)]", "points": "[(6.13306794, 46.14244133), (6.13304997, 46.14231685), (6.13307692, 46.14239154), (6.132473, 46.141945), (6.133057, 46.142445), (6.132539, 46.141899), (6.133057, 46.142456), (6.133021, 46.14233)]" }, "geometry": { "type": "Polygon", "coordinates": [ [ [ 6.132529765355357, 46.135632225135176 ], [ 6.128907414111975, 46.138685609967894 ], [ 6.129377321064188, 46.143152959712438 ], [ 6.133469360840063, 46.144566855156683 ], [ 6.13709149520828, 46.141513635738988 ], [ 6.136621806663056, 46.13704635545475 ], [ 6.132529765355357, 46.135632225135176 ] ] ] } },
{ "type": "Feature", "properties": { "id": "887a8dc029fffff", "center": "(46.167579204300765, 6.1003969279192045)", "polygon": "[(6.0967741040303105, 46.17063246518854), (6.100867394808895, 46.172045635047205), (6.104490079819869, 46.168992454811224), (6.104019690889767, 46.164525938997926), (6.099926398189536, 46.16311253412835), (6.096303496328321, 46.16616588007576)]", "points": "[(6.10270488, 46.16643638), (6.10249827, 46.16627462), (6.10316302, 46.16654837), (6.10243539, 46.16455748), (6.10177962, 46.16597599), (6.103717, 46.16457), (6.103465, 46.167), (6.10193, 46.165016), (6.102586, 46.166489), (6.102927, 46.16671), (6.103815, 46.164566), (6.102929, 46.166618), (6.103098, 46.166588), (6.102521, 46.166336), (6.103687, 46.16687), (6.1037073, 46.1664385), (6.1038046, 46.1657785), (6.1021034, 46.1650338), (6.1026729, 46.1652748)]" }, "geometry": { "type": "Polygon", "coordinates": [ [ [ 6.099926398189536, 46.163112534128352 ], [ 6.096303496328321, 46.166165880075759 ], [ 6.096774104030311, 46.17063246518854 ], [ 6.100867394808895, 46.172045635047205 ], [ 6.104490079819869, 46.168992454811224 ], [ 6.104019690889767, 46.164525938997926 ], [ 6.099926398189536, 46.163112534128352 ] ] ] } },
{ "type": "Feature", "properties": { "id": "887a8dc8cdfffff", "center": "(46.192322876917295, 6.2094134194534725)", "polygon": "[(6.205794118680525, 46.19537421606669), (6.209880273176291, 46.19678585989606), (6.213499434553189, 46.19373460136196), (6.213032658400834, 46.189271533218026), (6.208946502477014, 46.18785965454622), (6.205327124120859, 46.19091107885355)]", "points": "[(6.21132917, 46.19165225), (6.21114052, 46.19170822), (6.21158968, 46.19159007), (6.20646928, 46.19244823), (6.20669386, 46.19239848), (6.20670284, 46.19244201), (6.20610097, 46.19241091), (6.20668488, 46.1923052), (6.206948, 46.192303), (6.208429, 46.191929), (6.209561, 46.191914), (6.207842, 46.191746), (6.206582, 46.192486), (6.20668, 46.192818), (6.206491, 46.19257), (6.209404, 46.189575), (6.207867, 46.191822), (6.206974, 46.192223), (6.209535, 46.189602), (6.210291, 46.189392), (6.210112, 46.191055), (6.212793, 46.19162), (6.207956, 46.191837), (6.206478, 46.192482), (6.206583, 46.192444), (6.207808, 46.192112), (6.207432, 46.192116), (6.206442, 46.192352), (6.207129, 46.192062), (6.211576, 46.191605), (6.209668, 46.189445), (6.209866, 46.188744), (6.209417, 46.191986), (6.209835, 46.191822), (6.212608, 46.190071), (6.212388, 46.190056), (6.205884, 46.19244), (6.206509, 46.192638), (6.206643, 46.19239), (6.2068293, 46.1926476)]" }, "geometry": { "type": "Polygon", "coordinates": [ [ [ 6.208946502477014, 46.187859654546223 ], [ 6.205327124120859, 46.190911078853553 ], [ 6.205794118680525, 46.195374216066689 ], [ 6.209880273176291, 46.19678585989606 ], [ 6.213499434553189, 46.19373460136196 ], [ 6.213032658400834, 46.189271533218026 ], [ 6.208946502477014, 46.187859654546223 ] ] ] } },
{ "type": "Feature", "properties": { "id": "887a8dc14dfffff", "center": "(46.21528514033439, 6.101476725620849)", "polygon": "[(6.09785462170142, 46.2183375441634), (6.101946642229212, 46.21974908948185), (6.105568607428664, 46.216696766384686), (6.105098768958218, 46.212232731821956), (6.101006746184072, 46.21082095137908), (6.097384564113989, 46.21387344061614)]", "points": "[(6.10460033, 46.21642146), (6.10461829, 46.21635309), (6.10457338, 46.21648984), (6.10268692, 46.21854722), (6.10489677, 46.21253647), (6.10313607, 46.21364916), (6.102642, 46.2140905), (6.10339659, 46.21331349), (6.104596, 46.216492), (6.1036041, 46.2173075)]" }, "geometry": { "type": "Polygon", "coordinates": [ [ [ 6.101006746184072, 46.210820951379077 ], [ 6.097384564113989, 46.21387344061614 ], [ 6.09785462170142, 46.218337544163397 ], [ 6.101946642229212, 46.219749089481851 ], [ 6.105568607428664, 46.216696766384686 ], [ 6.105098768958218, 46.212232731821956 ], [ 6.101006746184072, 46.210820951379077 ] ] ] } },
{ "type": "Feature", "properties": { "id": "887a8dc147fffff", "center": "(46.206127900816064, 6.112342673653191)", "polygon": "[(6.108720751655126, 46.20918031864341), (6.112812355931136, 46.210592106134094), (6.116434139117399, 46.207539769015284), (6.115964534894045, 46.20307547835726), (6.111872928501707, 46.2016634557871), (6.108250928436322, 46.20471595894723)]", "points": "[(6.1099453, 46.2060215), (6.10920869, 46.20772491), (6.1091458, 46.20791763), (6.1098914, 46.20592203), (6.11008005, 46.20622666), (6.11199346, 46.2057293), (6.10924462, 46.20429316), (6.10921767, 46.20418125), (6.11423027, 46.20537493), (6.11440095, 46.20551792), (6.11409552, 46.20526924), (6.109199, 46.204231), (6.108582, 46.20573), (6.114414, 46.20557), (6.109216, 46.207745), (6.111933, 46.205784), (6.1114246, 46.2058569), (6.1126809, 46.2086879), (6.1115467, 46.2073639), (6.111432, 46.2055077)]" }, "geometry": { "type": "Polygon", "coordinates": [ [ [ 6.111872928501707, 46.201663455787099 ], [ 6.108250928436322, 46.204715958947233 ], [ 6.108720751655126, 46.209180318643412 ], [ 6.112812355931136, 46.210592106134094 ], [ 6.116434139117399, 46.207539769015284 ], [ 6.115964534894045, 46.203075478357263 ], [ 6.111872928501707, 46.201663455787099 ] ] ] } },
{ "type": "Feature", "properties": { "id": "887a8dcac1fffff", "center": "(46.196286305967476, 6.158612520792636)", "polygon": "[(6.154991798452121, 46.19933826736088), (6.159080889918144, 46.2007500970367), (6.162701473156635, 46.19769821630186), (6.162233181842558, 46.19323433999983), (6.158144088611189, 46.19182227536542), (6.154523288446502, 46.19487432198439)]", "points": "[(6.15616363, 46.19601752), (6.15593006, 46.19583098), (6.15534616, 46.19630355), (6.15633431, 46.1963222), (6.15633431, 46.19575636), (6.16079893, 46.19376653), (6.16078995, 46.193723), (6.16084385, 46.19387846), (6.15730449, 46.19852335), (6.15734042, 46.19860418), (6.15725957, 46.19846739), (6.1583106, 46.19838034), (6.15864298, 46.19816271), (6.15551684, 46.19852957), (6.15543599, 46.19846117), (6.15879569, 46.20054409), (6.161162, 46.197433), (6.15566, 46.196194), (6.160757, 46.193779), (6.157225, 46.198498), (6.156351, 46.198811), (6.155174, 46.198158), (6.160869, 46.197834), (6.156489, 46.199039), (6.1555544, 46.1955643), (6.1613761, 46.1934709), (6.1562107, 46.1942431), (6.1608216, 46.1977199), (6.1555378, 46.1990404), (6.1577756, 46.1953656), (6.1560258, 46.194587), (6.1560486, 46.195166)]" }, "geometry": { "type": "Polygon", "coordinates": [ [ [ 6.158144088611189, 46.191822275365418 ], [ 6.154523288446502, 46.194874321984393 ], [ 6.154991798452121, 46.199338267360879 ], [ 6.159080889918144, 46.200750097036703 ], [ 6.162701473156635, 46.197698216301859 ], [ 6.162233181842558, 46.193234339999833 ], [ 6.158144088611189, 46.191822275365418 ] ] ] } },
{ "type": "Feature", "properties": { "id": "887a8dd8b1fffff", "center": "(46.238783089688965, 6.119719607773625)", "polygon": "[(6.116098371390475, 46.241834828523956), (6.120188708876942, 46.24324546166248), (6.123809806519565, 46.2401938035858), (6.123340783563323, 46.23573134603922), (6.11925044377923, 46.23432047775798), (6.1156291292362654, 46.23737230215887)]", "points": "[(6.11852421, 46.23820341), (6.11833557, 46.23814128), (6.11882066, 46.2383836), (6.12335715, 46.2396076), (6.12342003, 46.23974429), (6.12326732, 46.23939635), (6.12209053, 46.24082536), (6.12207256, 46.2407943), (6.12158747, 46.24062034), (6.116292, 46.237232), (6.123215, 46.240059), (6.119168, 46.239845), (6.123262, 46.239445), (6.121097, 46.242447), (6.12207, 46.240807), (6.119236, 46.239731), (6.123288, 46.239582), (6.123271, 46.239677), (6.119485, 46.239628), (6.119217, 46.240002), (6.123264, 46.240463), (6.119361, 46.239777), (6.123392, 46.23959), (6.119213, 46.236504), (6.1184252, 46.2382899)]" }, "geometry": { "type": "Polygon", "coordinates": [ [ [ 6.11925044377923, 46.234320477757983 ], [ 6.115629129236265, 46.237372302158867 ], [ 6.116098371390475, 46.241834828523956 ], [ 6.120188708876942, 46.243245461662482 ], [ 6.123809806519565, 46.240193803585797 ], [ 6.123340783563323, 46.235731346039223 ], [ 6.11925044377923, 46.234320477757983 ] ] ] } },
{ "type": "Feature", "properties": { "id": "887a8dca33fffff", "center": "(46.21978476339031, 6.176837493764133)", "polygon": "[(6.173217639181632, 46.22283606081238), (6.177305046872356, 46.22424697875494), (6.180924762332787, 46.221195762018006), (6.180457287045232, 46.21673346126269), (6.176369877537791, 46.21532230834301), (6.172749945121888, 46.21837369114857)]", "points": "[(6.17651047, 46.21618526), (6.17677996, 46.21639038), (6.17628589, 46.21594285), (6.18031034, 46.22140007), (6.18009474, 46.22119497), (6.1766013, 46.2163991), (6.1788906, 46.2195566), (6.1799172, 46.2209658), (6.1780883, 46.2184598), (6.1772306, 46.2172848)]" }, "geometry": { "type": "Polygon", "coordinates": [ [ [ 6.176369877537791, 46.215322308343012 ], [ 6.172749945121888, 46.218373691148571 ], [ 6.173217639181632, 46.222836060812377 ], [ 6.177305046872356, 46.224246978754941 ], [ 6.180924762332787, 46.221195762018006 ], [ 6.180457287045232, 46.216733461262692 ], [ 6.176369877537791, 46.215322308343012 ] ] ] } },
{ "type": "Feature", "properties": { "id": "887a8dc101fffff", "center": "(46.19697061961448, 6.123208074870565)", "polygon": "[(6.119586335319293, 46.2000230512843), (6.123677523068083, 46.20143508087727), (6.127299123715791, 46.19838272989267), (6.1268297534895035, 46.193918183365135), (6.1227385637543374, 46.19250591873763), (6.119116746219087, 46.19555843566498)]", "points": "[(6.12227917, 46.1954952), (6.12271935, 46.19529), (6.12183002, 46.1957004), (6.12390512, 46.19382871), (6.12359071, 46.19359241), (6.12406682, 46.19384737), (6.1235895, 46.1949565), (6.1217344, 46.1967671)]" }, "geometry": { "type": "Polygon", "coordinates": [ [ [ 6.122738563754337, 46.192505918737631 ], [ 6.119116746219087, 46.195558435664978 ], [ 6.119586335319293, 46.200023051284298 ], [ 6.123677523068083, 46.201435080877268 ], [ 6.127299123715791, 46.198382729892671 ], [ 6.126829753489504, 46.193918183365135 ], [ 6.122738563754337, 46.192505918737631 ] ] ] } },
{ "type": "Feature", "properties": { "id": "887a8dc02bfffff", "center": "(46.16005918379104, 6.103549239104621)", "polygon": "[(6.099926398189536, 46.16311253412835), (6.104019690889767, 46.164525938997926), (6.107642392883588, 46.16147266929737), (6.107172019015158, 46.157005829081115), (6.103078724464797, 46.15559218922561), (6.09945580562027, 46.15864562456503)]", "points": "[(6.10223776, 46.16235497), (6.10239047, 46.16233009), (6.10212098, 46.16238608), (6.102112, 46.162418)]" }, "geometry": { "type": "Polygon", "coordinates": [ [ [ 6.103078724464797, 46.155592189225608 ], [ 6.09945580562027, 46.158645624565033 ], [ 6.099926398189536, 46.163112534128352 ], [ 6.104019690889767, 46.164525938997926 ], [ 6.107642392883588, 46.161472669297368 ], [ 6.107172019015158, 46.157005829081115 ], [ 6.103078724464797, 46.155592189225608 ] ] ] } },
{ "type": "Feature", "properties": { "id": "887a8dc149fffff", "center": "(46.20940909726363, 6.096914443713512)", "polygon": "[(6.093292122928612, 46.2124616672259), (6.097384564113989, 46.21387344061614), (6.101006746184072, 46.21082095137908), (6.10053670391919, 46.2063565226508), (6.096444260500299, 46.20494451414074), (6.092821861567061, 46.207997169471575)]", "points": "[(6.09886908, 46.20668671), (6.0987523, 46.20650642), (6.09897687, 46.20686699), (6.0994979, 46.20889365), (6.09886009, 46.20873823), (6.10006384, 46.20908637), (6.0998942, 46.2089095)]" }, "geometry": { "type": "Polygon", "coordinates": [ [ [ 6.096444260500299, 46.204944514140742 ], [ 6.092821861567061, 46.207997169471575 ], [ 6.093292122928612, 46.212461667225902 ], [ 6.097384564113989, 46.21387344061614 ], [ 6.101006746184072, 46.210820951379077 ], [ 6.10053670391919, 46.2063565226508 ], [ 6.096444260500299, 46.204944514140742 ] ] ] } },
{ "type": "Feature", "properties": { "id": "887a8dcac3fffff", "center": "(46.188770224197285, 6.161764827457485)", "polygon": "[(6.158144088611189, 46.19182227536542), (6.162233181842558, 46.19323433999983), (6.16585378154358, 46.19018236947527), (6.165385504927068, 46.1857181684973), (6.161296410001666, 46.18430586892913), (6.157675593374057, 46.18735800526545)]", "points": "[(6.16140979, 46.19001675), (6.16175115, 46.19020331), (6.16095165, 46.18978665), (6.15891247, 46.18716226), (6.1592718, 46.18707519), (6.15868789, 46.18707519), (6.15856213, 46.18723689), (6.16365557, 46.191901), (6.16357473, 46.1920689), (6.161055, 46.189877), (6.159386, 46.187275), (6.161721, 46.190178), (6.163611, 46.191929), (6.1594558, 46.1870167), (6.1636372, 46.1909457), (6.1601493, 46.1906487), (6.1586074, 46.1899981)]" }, "geometry": { "type": "Polygon", "coordinates": [ [ [ 6.161296410001666, 46.18430586892913 ], [ 6.157675593374057, 46.187358005265452 ], [ 6.158144088611189, 46.191822275365418 ], [ 6.162233181842558, 46.193234339999833 ], [ 6.16585378154358, 46.190182369475266 ], [ 6.165385504927068, 46.185718168497303 ], [ 6.161296410001666, 46.18430586892913 ] ] ] } },
{ "type": "Feature", "properties": { "id": "887a8dc841fffff", "center": "(46.23740207672135, 6.1904996603915095)", "polygon": "[(6.186880456704172, 46.24045287568119), (6.190966601137193, 46.241863109936205), (6.194585665687541, 46.23881239168132), (6.1941188027694105, 46.234351272957575), (6.190032656481334, 46.23294080371175), (6.186413374953703, 46.23599168817333)]", "points": "[(6.1939827, 46.23533279), (6.19374914, 46.23514638)]" }, "geometry": { "type": "Polygon", "coordinates": [ [ [ 6.190032656481334, 46.232940803711749 ], [ 6.186413374953703, 46.235991688173328 ], [ 6.186880456704172, 46.240452875681193 ], [ 6.190966601137193, 46.241863109936205 ], [ 6.194585665687541, 46.238812391681321 ], [ 6.194118802769411, 46.234351272957575 ], [ 6.190032656481334, 46.232940803711749 ] ] ] } },
{ "type": "Feature", "properties": { "id": "887a8dd8b3fffff", "center": "(46.23126864856743, 6.122871697700994)", "polygon": "[(6.11925044377923, 46.23432047775798), (6.123340783563323, 46.23573134603922), (6.126961898701264, 46.232679597592046), (6.126492890943221, 46.228216814604494), (6.122402548932868, 46.22680571120522), (6.118781216894078, 46.229857625904366)]", "points": "[(6.12347393, 46.22851602), (6.12342902, 46.22849738), (6.12350986, 46.22844766), (6.12229714, 46.22710533), (6.12294393, 46.22751549), (6.12336613, 46.23378558), (6.12352783, 46.23379179), (6.12324037, 46.233798), (6.12421953, 46.23397199), (6.12224324, 46.23427025), (6.12287206, 46.23437588), (6.1224229, 46.23284728), (6.1218929, 46.23267951), (6.123438, 46.23295913), (6.12360868, 46.2330772), (6.12219832, 46.23279136), (6.12091373, 46.22900695), (6.12510887, 46.23037409), (6.12489327, 46.23058537), (6.12511785, 46.23029331), (6.121332, 46.227821), (6.123559, 46.233063), (6.125308, 46.23362), (6.125389, 46.233665), (6.119637, 46.232826), (6.123462, 46.228489), (6.123218, 46.228035), (6.123445, 46.233707), (6.123358, 46.233959), (6.119391, 46.232616), (6.119483, 46.232555), (6.120924, 46.228947), (6.123204, 46.233833), (6.124169, 46.233906), (6.119461, 46.232918), (6.123807, 46.2339612), (6.1259045, 46.2300205), (6.1207365, 46.2291464)]" }, "geometry": { "type": "Polygon", "coordinates": [ [ [ 6.122402548932868, 46.226805711205223 ], [ 6.118781216894078, 46.229857625904366 ], [ 6.11925044377923, 46.234320477757983 ], [ 6.123340783563323, 46.235731346039223 ], [ 6.126961898701264, 46.232679597592046 ], [ 6.126492890943221, 46.228216814604494 ], [ 6.122402548932868, 46.226805711205223 ] ] ] } },
{ "type": "Feature", "properties": { "id": "887a8dc105fffff", "center": "(46.20284703680354, 6.127768431008021)", "polygon": "[(6.124146908346601, 46.20589930249108), (6.1282376753658685, 46.20731110406282), (6.131859059118612, 46.20425891906716), (6.131389892734311, 46.1997947665036), (6.127299123715791, 46.19838272989267), (6.123677523068083, 46.20143508087727)]", "points": "[(6.12609701, 46.20122802), (6.12969027, 46.20078658), (6.12946569, 46.2006871), (6.13003163, 46.20101663), (6.12978909, 46.20046327), (6.12944773, 46.20029539), (6.13094792, 46.20120937), (6.12951959, 46.2012902), (6.12520768, 46.20430559), (6.12508192, 46.20435533), (6.12534243, 46.20429316), (6.12772296, 46.2046724), (6.12757923, 46.20469105), (6.12801941, 46.20469105), (6.127803, 46.198944), (6.130074, 46.200417), (6.129522, 46.201283), (6.126865, 46.201321), (6.127004, 46.201488), (6.131181, 46.201267), (6.128512, 46.201241), (6.125289, 46.204334), (6.129456, 46.201351), (6.13046, 46.201656), (6.125656, 46.200989), (6.13053, 46.2009968), (6.1282267, 46.2012492), (6.1315325, 46.2024573), (6.1257624, 46.2044247), (6.1309038, 46.2002138), (6.1272746, 46.2060149), (6.130007, 46.2049264), (6.1286642, 46.2047587), (6.1256901, 46.2055037), (6.1272691, 46.2066289), (6.1243445, 46.2054033)]" }, "geometry": { "type": "Polygon", "coordinates": [ [ [ 6.127299123715791, 46.198382729892671 ], [ 6.123677523068083, 46.201435080877268 ], [ 6.124146908346601, 46.205899302491083 ], [ 6.128237675365868, 46.207311104062818 ], [ 6.131859059118612, 46.204258919067158 ], [ 6.131389892734311, 46.199794766503601 ], [ 6.127299123715791, 46.198382729892671 ] ] ] } },
{ "type": "Feature", "properties": { "id": "887a8dc889fffff", "center": "(46.17565391224182, 6.223423396785554)", "polygon": "[(6.219804266192256, 46.1787053545446), (6.2238900037073215, 46.18011747499393), (6.227508994770259, 46.17706611326814), (6.227042465292601, 46.17260246548345), (6.222956726550045, 46.171190110261534), (6.219337518499895, 46.17424163758964)]", "points": "[(6.224226, 46.176777), (6.224137, 46.176678)]" }, "geometry": { "type": "Polygon", "coordinates": [ [ [ 6.222956726550045, 46.171190110261534 ], [ 6.219337518499895, 46.174241637589638 ], [ 6.219804266192256, 46.178705354544597 ], [ 6.223890003707321, 46.180117474993928 ], [ 6.227508994770259, 46.17706611326814 ], [ 6.227042465292601, 46.17260246548345 ], [ 6.222956726550045, 46.171190110261534 ] ] ] } },
{ "type": "Feature", "properties": { "id": "887a8dc103fffff", "center": "(46.18945339725586, 6.126360320329458)", "polygon": "[(6.1227385637543374, 46.19250591873763), (6.1268297534895035, 46.193918183365135), (6.1304513711177355, 46.190865742553584), (6.129982015886072, 46.18640087123697), (6.125890824235974, 46.184988371599786), (6.122268989719739, 46.18804097828167)]", "points": "[(6.12463276, 46.18810133), (6.12459683, 46.18805158), (6.12466869, 46.18807646), (6.12390512, 46.18849313), (6.12430937, 46.18818218), (6.12762415, 46.18758516), (6.12686956, 46.1875665), (6.12761517, 46.18755406), (6.12787568, 46.18700057), (6.12837873, 46.18740481), (6.124593, 46.188068), (6.128383, 46.18726), (6.125844, 46.187256), (6.128345, 46.188286), (6.127779, 46.188004), (6.128863, 46.187733), (6.128744, 46.187866), (6.125383, 46.186951), (6.123767, 46.187412), (6.12959, 46.188595), (6.126466, 46.187374), (6.127458, 46.187447), (6.124933, 46.188198), (6.124733, 46.187881), (6.127867, 46.187126), (6.1270083, 46.1877149), (6.1291748, 46.1868851), (6.1279698, 46.1874263)]" }, "geometry": { "type": "Polygon", "coordinates": [ [ [ 6.125890824235974, 46.184988371599786 ], [ 6.122268989719739, 46.18804097828167 ], [ 6.122738563754337, 46.192505918737631 ], [ 6.126829753489504, 46.193918183365135 ], [ 6.130451371117736, 46.190865742553584 ], [ 6.129982015886072, 46.18640087123697 ], [ 6.125890824235974, 46.184988371599786 ] ] ] } },
{ "type": "Feature", "properties": { "id": "887a8dc02dfffff", "center": "(46.1734587311959, 6.104960405894564)", "polygon": "[(6.101337798858252, 46.176511826332636), (6.1054306691134945, 46.17792476811693), (6.109053137266724, 46.17487175363871), (6.108582952009726, 46.170405631611196), (6.104490079819869, 46.168992454811224), (6.100867394808895, 46.172045635047205)]", "points": "[(6.10822952, 46.17146928), (6.10843613, 46.17153771), (6.10790613, 46.17136975), (6.1077624, 46.170729), (6.107543, 46.171192), (6.107724, 46.171211), (6.107749, 46.170746), (6.1037942, 46.1743345)]" }, "geometry": { "type": "Polygon", "coordinates": [ [ [ 6.104490079819869, 46.168992454811224 ], [ 6.100867394808895, 46.172045635047205 ], [ 6.101337798858252, 46.176511826332636 ], [ 6.105430669113495, 46.177924768116931 ], [ 6.109053137266724, 46.174871753638712 ], [ 6.108582952009726, 46.170405631611196 ], [ 6.104490079819869, 46.168992454811224 ] ] ] } },
{ "type": "Feature", "properties": { "id": "887a8dc14bfffff", "center": "(46.20189185418444, 6.100066598826554)", "polygon": "[(6.096444260500299, 46.20494451414074), (6.10053670391919, 46.2063565226508), (6.104158903487259, 46.2033039434047), (6.1036888764874115, 46.19883918961998), (6.099596430906504, 46.19742694601493), (6.09597401447473, 46.20047969128239)]", "points": "[(6.10316302, 46.20109745), (6.10326184, 46.20096689), (6.10310912, 46.20120315), (6.09824924, 46.203802), (6.09786296, 46.20365901), (6.09820432, 46.20370874), (6.10139334, 46.20257098), (6.10134843, 46.20270155), (6.10141131, 46.20246529), (6.10116876, 46.19796996), (6.10137538, 46.19818137), (6.099851, 46.203892), (6.09936, 46.204582), (6.099843, 46.204056), (6.099678, 46.204189), (6.099697, 46.204006), (6.103252, 46.200993), (6.098109, 46.203842), (6.10144, 46.202518), (6.1004238, 46.2041211)]" }, "geometry": { "type": "Polygon", "coordinates": [ [ [ 6.099596430906504, 46.197426946014929 ], [ 6.09597401447473, 46.200479691282389 ], [ 6.096444260500299, 46.204944514140742 ], [ 6.10053670391919, 46.2063565226508 ], [ 6.104158903487259, 46.203303943404698 ], [ 6.103688876487412, 46.198839189619981 ], [ 6.099596430906504, 46.197426946014929 ] ] ] } },
{ "type": "Feature", "properties": { "id": "887a8dcac5fffff", "center": "(46.20216185306845, 6.163169701399437)", "polygon": "[(6.159549195987431, 46.20521364853821), (6.163637866570719, 46.20662525026471), (6.167258232875679, 46.203573535460166), (6.166790145518135, 46.199110052991614), (6.162701473156635, 46.19769821630186), (6.159080889918144, 46.2007500970367)]", "points": "[(6.16211946, 46.20170055), (6.16187691, 46.20167568), (6.1623081, 46.20168811), (6.16452694, 46.20008399), (6.16327828, 46.19859174), (6.16394304, 46.20013373), (6.16478745, 46.20009021), (6.16558695, 46.20048192), (6.16627866, 46.20303106), (6.16627866, 46.20296889), (6.16610798, 46.2030435), (6.16028689, 46.20523194), (6.16034977, 46.20533763), (6.16025096, 46.20512625), (6.166265, 46.200844), (6.162303, 46.199623), (6.161931, 46.201679), (6.163962, 46.200161), (6.166122, 46.203068), (6.162488, 46.200039), (6.161956, 46.200058), (6.160994, 46.20023), (6.164077, 46.198292), (6.167012, 46.201271), (6.16611, 46.203056), (6.1663125, 46.2006875), (6.1607241, 46.2023981), (6.1594871, 46.2004779), (6.1602549, 46.205223), (6.1643652, 46.2054951), (6.1617559, 46.2041465), (6.1637673, 46.2052924), (6.1625304, 46.2053963), (6.1631242, 46.2001583), (6.1592887, 46.2022268), (6.1619803, 46.2000422), (6.1594761, 46.2027891), (6.1608192, 46.2036159), (6.165844, 46.2027861), (6.1646326, 46.2012819), (6.1618123, 46.2029819), (6.1646393, 46.19993), (6.1650658, 46.2041616), (6.1624014, 46.199845), (6.1612906, 46.2027167), (6.1630545, 46.2026661), (6.1618559, 46.2023361), (6.1622508, 46.2046266), (6.1602472, 46.2026229)]" }, "geometry": { "type": "Polygon", "coordinates": [ [ [ 6.162701473156635, 46.197698216301859 ], [ 6.159080889918144, 46.200750097036703 ], [ 6.159549195987431, 46.205213648538212 ], [ 6.163637866570719, 46.206625250264707 ], [ 6.167258232875679, 46.203573535460166 ], [ 6.166790145518135, 46.199110052991614 ], [ 6.162701473156635, 46.197698216301859 ] ] ] } },
{ "type": "Feature", "properties": { "id": "887a8dca37fffff", "center": "(46.225657823088056, 6.181392174486955)", "polygon": "[(6.177772536862246, 46.22870895440207), (6.181859523507548, 46.23011964443806), (6.185479022005213, 46.227068593815794), (6.1850117508075995, 46.22260668703569), (6.180924762332787, 46.221195762018006), (6.177305046872356, 46.22424697875494)]", "points": "[(6.18055289, 46.22157409), (6.1847031, 46.22708669), (6.18292444, 46.2248494), (6.18323885, 46.22510421), (6.18265494, 46.22457595), (6.1814236, 46.22296), (6.1827889, 46.2248967)]" }, "geometry": { "type": "Polygon", "coordinates": [ [ [ 6.180924762332787, 46.221195762018006 ], [ 6.177305046872356, 46.224246978754941 ], [ 6.177772536862246, 46.228708954402073 ], [ 6.181859523507548, 46.230119644438062 ], [ 6.185479022005213, 46.227068593815794 ], [ 6.185011750807599, 46.222606687035693 ], [ 6.180924762332787, 46.221195762018006 ] ] ] } },
{ "type": "Feature", "properties": { "id": "887a8dc843fffff", "center": "(46.22988991447128, 6.1936518766717565)", "polygon": "[(6.190032656481334, 46.23294080371175), (6.1941188027694105, 46.234351272957575), (6.197737883779641, 46.23130046440714), (6.197271035466723, 46.22683902046919), (6.193184887394781, 46.225428316257236), (6.189565589406886, 46.22847929094218)]", "points": "[(6.19090148, 46.23301506), (6.19130572, 46.23317041), (6.19050622, 46.23279757), (6.19672256, 46.22863409), (6.19678544, 46.22861545), (6.19669561, 46.22864652), (6.196702, 46.228653), (6.190816, 46.230328)]" }, "geometry": { "type": "Polygon", "coordinates": [ [ [ 6.193184887394781, 46.225428316257236 ], [ 6.189565589406886, 46.228479290942182 ], [ 6.190032656481334, 46.232940803711749 ], [ 6.194118802769411, 46.234351272957575 ], [ 6.197737883779641, 46.231300464407141 ], [ 6.197271035466723, 46.226839020469193 ], [ 6.193184887394781, 46.225428316257236 ] ] ] } },
{ "type": "Feature", "properties": { "id": "887a8dd8b5fffff", "center": "(46.24465602117239, 6.124278766569438)", "polygon": "[(6.120657747088918, 46.24770759364379), (6.124747663712653, 46.24911799876421), (6.1283685444475635, 46.24606650705773), (6.1278997254537115, 46.241604443853454), (6.123809806519565, 46.2401938035858), (6.120188708876942, 46.24324546166248)]", "points": "[(6.12762415, 46.24639194), (6.12737262, 46.24636087), (6.12296189, 46.24327323), (6.12545023, 46.24378889), (6.12200968, 46.24263953), (6.12227019, 46.24238481), (6.12332122, 46.24347825), (6.12342003, 46.24401254), (6.126603, 46.245445), (6.121718, 46.242161), (6.122642, 46.242935), (6.122096, 46.24321), (6.121707, 46.242748), (6.12736, 46.246403), (6.127542, 46.246387), (6.127549, 46.246464), (6.121788, 46.242012), (6.124819, 46.243755), (6.12256, 46.242912), (6.12235, 46.243153), (6.126101, 46.244179), (6.124779, 46.243389), (6.126764, 46.244587), (6.125547, 46.243885), (6.125599, 46.243824), (6.121703, 46.24287), (6.122824, 46.242702)]" }, "geometry": { "type": "Polygon", "coordinates": [ [ [ 6.123809806519565, 46.240193803585797 ], [ 6.120188708876942, 46.243245461662482 ], [ 6.120657747088918, 46.247707593643788 ], [ 6.124747663712653, 46.249117998764213 ], [ 6.128368544447564, 46.246066507057733 ], [ 6.127899725453712, 46.241604443853454 ], [ 6.123809806519565, 46.240193803585797 ] ] ] } }
]
}
