{
"type": "FeatureCollection",
"name": "itineraries",
"crs": { "type": "name", "properties": { "name": "urn:ogc:def:crs:OGC:1.3:CRS84" } },
"features": [
{ "type": "Feature", "properties": { "route_id": "91-12-B-j25-1", "direction_id": 0, "trip_id": "1.TA.91-12-B-j25-1.1.H", "headsign": "Genève, Plainpalais", "route_short_name": "12", "route_long_name": "", "route_type": 0.0, "color": "F5A300", "text_color": "000000" }, "geometry": { "type": "LineString", "coordinates": [ [ 6.14303924, 46.18882273 ], [ 6.14400044, 46.19183881 ], [ 6.14093718, 46.19511589 ], [ 6.14281466, 46.19803836 ] ] } },
{ "type": "Feature", "properties": { "route_id": "91-12-B-j25-1", "direction_id": 1, "trip_id": "15417.TA.91-12-B-j25-1.60.R", "headsign": "Grand-Lancy, Palettes", "route_short_name": "12", "route_long_name": "", "route_type": 0.0, "color": "F5A300", "text_color": "000000" }, "geometry": { "type": "LineString", "coordinates": [ [ 6.13839495, 46.1798668 ], [ 6.13265471, 46.17613473 ], [ 6.12960943, 46.17372741 ], [ 6.12210849, 46.17693092 ] ] } },
{ "type": "Feature", "properties": { "route_id": "91-12-B-j26-1", "direction_id": 0, "trip_id": "1000.TA.91-12-B-j26-1.13.H", "headsign": "Thônex, Moillesulaz", "route_short_name": "12", "route_long_name": "", "route_type": 0.0, "color": "F5A300", "text_color": "000000" }, "geometry": { "type": "LineString", "coordinates": [ [ 6.12985197, 46.17389536 ], [ 6.13267268, 46.17609118 ], [ 6.1385836, 46.1798357 ], [ 6.1409282, 46.18140309 ], [ 6.14078447, 46.18390337 ], [ 6.14064074, 46.18691972 ], [ 6.14315602, 46.18919586 ], [ 6.14392857, 46.19219327 ], [ 6.14342551, 46.19500396 ], [ 6.14304822, 46.1980881 ], [ 6.14385671, 46.20099176 ], [ 6.14464722, 46.20365901 ], [ 6.14740505, 46.20301863 ], [ 6.15286681, 46.2017192 ], [ 6.15647804, 46.20098554 ], [ 6.15879569, 46.20054409 ], [ 6.16478745, 46.20009021 ], [ 6.16839868, 46.20000938 ], [ 6.17492045, 46.1995244 ], [ 6.1806517, 46.19880937 ], [ 6.18598769, 46.19820624 ], [ 6.19250946, 46.1953584 ], [ 6.19655188, 46.19393442 ], [ 6.20067515, 46.19323175 ], [ 6.20669386, 46.19239848 ] ] } },
{ "type": "Feature", "properties": { "route_id": "91-12-B-j26-1", "direction_id": 1, "trip_id": "1042.TA.91-12-B-j26-1.15.R", "headsign": "Lancy-Bachet, gare", "route_short_name": "12", "route_long_name": "", "route_type": 0.0, "color": "F5A300", "text_color": "000000" }, "geometry": { "type": "LineString", "coordinates": [ [ 6.14281466, 46.19803836 ], [ 6.14342551, 46.19489825 ], [ 6.14400044, 46.19183881 ], [ 6.14303924, 46.18882273 ], [ 6.14020955, 46.18680155 ], [ 6.14074853, 46.18391581 ], [ 6.14082938, 46.1812165 ], [ 6.13839495, 46.1798668 ], [ 6.13265471, 46.17613473 ], [ 6.12960943, 46.17372741 ] ] } },
{ "type": "Feature", "properties": { "route_id": "91-14-D-j25-1", "direction_id": 0, "trip_id": "1.TA.91-14-D-j25-1.1.H", "headsign": "Genève, gare Cornavin", "route_short_name": "14", "route_long_name": "", "route_type": 0.0, "color": "5A1E82", "text_color": "FFFFFF" }, "geometry": { "type": "LineString", "coordinates": [ [ 6.13313082, 46.20295646 ], [ 6.14153007, 46.20761301 ], [ 6.14223974, 46.2093599 ] ] } },
{ "type": "Feature", "properties": { "route_id": "91-14-D-j25-1", "direction_id": 1, "trip_id": "10004.TA.91-14-D-j25-1.71.R", "headsign": "Genève, Palladium", "route_short_name": "14", "route_long_name": "", "route_type": 0.0, "color": "5A1E82", "text_color": "FFFFFF" }, "geometry": { "type": "LineString", "coordinates": [ [ 6.14223974, 46.2093599 ], [ 6.13949089, 46.20717162 ], [ 6.13313082, 46.20295646 ] ] } },
{ "type": "Feature", "properties": { "route_id": "91-14-D-j26-1", "direction_id": 0, "trip_id": "1.TA.91-14-D-j26-1.28.H", "headsign": "Genève, gare Cornavin", "route_short_name": "14", "route_long_name": "", "route_type": 0.0, "color": "5A1E82", "text_color": "FFFFFF" }, "geometry": { "type": "LineString", "coordinates": [ [ 6.13313082, 46.20295646 ], [ 6.14153007, 46.20761301 ], [ 6.14223974, 46.2093599 ] ] } },
{ "type": "Feature", "properties": { "route_id": "91-14-D-j26-1", "direction_id": 1, "trip_id": "1116.TA.91-14-D-j26-1.48.R", "headsign": "Genève, Palladium", "route_short_name": "14", "route_long_name": "", "route_type": 0.0, "color": "5A1E82", "text_color": "FFFFFF" }, "geometry": { "type": "LineString", "coordinates": [ [ 6.14223974, 46.2093599 ], [ 6.13949089, 46.20717162 ], [ 6.13313082, 46.20295646 ] ] } },
{ "type": "Feature", "properties": { "route_id": "91-15-D-j25-1", "direction_id": 0, "trip_id": "1.TA.91-15-D-j25-1.1.H", "headsign": "Lancy-Pont-Rouge, gare/Etoile", "route_short_name": "15", "route_long_name": "", "route_type": 0.0, "color": "84471C", "text_color": "FFFFFF" }, "geometry": { "type": "LineString", "coordinates": [ [ 6.12210849, 46.17693092 ], [ 6.1215156, 46.17931944 ], [ 6.12065322, 46.18195043 ], [ 6.12183002, 46.18408995 ], [ 6.12762415, 46.18758516 ] ] } },
{ "type": "Feature", "properties": { "route_id": "91-15-D-j25-1", "direction_id": 1, "trip_id": "11372.TA.91-15-D-j25-1.77.R", "headsign": "Genève, gare Cornavin", "route_short_name": "15", "route_long_name": "", "route_type": 0.0, "color": "84471C", "text_color": "FFFFFF" }, "geometry": { "type": "LineString", "coordinates": [ [ 6.14790811, 46.21673225 ], [ 6.14549164, 46.21315187 ], [ 6.14243737, 46.20973289 ] ] } },
{ "type": "Feature", "properties": { "route_id": "91-15-D-j26-1", "direction_id": 0, "trip_id": "10.TA.91-15-D-j26-1.1.H", "headsign": "Lancy-Bachet, gare", "route_short_name": "15", "route_long_name": "", "route_type": 0.0, "color": "84471C", "text_color": "FFFFFF" }, "geometry": { "type": "LineString", "coordinates": [ [ 6.10270488, 46.16643638 ], [ 6.10822952, 46.17146928 ], [ 6.1158652, 46.17501506 ], [ 6.12210849, 46.17693092 ], [ 6.12320444, 46.17295605 ], [ 6.12539633, 46.17156259 ], [ 6.12960943, 46.17372741 ] ] } },
{ "type": "Feature", "properties": { "route_id": "91-15-D-j26-1", "direction_id": 1, "trip_id": "1085.TA.91-15-D-j26-1.17.R", "headsign": "Genève, gare Cornavin", "route_short_name": "15", "route_long_name": "", "route_type": 0.0, "color": "84471C", "text_color": "FFFFFF" }, "geometry": { "type": "LineString", "coordinates": [ [ 6.13914055, 46.22230127 ], [ 6.14565334, 46.22002649 ], [ 6.14790811, 46.21673225 ], [ 6.14549164, 46.21315187 ], [ 6.14243737, 46.20973289 ] ] } },
{ "type": "Feature", "properties": { "route_id": "91-17-D-j25-1", "direction_id": 0, "trip_id": "1.TA.91-17-D-j25-1.1.H", "headsign": "Lancy-Bachet, gare", "route_short_name": "17", "route_long_name": "", "route_type": 0.0, "color": "00ACE7", "text_color": "000000" }, "geometry": { "type": "LineString", "coordinates": [ [ 6.13839495, 46.1798668 ], [ 6.13265471, 46.17613473 ], [ 6.12960943, 46.17372741 ] ] } },
{ "type": "Feature", "properties": { "route_id": "91-17-D-j25-1", "direction_id": 1, "trip_id": "4248.TA.91-17-D-j25-1.64.R", "headsign": "Carouge GE, Rondeau", "route_short_name": "17", "route_long_name": "", "route_type": 0.0, "color": "00ACE7", "text_color": "000000" }, "geometry": { "type": "LineString", "coordinates": [ [ 6.1327176, 46.17606008 ], [ 6.1385836, 46.1798357 ] ] } },
{ "type": "Feature", "properties": { "route_id": "91-17-D-j26-1", "direction_id": 0, "trip_id": "13.TA.91-17-D-j26-1.2.H", "headsign": "Genève, Plainpalais", "route_short_name": "17", "route_long_name": "", "route_type": 0.0, "color": "00ACE7", "text_color": "000000" }, "geometry": { "type": "LineString", "coordinates": [ [ 6.12459683, 46.18805158 ], [ 6.12761517, 46.18755406 ], [ 6.13123538, 46.18902174 ], [ 6.13359795, 46.19028415 ], [ 6.13851173, 46.19274671 ], [ 6.14123363, 46.19480498 ], [ 6.14285958, 46.19808188 ] ] } },
{ "type": "Feature", "properties": { "route_id": "91-17-D-j26-1", "direction_id": 1, "trip_id": "501.TA.91-17-D-j26-1.33.R", "headsign": "Lancy-Pont-Rouge, gare", "route_short_name": "17", "route_long_name": "", "route_type": 0.0, "color": "00ACE7", "text_color": "000000" }, "geometry": { "type": "LineString", "coordinates": [ [ 6.14194329, 46.19828085 ], [ 6.14086532, 46.19455003 ], [ 6.13804461, 46.1925726 ], [ 6.13406507, 46.19045828 ], [ 6.13076825, 46.18884761 ], [ 6.12686956, 46.1875665 ], [ 6.12459683, 46.18805158 ] ] } },
{ "type": "Feature", "properties": { "route_id": "91-18-j25-1", "direction_id": 0, "trip_id": "1.TA.91-18-j25-1.1.H", "headsign": "Meyrin, Bois-du-Lan", "route_short_name": "18", "route_long_name": "", "route_type": 0.0, "color": "B82F89", "text_color": "FFFFFF" }, "geometry": { "type": "LineString", "coordinates": [ [ 6.08330127, 46.2258189 ], [ 6.07797426, 46.22724827 ] ] } },
{ "type": "Feature", "properties": { "route_id": "91-18-j25-1", "direction_id": 1, "trip_id": "10000.TA.91-18-j25-1.116.R", "headsign": "Genève, Bel-Air", "route_short_name": "18", "route_long_name": "", "route_type": 0.0, "color": "B82F89", "text_color": "FFFFFF" }, "geometry": { "type": "LineString", "coordinates": [ [ 6.07853122, 46.22706183 ], [ 6.08393009, 46.22559517 ], [ 6.09745872, 46.22191593 ], [ 6.1058939, 46.21959763 ], [ 6.11105921, 46.2182613 ], [ 6.11838048, 46.21627228 ], [ 6.12547718, 46.21491723 ], [ 6.13053469, 46.21322025 ], [ 6.13393931, 46.21161025 ], [ 6.1385297, 46.20966451 ], [ 6.14184448, 46.20957747 ], [ 6.14200618, 46.20725244 ], [ 6.14345246, 46.20452941 ] ] } },
{ "type": "Feature", "properties": { "route_id": "91-18-j26-1", "direction_id": 1, "trip_id": "1001.TA.91-18-j26-1.42.R", "headsign": "Grand-Lancy, Palettes", "route_short_name": "18", "route_long_name": "", "route_type": 0.0, "color": "B82F89", "text_color": "FFFFFF" }, "geometry": { "type": "LineString", "coordinates": [ [ 6.07224301, 46.22875217 ], [ 6.07853122, 46.22706183 ], [ 6.08393009, 46.22559517 ], [ 6.09745872, 46.22191593 ], [ 6.1058939, 46.21959763 ], [ 6.11105921, 46.2182613 ], [ 6.11838048, 46.21627228 ], [ 6.12547718, 46.21491723 ], [ 6.13053469, 46.21322025 ], [ 6.13393931, 46.21161025 ], [ 6.1385297, 46.20966451 ], [ 6.14184448, 46.20957747 ], [ 6.14200618, 46.20725244 ], [ 6.14345246, 46.20452941 ], [ 6.14329975, 46.2006871 ], [ 6.14296737, 46.19764663 ], [ 6.14345246, 46.1945376 ], [ 6.14382976, 46.19178284 ], [ 6.14294042, 46.1887481 ], [ 6.14009276, 46.18674558 ], [ 6.14039819, 46.18431385 ], [ 6.14068565, 46.18106101 ], [ 6.13802664, 46.1796491 ], [ 6.13216064, 46.17583615 ], [ 6.12940281, 46.17354079 ], [ 6.12520768, 46.17146928 ], [ 6.1234919, 46.1732733 ], [ 6.12207256, 46.17696202 ] ] } },
{ "type": "Feature", "properties": { "route_id": "91-18-j26-1", "direction_id": 0, "trip_id": "101.TA.91-18-j26-1.6.H", "headsign": "Vernier, Blandonnet", "route_short_name": "18", "route_long_name": "", "route_type": 0.0, "color": "B82F89", "text_color": "FFFFFF" }, "geometry": { "type": "LineString", "coordinates": [ [ 6.1414582, 46.20991938 ], [ 6.13784698, 46.21003128 ], [ 6.13326557, 46.21198322 ], [ 6.1298879, 46.21361186 ], [ 6.12490225, 46.21509127 ], [ 6.1176798, 46.21652092 ], [ 6.11019683, 46.21856586 ], [ 6.10518423, 46.21985868 ], [ 6.09694668, 46.22212103 ] ] } },
{ "type": "Feature", "properties": { "route_id": "92-10-H-j25-1", "direction_id": 0, "trip_id": "1.TA.92-10-H-j25-1.1.H", "headsign": "Genève, Rive", "route_short_name": "10", "route_long_name": "", "route_type": 3.0, "color": "006E3D", "text_color": "FFFFFF" }, "geometry": { "type": "LineString", "coordinates": [ [ 6.13094792, 46.20120937 ], [ 6.139967, 46.20129641 ], [ 6.14187143, 46.20234716 ], [ 6.14464722, 46.20365901 ], [ 6.14740505, 46.20301863 ], [ 6.15272308, 46.2016819 ] ] } },
{ "type": "Feature", "properties": { "route_id": "92-10-H-j25-1", "direction_id": 1, "trip_id": "1000.TA.92-10-H-j25-1.18.R", "headsign": "Genève-Aéroport, Terminal", "route_short_name": "10", "route_long_name": "", "route_type": 3.0, "color": "006E3D", "text_color": "FFFFFF" }, "geometry": { "type": "LineString", "coordinates": [ [ 6.13094792, 46.20120937 ], [ 6.139967, 46.20129641 ], [ 6.14187143, 46.20234716 ], [ 6.14297636, 46.20506408 ], [ 6.1423655, 46.20760058 ], [ 6.14020955, 46.20888743 ], [ 6.13551136, 46.20851444 ], [ 6.13140606, 46.20882527 ], [ 6.12784873, 46.20848957 ], [ 6.1234919, 46.20894338 ], [ 6.11935066, 46.21325755 ], [ 6.11791336, 46.21667009 ], [ 6.11427518, 46.21982138 ], [ 6.11121193, 46.221947 ], [ 6.10774443, 46.2247251 ], [ 6.10400744, 46.22849116 ], [ 6.10648679, 46.22928038 ], [ 6.10960394, 46.23105765 ] ] } },
{ "type": "Feature", "properties": { "route_id": "92-10-H-j26-1", "direction_id": 0, "trip_id": "1.TA.92-10-H-j26-1.1.H", "headsign": "Genève, Rive", "route_short_name": "10", "route_long_name": "", "route_type": 3.0, "color": "006E3D", "text_color": "FFFFFF" }, "geometry": { "type": "LineString", "coordinates": [ [ 6.13094792, 46.20120937 ], [ 6.139967, 46.20129641 ], [ 6.14187143, 46.20234716 ], [ 6.14464722, 46.20365901 ], [ 6.14740505, 46.20301863 ], [ 6.15272308, 46.2016819 ] ] } },
{ "type": "Feature", "properties": { "route_id": "92-10-H-j26-1", "direction_id": 1, "trip_id": "381.TA.92-10-H-j26-1.8.R", "headsign": "Genève, Bel-Air", "route_short_name": "10", "route_long_name": "", "route_type": 3.0, "color": "006E3D", "text_color": "FFFFFF" }, "geometry": { "type": "LineString", "coordinates": [ [ 6.15281291, 46.2018622 ], [ 6.15601091, 46.2022912 ], [ 6.15151934, 46.20339788 ], [ 6.14718047, 46.20311189 ], [ 6.14304822, 46.20472836 ] ] } },
{ "type": "Feature", "properties": { "route_id": "92-11-I-j25-1", "direction_id": 0, "trip_id": "1.TA.92-11-I-j25-1.30.H", "headsign": "Carouge GE, Fontenette", "route_short_name": "11", "route_long_name": "", "route_type": 3.0, "color": "9578D3", "text_color": "FFFFFF" }, "geometry": { "type": "LineString", "coordinates": [ [ 6.14877947, 46.22281712 ], [ 6.14464722, 46.22347591 ], [ 6.13818834, 46.22266796 ], [ 6.13521491, 46.21992705 ], [ 6.13048079, 46.21550152 ], [ 6.1290884, 46.21346889 ], [ 6.12703126, 46.21067779 ], [ 6.12717499, 46.20765653 ], [ 6.12801941, 46.20469105 ], [ 6.13230437, 46.20532519 ], [ 6.13213369, 46.20391391 ], [ 6.12946569, 46.2006871 ], [ 6.13004062, 46.19536462 ], [ 6.1344244, 46.19273428 ], [ 6.13672408, 46.19063862 ], [ 6.13668815, 46.18831278 ], [ 6.13546644, 46.18470567 ], [ 6.13584373, 46.18351776 ], [ 6.14100905, 46.18326898 ], [ 6.14381179, 46.18243556 ], [ 6.14586893, 46.18443202 ] ] } },
{ "type": "Feature", "properties": { "route_id": "92-11-I-j25-1", "direction_id": 1, "trip_id": "1251.TA.92-11-I-j25-1.31.R", "headsign": "Genève, Jardin Botanique", "route_short_name": "11", "route_long_name": "", "route_type": 3.0, "color": "9578D3", "text_color": "FFFFFF" }, "geometry": { "type": "LineString", "coordinates": [ [ 6.14470112, 46.18550174 ], [ 6.13990412, 46.18672071 ], [ 6.13584373, 46.18365459 ], [ 6.13585272, 46.18575051 ], [ 6.13693968, 46.18902795 ], [ 6.13534966, 46.19066349 ], [ 6.13339133, 46.19367325 ], [ 6.12943875, 46.19588072 ], [ 6.13003163, 46.20101663 ], [ 6.13251098, 46.20396987 ], [ 6.13195403, 46.20597176 ], [ 6.12740855, 46.20772491 ], [ 6.12755228, 46.21174079 ], [ 6.13000468, 46.2139724 ], [ 6.13130724, 46.21654578 ], [ 6.13427168, 46.21901959 ], [ 6.13971547, 46.2226866 ], [ 6.14438671, 46.22332053 ], [ 6.14877947, 46.22281712 ] ] } },
{ "type": "Feature", "properties": { "route_id": "92-11-I-j26-1", "direction_id": 0, "trip_id": "100.TA.92-11-I-j26-1.6.H", "headsign": "Genève-Eaux-Vives, gare", "route_short_name": "11", "route_long_name": "", "route_type": 3.0, "color": "9578D3", "text_color": "FFFFFF" }, "geometry": { "type": "LineString", "coordinates": [ [ 6.14877947, 46.22281712 ], [ 6.14464722, 46.22347591 ], [ 6.13818834, 46.22266796 ], [ 6.13521491, 46.21992705 ], [ 6.13048079, 46.21550152 ], [ 6.1290884, 46.21346889 ], [ 6.12703126, 46.21067779 ], [ 6.12717499, 46.20765653 ], [ 6.12801941, 46.20469105 ], [ 6.13230437, 46.20532519 ], [ 6.13213369, 46.20391391 ], [ 6.12946569, 46.2006871 ], [ 6.13004062, 46.19536462 ], [ 6.1344244, 46.19273428 ], [ 6.13672408, 46.19063862 ], [ 6.13668815, 46.18831278 ], [ 6.13546644, 46.18470567 ], [ 6.13584373, 46.18351776 ], [ 6.14100905, 46.18326898 ], [ 6.14381179, 46.18243556 ], [ 6.14586893, 46.18443202 ], [ 6.15033356, 46.18455019 ], [ 6.15707991, 46.18190067 ], [ 6.15868789, 46.18707519 ], [ 6.16175115, 46.19020331 ], [ 6.16365557, 46.191901 ], [ 6.16565882, 46.19537705 ], [ 6.16743748, 46.1996301 ], [ 6.16558695, 46.20048192 ] ] } },
{ "type": "Feature", "properties": { "route_id": "92-11-I-j26-1", "direction_id": 1, "trip_id": "351.TA.92-11-I-j26-1.7.R", "headsign": "Genève, Jardin Botanique", "route_short_name": "11", "route_long_name": "", "route_type": 3.0, "color": "9578D3", "text_color": "FFFFFF" }, "geometry": { "type": "LineString", "coordinates": [ [ 6.16452694, 46.20008399 ], [ 6.16768003, 46.20000938 ], [ 6.16610798, 46.19626002 ], [ 6.16365557, 46.19243579 ], [ 6.16140979, 46.19001675 ], [ 6.15891247, 46.18716226 ], [ 6.15731347, 46.18188201 ], [ 6.15013593, 46.18462482 ], [ 6.14622826, 46.18515346 ], [ 6.14020955, 46.18680155 ], [ 6.13531373, 46.18350532 ], [ 6.13566407, 46.1853587 ], [ 6.13710137, 46.18863616 ], [ 6.13596051, 46.19073812 ], [ 6.13394829, 46.19320688 ], [ 6.12880992, 46.19606726 ], [ 6.12969027, 46.20078658 ], [ 6.1323403, 46.20395121 ], [ 6.13222352, 46.20542467 ], [ 6.12733669, 46.2082782 ], [ 6.12735465, 46.21144241 ], [ 6.12987892, 46.21357457 ], [ 6.13067842, 46.21604852 ], [ 6.13473881, 46.21944224 ], [ 6.13914055, 46.22230127 ], [ 6.14462926, 46.2234324 ], [ 6.14771048, 46.22389231 ] ] } },
{ "type": "Feature", "properties": { "route_id": "92-19-C-j25-1", "direction_id": 0, "trip_id": "1.TA.92-19-C-j25-1.1.H", "headsign": "Genève, Jonction", "route_short_name": "19", "route_long_name": "", "route_type": 3.0, "color": "A05909", "text_color": "FFFFFF" }, "geometry": { "type": "LineString", "coordinates": [ [ 6.14304822, 46.20472836 ], [ 6.14185346, 46.20217307 ], [ 6.14032633, 46.20108502 ], [ 6.12969027, 46.20078658 ] ] } },
{ "type": "Feature", "properties": { "route_id": "92-19-C-j25-1", "direction_id": 1, "trip_id": "1294.TA.92-19-C-j25-1.20.R", "headsign": "Genève, Jonction", "route_short_name": "19", "route_long_name": "", "route_type": 3.0, "color": "A05909", "text_color": "FFFFFF" }, "geometry": { "type": "LineString", "coordinates": [ [ 6.09972248, 46.1886797 ], [ 6.10133944, 46.18955656 ], [ 6.10050401, 46.19120452 ], [ 6.10330675, 46.19209999 ], [ 6.1076007, 46.19363594 ], [ 6.11216414, 46.1945376 ], [ 6.11538011, 46.19705593 ], [ 6.11791336, 46.19647765 ], [ 6.12227917, 46.1954952 ], [ 6.12969027, 46.20078658 ], [ 6.13282539, 46.19981042 ], [ 6.13626594, 46.1978083 ], [ 6.13754155, 46.19974824 ], [ 6.12969027, 46.20078658 ] ] } },
{ "type": "Feature", "properties": { "route_id": "92-19-C-j26-1", "direction_id": 0, "trip_id": "10.TA.92-19-C-j26-1.1.H", "headsign": "Genève, Jonction", "route_short_name": "19", "route_long_name": "", "route_type": 3.0, "color": "A05909", "text_color": "FFFFFF" }, "geometry": { "type": "LineString", "coordinates": [ [ 6.14304822, 46.20472836 ], [ 6.14185346, 46.20217307 ], [ 6.14032633, 46.20108502 ], [ 6.12969027, 46.20078658 ] ] } },
{ "type": "Feature", "properties": { "route_id": "92-19-C-j26-1", "direction_id": 1, "trip_id": "473.TA.92-19-C-j26-1.15.R", "headsign": "Genève, Jonction", "route_short_name": "19", "route_long_name": "", "route_type": 3.0, "color": "A05909", "text_color": "FFFFFF" }, "geometry": { "type": "LineString", "coordinates": [ [ 6.09972248, 46.1886797 ], [ 6.10133944, 46.18955656 ], [ 6.10050401, 46.19120452 ], [ 6.10330675, 46.19209999 ], [ 6.1076007, 46.19363594 ], [ 6.11216414, 46.1945376 ], [ 6.11538011, 46.19705593 ], [ 6.11791336, 46.19647765 ], [ 6.12227917, 46.1954952 ], [ 6.12969027, 46.20078658 ], [ 6.13282539, 46.19981042 ], [ 6.13626594, 46.1978083 ], [ 6.13754155, 46.19974824 ], [ 6.12969027, 46.20078658 ] ] } },
{ "type": "Feature", "properties": { "route_id": "92-1-S-j25-1", "direction_id": 0, "trip_id": "1.TA.92-1-S-j25-1.1.H", "headsign": "Genève, Jardin Botanique", "route_short_name": "1", "route_long_name": "", "route_type": 3.0, "color": "5A1E82", "text_color": "FFFFFF" }, "geometry": { "type": "LineString", "coordinates": [ [ 6.14243737, 46.20973289 ], [ 6.148501, 46.21047887 ], [ 6.14964186, 46.21188998 ], [ 6.15049526, 46.21351862 ], [ 6.15107018, 46.21678819 ], [ 6.1498305, 46.22039941 ], [ 6.14771048, 46.22389231 ] ] } },
{ "type": "Feature", "properties": { "route_id": "92-1-S-j25-1", "direction_id": 1, "trip_id": "1634.TA.92-1-S-j25-1.25.R", "headsign": "Genève, gare Cornavin", "route_short_name": "1", "route_long_name": "", "route_type": 3.0, "color": "5A1E82", "text_color": "FFFFFF" }, "geometry": { "type": "LineString", "coordinates": [ [ 6.14771048, 46.22389231 ], [ 6.1498305, 46.22039941 ], [ 6.15107018, 46.21678819 ], [ 6.15049526, 46.21351862 ], [ 6.14964186, 46.21188998 ], [ 6.148501, 46.21047887 ], [ 6.14718946, 46.2090242 ], [ 6.14243737, 46.20973289 ] ] } },
{ "type": "Feature", "properties": { "route_id": "92-1-S-j26-1", "direction_id": 0, "trip_id": "10.TA.92-1-S-j26-1.21.H", "headsign": "Genève, Plainpalais", "route_short_name": "1", "route_long_name": "", "route_type": 3.0, "color": "5A1E82", "text_color": "FFFFFF" }, "geometry": { "type": "LineString", "coordinates": [ [ 6.15350461, 46.2020052 ], [ 6.15520243, 46.20073062 ], [ 6.15543599, 46.19846117 ], [ 6.15384597, 46.19724247 ], [ 6.15076475, 46.19552629 ], [ 6.14945321, 46.19473658 ], [ 6.14615639, 46.19669529 ], [ 6.14356026, 46.19768394 ] ] } },
{ "type": "Feature", "properties": { "route_id": "92-1-S-j26-1", "direction_id": 1, "trip_id": "337.TA.92-1-S-j26-1.29.R", "headsign": "Genève, Rive", "route_short_name": "1", "route_long_name": "", "route_type": 3.0, "color": "5A1E82", "text_color": "FFFFFF" }, "geometry": { "type": "LineString", "coordinates": [ [ 6.14356026, 46.19768394 ], [ 6.14301229, 46.19502262 ], [ 6.1472164, 46.19557603 ], [ 6.14893219, 46.19465574 ], [ 6.15116001, 46.19505993 ], [ 6.15433106, 46.19408366 ], [ 6.15633431, 46.1963222 ], [ 6.15734042, 46.19860418 ], [ 6.15574142, 46.20096689 ], [ 6.15541802, 46.20255855 ], [ 6.15350461, 46.2020052 ] ] } },
{ "type": "Feature", "properties": { "route_id": "92-20-B-j25-1", "direction_id": 0, "trip_id": "1.TA.92-20-B-j25-1.23.H", "headsign": "Bellevue GE, Valavran", "route_short_name": "20", "route_long_name": "", "route_type": 3.0, "color": "00A828", "text_color": "FFFFFF" }, "geometry": { "type": "LineString", "coordinates": [ [ 6.14243737, 46.20973289 ], [ 6.14123363, 46.21293431 ], [ 6.14126956, 46.21669496 ], [ 6.14025446, 46.22077854 ], [ 6.13914055, 46.22230127 ], [ 6.13728104, 46.22655223 ], [ 6.13873631, 46.2300261 ], [ 6.13879919, 46.23230046 ], [ 6.13956276, 46.23456851 ], [ 6.14119769, 46.23733354 ], [ 6.14365009, 46.24184429 ], [ 6.14064074, 46.24307443 ], [ 6.13792782, 46.24457168 ], [ 6.13447829, 46.24447849 ], [ 6.1292501, 46.24377025 ], [ 6.1285584, 46.24651618 ], [ 6.13025621, 46.25018135 ], [ 6.1332476, 46.25615692 ], [ 6.13940106, 46.25674699 ] ] } },
{ "type": "Feature", "properties": { "route_id": "92-20-B-j25-1", "direction_id": 1, "trip_id": "1319.TA.92-20-B-j25-1.29.R", "headsign": "Genève, gare Cornavin", "route_short_name": "20", "route_long_name": "", "route_type": 3.0, "color": "00A828", "text_color": "FFFFFF" }, "geometry": { "type": "LineString", "coordinates": [ [ 6.13940106, 46.25674699 ], [ 6.1332476, 46.25615692 ], [ 6.13025621, 46.25018135 ], [ 6.1285584, 46.24651618 ], [ 6.1292501, 46.24377025 ], [ 6.13447829, 46.24447849 ], [ 6.13792782, 46.24457168 ], [ 6.14064074, 46.24307443 ], [ 6.14365009, 46.24184429 ], [ 6.14119769, 46.23733354 ], [ 6.13956276, 46.23456851 ], [ 6.13879919, 46.23230046 ], [ 6.13873631, 46.2300261 ], [ 6.13728104, 46.22655223 ], [ 6.13914055, 46.22230127 ], [ 6.14025446, 46.22077854 ], [ 6.14126956, 46.21669496 ], [ 6.14123363, 46.21293431 ], [ 6.14243737, 46.20973289 ] ] } },
{ "type": "Feature", "properties": { "route_id": "92-20-B-j26-1", "direction_id": 0, "trip_id": "100.TA.92-20-B-j26-1.6.H", "headsign": "Bellevue GE, Valavran", "route_short_name": "20", "route_long_name": "", "route_type": 3.0, "color": "00A828", "text_color": "FFFFFF" }, "geometry": { "type": "LineString", "coordinates": [ [ 6.17882812, 46.16310159 ], [ 6.17862151, 46.16658569 ], [ 6.18021153, 46.1683401 ], [ 6.17788489, 46.16929816 ], [ 6.17245008, 46.17237752 ], [ 6.17006056, 46.1742686 ], [ 6.17983423, 46.17711131 ], [ 6.18204409, 46.17857304 ], [ 6.181559, 46.18168298 ], [ 6.17779506, 46.18309483 ], [ 6.17381552, 46.18465591 ], [ 6.17003361, 46.18736749 ], [ 6.16698832, 46.19021575 ], [ 6.16370947, 46.19259125 ], [ 6.16084385, 46.19387846 ], [ 6.15534616, 46.19630355 ], [ 6.15039644, 46.1963906 ], [ 6.14860879, 46.19837412 ], [ 6.1466864, 46.20009021 ], [ 6.14424298, 46.20126533 ], [ 6.14297636, 46.20506408 ], [ 6.1423655, 46.20760058 ], [ 6.14153905, 46.21051616 ], [ 6.14135939, 46.21338808 ], [ 6.14133244, 46.21680062 ], [ 6.14089227, 46.21979031 ], [ 6.13920343, 46.22200294 ], [ 6.13840393, 46.22788215 ], [ 6.13873631, 46.23008202 ], [ 6.13879919, 46.23221346 ], [ 6.13941903, 46.23374829 ], [ 6.14132346, 46.2374516 ], [ 6.14365009, 46.24194369 ], [ 6.14063175, 46.24309928 ], [ 6.13789189, 46.24467108 ], [ 6.13408304, 46.24442879 ], [ 6.12993282, 46.24382616 ], [ 6.12863026, 46.24657831 ], [ 6.13024723, 46.24993909 ], [ 6.13350811, 46.25612587 ], [ 6.13909563, 46.2565296 ] ] } },
{ "type": "Feature", "properties": { "route_id": "92-20-B-j26-1", "direction_id": 1, "trip_id": "256.TA.92-20-B-j26-1.8.R", "headsign": "Veyrier, Tournettes", "route_short_name": "20", "route_long_name": "", "route_type": 3.0, "color": "00A828", "text_color": "FFFFFF" }, "geometry": { "type": "LineString", "coordinates": [ [ 6.13940106, 46.25674699 ], [ 6.1332476, 46.25615692 ], [ 6.13025621, 46.25018135 ], [ 6.1285584, 46.24651618 ], [ 6.1292501, 46.24377025 ], [ 6.13447829, 46.24447849 ], [ 6.13792782, 46.24457168 ], [ 6.14064074, 46.24307443 ], [ 6.14365009, 46.24184429 ], [ 6.14119769, 46.23733354 ], [ 6.13956276, 46.23456851 ], [ 6.13879919, 46.23230046 ], [ 6.13873631, 46.2300261 ], [ 6.13728104, 46.22655223 ], [ 6.13914055, 46.22230127 ], [ 6.14025446, 46.22077854 ], [ 6.14126956, 46.21669496 ], [ 6.14123363, 46.21293431 ], [ 6.14243737, 46.20973289 ], [ 6.14219482, 46.20744516 ], [ 6.14304822, 46.20472836 ], [ 6.14294042, 46.20238446 ], [ 6.1441801, 46.20119693 ], [ 6.14712657, 46.19988503 ], [ 6.1489232, 46.1981565 ], [ 6.15072882, 46.19570661 ], [ 6.15385495, 46.19377896 ], [ 6.15616363, 46.19601752 ], [ 6.16079893, 46.19376653 ], [ 6.16365557, 46.19243579 ], [ 6.16736562, 46.18946949 ], [ 6.17016836, 46.18710629 ], [ 6.17413891, 46.18440092 ], [ 6.1783071, 46.18294556 ], [ 6.18158595, 46.18161456 ], [ 6.18208002, 46.17869744 ], [ 6.17969949, 46.17705533 ], [ 6.16962039, 46.17412552 ], [ 6.17267466, 46.17220956 ], [ 6.17794777, 46.16923595 ], [ 6.18037322, 46.16860139 ], [ 6.17855863, 46.16651726 ], [ 6.17891795, 46.16336291 ] ] } },
{ "type": "Feature", "properties": { "route_id": "92-21-H-j25-1", "direction_id": 0, "trip_id": "1.TA.92-21-H-j25-1.1.H", "headsign": "Carouge GE, Rondeau", "route_short_name": "21", "route_long_name": "", "route_type": 3.0, "color": "78003C", "text_color": "FFFFFF" }, "geometry": { "type": "LineString", "coordinates": [ [ 6.09972248, 46.1886797 ], [ 6.10133944, 46.18955656 ], [ 6.10050401, 46.19120452 ], [ 6.10330675, 46.19209999 ], [ 6.1076007, 46.19363594 ], [ 6.10991835, 46.19256016 ], [ 6.11227194, 46.19054534 ], [ 6.11309839, 46.18809512 ], [ 6.1193327, 46.19039609 ], [ 6.12463276, 46.18810133 ], [ 6.12762415, 46.18758516 ], [ 6.12881891, 46.17943762 ], [ 6.13531373, 46.18350532 ], [ 6.13839495, 46.1798668 ] ] } },
{ "type": "Feature", "properties": { "route_id": "92-21-H-j25-1", "direction_id": 1, "trip_id": "297.TA.92-21-H-j25-1.8.R", "headsign": "Onex, cité", "route_short_name": "21", "route_long_name": "", "route_type": 3.0, "color": "78003C", "text_color": "FFFFFF" }, "geometry": { "type": "LineString", "coordinates": [ [ 6.13839495, 46.1798668 ], [ 6.13531373, 46.18350532 ], [ 6.12881891, 46.17943762 ], [ 6.12762415, 46.18758516 ], [ 6.12463276, 46.18810133 ], [ 6.1193327, 46.19039609 ], [ 6.11309839, 46.18809512 ], [ 6.10991835, 46.19256016 ], [ 6.1076007, 46.19363594 ], [ 6.10330675, 46.19209999 ], [ 6.10050401, 46.19120452 ], [ 6.09972248, 46.1886797 ] ] } },
{ "type": "Feature", "properties": { "route_id": "92-21-H-j26-1", "direction_id": 0, "trip_id": "1.TA.92-21-H-j26-1.1.H", "headsign": "Carouge GE, Rondeau", "route_short_name": "21", "route_long_name": "", "route_type": 3.0, "color": "78003C", "text_color": "FFFFFF" }, "geometry": { "type": "LineString", "coordinates": [ [ 6.09972248, 46.1886797 ], [ 6.10133944, 46.18955656 ], [ 6.10050401, 46.19120452 ], [ 6.10330675, 46.19209999 ], [ 6.1076007, 46.19363594 ], [ 6.10991835, 46.19256016 ], [ 6.11227194, 46.19054534 ], [ 6.11309839, 46.18809512 ], [ 6.1193327, 46.19039609 ], [ 6.12463276, 46.18810133 ], [ 6.12762415, 46.18758516 ], [ 6.12881891, 46.17943762 ], [ 6.13531373, 46.18350532 ], [ 6.13839495, 46.1798668 ] ] } },
{ "type": "Feature", "properties": { "route_id": "92-21-H-j26-1", "direction_id": 1, "trip_id": "252.TA.92-21-H-j26-1.5.R", "headsign": "Onex, cité", "route_short_name": "21", "route_long_name": "", "route_type": 3.0, "color": "78003C", "text_color": "FFFFFF" }, "geometry": { "type": "LineString", "coordinates": [ [ 6.13839495, 46.1798668 ], [ 6.13531373, 46.18350532 ], [ 6.12881891, 46.17943762 ], [ 6.12762415, 46.18758516 ], [ 6.12463276, 46.18810133 ], [ 6.1193327, 46.19039609 ], [ 6.11309839, 46.18809512 ], [ 6.10991835, 46.19256016 ], [ 6.1076007, 46.19363594 ], [ 6.10330675, 46.19209999 ], [ 6.10050401, 46.19120452 ], [ 6.09972248, 46.1886797 ] ] } },
{ "type": "Feature", "properties": { "route_id": "92-22-I-j25-1", "direction_id": 0, "trip_id": "1.TA.92-22-I-j25-1.1.H", "headsign": "Carouge GE, Rondeau", "route_short_name": "22", "route_long_name": "", "route_type": 3.0, "color": "5A1E82", "text_color": "FFFFFF" }, "geometry": { "type": "LineString", "coordinates": [ [ 6.12290799, 46.21952926 ], [ 6.12108441, 46.21818671 ], [ 6.11808404, 46.21642768 ], [ 6.11937761, 46.21315809 ], [ 6.11788641, 46.21005615 ], [ 6.11279296, 46.21122483 ], [ 6.1099453, 46.2060215 ], [ 6.11216414, 46.1945376 ], [ 6.11227194, 46.19054534 ], [ 6.11309839, 46.18809512 ], [ 6.11641317, 46.18641597 ], [ 6.12065322, 46.18195043 ], [ 6.1215156, 46.17931944 ], [ 6.12210849, 46.17693092 ], [ 6.12320444, 46.17295605 ], [ 6.12960943, 46.17372741 ], [ 6.12881891, 46.17943762 ], [ 6.13531373, 46.18350532 ], [ 6.13839495, 46.1798668 ] ] } },
{ "type": "Feature", "properties": { "route_id": "92-22-I-j25-1", "direction_id": 1, "trip_id": "1126.TA.92-22-I-j25-1.13.R", "headsign": "Vernier, Bouchet", "route_short_name": "22", "route_long_name": "", "route_type": 3.0, "color": "5A1E82", "text_color": "FFFFFF" }, "geometry": { "type": "LineString", "coordinates": [ [ 6.13839495, 46.1798668 ], [ 6.13531373, 46.18350532 ], [ 6.12881891, 46.17943762 ], [ 6.12960943, 46.17372741 ], [ 6.12210849, 46.17693092 ], [ 6.1215156, 46.17931944 ], [ 6.12065322, 46.18195043 ], [ 6.11641317, 46.18641597 ], [ 6.11309839, 46.18809512 ], [ 6.11227194, 46.19054534 ], [ 6.11216414, 46.1945376 ], [ 6.1099453, 46.2060215 ], [ 6.11279296, 46.21122483 ], [ 6.11788641, 46.21005615 ], [ 6.11937761, 46.21315809 ], [ 6.11808404, 46.21642768 ] ] } },
{ "type": "Feature", "properties": { "route_id": "92-22-I-j26-1", "direction_id": 0, "trip_id": "10.TA.92-22-I-j26-1.17.H", "headsign": "Carouge GE, Rondeau", "route_short_name": "22", "route_long_name": "", "route_type": 3.0, "color": "5A1E82", "text_color": "FFFFFF" }, "geometry": { "type": "LineString", "coordinates": [ [ 6.14771048, 46.22389231 ], [ 6.14462926, 46.2234324 ], [ 6.13914055, 46.22230127 ], [ 6.13728104, 46.22655223 ], [ 6.13393931, 46.23099551 ], [ 6.13107368, 46.23062887 ], [ 6.12510887, 46.23037409 ], [ 6.12347393, 46.22851602 ], [ 6.12385122, 46.22586862 ], [ 6.12345597, 46.22310301 ], [ 6.12849551, 46.22300357 ], [ 6.12290799, 46.21952926 ], [ 6.12108441, 46.21818671 ], [ 6.11808404, 46.21642768 ], [ 6.11937761, 46.21315809 ], [ 6.11788641, 46.21005615 ], [ 6.11279296, 46.21122483 ], [ 6.1099453, 46.2060215 ], [ 6.11216414, 46.1945376 ], [ 6.11227194, 46.19054534 ], [ 6.11309839, 46.18809512 ], [ 6.11641317, 46.18641597 ], [ 6.12065322, 46.18195043 ], [ 6.1215156, 46.17931944 ], [ 6.12210849, 46.17693092 ], [ 6.12320444, 46.17295605 ], [ 6.12960943, 46.17372741 ], [ 6.12881891, 46.17943762 ], [ 6.13531373, 46.18350532 ], [ 6.13839495, 46.1798668 ] ] } },
{ "type": "Feature", "properties": { "route_id": "92-22-I-j26-1", "direction_id": 1, "trip_id": "261.TA.92-22-I-j26-1.23.R", "headsign": "Genève, Nations", "route_short_name": "22", "route_long_name": "", "route_type": 3.0, "color": "5A1E82", "text_color": "FFFFFF" }, "geometry": { "type": "LineString", "coordinates": [ [ 6.13822427, 46.18063806 ], [ 6.13565509, 46.183213 ], [ 6.1286123, 46.17861036 ], [ 6.12873806, 46.17428726 ], [ 6.12332122, 46.17297471 ], [ 6.12198273, 46.17705533 ], [ 6.12149764, 46.17954958 ], [ 6.12065322, 46.18214323 ], [ 6.11635029, 46.18665851 ], [ 6.11464349, 46.18826925 ], [ 6.11233482, 46.1908003 ], [ 6.11246957, 46.19507858 ], [ 6.11008005, 46.20622666 ], [ 6.11276601, 46.21113781 ], [ 6.11871286, 46.20978884 ], [ 6.11935066, 46.21325755 ], [ 6.11928778, 46.21652092 ], [ 6.12132696, 46.21829859 ], [ 6.12307867, 46.2195852 ], [ 6.12554006, 46.2219035 ], [ 6.12314156, 46.22327081 ], [ 6.12382427, 46.22596806 ], [ 6.12350986, 46.22844766 ], [ 6.12700431, 46.2307718 ], [ 6.13143301, 46.23080908 ], [ 6.13412795, 46.23079044 ], [ 6.13684985, 46.22659574 ], [ 6.13894292, 46.22236342 ] ] } },
{ "type": "Feature", "properties": { "route_id": "92-23-E-j25-1", "direction_id": 0, "trip_id": "1.TA.92-23-E-j25-1.1.H", "headsign": "Carouge GE, Tours", "route_short_name": "23", "route_long_name": "", "route_type": 3.0, "color": "B82F89", "text_color": "FFFFFF" }, "geometry": { "type": "LineString", "coordinates": [ [ 6.12209053, 46.24082536 ], [ 6.11852421, 46.23820341 ], [ 6.11588317, 46.23587959 ], [ 6.11220008, 46.2332139 ], [ 6.1098914, 46.23082151 ], [ 6.10642391, 46.22936738 ], [ 6.10398049, 46.22854709 ], [ 6.10136639, 46.22626014 ], [ 6.09974044, 46.22441436 ], [ 6.09724313, 46.22192214 ], [ 6.09582379, 46.21924957 ], [ 6.10313607, 46.21364916 ], [ 6.10513033, 46.21222566 ], [ 6.1099453, 46.2060215 ], [ 6.11216414, 46.1945376 ], [ 6.11227194, 46.19054534 ], [ 6.11309839, 46.18809512 ], [ 6.11641317, 46.18641597 ], [ 6.12065322, 46.18195043 ], [ 6.1215156, 46.17931944 ], [ 6.12210849, 46.17693092 ], [ 6.12320444, 46.17295605 ], [ 6.12960943, 46.17372741 ], [ 6.12881891, 46.17943762 ], [ 6.13531373, 46.18350532 ] ] } },
{ "type": "Feature", "properties": { "route_id": "92-23-E-j25-1", "direction_id": 1, "trip_id": "1059.TA.92-23-E-j25-1.8.R", "headsign": "Grand-Saconnex, Aéroport-P47", "route_short_name": "23", "route_long_name": "", "route_type": 3.0, "color": "B82F89", "text_color": "FFFFFF" }, "geometry": { "type": "LineString", "coordinates": [ [ 6.13531373, 46.18350532 ], [ 6.12881891, 46.17943762 ], [ 6.12960943, 46.17372741 ], [ 6.12210849, 46.17693092 ], [ 6.1215156, 46.17931944 ], [ 6.12065322, 46.18195043 ], [ 6.11641317, 46.18641597 ], [ 6.11309839, 46.18809512 ], [ 6.11227194, 46.19054534 ], [ 6.11216414, 46.1945376 ], [ 6.1099453, 46.2060215 ], [ 6.10513033, 46.21222566 ], [ 6.10313607, 46.21364916 ], [ 6.09582379, 46.21924957 ], [ 6.09724313, 46.22192214 ], [ 6.09974044, 46.22441436 ], [ 6.10136639, 46.22626014 ], [ 6.10398049, 46.22854709 ], [ 6.10642391, 46.22936738 ], [ 6.1098914, 46.23082151 ], [ 6.11220008, 46.2332139 ], [ 6.11588317, 46.23587959 ], [ 6.11852421, 46.23820341 ], [ 6.12209053, 46.24082536 ] ] } },
{ "type": "Feature", "properties": { "route_id": "92-23-E-j26-1", "direction_id": 0, "trip_id": "100.TA.92-23-E-j26-1.13.H", "headsign": "Carouge GE, Tours", "route_short_name": "23", "route_long_name": "", "route_type": 3.0, "color": "B82F89", "text_color": "FFFFFF" }, "geometry": { "type": "LineString", "coordinates": [ [ 6.11047531, 46.23118193 ], [ 6.10632509, 46.22940467 ], [ 6.10395354, 46.22862788 ], [ 6.10124063, 46.22614207 ], [ 6.09961468, 46.22442679 ], [ 6.09709041, 46.221947 ], [ 6.09606633, 46.21994569 ], [ 6.10339659, 46.21331349 ], [ 6.1060556, 46.21193349 ], [ 6.1098914, 46.20592203 ], [ 6.11212821, 46.19455625 ], [ 6.11225397, 46.19027171 ], [ 6.11345772, 46.18856154 ], [ 6.11657487, 46.18621073 ], [ 6.12070712, 46.18177005 ], [ 6.12152459, 46.17913284 ], [ 6.12204561, 46.17652661 ], [ 6.12318647, 46.17298715 ], [ 6.12897162, 46.1738767 ], [ 6.12960044, 46.17975484 ], [ 6.13508017, 46.18326276 ] ] } },
{ "type": "Feature", "properties": { "route_id": "92-23-E-j26-1", "direction_id": 1, "trip_id": "246.TA.92-23-E-j26-1.14.R", "headsign": "Genève-Aéroport, Terminal", "route_short_name": "23", "route_long_name": "", "route_type": 3.0, "color": "B82F89", "text_color": "FFFFFF" }, "geometry": { "type": "LineString", "coordinates": [ [ 6.13531373, 46.18350532 ], [ 6.12881891, 46.17943762 ], [ 6.12960943, 46.17372741 ], [ 6.12320444, 46.17295605 ], [ 6.12210849, 46.17693092 ], [ 6.1215156, 46.17931944 ], [ 6.12065322, 46.18195043 ], [ 6.11641317, 46.18641597 ], [ 6.11309839, 46.18809512 ], [ 6.11227194, 46.19054534 ], [ 6.11216414, 46.1945376 ], [ 6.1099453, 46.2060215 ], [ 6.10513033, 46.21222566 ], [ 6.10313607, 46.21364916 ], [ 6.09582379, 46.21924957 ], [ 6.09724313, 46.22192214 ], [ 6.09974044, 46.22441436 ], [ 6.10136639, 46.22626014 ], [ 6.10398049, 46.22854709 ], [ 6.10642391, 46.22936738 ], [ 6.1098914, 46.23082151 ] ] } },
{ "type": "Feature", "properties": { "route_id": "92-25-D-j25-1", "direction_id": 0, "trip_id": "1.TA.92-25-D-j25-1.1.H", "headsign": "Genève, Jardin Botanique", "route_short_name": "25", "route_long_name": "", "route_type": 3.0, "color": "A05909", "text_color": "FFFFFF" }, "geometry": { "type": "LineString", "coordinates": [ [ 6.20005531, 46.18915233 ], [ 6.19221302, 46.19045828 ], [ 6.18658956, 46.19015356 ], [ 6.18189137, 46.19210621 ], [ 6.17664521, 46.19330637 ], [ 6.17201889, 46.19410854 ], [ 6.16610798, 46.19626002 ], [ 6.16351184, 46.19675125 ], [ 6.15730449, 46.19852335 ], [ 6.15641515, 46.2010788 ], [ 6.15601091, 46.2022912 ], [ 6.15151934, 46.20339788 ], [ 6.14699183, 46.20734569 ], [ 6.14243737, 46.20973289 ], [ 6.148501, 46.21047887 ], [ 6.14964186, 46.21188998 ], [ 6.15049526, 46.21351862 ], [ 6.15107018, 46.21678819 ], [ 6.1498305, 46.22039941 ], [ 6.14771048, 46.22389231 ] ] } },
{ "type": "Feature", "properties": { "route_id": "92-25-D-j25-1", "direction_id": 1, "trip_id": "1469.TA.92-25-D-j25-1.5.R", "headsign": "Thônex, Vallard", "route_short_name": "25", "route_long_name": "", "route_type": 3.0, "color": "A05909", "text_color": "FFFFFF" }, "geometry": { "type": "LineString", "coordinates": [ [ 6.15725957, 46.19846739 ], [ 6.16342201, 46.19669529 ], [ 6.1667907, 46.1960113 ], [ 6.17189313, 46.19406501 ], [ 6.17709437, 46.19327528 ], [ 6.18203511, 46.19187612 ], [ 6.18676024, 46.19010381 ], [ 6.19255438, 46.19052668 ], [ 6.20006429, 46.18911502 ] ] } },
{ "type": "Feature", "properties": { "route_id": "92-25-D-j26-1", "direction_id": 0, "trip_id": "10.TA.92-25-D-j26-1.2.H", "headsign": "Genève, Jardin Botanique", "route_short_name": "25", "route_long_name": "", "route_type": 3.0, "color": "A05909", "text_color": "FFFFFF" }, "geometry": { "type": "LineString", "coordinates": [ [ 6.20006429, 46.18911502 ], [ 6.19223997, 46.19067593 ], [ 6.18640092, 46.19022196 ], [ 6.18162188, 46.19242957 ], [ 6.17659131, 46.19339965 ], [ 6.17205482, 46.19412719 ], [ 6.16666493, 46.19619162 ], [ 6.1631076, 46.19691291 ], [ 6.1583106, 46.19838034 ], [ 6.15574142, 46.20096689 ], [ 6.15541802, 46.20255855 ], [ 6.15151035, 46.20337301 ], [ 6.14665047, 46.20760679 ], [ 6.14363213, 46.21039805 ], [ 6.148501, 46.21047887 ], [ 6.14964186, 46.21188998 ], [ 6.15049526, 46.21351862 ], [ 6.15107018, 46.21678819 ], [ 6.1498305, 46.22039941 ], [ 6.14771048, 46.22389231 ] ] } },
{ "type": "Feature", "properties": { "route_id": "92-25-D-j26-1", "direction_id": 1, "trip_id": "322.TA.92-25-D-j26-1.11.R", "headsign": "Thônex, Vallard", "route_short_name": "25", "route_long_name": "", "route_type": 3.0, "color": "A05909", "text_color": "FFFFFF" }, "geometry": { "type": "LineString", "coordinates": [ [ 6.15206731, 46.20165703 ], [ 6.15578633, 46.20235959 ], [ 6.15520243, 46.20073062 ], [ 6.15725957, 46.19846739 ], [ 6.16342201, 46.19669529 ], [ 6.1667907, 46.1960113 ], [ 6.17189313, 46.19406501 ], [ 6.17709437, 46.19327528 ], [ 6.18203511, 46.19187612 ], [ 6.18676024, 46.19010381 ], [ 6.19255438, 46.19052668 ], [ 6.20006429, 46.18911502 ] ] } },
{ "type": "Feature", "properties": { "route_id": "92-28-B-j25-1", "direction_id": 0, "trip_id": "1.TA.92-28-B-j25-1.1.H", "headsign": "Petit-Lancy, Les Esserts", "route_short_name": "28", "route_long_name": "", "route_type": 3.0, "color": "82419E", "text_color": "FFFFFF" }, "geometry": { "type": "LineString", "coordinates": [ [ 6.1098914, 46.23082151 ], [ 6.10642391, 46.22936738 ], [ 6.10398049, 46.22854709 ], [ 6.10136639, 46.22626014 ], [ 6.09974044, 46.22441436 ], [ 6.09724313, 46.22192214 ], [ 6.10296539, 46.21892636 ], [ 6.10460033, 46.21642146 ], [ 6.10513033, 46.21222566 ], [ 6.0994979, 46.20889365 ], [ 6.09824924, 46.203802 ], [ 6.09333545, 46.20076793 ], [ 6.09824924, 46.203802 ], [ 6.10139334, 46.20257098 ], [ 6.10316302, 46.20109745 ], [ 6.10892122, 46.20410664 ], [ 6.11216414, 46.1945376 ], [ 6.11227194, 46.19054534 ], [ 6.11309839, 46.18809512 ] ] } },
{ "type": "Feature", "properties": { "route_id": "92-28-B-j25-1", "direction_id": 1, "trip_id": "244.TA.92-28-B-j25-1.3.R", "headsign": "Genève-Aéroport, Terminal", "route_short_name": "28", "route_long_name": "", "route_type": 3.0, "color": "82419E", "text_color": "FFFFFF" }, "geometry": { "type": "LineString", "coordinates": [ [ 6.108508, 46.20403204 ], [ 6.10438473, 46.20136481 ], [ 6.10134843, 46.20270155 ], [ 6.09786296, 46.20365901 ], [ 6.09393733, 46.20065601 ], [ 6.09820432, 46.20370874 ], [ 6.10006384, 46.20908637 ], [ 6.10523813, 46.21209512 ], [ 6.10457338, 46.21648984 ], [ 6.10302828, 46.21905689 ], [ 6.09795279, 46.22271146 ], [ 6.09985722, 46.22441436 ], [ 6.10143826, 46.22635336 ], [ 6.10400744, 46.22849116 ], [ 6.10648679, 46.22928038 ], [ 6.10946021, 46.23036788 ] ] } },
{ "type": "Feature", "properties": { "route_id": "92-28-B-j26-1", "direction_id": 0, "trip_id": "1.TA.92-28-B-j26-1.1.H", "headsign": "Petit-Lancy, Les Esserts", "route_short_name": "28", "route_long_name": "", "route_type": 3.0, "color": "82419E", "text_color": "FFFFFF" }, "geometry": { "type": "LineString", "coordinates": [ [ 6.12296189, 46.24327323 ], [ 6.11852421, 46.23820341 ], [ 6.11588317, 46.23587959 ], [ 6.11220008, 46.2332139 ], [ 6.1098914, 46.23082151 ], [ 6.10642391, 46.22936738 ], [ 6.10398049, 46.22854709 ], [ 6.10136639, 46.22626014 ], [ 6.09974044, 46.22441436 ], [ 6.09724313, 46.22192214 ], [ 6.10296539, 46.21892636 ], [ 6.10460033, 46.21642146 ], [ 6.10513033, 46.21222566 ], [ 6.0994979, 46.20889365 ], [ 6.09824924, 46.203802 ], [ 6.09333545, 46.20076793 ], [ 6.09824924, 46.203802 ], [ 6.10139334, 46.20257098 ], [ 6.10316302, 46.20109745 ], [ 6.10892122, 46.20410664 ], [ 6.11216414, 46.1945376 ], [ 6.11227194, 46.19054534 ], [ 6.11309839, 46.18809512 ] ] } },
{ "type": "Feature", "properties": { "route_id": "92-28-B-j26-1", "direction_id": 1, "trip_id": "245.TA.92-28-B-j26-1.5.R", "headsign": "Grand-Saconnex, Tunnel Routier", "route_short_name": "28", "route_long_name": "", "route_type": 3.0, "color": "82419E", "text_color": "FFFFFF" }, "geometry": { "type": "LineString", "coordinates": [ [ 6.108508, 46.20403204 ], [ 6.10438473, 46.20136481 ], [ 6.10134843, 46.20270155 ], [ 6.09786296, 46.20365901 ], [ 6.09393733, 46.20065601 ], [ 6.09820432, 46.20370874 ], [ 6.10006384, 46.20908637 ], [ 6.10523813, 46.21209512 ], [ 6.10457338, 46.21648984 ], [ 6.10302828, 46.21905689 ], [ 6.09795279, 46.22271146 ], [ 6.09985722, 46.22441436 ], [ 6.10143826, 46.22635336 ], [ 6.10400744, 46.22849116 ], [ 6.10648679, 46.22928038 ], [ 6.10946021, 46.23036788 ], [ 6.11190363, 46.23303992 ], [ 6.11648504, 46.23484191 ], [ 6.11882066, 46.2383836 ], [ 6.12227019, 46.24238481 ] ] } },
{ "type": "Feature", "properties": { "route_id": "92-29-B-j25-1", "direction_id": 0, "trip_id": "1.TA.92-29-B-j25-1.1.H", "headsign": "Creux-de-Genthod, gare", "route_short_name": "29", "route_long_name": "", "route_type": 3.0, "color": "F5B4D2", "text_color": "000000" }, "geometry": { "type": "LineString", "coordinates": [ [ 6.1524446, 46.20191816 ], [ 6.15151035, 46.20337301 ], [ 6.15275003, 46.21197079 ], [ 6.15117798, 46.21676955 ], [ 6.1499922, 46.22049264 ], [ 6.14899507, 46.22299735 ], [ 6.14956101, 46.23151749 ], [ 6.15162713, 46.24643542 ], [ 6.1514834, 46.25184613 ], [ 6.15434005, 46.25430593 ], [ 6.16164335, 46.2637031 ] ] } },
{ "type": "Feature", "properties": { "route_id": "92-29-B-j25-1", "direction_id": 1, "trip_id": "273.TA.92-29-B-j25-1.7.R", "headsign": "Genève, Rive", "route_short_name": "29", "route_long_name": "", "route_type": 3.0, "color": "F5B4D2", "text_color": "000000" }, "geometry": { "type": "LineString", "coordinates": [ [ 6.16164335, 46.26369068 ], [ 6.15429513, 46.25430593 ], [ 6.15139357, 46.25174674 ], [ 6.15197748, 46.24587631 ], [ 6.14942626, 46.23222589 ], [ 6.14771048, 46.22389231 ], [ 6.1498305, 46.22039941 ], [ 6.15107018, 46.21678819 ], [ 6.1525524, 46.2113243 ], [ 6.15151934, 46.20339788 ], [ 6.15281291, 46.2018622 ] ] } },
{ "type": "Feature", "properties": { "route_id": "92-2-Q-j25-1", "direction_id": 0, "trip_id": "1.TA.92-2-Q-j25-1.1.H", "headsign": "Genève, Jonction", "route_short_name": "2", "route_long_name": "", "route_type": 3.0, "color": "D2DB4A", "text_color": "000000" }, "geometry": { "type": "LineString", "coordinates": [ [ 6.14304822, 46.20472836 ], [ 6.14185346, 46.20217307 ], [ 6.14032633, 46.20108502 ], [ 6.12969027, 46.20078658 ] ] } },
{ "type": "Feature", "properties": { "route_id": "92-2-Q-j25-1", "direction_id": 1, "trip_id": "1238.TA.92-2-Q-j25-1.18.R", "headsign": "Genève, Plage", "route_short_name": "2", "route_long_name": "", "route_type": 3.0, "color": "D2DB4A", "text_color": "000000" }, "geometry": { "type": "LineString", "coordinates": [ [ 6.13094792, 46.20120937 ], [ 6.139967, 46.20129641 ], [ 6.14187143, 46.20234716 ], [ 6.14464722, 46.20365901 ], [ 6.14740505, 46.20301863 ], [ 6.15272308, 46.2016819 ], [ 6.15854416, 46.20410664 ], [ 6.16025096, 46.20512625 ], [ 6.1617242, 46.20636964 ], [ 6.16720392, 46.2092107 ], [ 6.17179431, 46.21134916 ] ] } },
{ "type": "Feature", "properties": { "route_id": "92-2-Q-j26-1", "direction_id": 0, "trip_id": "10.TA.92-2-Q-j26-1.1.H", "headsign": "Genève, Jonction", "route_short_name": "2", "route_long_name": "", "route_type": 3.0, "color": "D2DB4A", "text_color": "000000" }, "geometry": { "type": "LineString", "coordinates": [ [ 6.14304822, 46.20472836 ], [ 6.14185346, 46.20217307 ], [ 6.14032633, 46.20108502 ], [ 6.12969027, 46.20078658 ] ] } },
{ "type": "Feature", "properties": { "route_id": "92-2-Q-j26-1", "direction_id": 1, "trip_id": "448.TA.92-2-Q-j26-1.30.R", "headsign": "Genève, Plage", "route_short_name": "2", "route_long_name": "", "route_type": 3.0, "color": "D2DB4A", "text_color": "000000" }, "geometry": { "type": "LineString", "coordinates": [ [ 6.13094792, 46.20120937 ], [ 6.139967, 46.20129641 ], [ 6.14187143, 46.20234716 ], [ 6.14464722, 46.20365901 ], [ 6.14740505, 46.20301863 ], [ 6.15272308, 46.2016819 ], [ 6.15854416, 46.20410664 ], [ 6.16025096, 46.20512625 ], [ 6.1617242, 46.20636964 ], [ 6.16720392, 46.2092107 ], [ 6.17179431, 46.21134916 ] ] } },
{ "type": "Feature", "properties": { "route_id": "92-31-H-j25-1", "direction_id": 0, "trip_id": "1.TA.92-31-H-j25-1.1.H", "headsign": "Puplinge, Marquis", "route_short_name": "31", "route_long_name": "", "route_type": 3.0, "color": "00B0A4", "text_color": "FFFFFF" }, "geometry": { "type": "LineString", "coordinates": [ [ 6.22342947, 46.20409421 ], [ 6.22740901, 46.20654372 ], [ 6.23041837, 46.2083528 ], [ 6.23225093, 46.21101969 ], [ 6.23458655, 46.21341916 ] ] } },
{ "type": "Feature", "properties": { "route_id": "92-31-H-j25-1", "direction_id": 1, "trip_id": "1000.TA.92-31-H-j25-1.7.R", "headsign": "Thônex, Sous-Moulin", "route_short_name": "31", "route_long_name": "", "route_type": 3.0, "color": "00B0A4", "text_color": "FFFFFF" }, "geometry": { "type": "LineString", "coordinates": [ [ 6.23444282, 46.213357 ], [ 6.23201737, 46.21088293 ], [ 6.23022074, 46.2082036 ], [ 6.22703172, 46.20639451 ], [ 6.22217183, 46.20474701 ], [ 6.2181923, 46.20784303 ], [ 6.21655736, 46.20978262 ], [ 6.21462598, 46.2090242 ], [ 6.20991881, 46.20715297 ], [ 6.20743048, 46.20582877 ], [ 6.2038462, 46.20390769 ], [ 6.19983073, 46.20153268 ], [ 6.19687527, 46.19976067 ], [ 6.19415338, 46.19695644 ], [ 6.19294065, 46.19557603 ], [ 6.19418931, 46.1940277 ], [ 6.19206929, 46.19200049 ], [ 6.19200641, 46.1901349 ] ] } },
{ "type": "Feature", "properties": { "route_id": "92-31-H-j26-1", "direction_id": 0, "trip_id": "1.TA.92-31-H-j26-1.1.H", "headsign": "Puplinge, Marquis", "route_short_name": "31", "route_long_name": "", "route_type": 3.0, "color": "00B0A4", "text_color": "FFFFFF" }, "geometry": { "type": "LineString", "coordinates": [ [ 6.22342947, 46.20409421 ], [ 6.22740901, 46.20654372 ], [ 6.23041837, 46.2083528 ], [ 6.23225093, 46.21101969 ], [ 6.23458655, 46.21341916 ] ] } },
{ "type": "Feature", "properties": { "route_id": "92-31-H-j26-1", "direction_id": 1, "trip_id": "156.TA.92-31-H-j26-1.6.R", "headsign": "Thônex, Sous-Moulin", "route_short_name": "31", "route_long_name": "", "route_type": 3.0, "color": "00B0A4", "text_color": "FFFFFF" }, "geometry": { "type": "LineString", "coordinates": [ [ 6.23452367, 46.21338808 ], [ 6.23207127, 46.21092023 ], [ 6.23030159, 46.20827199 ], [ 6.22723833, 46.20647533 ], [ 6.22269286, 46.20387039 ], [ 6.21829111, 46.2076814 ], [ 6.21671906, 46.20978884 ], [ 6.21432954, 46.20888122 ], [ 6.21005356, 46.20717162 ], [ 6.20756523, 46.20585986 ], [ 6.2038462, 46.20352844 ], [ 6.20014514, 46.20166324 ], [ 6.19705494, 46.19981663 ], [ 6.19418931, 46.19693157 ], [ 6.19273404, 46.19540814 ], [ 6.19630035, 46.19400904 ], [ 6.19225793, 46.19216217 ], [ 6.19221302, 46.19045828 ] ] } },
{ "type": "Feature", "properties": { "route_id": "92-32-H-j25-1", "direction_id": 0, "trip_id": "1.TA.92-32-H-j25-1.1.H", "headsign": "Jussy, Meurets", "route_short_name": "32", "route_long_name": "", "route_type": 3.0, "color": "89CBBE", "text_color": "000000" }, "geometry": { "type": "LineString", "coordinates": [ [ 6.19144047, 46.18938243 ], [ 6.19261726, 46.184942 ], [ 6.19612967, 46.1862978 ], [ 6.19826766, 46.18787745 ], [ 6.19842038, 46.19025306 ], [ 6.20090871, 46.19323797 ], [ 6.19987565, 46.19581232 ], [ 6.20579554, 46.19604861 ], [ 6.21091594, 46.19793265 ], [ 6.21033204, 46.20206116 ], [ 6.21379055, 46.20389526 ], [ 6.21833603, 46.20630748 ], [ 6.22269286, 46.20387039 ], [ 6.22898106, 46.21195836 ], [ 6.23346366, 46.21446346 ] ] } },
{ "type": "Feature", "properties": { "route_id": "92-32-H-j25-1", "direction_id": 1, "trip_id": "484.TA.92-32-H-j25-1.14.R", "headsign": "Chêne-Bourg, gare-Tour", "route_short_name": "32", "route_long_name": "", "route_type": 3.0, "color": "89CBBE", "text_color": "000000" }, "geometry": { "type": "LineString", "coordinates": [ [ 6.23347264, 46.21449454 ], [ 6.22889123, 46.21191485 ], [ 6.22217183, 46.20474701 ], [ 6.21841687, 46.20653128 ], [ 6.21411394, 46.20421855 ], [ 6.21008949, 46.20206116 ], [ 6.2106195, 46.19797618 ], [ 6.20562486, 46.19622272 ], [ 6.19967802, 46.19611079 ] ] } },
{ "type": "Feature", "properties": { "route_id": "92-32-H-j26-1", "direction_id": 0, "trip_id": "100.TA.92-32-H-j26-1.4.H", "headsign": "Jussy, Monniaz", "route_short_name": "32", "route_long_name": "", "route_type": 3.0, "color": "89CBBE", "text_color": "000000" }, "geometry": { "type": "LineString", "coordinates": [ [ 6.19144047, 46.18938243 ], [ 6.19261726, 46.184942 ], [ 6.19612967, 46.1862978 ], [ 6.19826766, 46.18787745 ], [ 6.19847428, 46.19030903 ], [ 6.20067515, 46.19323175 ], [ 6.20562486, 46.19622272 ], [ 6.19967802, 46.19611079 ], [ 6.20649623, 46.19714298 ], [ 6.21101476, 46.19790778 ], [ 6.21054763, 46.20202385 ], [ 6.21337733, 46.2035471 ], [ 6.21814738, 46.20610853 ], [ 6.22342947, 46.20409421 ], [ 6.22911581, 46.21201431 ], [ 6.23346366, 46.21440752 ] ] } },
{ "type": "Feature", "properties": { "route_id": "92-32-H-j26-1", "direction_id": 1, "trip_id": "149.TA.92-32-H-j26-1.7.R", "headsign": "Chêne-Bourg, gare-Tour", "route_short_name": "32", "route_long_name": "", "route_type": 3.0, "color": "89CBBE", "text_color": "000000" }, "geometry": { "type": "LineString", "coordinates": [ [ 6.23347264, 46.21449454 ], [ 6.22889123, 46.21191485 ], [ 6.22217183, 46.20474701 ], [ 6.21841687, 46.20653128 ], [ 6.21411394, 46.20421855 ], [ 6.21008949, 46.20206116 ], [ 6.2106195, 46.19797618 ], [ 6.20562486, 46.19622272 ], [ 6.19967802, 46.19611079 ] ] } },
{ "type": "Feature", "properties": { "route_id": "92-33-F-j25-1", "direction_id": 0, "trip_id": "1.TA.92-33-F-j25-1.1.H", "headsign": "Puplinge, Marquis", "route_short_name": "33", "route_long_name": "", "route_type": 3.0, "color": "00B0A4", "text_color": "FFFFFF" }, "geometry": { "type": "LineString", "coordinates": [ [ 6.15281291, 46.2018622 ], [ 6.15601091, 46.2022912 ], [ 6.16211946, 46.20170055 ], [ 6.16627866, 46.20303106 ], [ 6.17563012, 46.20616449 ], [ 6.18047204, 46.20497082 ], [ 6.18069662, 46.2090988 ], [ 6.18421801, 46.21234998 ], [ 6.18649973, 46.2132016 ], [ 6.1905691, 46.21418996 ], [ 6.1947822, 46.21563827 ], [ 6.19840241, 46.21859694 ], [ 6.20287602, 46.22140628 ], [ 6.20833778, 46.21910661 ], [ 6.21044882, 46.21781378 ], [ 6.21499429, 46.21879584 ], [ 6.21805755, 46.22036834 ], [ 6.22291743, 46.22292277 ], [ 6.22463322, 46.22105202 ], [ 6.23197245, 46.21836696 ], [ 6.23452367, 46.21338808 ] ] } },
{ "type": "Feature", "properties": { "route_id": "92-33-F-j25-1", "direction_id": 1, "trip_id": "1000.TA.92-33-F-j25-1.20.R", "headsign": "Genève, Rive", "route_short_name": "33", "route_long_name": "", "route_type": 3.0, "color": "00B0A4", "text_color": "FFFFFF" }, "geometry": { "type": "LineString", "coordinates": [ [ 6.23458655, 46.21341916 ], [ 6.23181974, 46.21839804 ], [ 6.22465118, 46.22112038 ], [ 6.22274675, 46.22291034 ], [ 6.21798568, 46.2203932 ], [ 6.21476073, 46.21877719 ], [ 6.2105656, 46.21781378 ], [ 6.20833778, 46.21911283 ], [ 6.20296585, 46.22138764 ], [ 6.19796224, 46.21846641 ], [ 6.19457559, 46.21560098 ], [ 6.1904613, 46.21423347 ], [ 6.18642787, 46.21328241 ], [ 6.18344546, 46.2120516 ], [ 6.18038221, 46.20890608 ], [ 6.18033729, 46.20499569 ], [ 6.17506418, 46.20391391 ], [ 6.16962937, 46.20278859 ], [ 6.16610798, 46.2030435 ], [ 6.16187691, 46.20167568 ], [ 6.15541802, 46.20255855 ], [ 6.15350461, 46.2020052 ] ] } },
{ "type": "Feature", "properties": { "route_id": "92-33-F-j26-1", "direction_id": 0, "trip_id": "1.TA.92-33-F-j26-1.1.H", "headsign": "Puplinge, Marquis", "route_short_name": "33", "route_long_name": "", "route_type": 3.0, "color": "00B0A4", "text_color": "FFFFFF" }, "geometry": { "type": "LineString", "coordinates": [ [ 6.15281291, 46.2018622 ], [ 6.15601091, 46.2022912 ], [ 6.16211946, 46.20170055 ], [ 6.16627866, 46.20303106 ], [ 6.16991683, 46.20288807 ], [ 6.17531571, 46.20384552 ], [ 6.18047204, 46.20497082 ], [ 6.18069662, 46.2090988 ], [ 6.18421801, 46.21234998 ], [ 6.18649973, 46.2132016 ], [ 6.1905691, 46.21418996 ], [ 6.1947822, 46.21563827 ], [ 6.19840241, 46.21859694 ], [ 6.20287602, 46.22140628 ], [ 6.20833778, 46.21910661 ], [ 6.21044882, 46.21781378 ], [ 6.21499429, 46.21879584 ], [ 6.21805755, 46.22036834 ], [ 6.22291743, 46.22292277 ], [ 6.22463322, 46.22105202 ], [ 6.23197245, 46.21836696 ], [ 6.23452367, 46.21338808 ] ] } },
{ "type": "Feature", "properties": { "route_id": "92-33-F-j26-1", "direction_id": 1, "trip_id": "155.TA.92-33-F-j26-1.5.R", "headsign": "Genève, Rive", "route_short_name": "33", "route_long_name": "", "route_type": 3.0, "color": "00B0A4", "text_color": "FFFFFF" }, "geometry": { "type": "LineString", "coordinates": [ [ 6.20252568, 46.22169218 ], [ 6.19796224, 46.21846641 ], [ 6.19457559, 46.21560098 ], [ 6.1904613, 46.21423347 ], [ 6.18642787, 46.21328241 ], [ 6.18344546, 46.2120516 ], [ 6.18038221, 46.20890608 ], [ 6.18033729, 46.20499569 ], [ 6.17506418, 46.20391391 ], [ 6.16962937, 46.20278859 ], [ 6.16610798, 46.2030435 ], [ 6.16187691, 46.20167568 ], [ 6.15541802, 46.20255855 ], [ 6.15350461, 46.2020052 ] ] } },
{ "type": "Feature", "properties": { "route_id": "92-34-D-j25-1", "direction_id": 0, "trip_id": "1.TA.92-34-D-j25-1.1.H", "headsign": "Choulex, village", "route_short_name": "34", "route_long_name": "", "route_type": 3.0, "color": "89CBBE", "text_color": "000000" }, "geometry": { "type": "LineString", "coordinates": [ [ 6.17381552, 46.18465591 ], [ 6.17689674, 46.18728664 ], [ 6.17783099, 46.18917721 ], [ 6.17709437, 46.19327528 ], [ 6.18317597, 46.19290217 ], [ 6.18660753, 46.19558225 ], [ 6.18568227, 46.19821246 ], [ 6.19009299, 46.19757202 ], [ 6.19585119, 46.20206116 ], [ 6.20009124, 46.20536871 ], [ 6.20138482, 46.20679239 ], [ 6.20410671, 46.20397608 ], [ 6.20768201, 46.20589094 ], [ 6.21019729, 46.20719649 ], [ 6.21508412, 46.20914231 ], [ 6.21685381, 46.20980749 ], [ 6.22114775, 46.21360565 ], [ 6.22347439, 46.21602365 ], [ 6.22465118, 46.22112038 ], [ 6.22274675, 46.22291034 ] ] } },
{ "type": "Feature", "properties": { "route_id": "92-34-D-j25-1", "direction_id": 1, "trip_id": "157.TA.92-34-D-j25-1.3.R", "headsign": "Chêne-Bougeries, Conches place", "route_short_name": "34", "route_long_name": "", "route_type": 3.0, "color": "89CBBE", "text_color": "000000" }, "geometry": { "type": "LineString", "coordinates": [ [ 6.22306116, 46.22292277 ], [ 6.22505542, 46.22046778 ], [ 6.22321388, 46.21586204 ], [ 6.22089622, 46.21349997 ], [ 6.21655736, 46.20978262 ], [ 6.21462598, 46.2090242 ], [ 6.20991881, 46.20715297 ], [ 6.20743048, 46.20582877 ], [ 6.2038462, 46.20390769 ], [ 6.20106142, 46.20686699 ], [ 6.19928276, 46.20456049 ], [ 6.19559967, 46.20191816 ], [ 6.18984147, 46.19752849 ], [ 6.18264596, 46.19855444 ], [ 6.18568227, 46.19821246 ], [ 6.18674228, 46.19593668 ], [ 6.18162188, 46.19242957 ], [ 6.17659131, 46.19339965 ], [ 6.17757946, 46.18940108 ], [ 6.17639369, 46.18686996 ], [ 6.17443536, 46.18413971 ] ] } },
{ "type": "Feature", "properties": { "route_id": "92-34-D-j26-1", "direction_id": 0, "trip_id": "100.TA.92-34-D-j26-1.1.H", "headsign": "Choulex, village", "route_short_name": "34", "route_long_name": "", "route_type": 3.0, "color": "89CBBE", "text_color": "000000" }, "geometry": { "type": "LineString", "coordinates": [ [ 6.17381552, 46.18465591 ], [ 6.17689674, 46.18728664 ], [ 6.17783099, 46.18917721 ], [ 6.17709437, 46.19327528 ], [ 6.18317597, 46.19290217 ], [ 6.18660753, 46.19558225 ], [ 6.18264596, 46.19855444 ], [ 6.18568227, 46.19821246 ], [ 6.19009299, 46.19757202 ], [ 6.19585119, 46.20206116 ], [ 6.20009124, 46.20536871 ], [ 6.20138482, 46.20679239 ], [ 6.20410671, 46.20397608 ], [ 6.20768201, 46.20589094 ], [ 6.21019729, 46.20719649 ], [ 6.21508412, 46.20914231 ], [ 6.21685381, 46.20980749 ], [ 6.22114775, 46.21360565 ], [ 6.22347439, 46.21602365 ], [ 6.22465118, 46.22112038 ], [ 6.22274675, 46.22291034 ] ] } },
{ "type": "Feature", "properties": { "route_id": "92-34-D-j26-1", "direction_id": 1, "trip_id": "123.TA.92-34-D-j26-1.2.R", "headsign": "Chêne-Bougeries, Conches place", "route_short_name": "34", "route_long_name": "", "route_type": 3.0, "color": "89CBBE", "text_color": "000000" }, "geometry": { "type": "LineString", "coordinates": [ [ 6.22306116, 46.22292277 ], [ 6.22505542, 46.22046778 ], [ 6.22321388, 46.21586204 ], [ 6.22089622, 46.21349997 ], [ 6.21655736, 46.20978262 ], [ 6.21462598, 46.2090242 ], [ 6.20991881, 46.20715297 ], [ 6.20743048, 46.20582877 ], [ 6.2038462, 46.20390769 ], [ 6.20106142, 46.20686699 ], [ 6.19928276, 46.20456049 ], [ 6.19530322, 46.20156998 ], [ 6.18984147, 46.19752849 ], [ 6.18264596, 46.19855444 ], [ 6.18568227, 46.19821246 ], [ 6.18674228, 46.19593668 ], [ 6.18162188, 46.19242957 ], [ 6.17659131, 46.19339965 ], [ 6.17757946, 46.18940108 ], [ 6.17639369, 46.18686996 ], [ 6.17443536, 46.18413971 ] ] } },
{ "type": "Feature", "properties": { "route_id": "92-37-C-j25-1", "direction_id": 0, "trip_id": "1.TA.92-37-C-j25-1.1.H", "headsign": "Jussy, Lullier", "route_short_name": "37", "route_long_name": "", "route_type": 3.0, "color": "005F61", "text_color": "FFFFFF" }, "geometry": { "type": "LineString", "coordinates": [ [ 6.19221302, 46.19045828 ], [ 6.19225793, 46.19216217 ], [ 6.19630035, 46.19400904 ], [ 6.19273404, 46.19540814 ], [ 6.19418931, 46.19693157 ], [ 6.19987565, 46.19581232 ], [ 6.20579554, 46.19604861 ], [ 6.21091594, 46.19793265 ], [ 6.21544345, 46.20058762 ], [ 6.21898281, 46.20240933 ], [ 6.22269286, 46.20387039 ], [ 6.22723833, 46.20647533 ], [ 6.23030159, 46.20827199 ], [ 6.23207127, 46.21092023 ], [ 6.23490096, 46.21041049 ] ] } },
{ "type": "Feature", "properties": { "route_id": "92-37-C-j25-1", "direction_id": 1, "trip_id": "461.TA.92-37-C-j25-1.3.R", "headsign": "Thônex, Sous-Moulin", "route_short_name": "37", "route_long_name": "", "route_type": 3.0, "color": "005F61", "text_color": "FFFFFF" }, "geometry": { "type": "LineString", "coordinates": [ [ 6.23490096, 46.21041049 ], [ 6.23207127, 46.21092023 ], [ 6.23030159, 46.20827199 ], [ 6.22723833, 46.20647533 ], [ 6.22269286, 46.20387039 ], [ 6.21898281, 46.20240933 ], [ 6.21544345, 46.20058762 ], [ 6.21091594, 46.19793265 ], [ 6.20579554, 46.19604861 ], [ 6.19987565, 46.19581232 ], [ 6.19418931, 46.19693157 ], [ 6.19273404, 46.19540814 ], [ 6.19630035, 46.19400904 ], [ 6.19225793, 46.19216217 ], [ 6.19221302, 46.19045828 ] ] } },
{ "type": "Feature", "properties": { "route_id": "92-37-C-j26-1", "direction_id": 0, "trip_id": "10.TA.92-37-C-j26-1.2.H", "headsign": "Jussy, Lullier", "route_short_name": "37", "route_long_name": "", "route_type": 3.0, "color": "005F61", "text_color": "FFFFFF" }, "geometry": { "type": "LineString", "coordinates": [ [ 6.19200641, 46.1901349 ], [ 6.19239268, 46.19231142 ], [ 6.1946205, 46.19413341 ], [ 6.1931293, 46.19558225 ], [ 6.19437796, 46.19707458 ], [ 6.1999026, 46.19736061 ], [ 6.20649623, 46.19714298 ], [ 6.21101476, 46.19790778 ], [ 6.21573989, 46.20069953 ], [ 6.2194679, 46.20254611 ], [ 6.22342947, 46.20409421 ], [ 6.22740901, 46.20654372 ], [ 6.23041837, 46.2083528 ], [ 6.23225093, 46.21101969 ], [ 6.23492791, 46.21036075 ] ] } },
{ "type": "Feature", "properties": { "route_id": "92-37-C-j26-1", "direction_id": 1, "trip_id": "143.TA.92-37-C-j26-1.4.R", "headsign": "Thônex, Sous-Moulin", "route_short_name": "37", "route_long_name": "", "route_type": 3.0, "color": "005F61", "text_color": "FFFFFF" }, "geometry": { "type": "LineString", "coordinates": [ [ 6.23490096, 46.21041049 ], [ 6.23207127, 46.21092023 ], [ 6.23030159, 46.20827199 ], [ 6.22723833, 46.20647533 ], [ 6.22269286, 46.20387039 ], [ 6.21898281, 46.20240933 ], [ 6.21544345, 46.20058762 ], [ 6.21091594, 46.19793265 ], [ 6.20579554, 46.19604861 ], [ 6.19987565, 46.19581232 ], [ 6.19418931, 46.19693157 ], [ 6.19273404, 46.19540814 ], [ 6.19630035, 46.19400904 ], [ 6.19225793, 46.19216217 ], [ 6.19221302, 46.19045828 ] ] } },
{ "type": "Feature", "properties": { "route_id": "92-38-C-j25-1", "direction_id": 0, "trip_id": "1.TA.92-38-C-j25-1.1.H", "headsign": "Collonge-Bellerive, Bois-Caran", "route_short_name": "38", "route_long_name": "", "route_type": 3.0, "color": "005F61", "text_color": "FFFFFF" }, "geometry": { "type": "LineString", "coordinates": [ [ 6.19328201, 46.1957688 ], [ 6.19437796, 46.19707458 ], [ 6.19714477, 46.19982285 ], [ 6.20041464, 46.20178138 ], [ 6.20321738, 46.20347249 ], [ 6.20106142, 46.20686699 ], [ 6.20169024, 46.20920448 ], [ 6.20734963, 46.21118132 ], [ 6.21140103, 46.21236863 ], [ 6.21512006, 46.21435779 ], [ 6.21167951, 46.21698088 ], [ 6.20833778, 46.21911283 ], [ 6.20296585, 46.22138764 ], [ 6.20593928, 46.22389852 ], [ 6.20982898, 46.2270929 ], [ 6.21279342, 46.23108872 ], [ 6.21133815, 46.23279757 ], [ 6.20783472, 46.23562483 ], [ 6.20370247, 46.23468036 ], [ 6.1989414, 46.23799216 ], [ 6.19758494, 46.23936529 ], [ 6.19860004, 46.24344719 ], [ 6.19980378, 46.24808168 ] ] } },
{ "type": "Feature", "properties": { "route_id": "92-38-C-j25-1", "direction_id": 1, "trip_id": "191.TA.92-38-C-j25-1.14.R", "headsign": "Chêne-Bourg, Place Favre", "route_short_name": "38", "route_long_name": "", "route_type": 3.0, "color": "005F61", "text_color": "FFFFFF" }, "geometry": { "type": "LineString", "coordinates": [ [ 6.20061227, 46.24796364 ], [ 6.19837546, 46.24327945 ], [ 6.19746816, 46.23939635 ], [ 6.19919293, 46.23784304 ], [ 6.20391807, 46.23477978 ], [ 6.20779879, 46.2355627 ], [ 6.21112255, 46.23264222 ], [ 6.21311681, 46.23088987 ], [ 6.20962237, 46.22703697 ], [ 6.20575961, 46.22387367 ], [ 6.20308263, 46.22130684 ], [ 6.20824795, 46.21908175 ], [ 6.21169748, 46.21690008 ], [ 6.21512006, 46.2142459 ], [ 6.21094289, 46.2121262 ], [ 6.20662199, 46.21099483 ], [ 6.20137583, 46.20896203 ], [ 6.20138482, 46.20679239 ], [ 6.20267839, 46.20323623 ], [ 6.19983073, 46.20153268 ], [ 6.19687527, 46.19976067 ], [ 6.19415338, 46.19695644 ], [ 6.19294065, 46.19557603 ] ] } },
{ "type": "Feature", "properties": { "route_id": "92-38-C-j26-1", "direction_id": 0, "trip_id": "1.TA.92-38-C-j26-1.1.H", "headsign": "Collonge-Bellerive, Bois-Caran", "route_short_name": "38", "route_long_name": "", "route_type": 3.0, "color": "005F61", "text_color": "FFFFFF" }, "geometry": { "type": "LineString", "coordinates": [ [ 6.19328201, 46.1957688 ], [ 6.19437796, 46.19707458 ], [ 6.19714477, 46.19982285 ], [ 6.20041464, 46.20178138 ], [ 6.20321738, 46.20347249 ], [ 6.20106142, 46.20686699 ], [ 6.20169024, 46.20920448 ], [ 6.20734963, 46.21118132 ], [ 6.21140103, 46.21236863 ], [ 6.21512006, 46.21435779 ], [ 6.21167951, 46.21698088 ], [ 6.20833778, 46.21911283 ], [ 6.20296585, 46.22138764 ], [ 6.20593928, 46.22389852 ], [ 6.20982898, 46.2270929 ], [ 6.21279342, 46.23108872 ], [ 6.21133815, 46.23279757 ], [ 6.20783472, 46.23562483 ], [ 6.20370247, 46.23468036 ], [ 6.1989414, 46.23799216 ], [ 6.19758494, 46.23936529 ], [ 6.19860004, 46.24344719 ], [ 6.19980378, 46.24808168 ] ] } },
{ "type": "Feature", "properties": { "route_id": "92-38-C-j26-1", "direction_id": 1, "trip_id": "131.TA.92-38-C-j26-1.13.R", "headsign": "Chêne-Bourg, Place Favre", "route_short_name": "38", "route_long_name": "", "route_type": 3.0, "color": "005F61", "text_color": "FFFFFF" }, "geometry": { "type": "LineString", "coordinates": [ [ 6.20061227, 46.24796364 ], [ 6.19837546, 46.24327945 ], [ 6.19746816, 46.23939635 ], [ 6.19919293, 46.23784304 ], [ 6.20391807, 46.23477978 ], [ 6.20779879, 46.2355627 ], [ 6.21112255, 46.23264222 ], [ 6.21311681, 46.23088987 ], [ 6.20962237, 46.22703697 ], [ 6.20575961, 46.22387367 ], [ 6.20308263, 46.22130684 ], [ 6.20824795, 46.21908175 ], [ 6.21169748, 46.21690008 ], [ 6.21512006, 46.2142459 ], [ 6.21094289, 46.2121262 ], [ 6.20662199, 46.21099483 ], [ 6.20137583, 46.20896203 ], [ 6.20138482, 46.20679239 ], [ 6.20267839, 46.20323623 ], [ 6.19983073, 46.20153268 ], [ 6.19687527, 46.19976067 ], [ 6.19415338, 46.19695644 ], [ 6.19294065, 46.19557603 ] ] } },
{ "type": "Feature", "properties": { "route_id": "92-39-A-j25-1", "direction_id": 0, "trip_id": "1.TA.92-39-A-j25-1.1.H", "headsign": "Meinier, Corsinge village", "route_short_name": "39", "route_long_name": "", "route_type": 3.0, "color": "00B0A4", "text_color": "FFFFFF" }, "geometry": { "type": "LineString", "coordinates": [ [ 6.20061227, 46.24796364 ], [ 6.19837546, 46.24327945 ], [ 6.19746816, 46.23939635 ], [ 6.19919293, 46.23784304 ], [ 6.20391807, 46.23477978 ], [ 6.20973915, 46.24062034 ] ] } },
{ "type": "Feature", "properties": { "route_id": "92-39-A-j25-1", "direction_id": 1, "trip_id": "39.TA.92-39-A-j25-1.3.R", "headsign": "Collonge-Bellerive, Bois-Caran", "route_short_name": "39", "route_long_name": "", "route_type": 3.0, "color": "00B0A4", "text_color": "FFFFFF" }, "geometry": { "type": "LineString", "coordinates": [ [ 6.20946965, 46.24044016 ], [ 6.20370247, 46.23468036 ], [ 6.1989414, 46.23799216 ], [ 6.19758494, 46.23936529 ], [ 6.19860004, 46.24344719 ], [ 6.19980378, 46.24808168 ] ] } },
{ "type": "Feature", "properties": { "route_id": "92-39-A-j26-1", "direction_id": 0, "trip_id": "1.TA.92-39-A-j26-1.1.H", "headsign": "Meinier, Corsinge village", "route_short_name": "39", "route_long_name": "", "route_type": 3.0, "color": "00B0A4", "text_color": "FFFFFF" }, "geometry": { "type": "LineString", "coordinates": [ [ 6.20061227, 46.24796364 ], [ 6.19837546, 46.24327945 ], [ 6.19746816, 46.23939635 ], [ 6.19919293, 46.23784304 ], [ 6.20391807, 46.23477978 ], [ 6.20973915, 46.24062034 ] ] } },
{ "type": "Feature", "properties": { "route_id": "92-39-A-j26-1", "direction_id": 1, "trip_id": "33.TA.92-39-A-j26-1.3.R", "headsign": "Collonge-Bellerive, Bois-Caran", "route_short_name": "39", "route_long_name": "", "route_type": 3.0, "color": "00B0A4", "text_color": "FFFFFF" }, "geometry": { "type": "LineString", "coordinates": [ [ 6.20946965, 46.24044016 ], [ 6.20370247, 46.23468036 ], [ 6.1989414, 46.23799216 ], [ 6.19758494, 46.23936529 ], [ 6.19860004, 46.24344719 ], [ 6.19980378, 46.24808168 ] ] } },
{ "type": "Feature", "properties": { "route_id": "92-3-P-j25-1", "direction_id": 0, "trip_id": "1.TA.92-3-P-j25-1.1.H", "headsign": "Genève, Crêts-de-Champel", "route_short_name": "3", "route_long_name": "", "route_type": 3.0, "color": "B82F89", "text_color": "FFFFFF" }, "geometry": { "type": "LineString", "coordinates": [ [ 6.14901304, 46.19459978 ], [ 6.15072882, 46.19570661 ], [ 6.15327105, 46.19216217 ], [ 6.15247155, 46.18996078 ], [ 6.1547353, 46.18790233 ], [ 6.15637922, 46.1893389 ], [ 6.15891247, 46.18716226 ] ] } },
{ "type": "Feature", "properties": { "route_id": "92-3-P-j25-1", "direction_id": 1, "trip_id": "1090.TA.92-3-P-j25-1.13.R", "headsign": "Genève, Place Claparède", "route_short_name": "3", "route_long_name": "", "route_type": 3.0, "color": "B82F89", "text_color": "FFFFFF" }, "geometry": { "type": "LineString", "coordinates": [ [ 6.15891247, 46.18716226 ], [ 6.15637922, 46.1893389 ], [ 6.1547353, 46.18790233 ], [ 6.15247155, 46.18996078 ], [ 6.15327105, 46.19216217 ], [ 6.15385495, 46.19377896 ], [ 6.15072882, 46.19570661 ] ] } },
{ "type": "Feature", "properties": { "route_id": "92-3-P-j26-1", "direction_id": 0, "trip_id": "10.TA.92-3-P-j26-1.1.H", "headsign": "Genève, Crêts-de-Champel", "route_short_name": "3", "route_long_name": "", "route_type": 3.0, "color": "B82F89", "text_color": "FFFFFF" }, "geometry": { "type": "LineString", "coordinates": [ [ 6.13094792, 46.20120937 ], [ 6.139967, 46.20129641 ], [ 6.14187143, 46.20234716 ], [ 6.14294042, 46.20238446 ], [ 6.14464722, 46.20096689 ], [ 6.14688403, 46.19989746 ], [ 6.14869863, 46.19818137 ], [ 6.15116001, 46.19505993 ], [ 6.15307342, 46.19192587 ], [ 6.1522829, 46.18971203 ], [ 6.15513056, 46.18817596 ], [ 6.15667566, 46.18906527 ], [ 6.1592718, 46.18707519 ] ] } },
{ "type": "Feature", "properties": { "route_id": "92-3-P-j26-1", "direction_id": 1, "trip_id": "1006.TA.92-3-P-j26-1.20.R", "headsign": "Grand-Saconnex, Gardiol", "route_short_name": "3", "route_long_name": "", "route_type": 3.0, "color": "B82F89", "text_color": "FFFFFF" }, "geometry": { "type": "LineString", "coordinates": [ [ 6.1592718, 46.18707519 ], [ 6.15575938, 46.18894089 ], [ 6.15429513, 46.18811377 ], [ 6.1526063, 46.19017221 ], [ 6.15336088, 46.19224302 ], [ 6.15309139, 46.19412097 ], [ 6.15039644, 46.1963906 ], [ 6.14860879, 46.19837412 ], [ 6.1466864, 46.20009021 ], [ 6.14424298, 46.20126533 ], [ 6.14297636, 46.20506408 ], [ 6.1423655, 46.20760058 ], [ 6.14230262, 46.20939719 ], [ 6.13784698, 46.21003128 ], [ 6.13326557, 46.21198322 ], [ 6.1298879, 46.21361186 ], [ 6.13029215, 46.21624121 ], [ 6.12657312, 46.21777648 ], [ 6.12971722, 46.22057344 ], [ 6.12841467, 46.22310301 ], [ 6.12700431, 46.22430249 ], [ 6.12314156, 46.22327081 ], [ 6.12382427, 46.22596806 ], [ 6.12294393, 46.22751549 ], [ 6.12091373, 46.22900695 ] ] } },
{ "type": "Feature", "properties": { "route_id": "92-40-F-j25-1", "direction_id": 0, "trip_id": "1.TA.92-40-F-j25-1.1.H", "headsign": "Chancy, douane", "route_short_name": "40", "route_long_name": "", "route_type": 3.0, "color": "89CBBE", "text_color": "000000" }, "geometry": { "type": "LineString", "coordinates": [ [ 6.07898038, 46.17780175 ], [ 6.07510864, 46.17728547 ], [ 6.0729976, 46.17788883 ] ] } },
{ "type": "Feature", "properties": { "route_id": "92-40-F-j25-1", "direction_id": 1, "trip_id": "209.TA.92-40-F-j25-1.8.R", "headsign": "Confignon, croisée", "route_short_name": "40", "route_long_name": "", "route_type": 3.0, "color": "89CBBE", "text_color": "000000" }, "geometry": { "type": "LineString", "coordinates": [ [ 6.07323116, 46.17838022 ], [ 6.07636628, 46.17709265 ], [ 6.07932174, 46.17783907 ], [ 6.08201668, 46.1793692 ], [ 6.08942778, 46.17870366 ] ] } },
{ "type": "Feature", "properties": { "route_id": "92-40-F-j26-1", "direction_id": 0, "trip_id": "100.TA.92-40-F-j26-1.7.H", "headsign": "Chancy, douane", "route_short_name": "40", "route_long_name": "", "route_type": 3.0, "color": "89CBBE", "text_color": "000000" }, "geometry": { "type": "LineString", "coordinates": [ [ 6.1289806, 46.18152749 ], [ 6.12837873, 46.18740481 ], [ 6.12390512, 46.18849313 ], [ 6.11900931, 46.19019087 ], [ 6.11260432, 46.18798939 ], [ 6.10603763, 46.18582514 ], [ 6.09983926, 46.18323788 ], [ 6.0936858, 46.18040171 ], [ 6.08897863, 46.17864146 ], [ 6.08258262, 46.17836778 ], [ 6.07898038, 46.17780175 ], [ 6.07510864, 46.17728547 ], [ 6.0729976, 46.17788883 ] ] } },
{ "type": "Feature", "properties": { "route_id": "92-40-F-j26-1", "direction_id": 1, "trip_id": "147.TA.92-40-F-j26-1.10.R", "headsign": "Grand-Lancy, Stade de Genève", "route_short_name": "40", "route_long_name": "", "route_type": 3.0, "color": "89CBBE", "text_color": "000000" }, "geometry": { "type": "LineString", "coordinates": [ [ 6.07323116, 46.17838022 ], [ 6.07636628, 46.17709265 ], [ 6.07932174, 46.17783907 ], [ 6.08201668, 46.1793692 ], [ 6.08942778, 46.17870366 ], [ 6.09468293, 46.18078111 ], [ 6.10012672, 46.18336849 ], [ 6.10638798, 46.18590599 ], [ 6.11309839, 46.18809512 ], [ 6.1193327, 46.19039609 ], [ 6.12463276, 46.18810133 ], [ 6.12762415, 46.18758516 ], [ 6.12881891, 46.17943762 ] ] } },
{ "type": "Feature", "properties": { "route_id": "92-41-F-j25-1", "direction_id": 0, "trip_id": "1.TA.92-41-F-j25-1.26.H", "headsign": "Vessy, Pinchat-la-Tour", "route_short_name": "41", "route_long_name": "", "route_type": 3.0, "color": "00B0A4", "text_color": "FFFFFF" }, "geometry": { "type": "LineString", "coordinates": [ [ 6.13565509, 46.183213 ], [ 6.13902377, 46.17935676 ], [ 6.14488079, 46.17797591 ], [ 6.1482854, 46.17620937 ], [ 6.15283088, 46.17591701 ] ] } },
{ "type": "Feature", "properties": { "route_id": "92-41-F-j25-1", "direction_id": 1, "trip_id": "1000.TA.92-41-F-j25-1.25.R", "headsign": "Carouge GE, Tours", "route_short_name": "41", "route_long_name": "", "route_type": 3.0, "color": "00B0A4", "text_color": "FFFFFF" }, "geometry": { "type": "LineString", "coordinates": [ [ 6.19532119, 46.19733574 ], [ 6.1999026, 46.19736061 ], [ 6.19436897, 46.19671394 ], [ 6.19294065, 46.19557603 ], [ 6.18674228, 46.19593668 ], [ 6.18203511, 46.19187612 ], [ 6.18676024, 46.19010381 ], [ 6.19144047, 46.18938243 ], [ 6.19137758, 46.18455641 ], [ 6.18826941, 46.18170786 ], [ 6.18137934, 46.178374 ], [ 6.17965457, 46.17698068 ], [ 6.18236748, 46.17290006 ], [ 6.1821968, 46.17005091 ], [ 6.18055289, 46.16885646 ], [ 6.18266393, 46.16731981 ], [ 6.18322088, 46.16468191 ], [ 6.17941202, 46.16345624 ], [ 6.17526181, 46.16343135 ], [ 6.16880292, 46.16354956 ], [ 6.15784347, 46.16566492 ], [ 6.15508565, 46.16767443 ], [ 6.15764585, 46.17008201 ], [ 6.16034977, 46.17127021 ], [ 6.16562289, 46.17265745 ], [ 6.16900055, 46.17376473 ], [ 6.16149063, 46.17620937 ], [ 6.15911908, 46.17654527 ], [ 6.1525524, 46.1757304 ], [ 6.14771048, 46.17647684 ], [ 6.1451952, 46.17787639 ], [ 6.13946394, 46.17884672 ], [ 6.13802664, 46.1796491 ], [ 6.13617611, 46.18257239 ] ] } },
{ "type": "Feature", "properties": { "route_id": "92-41-F-j26-1", "direction_id": 0, "trip_id": "107.TA.92-41-F-j26-1.6.H", "headsign": "Chêne-Bourg, gare-Place", "route_short_name": "41", "route_long_name": "", "route_type": 3.0, "color": "00B0A4", "text_color": "FFFFFF" }, "geometry": { "type": "LineString", "coordinates": [ [ 6.13565509, 46.183213 ], [ 6.13902377, 46.17935676 ], [ 6.14488079, 46.17797591 ], [ 6.1482854, 46.17620937 ], [ 6.15283088, 46.17591701 ], [ 6.159694, 46.17636488 ], [ 6.16294591, 46.17572418 ], [ 6.16896462, 46.17385804 ], [ 6.16513779, 46.17261391 ], [ 6.16011621, 46.17123911 ], [ 6.15640617, 46.16959677 ], [ 6.15486107, 46.16748157 ], [ 6.15822975, 46.16545339 ], [ 6.16791359, 46.16349357 ], [ 6.17587266, 46.16348112 ], [ 6.18011271, 46.16336291 ], [ 6.18363411, 46.16499299 ], [ 6.18323885, 46.16764954 ], [ 6.18082238, 46.168956 ], [ 6.18244833, 46.17064812 ], [ 6.18239443, 46.17307424 ], [ 6.17983423, 46.17711131 ], [ 6.18204409, 46.17857304 ], [ 6.1882245, 46.18145285 ], [ 6.19179081, 46.18524053 ], [ 6.19154826, 46.18955656 ], [ 6.18640092, 46.19022196 ], [ 6.18317597, 46.19290217 ], [ 6.18660753, 46.19558225 ], [ 6.1931293, 46.19558225 ], [ 6.19437796, 46.19707458 ] ] } },
{ "type": "Feature", "properties": { "route_id": "92-41-F-j26-1", "direction_id": 1, "trip_id": "171.TA.92-41-F-j26-1.8.R", "headsign": "Carouge GE, Tours", "route_short_name": "41", "route_long_name": "", "route_type": 3.0, "color": "00B0A4", "text_color": "FFFFFF" }, "geometry": { "type": "LineString", "coordinates": [ [ 6.1821968, 46.17005091 ], [ 6.18055289, 46.16885646 ], [ 6.18266393, 46.16731981 ], [ 6.18322088, 46.16468191 ], [ 6.17941202, 46.16345624 ], [ 6.17526181, 46.16343135 ], [ 6.16880292, 46.16354956 ], [ 6.15784347, 46.16566492 ], [ 6.15508565, 46.16767443 ], [ 6.15764585, 46.17008201 ], [ 6.16034977, 46.17127021 ], [ 6.16562289, 46.17265745 ], [ 6.16900055, 46.17376473 ], [ 6.16149063, 46.17620937 ], [ 6.15911908, 46.17654527 ], [ 6.1525524, 46.1757304 ], [ 6.14771048, 46.17647684 ], [ 6.1451952, 46.17787639 ], [ 6.13946394, 46.17884672 ], [ 6.13802664, 46.1796491 ], [ 6.13617611, 46.18257239 ] ] } },
{ "type": "Feature", "properties": { "route_id": "92-42-D-j25-1", "direction_id": 0, "trip_id": "1.TA.92-42-D-j25-1.1.H", "headsign": "Avusy, village", "route_short_name": "42", "route_long_name": "", "route_type": 3.0, "color": "89CBBE", "text_color": "000000" }, "geometry": { "type": "LineString", "coordinates": [ [ 6.07898038, 46.17780175 ], [ 6.07510864, 46.17728547 ], [ 6.0729976, 46.17788883 ] ] } },
{ "type": "Feature", "properties": { "route_id": "92-42-D-j25-1", "direction_id": 1, "trip_id": "205.TA.92-42-D-j25-1.5.R", "headsign": "Confignon, croisée", "route_short_name": "42", "route_long_name": "", "route_type": 3.0, "color": "89CBBE", "text_color": "000000" }, "geometry": { "type": "LineString", "coordinates": [ [ 6.07323116, 46.17838022 ], [ 6.07636628, 46.17709265 ], [ 6.07932174, 46.17783907 ], [ 6.08201668, 46.1793692 ], [ 6.08942778, 46.17870366 ] ] } },
{ "type": "Feature", "properties": { "route_id": "92-42-D-j26-1", "direction_id": 0, "trip_id": "1.TA.92-42-D-j26-1.1.H", "headsign": "Avusy, village", "route_short_name": "42", "route_long_name": "", "route_type": 3.0, "color": "89CBBE", "text_color": "000000" }, "geometry": { "type": "LineString", "coordinates": [ [ 6.07898038, 46.17780175 ], [ 6.07510864, 46.17728547 ], [ 6.0729976, 46.17788883 ] ] } },
{ "type": "Feature", "properties": { "route_id": "92-42-D-j26-1", "direction_id": 1, "trip_id": "148.TA.92-42-D-j26-1.6.R", "headsign": "Grand-Lancy, Stade de Genève", "route_short_name": "42", "route_long_name": "", "route_type": 3.0, "color": "89CBBE", "text_color": "000000" }, "geometry": { "type": "LineString", "coordinates": [ [ 6.07323116, 46.17838022 ], [ 6.07636628, 46.17709265 ], [ 6.07932174, 46.17783907 ], [ 6.08201668, 46.1793692 ], [ 6.08942778, 46.17870366 ], [ 6.09468293, 46.18078111 ], [ 6.10012672, 46.18336849 ], [ 6.10638798, 46.18590599 ], [ 6.11309839, 46.18809512 ], [ 6.1193327, 46.19039609 ], [ 6.12463276, 46.18810133 ], [ 6.12762415, 46.18758516 ], [ 6.12881891, 46.17943762 ] ] } },
{ "type": "Feature", "properties": { "route_id": "92-43-D-j25-1", "direction_id": 0, "trip_id": "1.TA.92-43-D-j25-1.1.H", "headsign": "Lancy-Bachet, gare", "route_short_name": "43", "route_long_name": "", "route_type": 3.0, "color": "89CBBE", "text_color": "000000" }, "geometry": { "type": "LineString", "coordinates": [ [ 6.12907044, 46.16382332 ], [ 6.13291523, 46.16703985 ], [ 6.13538559, 46.17115202 ], [ 6.13292421, 46.17301203 ], [ 6.12918722, 46.1736652 ] ] } },
{ "type": "Feature", "properties": { "route_id": "92-43-D-j25-1", "direction_id": 1, "trip_id": "391.TA.92-43-D-j25-1.5.R", "headsign": "Onex, Salle communale", "route_short_name": "43", "route_long_name": "", "route_type": 3.0, "color": "89CBBE", "text_color": "000000" }, "geometry": { "type": "LineString", "coordinates": [ [ 6.08577164, 46.19879693 ], [ 6.08797251, 46.18557015 ], [ 6.09139509, 46.18489847 ], [ 6.09422479, 46.18438848 ], [ 6.10054893, 46.18357374 ] ] } },
{ "type": "Feature", "properties": { "route_id": "92-43-D-j26-1", "direction_id": 0, "trip_id": "1.TA.92-43-D-j26-1.1.H", "headsign": "Onex, Vallet", "route_short_name": "43", "route_long_name": "", "route_type": 3.0, "color": "89CBBE", "text_color": "000000" }, "geometry": { "type": "LineString", "coordinates": [ [ 6.12899857, 46.16384198 ], [ 6.1327715, 46.16697142 ], [ 6.13554729, 46.17082231 ], [ 6.13300506, 46.17293738 ], [ 6.12960943, 46.17372741 ], [ 6.12881891, 46.17943762 ], [ 6.12762415, 46.18758516 ], [ 6.12183002, 46.18408995 ], [ 6.12065322, 46.18195043 ], [ 6.11320619, 46.18051988 ], [ 6.10882241, 46.17985436 ], [ 6.10499559, 46.17948116 ], [ 6.10606458, 46.18089929 ], [ 6.10212098, 46.18274032 ], [ 6.10012672, 46.18336849 ], [ 6.09434157, 46.18437604 ], [ 6.09095492, 46.18496688 ] ] } },
{ "type": "Feature", "properties": { "route_id": "92-43-D-j26-1", "direction_id": 1, "trip_id": "250.TA.92-43-D-j26-1.4.R", "headsign": "Onex, Salle communale", "route_short_name": "43", "route_long_name": "", "route_type": 3.0, "color": "89CBBE", "text_color": "000000" }, "geometry": { "type": "LineString", "coordinates": [ [ 6.08577164, 46.19879693 ], [ 6.08797251, 46.18557015 ], [ 6.09139509, 46.18489847 ], [ 6.09422479, 46.18438848 ], [ 6.10054893, 46.18357374 ] ] } },
{ "type": "Feature", "properties": { "route_id": "92-44-D-j25-1", "direction_id": 0, "trip_id": "1.TA.92-44-D-j25-1.1.H", "headsign": "Croix-de-Rozon, douane", "route_short_name": "44", "route_long_name": "", "route_type": 3.0, "color": "00B0A4", "text_color": "FFFFFF" }, "geometry": { "type": "LineString", "coordinates": [ [ 6.13902377, 46.17935676 ], [ 6.13808952, 46.17562466 ], [ 6.13923038, 46.17190474 ], [ 6.14042514, 46.16952212 ], [ 6.14044311, 46.16761844 ], [ 6.13966157, 46.16517964 ], [ 6.13887106, 46.16254163 ], [ 6.1391136, 46.15399212 ], [ 6.13810749, 46.15012138 ], [ 6.13642764, 46.14539772 ], [ 6.13753257, 46.14397867 ] ] } },
{ "type": "Feature", "properties": { "route_id": "92-44-D-j25-1", "direction_id": 1, "trip_id": "244.TA.92-44-D-j25-1.4.R", "headsign": "Carouge GE, Tours", "route_short_name": "44", "route_long_name": "", "route_type": 3.0, "color": "00B0A4", "text_color": "FFFFFF" }, "geometry": { "type": "LineString", "coordinates": [ [ 6.13763138, 46.14426498 ], [ 6.13646357, 46.14550352 ], [ 6.13843088, 46.1507686 ], [ 6.13914055, 46.15411036 ], [ 6.13894292, 46.16278428 ], [ 6.13967954, 46.16504898 ], [ 6.14052396, 46.16768687 ], [ 6.14039819, 46.16970253 ], [ 6.13897885, 46.17235886 ], [ 6.1382063, 46.17550025 ], [ 6.13839495, 46.1798668 ], [ 6.13531373, 46.18350532 ] ] } },
{ "type": "Feature", "properties": { "route_id": "92-44-D-j26-1", "direction_id": 0, "trip_id": "102.TA.92-44-D-j26-1.3.H", "headsign": "Croix-de-Rozon, douane", "route_short_name": "44", "route_long_name": "", "route_type": 3.0, "color": "00B0A4", "text_color": "FFFFFF" }, "geometry": { "type": "LineString", "coordinates": [ [ 6.13565509, 46.183213 ], [ 6.13902377, 46.17935676 ], [ 6.13808952, 46.17562466 ], [ 6.13923038, 46.17190474 ], [ 6.14042514, 46.16952212 ], [ 6.14044311, 46.16761844 ], [ 6.13966157, 46.16517964 ], [ 6.13887106, 46.16254163 ], [ 6.1391136, 46.15399212 ], [ 6.13810749, 46.15012138 ], [ 6.13642764, 46.14539772 ], [ 6.13753257, 46.14397867 ] ] } },
{ "type": "Feature", "properties": { "route_id": "92-44-D-j26-1", "direction_id": 1, "trip_id": "155.TA.92-44-D-j26-1.4.R", "headsign": "Carouge GE, Tours", "route_short_name": "44", "route_long_name": "", "route_type": 3.0, "color": "00B0A4", "text_color": "FFFFFF" }, "geometry": { "type": "LineString", "coordinates": [ [ 6.13763138, 46.14426498 ], [ 6.13646357, 46.14550352 ], [ 6.13843088, 46.1507686 ], [ 6.13914055, 46.15411036 ], [ 6.13894292, 46.16278428 ], [ 6.13967954, 46.16504898 ], [ 6.14052396, 46.16768687 ], [ 6.14039819, 46.16970253 ], [ 6.13897885, 46.17235886 ], [ 6.1382063, 46.17550025 ], [ 6.13839495, 46.1798668 ], [ 6.13531373, 46.18350532 ] ] } },
{ "type": "Feature", "properties": { "route_id": "92-45-B-j25-1", "direction_id": 0, "trip_id": "1.TA.92-45-B-j25-1.1.H", "headsign": "Troinex, ville", "route_short_name": "45", "route_long_name": "", "route_type": 3.0, "color": "89CBBE", "text_color": "000000" }, "geometry": { "type": "LineString", "coordinates": [ [ 6.13902377, 46.17935676 ], [ 6.13808952, 46.17562466 ], [ 6.14117074, 46.17324842 ], [ 6.1423655, 46.17176788 ], [ 6.14378484, 46.16961544 ], [ 6.14488977, 46.16787973 ], [ 6.14708166, 46.16497433 ], [ 6.14916575, 46.16350601 ], [ 6.14837523, 46.16167056 ], [ 6.14808777, 46.15990972 ], [ 6.14446756, 46.15916928 ] ] } },
{ "type": "Feature", "properties": { "route_id": "92-45-B-j25-1", "direction_id": 1, "trip_id": "240.TA.92-45-B-j25-1.7.R", "headsign": "Carouge GE, Tours", "route_short_name": "45", "route_long_name": "", "route_type": 3.0, "color": "89CBBE", "text_color": "000000" }, "geometry": { "type": "LineString", "coordinates": [ [ 6.14435078, 46.1592315 ], [ 6.14816862, 46.15995327 ], [ 6.1483932, 46.16172656 ], [ 6.1491388, 46.16358689 ], [ 6.14690199, 46.16521697 ], [ 6.1448179, 46.16805393 ], [ 6.14372196, 46.1697834 ], [ 6.1424733, 46.17172434 ], [ 6.14117074, 46.17331685 ], [ 6.1382063, 46.17550025 ], [ 6.13839495, 46.1798668 ], [ 6.13531373, 46.18350532 ] ] } },
{ "type": "Feature", "properties": { "route_id": "92-45-B-j26-1", "direction_id": 0, "trip_id": "106.TA.92-45-B-j26-1.5.H", "headsign": "Troinex, ville", "route_short_name": "45", "route_long_name": "", "route_type": 3.0, "color": "89CBBE", "text_color": "000000" }, "geometry": { "type": "LineString", "coordinates": [ [ 6.13565509, 46.183213 ], [ 6.13902377, 46.17935676 ], [ 6.13808952, 46.17562466 ], [ 6.14117074, 46.17324842 ], [ 6.1423655, 46.17176788 ], [ 6.14378484, 46.16961544 ], [ 6.14488977, 46.16787973 ], [ 6.14708166, 46.16497433 ], [ 6.14916575, 46.16350601 ], [ 6.14837523, 46.16167056 ], [ 6.14808777, 46.15990972 ], [ 6.14446756, 46.15916928 ] ] } },
{ "type": "Feature", "properties": { "route_id": "92-45-B-j26-1", "direction_id": 1, "trip_id": "153.TA.92-45-B-j26-1.6.R", "headsign": "Carouge GE, Tours", "route_short_name": "45", "route_long_name": "", "route_type": 3.0, "color": "89CBBE", "text_color": "000000" }, "geometry": { "type": "LineString", "coordinates": [ [ 6.14435078, 46.1592315 ], [ 6.14816862, 46.15995327 ], [ 6.1483932, 46.16172656 ], [ 6.1491388, 46.16358689 ], [ 6.14690199, 46.16521697 ], [ 6.1448179, 46.16805393 ], [ 6.14372196, 46.1697834 ], [ 6.1424733, 46.17172434 ], [ 6.14117074, 46.17331685 ], [ 6.1382063, 46.17550025 ], [ 6.13839495, 46.1798668 ], [ 6.13531373, 46.18350532 ] ] } },
{ "type": "Feature", "properties": { "route_id": "92-46-E-j25-1", "direction_id": 0, "trip_id": "1.TA.92-46-E-j25-1.1.H", "headsign": "Bardonnex, village", "route_short_name": "46", "route_long_name": "", "route_type": 3.0, "color": "00B0A4", "text_color": "FFFFFF" }, "geometry": { "type": "LineString", "coordinates": [ [ 6.12873806, 46.17428726 ], [ 6.12304274, 46.17103382 ], [ 6.12200069, 46.1686636 ], [ 6.12245884, 46.16549694 ], [ 6.12590837, 46.16255407 ], [ 6.12501005, 46.15992838 ], [ 6.12557599, 46.15724034 ], [ 6.12417462, 46.15593361 ], [ 6.12229714, 46.15154649 ], [ 6.11876676, 46.14776271 ], [ 6.11254144, 46.14864645 ] ] } },
{ "type": "Feature", "properties": { "route_id": "92-46-E-j25-1", "direction_id": 1, "trip_id": "172.TA.92-46-E-j25-1.4.R", "headsign": "Grand-Lancy, Stade de Genève", "route_short_name": "46", "route_long_name": "", "route_type": 3.0, "color": "00B0A4", "text_color": "FFFFFF" }, "geometry": { "type": "LineString", "coordinates": [ [ 6.11241567, 46.14862156 ], [ 6.11885659, 46.14776271 ], [ 6.12236002, 46.15159628 ], [ 6.12426445, 46.15597717 ], [ 6.1256748, 46.15727768 ], [ 6.12504598, 46.15984127 ], [ 6.12576464, 46.16272206 ], [ 6.12266545, 46.16564625 ], [ 6.12175815, 46.16899333 ], [ 6.12336613, 46.17113335 ], [ 6.12960943, 46.17372741 ], [ 6.12881891, 46.17943762 ] ] } },
{ "type": "Feature", "properties": { "route_id": "92-46-E-j26-1", "direction_id": 0, "trip_id": "1.TA.92-46-E-j26-1.1.H", "headsign": "Bardonnex, village", "route_short_name": "46", "route_long_name": "", "route_type": 3.0, "color": "00B0A4", "text_color": "FFFFFF" }, "geometry": { "type": "LineString", "coordinates": [ [ 6.12873806, 46.17428726 ], [ 6.12304274, 46.17103382 ], [ 6.12200069, 46.1686636 ], [ 6.12245884, 46.16549694 ], [ 6.12590837, 46.16255407 ], [ 6.12501005, 46.15992838 ], [ 6.12557599, 46.15724034 ], [ 6.12417462, 46.15593361 ], [ 6.12229714, 46.15154649 ], [ 6.11876676, 46.14776271 ], [ 6.11254144, 46.14864645 ] ] } },
{ "type": "Feature", "properties": { "route_id": "92-46-E-j26-1", "direction_id": 1, "trip_id": "138.TA.92-46-E-j26-1.4.R", "headsign": "Grand-Lancy, Stade de Genève", "route_short_name": "46", "route_long_name": "", "route_type": 3.0, "color": "00B0A4", "text_color": "FFFFFF" }, "geometry": { "type": "LineString", "coordinates": [ [ 6.11241567, 46.14862156 ], [ 6.11885659, 46.14776271 ], [ 6.12236002, 46.15159628 ], [ 6.12426445, 46.15597717 ], [ 6.1256748, 46.15727768 ], [ 6.12504598, 46.15984127 ], [ 6.12576464, 46.16272206 ], [ 6.12266545, 46.16564625 ], [ 6.12175815, 46.16899333 ], [ 6.12336613, 46.17113335 ], [ 6.12960943, 46.17372741 ], [ 6.12881891, 46.17943762 ] ] } },
{ "type": "Feature", "properties": { "route_id": "92-47-C-j25-1", "direction_id": 0, "trip_id": "1.TA.92-47-C-j25-1.1.H", "headsign": "Bernex, Lully croisée", "route_short_name": "47", "route_long_name": "", "route_type": 3.0, "color": "00B0A4", "text_color": "FFFFFF" }, "geometry": { "type": "LineString", "coordinates": [ [ 6.08942778, 46.17870366 ], [ 6.08201668, 46.1793692 ], [ 6.07932174, 46.17783907 ], [ 6.07636628, 46.17709265 ], [ 6.07335692, 46.17538828 ], [ 6.07057214, 46.17439301 ] ] } },
{ "type": "Feature", "properties": { "route_id": "92-47-C-j25-1", "direction_id": 1, "trip_id": "377.TA.92-47-C-j25-1.3.R", "headsign": "Confignon, croisée", "route_short_name": "47", "route_long_name": "", "route_type": 3.0, "color": "00B0A4", "text_color": "FFFFFF" }, "geometry": { "type": "LineString", "coordinates": [ [ 6.07057214, 46.17439301 ], [ 6.07335692, 46.17538828 ], [ 6.07636628, 46.17709265 ], [ 6.07932174, 46.17783907 ], [ 6.08201668, 46.1793692 ], [ 6.08942778, 46.17870366 ] ] } },
{ "type": "Feature", "properties": { "route_id": "92-47-C-j26-1", "direction_id": 0, "trip_id": "10.TA.92-47-C-j26-1.2.H", "headsign": "Bernex, Lully croisée", "route_short_name": "47", "route_long_name": "", "route_type": 3.0, "color": "00B0A4", "text_color": "FFFFFF" }, "geometry": { "type": "LineString", "coordinates": [ [ 6.08803539, 46.17862902 ], [ 6.08258262, 46.17836778 ], [ 6.07898038, 46.17780175 ], [ 6.07583627, 46.17672565 ], [ 6.07323116, 46.17537584 ], [ 6.07021282, 46.17435568 ] ] } },
{ "type": "Feature", "properties": { "route_id": "92-47-C-j26-1", "direction_id": 1, "trip_id": "190.TA.92-47-C-j26-1.3.R", "headsign": "Confignon, croisée", "route_short_name": "47", "route_long_name": "", "route_type": 3.0, "color": "00B0A4", "text_color": "FFFFFF" }, "geometry": { "type": "LineString", "coordinates": [ [ 6.07057214, 46.17439301 ], [ 6.07335692, 46.17538828 ], [ 6.07636628, 46.17709265 ], [ 6.07932174, 46.17783907 ], [ 6.08201668, 46.1793692 ], [ 6.08942778, 46.17870366 ] ] } },
{ "type": "Feature", "properties": { "route_id": "92-48-C-j25-1", "direction_id": 0, "trip_id": "1.TA.92-48-C-j25-1.1.H", "headsign": "Confignon, croisée", "route_short_name": "48", "route_long_name": "", "route_type": 3.0, "color": "89CBBE", "text_color": "000000" }, "geometry": { "type": "LineString", "coordinates": [ [ 6.10270488, 46.16643638 ], [ 6.1052561, 46.16516097 ], [ 6.10630713, 46.16359934 ], [ 6.10223776, 46.16235497 ], [ 6.09749465, 46.15765103 ], [ 6.09269765, 46.15641275 ], [ 6.07925885, 46.16847075 ], [ 6.08248381, 46.17203538 ], [ 6.08457688, 46.17340393 ], [ 6.08942778, 46.17870366 ] ] } },
{ "type": "Feature", "properties": { "route_id": "92-48-C-j25-1", "direction_id": 1, "trip_id": "381.TA.92-48-C-j25-1.8.R", "headsign": "Plan-les-Ouates, ZIPLO", "route_short_name": "48", "route_long_name": "", "route_type": 3.0, "color": "89CBBE", "text_color": "000000" }, "geometry": { "type": "LineString", "coordinates": [ [ 6.08942778, 46.17870366 ], [ 6.08457688, 46.17340393 ], [ 6.08248381, 46.17203538 ], [ 6.07925885, 46.16847075 ], [ 6.09269765, 46.15641275 ], [ 6.09749465, 46.15765103 ], [ 6.10223776, 46.16235497 ], [ 6.10630713, 46.16359934 ], [ 6.1052561, 46.16516097 ], [ 6.10732222, 46.16631195 ], [ 6.10985547, 46.1675189 ], [ 6.10822952, 46.17146928 ], [ 6.10270488, 46.16643638 ] ] } },
{ "type": "Feature", "properties": { "route_id": "92-48-C-j26-1", "direction_id": 0, "trip_id": "106.TA.92-48-C-j26-1.3.H", "headsign": "Confignon, croisée", "route_short_name": "48", "route_long_name": "", "route_type": 3.0, "color": "89CBBE", "text_color": "000000" }, "geometry": { "type": "LineString", "coordinates": [ [ 6.10243539, 46.16455748 ], [ 6.10473508, 46.16501165 ], [ 6.10607356, 46.16364289 ], [ 6.10212098, 46.16238608 ], [ 6.09594057, 46.15763858 ], [ 6.09239222, 46.15624474 ], [ 6.07968106, 46.1688689 ], [ 6.08247482, 46.17192962 ], [ 6.08453196, 46.17332307 ], [ 6.08860133, 46.17802567 ] ] } },
{ "type": "Feature", "properties": { "route_id": "92-48-C-j26-1", "direction_id": 1, "trip_id": "197.TA.92-48-C-j26-1.4.R", "headsign": "Plan-les-Ouates, ZIPLO", "route_short_name": "48", "route_long_name": "", "route_type": 3.0, "color": "89CBBE", "text_color": "000000" }, "geometry": { "type": "LineString", "coordinates": [ [ 6.08942778, 46.17870366 ], [ 6.08457688, 46.17340393 ], [ 6.08248381, 46.17203538 ], [ 6.07925885, 46.16847075 ], [ 6.09269765, 46.15641275 ], [ 6.09749465, 46.15765103 ], [ 6.10223776, 46.16235497 ], [ 6.10630713, 46.16359934 ], [ 6.1052561, 46.16516097 ], [ 6.10732222, 46.16631195 ], [ 6.10985547, 46.1675189 ], [ 6.10822952, 46.17146928 ], [ 6.10270488, 46.16643638 ] ] } },
{ "type": "Feature", "properties": { "route_id": "92-50-C-j25-1", "direction_id": 0, "trip_id": "1.TA.92-50-C-j25-1.1.H", "headsign": "Versoix, Centre sportif", "route_short_name": "50", "route_long_name": "", "route_type": 3.0, "color": "00B0A4", "text_color": "FFFFFF" }, "geometry": { "type": "LineString", "coordinates": [ [ 6.1098914, 46.23082151 ], [ 6.11220008, 46.2332139 ], [ 6.1185871, 46.23337546 ], [ 6.12336613, 46.23378558 ], [ 6.12640244, 46.23624619 ], [ 6.12846857, 46.24081915 ], [ 6.1292501, 46.24377025 ], [ 6.1285584, 46.24651618 ], [ 6.13025621, 46.25018135 ], [ 6.1332476, 46.25615692 ], [ 6.13940106, 46.25674699 ], [ 6.14520418, 46.25970965 ], [ 6.14795302, 46.26110087 ] ] } },
{ "type": "Feature", "properties": { "route_id": "92-50-C-j25-1", "direction_id": 1, "trip_id": "260.TA.92-50-C-j25-1.4.R", "headsign": "Genève-Aéroport, Terminal", "route_short_name": "50", "route_long_name": "", "route_type": 3.0, "color": "00B0A4", "text_color": "FFFFFF" }, "geometry": { "type": "LineString", "coordinates": [ [ 6.14795302, 46.26110087 ], [ 6.14520418, 46.25970965 ], [ 6.13940106, 46.25674699 ], [ 6.1332476, 46.25615692 ], [ 6.13025621, 46.25018135 ], [ 6.1285584, 46.24651618 ], [ 6.1292501, 46.24377025 ], [ 6.12846857, 46.24081915 ], [ 6.12640244, 46.23624619 ], [ 6.12336613, 46.23378558 ], [ 6.1185871, 46.23337546 ], [ 6.11220008, 46.2332139 ], [ 6.1098914, 46.23082151 ] ] } },
{ "type": "Feature", "properties": { "route_id": "92-50-C-j26-1", "direction_id": 0, "trip_id": "1.TA.92-50-C-j26-1.1.H", "headsign": "Versoix, Centre sportif", "route_short_name": "50", "route_long_name": "", "route_type": 3.0, "color": "00B0A4", "text_color": "FFFFFF" }, "geometry": { "type": "LineString", "coordinates": [ [ 6.1098914, 46.23082151 ], [ 6.11220008, 46.2332139 ], [ 6.1185871, 46.23337546 ], [ 6.12336613, 46.23378558 ], [ 6.12640244, 46.23624619 ], [ 6.12846857, 46.24081915 ], [ 6.1292501, 46.24377025 ], [ 6.1285584, 46.24651618 ], [ 6.13025621, 46.25018135 ], [ 6.1332476, 46.25615692 ], [ 6.13940106, 46.25674699 ], [ 6.14520418, 46.25970965 ], [ 6.14795302, 46.26110087 ] ] } },
{ "type": "Feature", "properties": { "route_id": "92-50-C-j26-1", "direction_id": 1, "trip_id": "100.TA.92-50-C-j26-1.8.R", "headsign": "Genève-Aéroport, Terminal", "route_short_name": "50", "route_long_name": "", "route_type": 3.0, "color": "00B0A4", "text_color": "FFFFFF" }, "geometry": { "type": "LineString", "coordinates": [ [ 6.15510361, 46.26464086 ], [ 6.14760268, 46.26103255 ], [ 6.14541977, 46.25992082 ], [ 6.1392753, 46.25672214 ], [ 6.13297811, 46.25618798 ], [ 6.13022926, 46.25039256 ], [ 6.12847755, 46.24642921 ], [ 6.12879196, 46.24398769 ], [ 6.12843263, 46.24060791 ], [ 6.12615989, 46.23612192 ], [ 6.12224324, 46.23427025 ], [ 6.11860506, 46.23351217 ], [ 6.1126133, 46.23336925 ], [ 6.11022378, 46.23095201 ] ] } },
{ "type": "Feature", "properties": { "route_id": "92-51-D-j25-1", "direction_id": 0, "trip_id": "1.TA.92-51-D-j25-1.1.H", "headsign": "Genève, Mervelet", "route_short_name": "51", "route_long_name": "", "route_type": 3.0, "color": "00B0A4", "text_color": "FFFFFF" }, "geometry": { "type": "LineString", "coordinates": [ [ 6.1060556, 46.21193349 ], [ 6.11276601, 46.21113781 ], [ 6.11871286, 46.20978884 ], [ 6.11935066, 46.21325755 ], [ 6.11791336, 46.21667009 ], [ 6.11427518, 46.21982138 ], [ 6.11713183, 46.2218227 ], [ 6.11923388, 46.22150573 ], [ 6.12271935, 46.21948575 ] ] } },
{ "type": "Feature", "properties": { "route_id": "92-51-D-j25-1", "direction_id": 1, "trip_id": "210.TA.92-51-D-j25-1.7.R", "headsign": "Vernier, CO Renard", "route_short_name": "51", "route_long_name": "", "route_type": 3.0, "color": "00B0A4", "text_color": "FFFFFF" }, "geometry": { "type": "LineString", "coordinates": [ [ 6.11221804, 46.21240593 ], [ 6.10467219, 46.21170971 ], [ 6.10533695, 46.20981992 ], [ 6.1076546, 46.20856417 ], [ 6.10920869, 46.20772491 ], [ 6.10806782, 46.20587851 ], [ 6.10310912, 46.20635099 ], [ 6.09897687, 46.20686699 ], [ 6.09390139, 46.1962165 ] ] } },
{ "type": "Feature", "properties": { "route_id": "92-51-D-j26-1", "direction_id": 0, "trip_id": "1.TA.92-51-D-j26-1.1.H", "headsign": "Genève, Mervelet", "route_short_name": "51", "route_long_name": "", "route_type": 3.0, "color": "00B0A4", "text_color": "FFFFFF" }, "geometry": { "type": "LineString", "coordinates": [ [ 6.1060556, 46.21193349 ], [ 6.11276601, 46.21113781 ], [ 6.11871286, 46.20978884 ], [ 6.11935066, 46.21325755 ], [ 6.11791336, 46.21667009 ], [ 6.11427518, 46.21982138 ], [ 6.11713183, 46.2218227 ], [ 6.11923388, 46.22150573 ], [ 6.12271935, 46.21948575 ] ] } },
{ "type": "Feature", "properties": { "route_id": "92-51-D-j26-1", "direction_id": 1, "trip_id": "120.TA.92-51-D-j26-1.6.R", "headsign": "Vernier, CO Renard", "route_short_name": "51", "route_long_name": "", "route_type": 3.0, "color": "00B0A4", "text_color": "FFFFFF" }, "geometry": { "type": "LineString", "coordinates": [ [ 6.11221804, 46.21240593 ], [ 6.10467219, 46.21170971 ], [ 6.10533695, 46.20981992 ], [ 6.1076546, 46.20856417 ], [ 6.10920869, 46.20772491 ], [ 6.10806782, 46.20587851 ], [ 6.10310912, 46.20635099 ], [ 6.09897687, 46.20686699 ], [ 6.09390139, 46.1962165 ] ] } },
{ "type": "Feature", "properties": { "route_id": "92-52-B-j25-1", "direction_id": 0, "trip_id": "1.TA.92-52-B-j25-1.1.H", "headsign": "Bossy", "route_short_name": "52", "route_long_name": "", "route_type": 3.0, "color": "89CBBE", "text_color": "000000" }, "geometry": { "type": "LineString", "coordinates": [ [ 6.14850998, 46.26481475 ], [ 6.14639894, 46.26450423 ], [ 6.14351535, 46.26121266 ], [ 6.14520418, 46.25970965 ], [ 6.14980355, 46.25830598 ], [ 6.1532441, 46.25694575 ], [ 6.15429513, 46.25430593 ], [ 6.15139357, 46.25174674 ], [ 6.14661453, 46.25034286 ], [ 6.14468316, 46.25111314 ], [ 6.14134142, 46.25447364 ], [ 6.13940106, 46.25674699 ], [ 6.1332476, 46.25615692 ], [ 6.12755228, 46.25821281 ] ] } },
{ "type": "Feature", "properties": { "route_id": "92-52-B-j25-1", "direction_id": 1, "trip_id": "1000.TA.92-52-B-j25-1.9.R", "headsign": "Genthod, Les Hauts", "route_short_name": "52", "route_long_name": "", "route_type": 3.0, "color": "89CBBE", "text_color": "000000" }, "geometry": { "type": "LineString", "coordinates": [ [ 6.1275433, 46.25804512 ], [ 6.13350811, 46.25612587 ], [ 6.13948191, 46.25674078 ], [ 6.14130549, 46.25443637 ], [ 6.14457536, 46.25120632 ], [ 6.14656962, 46.25031181 ], [ 6.1514834, 46.25184613 ], [ 6.15434005, 46.25430593 ], [ 6.15293867, 46.25702649 ], [ 6.15007305, 46.25825629 ], [ 6.1456174, 46.25960407 ], [ 6.14345246, 46.26109466 ], [ 6.14649775, 46.26452286 ], [ 6.14865371, 46.26478991 ] ] } },
{ "type": "Feature", "properties": { "route_id": "92-52-B-j26-1", "direction_id": 0, "trip_id": "10.TA.92-52-B-j26-1.8.H", "headsign": "Bossy", "route_short_name": "52", "route_long_name": "", "route_type": 3.0, "color": "89CBBE", "text_color": "000000" }, "geometry": { "type": "LineString", "coordinates": [ [ 6.15510361, 46.26464086 ], [ 6.1482854, 46.2648458 ], [ 6.14629114, 46.26450423 ], [ 6.14355128, 46.26128719 ], [ 6.14651572, 46.25927489 ], [ 6.14956999, 46.25835567 ], [ 6.15352258, 46.2569209 ], [ 6.15422326, 46.25429972 ], [ 6.15130374, 46.2517219 ], [ 6.14666843, 46.25039256 ], [ 6.14465621, 46.25131192 ], [ 6.14139532, 46.25449849 ], [ 6.1392753, 46.25672214 ], [ 6.13297811, 46.25618798 ], [ 6.1275972, 46.25835567 ] ] } },
{ "type": "Feature", "properties": { "route_id": "92-52-B-j26-1", "direction_id": 1, "trip_id": "154.TA.92-52-B-j26-1.4.R", "headsign": "Bellevue GE, Colovrex", "route_short_name": "52", "route_long_name": "", "route_type": 3.0, "color": "89CBBE", "text_color": "000000" }, "geometry": { "type": "LineString", "coordinates": [ [ 6.1275433, 46.25804512 ], [ 6.13350811, 46.25612587 ] ] } },
{ "type": "Feature", "properties": { "route_id": "92-53-B-j25-1", "direction_id": 0, "trip_id": "1.TA.92-53-B-j25-1.1.H", "headsign": "Grand-Saconnex, place", "route_short_name": "53", "route_long_name": "", "route_type": 3.0, "color": "89CBBE", "text_color": "000000" }, "geometry": { "type": "LineString", "coordinates": [ [ 6.07613272, 46.20533141 ], [ 6.07311438, 46.20697268 ], [ 6.0737432, 46.21002506 ], [ 6.07573746, 46.21059076 ], [ 6.07909716, 46.21269809 ], [ 6.08187295, 46.21524045 ], [ 6.08567282, 46.21658307 ], [ 6.08852947, 46.21780756 ], [ 6.0928863, 46.2190631 ], [ 6.09582379, 46.21924957 ], [ 6.09724313, 46.22192214 ], [ 6.09974044, 46.22441436 ], [ 6.10136639, 46.22626014 ], [ 6.10780731, 46.22458216 ], [ 6.11167905, 46.22164868 ], [ 6.11420332, 46.21972815 ], [ 6.11714081, 46.22186621 ], [ 6.11396077, 46.2234324 ], [ 6.11163414, 46.22525336 ], [ 6.11408654, 46.22783243 ], [ 6.11726657, 46.23060402 ], [ 6.12336613, 46.23378558 ] ] } },
{ "type": "Feature", "properties": { "route_id": "92-53-B-j25-1", "direction_id": 1, "trip_id": "365.TA.92-53-B-j25-1.12.R", "headsign": "Vernier, Parfumerie", "route_short_name": "53", "route_long_name": "", "route_type": 3.0, "color": "89CBBE", "text_color": "000000" }, "geometry": { "type": "LineString", "coordinates": [ [ 6.09244612, 46.21904446 ], [ 6.08838574, 46.21774541 ], [ 6.08540333, 46.21676333 ], [ 6.08182804, 46.2152591 ], [ 6.07897139, 46.21274782 ], [ 6.07524338, 46.21046643 ], [ 6.07339285, 46.20997533 ], [ 6.07284488, 46.20666184 ], [ 6.07615068, 46.20530654 ] ] } },
{ "type": "Feature", "properties": { "route_id": "92-53-B-j26-1", "direction_id": 0, "trip_id": "1.TA.92-53-B-j26-1.14.H", "headsign": "Grand-Saconnex, place", "route_short_name": "53", "route_long_name": "", "route_type": 3.0, "color": "89CBBE", "text_color": "000000" }, "geometry": { "type": "LineString", "coordinates": [ [ 6.07613272, 46.20533141 ], [ 6.07311438, 46.20697268 ], [ 6.0737432, 46.21002506 ], [ 6.07573746, 46.21059076 ], [ 6.07909716, 46.21269809 ], [ 6.08187295, 46.21524045 ], [ 6.08567282, 46.21658307 ], [ 6.08852947, 46.21780756 ], [ 6.0928863, 46.2190631 ], [ 6.09582379, 46.21924957 ], [ 6.09724313, 46.22192214 ], [ 6.09974044, 46.22441436 ], [ 6.10136639, 46.22626014 ], [ 6.10780731, 46.22458216 ], [ 6.11167905, 46.22164868 ], [ 6.11420332, 46.21972815 ], [ 6.11714081, 46.22186621 ], [ 6.11396077, 46.2234324 ], [ 6.11163414, 46.22525336 ], [ 6.11408654, 46.22783243 ], [ 6.11726657, 46.23060402 ], [ 6.12336613, 46.23378558 ] ] } },
{ "type": "Feature", "properties": { "route_id": "92-53-B-j26-1", "direction_id": 1, "trip_id": "187.TA.92-53-B-j26-1.6.R", "headsign": "Vernier, Parfumerie", "route_short_name": "53", "route_long_name": "", "route_type": 3.0, "color": "89CBBE", "text_color": "000000" }, "geometry": { "type": "LineString", "coordinates": [ [ 6.09244612, 46.21904446 ], [ 6.08838574, 46.21774541 ], [ 6.08540333, 46.21676333 ], [ 6.08182804, 46.2152591 ], [ 6.07897139, 46.21274782 ], [ 6.07524338, 46.21046643 ], [ 6.07339285, 46.20997533 ], [ 6.07284488, 46.20666184 ], [ 6.07615068, 46.20530654 ] ] } },
{ "type": "Feature", "properties": { "route_id": "92-54-A-j25-1", "direction_id": 0, "trip_id": "1.TA.92-54-A-j25-1.1.H", "headsign": "Versoix, Centre sportif", "route_short_name": "54", "route_long_name": "", "route_type": 3.0, "color": "89CBBE", "text_color": "000000" }, "geometry": { "type": "LineString", "coordinates": [ [ 6.10958598, 46.23098308 ], [ 6.11190363, 46.23303992 ], [ 6.11648504, 46.23484191 ], [ 6.11882066, 46.2383836 ], [ 6.12227019, 46.24238481 ], [ 6.12762415, 46.24639194 ], [ 6.13024723, 46.24993909 ], [ 6.1275972, 46.25835567 ] ] } },
{ "type": "Feature", "properties": { "route_id": "92-54-A-j25-1", "direction_id": 1, "trip_id": "186.TA.92-54-A-j25-1.4.R", "headsign": "Genève-Aéroport, Terminal", "route_short_name": "54", "route_long_name": "", "route_type": 3.0, "color": "89CBBE", "text_color": "000000" }, "geometry": { "type": "LineString", "coordinates": [ [ 6.1275433, 46.25804512 ], [ 6.13022926, 46.25039256 ], [ 6.12737262, 46.24636087 ], [ 6.12200968, 46.24263953 ], [ 6.11833557, 46.23814128 ], [ 6.115973, 46.23590444 ], [ 6.1126133, 46.23336925 ], [ 6.11022378, 46.23095201 ] ] } },
{ "type": "Feature", "properties": { "route_id": "92-54-A-j26-1", "direction_id": 0, "trip_id": "1.TA.92-54-A-j26-1.2.H", "headsign": "Versoix, Centre sportif", "route_short_name": "54", "route_long_name": "", "route_type": 3.0, "color": "89CBBE", "text_color": "000000" }, "geometry": { "type": "LineString", "coordinates": [ [ 6.07613272, 46.20533141 ], [ 6.07311438, 46.20697268 ], [ 6.0737432, 46.21002506 ], [ 6.07573746, 46.21059076 ], [ 6.07909716, 46.21269809 ], [ 6.08187295, 46.21524045 ], [ 6.08567282, 46.21658307 ], [ 6.08852947, 46.21780756 ], [ 6.0928863, 46.2190631 ], [ 6.09582379, 46.21924957 ], [ 6.09724313, 46.22192214 ], [ 6.09974044, 46.22441436 ], [ 6.10136639, 46.22626014 ], [ 6.10398049, 46.22854709 ], [ 6.10642391, 46.22936738 ], [ 6.1098914, 46.23082151 ], [ 6.11220008, 46.2332139 ], [ 6.11588317, 46.23587959 ], [ 6.11852421, 46.23820341 ], [ 6.12296189, 46.24327323 ], [ 6.1285584, 46.24651618 ], [ 6.13025621, 46.25018135 ], [ 6.12755228, 46.25821281 ] ] } },
{ "type": "Feature", "properties": { "route_id": "92-54-A-j26-1", "direction_id": 1, "trip_id": "100.TA.92-54-A-j26-1.6.R", "headsign": "Vernier, Parfumerie", "route_short_name": "54", "route_long_name": "", "route_type": 3.0, "color": "89CBBE", "text_color": "000000" }, "geometry": { "type": "LineString", "coordinates": [ [ 6.1275433, 46.25804512 ], [ 6.13022926, 46.25039256 ], [ 6.12737262, 46.24636087 ], [ 6.12200968, 46.24263953 ], [ 6.11833557, 46.23814128 ], [ 6.115973, 46.23590444 ], [ 6.1126133, 46.23336925 ], [ 6.11022378, 46.23095201 ], [ 6.10632509, 46.22940467 ], [ 6.10395354, 46.22862788 ], [ 6.10124063, 46.22614207 ], [ 6.09961468, 46.22442679 ], [ 6.09709041, 46.221947 ], [ 6.09558124, 46.21911904 ], [ 6.09244612, 46.21904446 ], [ 6.08838574, 46.21774541 ], [ 6.08540333, 46.21676333 ], [ 6.08182804, 46.2152591 ], [ 6.07897139, 46.21274782 ], [ 6.07524338, 46.21046643 ], [ 6.07339285, 46.20997533 ], [ 6.07284488, 46.20666184 ], [ 6.07615068, 46.20530654 ] ] } },
{ "type": "Feature", "properties": { "route_id": "92-55-A-j25-1", "direction_id": 1, "trip_id": "1000.TA.92-55-A-j25-1.27.R", "headsign": "Genève-Aéroport, Terminal", "route_short_name": "55", "route_long_name": "", "route_type": 3.0, "color": "005F61", "text_color": "FFFFFF" }, "geometry": { "type": "LineString", "coordinates": [ [ 6.1275433, 46.25804512 ], [ 6.13022926, 46.25039256 ], [ 6.12847755, 46.24642921 ], [ 6.12879196, 46.24398769 ], [ 6.12843263, 46.24060791 ], [ 6.12615989, 46.23612192 ], [ 6.12352783, 46.23379179 ], [ 6.11860506, 46.23351217 ], [ 6.1126133, 46.23336925 ], [ 6.11022378, 46.23095201 ] ] } },
{ "type": "Feature", "properties": { "route_id": "92-55-A-j26-1", "direction_id": 0, "trip_id": "10.TA.92-55-A-j26-1.5.H", "headsign": "Chavannes-des-Bois", "route_short_name": "55", "route_long_name": "", "route_type": 3.0, "color": "005F61", "text_color": "FFFFFF" }, "geometry": { "type": "LineString", "coordinates": [ [ 6.10958598, 46.23098308 ], [ 6.1126133, 46.23336925 ], [ 6.11857811, 46.23319526 ], [ 6.12287206, 46.23437588 ], [ 6.12635752, 46.23621512 ], [ 6.12852246, 46.24101797 ], [ 6.12912434, 46.24350932 ], [ 6.12863026, 46.24657831 ], [ 6.13024723, 46.24993909 ], [ 6.1275972, 46.25835567 ] ] } },
{ "type": "Feature", "properties": { "route_id": "92-55-A-j26-1", "direction_id": 1, "trip_id": "100.TA.92-55-A-j26-1.8.R", "headsign": "Genève-Aéroport, Terminal", "route_short_name": "55", "route_long_name": "", "route_type": 3.0, "color": "005F61", "text_color": "FFFFFF" }, "geometry": { "type": "LineString", "coordinates": [ [ 6.1275433, 46.25804512 ], [ 6.13022926, 46.25039256 ], [ 6.12847755, 46.24642921 ], [ 6.12879196, 46.24398769 ], [ 6.12843263, 46.24060791 ], [ 6.12615989, 46.23612192 ], [ 6.12224324, 46.23427025 ], [ 6.11860506, 46.23351217 ], [ 6.1126133, 46.23336925 ], [ 6.11022378, 46.23095201 ] ] } },
{ "type": "Feature", "properties": { "route_id": "92-57-j25-1", "direction_id": 0, "trip_id": "1.TA.92-57-j25-1.1.H", "headsign": "ZIMEYSA, gare", "route_short_name": "57", "route_long_name": "", "route_type": 3.0, "color": "89CBBE", "text_color": "000000" }, "geometry": { "type": "LineString", "coordinates": [ [ 6.1098914, 46.23082151 ], [ 6.10642391, 46.22936738 ], [ 6.10398049, 46.22854709 ], [ 6.10136639, 46.22626014 ], [ 6.09974044, 46.22441436 ], [ 6.09724313, 46.22192214 ], [ 6.09582379, 46.21924957 ], [ 6.0928863, 46.2190631 ], [ 6.08852947, 46.21780756 ], [ 6.08567282, 46.21658307 ], [ 6.07918699, 46.21678819 ], [ 6.07684239, 46.219666 ], [ 6.0761956, 46.22142493 ], [ 6.08319347, 46.2258189 ], [ 6.08095667, 46.2305978 ], [ 6.0803548, 46.23346246 ], [ 6.08328331, 46.235426 ], [ 6.08209753, 46.23676191 ], [ 6.07995056, 46.23712229 ], [ 6.07740832, 46.23593551 ], [ 6.07562068, 46.23440074 ], [ 6.07505474, 46.23194005 ], [ 6.07153334, 46.22901317 ], [ 6.06534395, 46.22160517 ] ] } },
{ "type": "Feature", "properties": { "route_id": "92-57-j25-1", "direction_id": 1, "trip_id": "349.TA.92-57-j25-1.11.R", "headsign": "Genève-Aéroport, Terminal", "route_short_name": "57", "route_long_name": "", "route_type": 3.0, "color": "89CBBE", "text_color": "000000" }, "geometry": { "type": "LineString", "coordinates": [ [ 6.06534395, 46.22160517 ], [ 6.07153334, 46.22901317 ], [ 6.07505474, 46.23194005 ], [ 6.07562068, 46.23440074 ], [ 6.07740832, 46.23593551 ], [ 6.07995056, 46.23712229 ], [ 6.08209753, 46.23676191 ], [ 6.08328331, 46.235426 ], [ 6.0803548, 46.23346246 ], [ 6.08095667, 46.2305978 ], [ 6.08319347, 46.2258189 ], [ 6.0761956, 46.22142493 ], [ 6.07684239, 46.219666 ], [ 6.07918699, 46.21678819 ], [ 6.08507095, 46.22002649 ], [ 6.08567282, 46.21658307 ], [ 6.08852947, 46.21780756 ], [ 6.0928863, 46.2190631 ], [ 6.09582379, 46.21924957 ], [ 6.09724313, 46.22192214 ], [ 6.09974044, 46.22441436 ], [ 6.10136639, 46.22626014 ], [ 6.10398049, 46.22854709 ], [ 6.10642391, 46.22936738 ], [ 6.1098914, 46.23082151 ] ] } },
{ "type": "Feature", "properties": { "route_id": "92-57-j26-1", "direction_id": 0, "trip_id": "1.TA.92-57-j26-1.7.H", "headsign": "ZIMEYSA, gare", "route_short_name": "57", "route_long_name": "", "route_type": 3.0, "color": "89CBBE", "text_color": "000000" }, "geometry": { "type": "LineString", "coordinates": [ [ 6.1098914, 46.23082151 ], [ 6.10642391, 46.22936738 ], [ 6.10398049, 46.22854709 ], [ 6.10136639, 46.22626014 ], [ 6.09974044, 46.22441436 ], [ 6.09724313, 46.22192214 ], [ 6.09582379, 46.21924957 ], [ 6.0928863, 46.2190631 ], [ 6.08852947, 46.21780756 ], [ 6.08567282, 46.21658307 ], [ 6.07918699, 46.21678819 ], [ 6.07684239, 46.219666 ], [ 6.0761956, 46.22142493 ], [ 6.08319347, 46.2258189 ], [ 6.08095667, 46.2305978 ], [ 6.0803548, 46.23346246 ], [ 6.08328331, 46.235426 ], [ 6.08209753, 46.23676191 ], [ 6.07995056, 46.23712229 ], [ 6.07740832, 46.23593551 ], [ 6.07562068, 46.23440074 ], [ 6.07505474, 46.23194005 ], [ 6.07153334, 46.22901317 ], [ 6.06534395, 46.22160517 ] ] } },
{ "type": "Feature", "properties": { "route_id": "92-57-j26-1", "direction_id": 1, "trip_id": "181.TA.92-57-j26-1.11.R", "headsign": "Genève-Aéroport, Terminal", "route_short_name": "57", "route_long_name": "", "route_type": 3.0, "color": "89CBBE", "text_color": "000000" }, "geometry": { "type": "LineString", "coordinates": [ [ 6.06534395, 46.22160517 ], [ 6.07153334, 46.22901317 ], [ 6.07505474, 46.23194005 ], [ 6.07562068, 46.23440074 ], [ 6.07740832, 46.23593551 ], [ 6.07995056, 46.23712229 ], [ 6.08209753, 46.23676191 ], [ 6.08328331, 46.235426 ], [ 6.0803548, 46.23346246 ], [ 6.08095667, 46.2305978 ], [ 6.08319347, 46.2258189 ], [ 6.0761956, 46.22142493 ], [ 6.07684239, 46.219666 ], [ 6.07918699, 46.21678819 ], [ 6.08567282, 46.21658307 ], [ 6.08852947, 46.21780756 ], [ 6.0928863, 46.2190631 ], [ 6.09582379, 46.21924957 ], [ 6.09724313, 46.22192214 ], [ 6.09974044, 46.22441436 ], [ 6.10136639, 46.22626014 ], [ 6.10398049, 46.22854709 ], [ 6.10642391, 46.22936738 ], [ 6.1098914, 46.23082151 ] ] } },
{ "type": "Feature", "properties": { "route_id": "92-58-j25-1", "direction_id": 0, "trip_id": "1.TA.92-58-j25-1.1.H", "headsign": "Grand-Saconnex, Palexpo", "route_short_name": null, "route_long_name": null, "route_type": null, "color": null, "text_color": null }, "geometry": { "type": "LineString", "coordinates": [ [ 6.12296189, 46.24327323 ], [ 6.12335715, 46.2396076 ], [ 6.12361766, 46.2379176 ], [ 6.12336613, 46.23378558 ], [ 6.1185871, 46.23337546 ] ] } },
{ "type": "Feature", "properties": { "route_id": "92-58-j25-1", "direction_id": 1, "trip_id": "175.TA.92-58-j25-1.4.R", "headsign": "Grand-Saconnex, Tunnel Routier", "route_short_name": null, "route_long_name": null, "route_type": null, "color": null, "text_color": null }, "geometry": { "type": "LineString", "coordinates": [ [ 6.1185871, 46.23337546 ], [ 6.12336613, 46.23378558 ], [ 6.12361766, 46.2379176 ], [ 6.12335715, 46.2396076 ], [ 6.12296189, 46.24327323 ] ] } },
{ "type": "Feature", "properties": { "route_id": "92-58-j26-1", "direction_id": 0, "trip_id": "100.TA.92-58-j26-1.3.H", "headsign": "Grand-Saconnex, Palexpo", "route_short_name": null, "route_long_name": null, "route_type": null, "color": null, "text_color": null }, "geometry": { "type": "LineString", "coordinates": [ [ 6.12545023, 46.24378889 ], [ 6.12326732, 46.23939635 ], [ 6.12356376, 46.23750752 ], [ 6.12224324, 46.23427025 ], [ 6.11860506, 46.23351217 ] ] } },
{ "type": "Feature", "properties": { "route_id": "92-58-j26-1", "direction_id": 1, "trip_id": "178.TA.92-58-j26-1.4.R", "headsign": "Grand-Saconnex, Tunnel Routier", "route_short_name": null, "route_long_name": null, "route_type": null, "color": null, "text_color": null }, "geometry": { "type": "LineString", "coordinates": [ [ 6.1185871, 46.23337546 ], [ 6.12336613, 46.23378558 ], [ 6.12361766, 46.2379176 ], [ 6.12335715, 46.2396076 ], [ 6.12296189, 46.24327323 ] ] } },
{ "type": "Feature", "properties": { "route_id": "92-59-A-j25-1", "direction_id": 0, "trip_id": "1.TA.92-59-A-j25-1.1.H", "headsign": "Chambésy, Plage du Vengeron", "route_short_name": "59", "route_long_name": "", "route_type": 3.0, "color": "005F61", "text_color": "FFFFFF" }, "geometry": { "type": "LineString", "coordinates": [ [ 6.10958598, 46.23098308 ], [ 6.11190363, 46.23303992 ], [ 6.11857811, 46.23319526 ], [ 6.123438, 46.23295913 ], [ 6.12766906, 46.23446909 ], [ 6.13329252, 46.23578639 ], [ 6.13568204, 46.23715957 ], [ 6.13064249, 46.24235374 ], [ 6.13024723, 46.24373297 ], [ 6.13478372, 46.24449713 ], [ 6.13799071, 46.24440394 ], [ 6.14101803, 46.24368949 ], [ 6.14282364, 46.24493822 ], [ 6.14756675, 46.24303715 ], [ 6.14843811, 46.23776227 ], [ 6.15206731, 46.24592601 ] ] } },
{ "type": "Feature", "properties": { "route_id": "92-59-A-j25-1", "direction_id": 1, "trip_id": "261.TA.92-59-A-j25-1.5.R", "headsign": "Genève-Aéroport, Terminal", "route_short_name": "59", "route_long_name": "", "route_type": 3.0, "color": "005F61", "text_color": "FFFFFF" }, "geometry": { "type": "LineString", "coordinates": [ [ 6.15206731, 46.24592601 ], [ 6.1472164, 46.24361493 ], [ 6.14335365, 46.24536688 ], [ 6.13981429, 46.24348447 ], [ 6.13789189, 46.24467108 ], [ 6.13408304, 46.24442879 ], [ 6.12993282, 46.24382616 ], [ 6.12843263, 46.24060791 ], [ 6.12724686, 46.23589202 ], [ 6.12802839, 46.23481706 ], [ 6.12360868, 46.2330772 ], [ 6.11860506, 46.23351217 ], [ 6.1126133, 46.23336925 ], [ 6.11047531, 46.23118193 ] ] } },
{ "type": "Feature", "properties": { "route_id": "92-59-A-j26-1", "direction_id": 0, "trip_id": "100.TA.92-59-A-j26-1.2.H", "headsign": "Chambésy, Plage du Vengeron", "route_short_name": "59", "route_long_name": "", "route_type": 3.0, "color": "005F61", "text_color": "FFFFFF" }, "geometry": { "type": "LineString", "coordinates": [ [ 6.10958598, 46.23098308 ], [ 6.11190363, 46.23303992 ], [ 6.11857811, 46.23319526 ], [ 6.12421953, 46.23397199 ], [ 6.12635752, 46.23621512 ], [ 6.12802839, 46.23481706 ], [ 6.13329252, 46.23578639 ], [ 6.13568204, 46.23715957 ], [ 6.13064249, 46.24235374 ], [ 6.13024723, 46.24373297 ], [ 6.13478372, 46.24449713 ], [ 6.13799071, 46.24440394 ], [ 6.14101803, 46.24368949 ], [ 6.14282364, 46.24493822 ], [ 6.14756675, 46.24303715 ], [ 6.14843811, 46.23776227 ], [ 6.15206731, 46.24592601 ] ] } },
{ "type": "Feature", "properties": { "route_id": "92-59-A-j26-1", "direction_id": 1, "trip_id": "103.TA.92-59-A-j26-1.3.R", "headsign": "Genève-Aéroport, Terminal", "route_short_name": "59", "route_long_name": "", "route_type": 3.0, "color": "005F61", "text_color": "FFFFFF" }, "geometry": { "type": "LineString", "coordinates": [ [ 6.15197748, 46.24587631 ], [ 6.14724335, 46.24322975 ], [ 6.14314704, 46.2451743 ], [ 6.14064074, 46.24307443 ], [ 6.13792782, 46.24457168 ], [ 6.13447829, 46.24447849 ], [ 6.1292501, 46.24377025 ], [ 6.12846857, 46.24081915 ], [ 6.12640244, 46.23624619 ], [ 6.12789364, 46.23458715 ], [ 6.12510887, 46.23037409 ], [ 6.12336613, 46.23378558 ], [ 6.1185871, 46.23337546 ], [ 6.11220008, 46.2332139 ], [ 6.1098914, 46.23082151 ] ] } },
{ "type": "Feature", "properties": { "route_id": "92-5-P-j25-1", "direction_id": 0, "trip_id": "1.TA.92-5-P-j25-1.1.H", "headsign": "Grand-Saconnex, Palexpo", "route_short_name": "5", "route_long_name": "", "route_type": 3.0, "color": "00ACE7", "text_color": "FFFFFF" }, "geometry": { "type": "LineString", "coordinates": [ [ 6.14232957, 46.20965207 ], [ 6.14135939, 46.21338808 ], [ 6.1390058, 46.21653335 ], [ 6.13658035, 46.21773919 ], [ 6.13782901, 46.2189015 ], [ 6.1401287, 46.22051129 ], [ 6.13920343, 46.22200294 ], [ 6.13340032, 46.22481211 ], [ 6.12760618, 46.22880188 ], [ 6.12489327, 46.23058537 ], [ 6.12352783, 46.23379179 ], [ 6.11860506, 46.23351217 ] ] } },
{ "type": "Feature", "properties": { "route_id": "92-5-P-j25-1", "direction_id": 1, "trip_id": "1838.TA.92-5-P-j25-1.24.R", "headsign": "Genève, gare Cornavin", "route_short_name": "5", "route_long_name": "", "route_type": 3.0, "color": "00ACE7", "text_color": "FFFFFF" }, "geometry": { "type": "LineString", "coordinates": [ [ 6.11857811, 46.23319526 ], [ 6.12324037, 46.233798 ], [ 6.12511785, 46.23029331 ], [ 6.12755228, 46.22867138 ], [ 6.13488254, 46.22369343 ], [ 6.13907767, 46.22176676 ], [ 6.13828715, 46.21936766 ], [ 6.13679595, 46.21700574 ], [ 6.13936513, 46.21643389 ], [ 6.14111684, 46.21266079 ], [ 6.14232957, 46.20965207 ] ] } },
{ "type": "Feature", "properties": { "route_id": "92-5-P-j26-1", "direction_id": 0, "trip_id": "1.TA.92-5-P-j26-1.15.H", "headsign": "Genève-Aéroport, Terminal", "route_short_name": "5", "route_long_name": "", "route_type": 3.0, "color": "00ACE7", "text_color": "FFFFFF" }, "geometry": { "type": "LineString", "coordinates": [ [ 6.14297636, 46.20506408 ], [ 6.1423655, 46.20760058 ], [ 6.14153905, 46.21051616 ], [ 6.14135939, 46.21338808 ], [ 6.1390058, 46.21653335 ], [ 6.13658035, 46.21773919 ], [ 6.13782901, 46.2189015 ], [ 6.1401287, 46.22051129 ], [ 6.13920343, 46.22200294 ], [ 6.13674205, 46.22684432 ], [ 6.13386744, 46.23127514 ], [ 6.13069639, 46.23042381 ], [ 6.12760618, 46.22880188 ], [ 6.12489327, 46.23058537 ], [ 6.12224324, 46.23427025 ], [ 6.11860506, 46.23351217 ], [ 6.1126133, 46.23336925 ], [ 6.11016988, 46.23097065 ] ] } },
{ "type": "Feature", "properties": { "route_id": "92-5-P-j26-1", "direction_id": 1, "trip_id": "334.TA.92-5-P-j26-1.17.R", "headsign": "Thônex, Vallard", "route_short_name": "5", "route_long_name": "", "route_type": 3.0, "color": "00ACE7", "text_color": "FFFFFF" }, "geometry": { "type": "LineString", "coordinates": [ [ 6.1098914, 46.23082151 ], [ 6.11220008, 46.2332139 ], [ 6.1185871, 46.23337546 ], [ 6.12336613, 46.23378558 ], [ 6.12510887, 46.23037409 ], [ 6.12783974, 46.22867759 ], [ 6.13107368, 46.23062887 ], [ 6.13393931, 46.23099551 ], [ 6.13728104, 46.22655223 ], [ 6.13380456, 46.22437707 ], [ 6.13914055, 46.22230127 ], [ 6.13473881, 46.21944224 ], [ 6.13613119, 46.21733517 ], [ 6.1392214, 46.21646497 ], [ 6.14123363, 46.21293431 ], [ 6.14243737, 46.20973289 ], [ 6.14219482, 46.20744516 ], [ 6.14304822, 46.20472836 ], [ 6.14294042, 46.20238446 ], [ 6.1441801, 46.20119693 ], [ 6.14712657, 46.19988503 ], [ 6.1489232, 46.1981565 ], [ 6.14901304, 46.19459978 ], [ 6.15072882, 46.19570661 ], [ 6.15385495, 46.19377896 ], [ 6.15616363, 46.19601752 ], [ 6.15730449, 46.19852335 ], [ 6.16351184, 46.19675125 ], [ 6.16610798, 46.19626002 ], [ 6.17201889, 46.19410854 ], [ 6.17664521, 46.19330637 ], [ 6.18189137, 46.19210621 ], [ 6.18658956, 46.19015356 ], [ 6.19221302, 46.19045828 ], [ 6.20005531, 46.18915233 ] ] } },
{ "type": "Feature", "properties": { "route_id": "92-60-E-j25-1", "direction_id": 0, "trip_id": "1.TA.92-60-E-j25-1.1.H", "headsign": "Ferney, mairie", "route_short_name": "60", "route_long_name": "", "route_type": 3.0, "color": "EC61A0", "text_color": "FFFFFF" }, "geometry": { "type": "LineString", "coordinates": [ [ 6.14153905, 46.21051616 ], [ 6.14135939, 46.21338808 ], [ 6.14133244, 46.21680062 ], [ 6.14089227, 46.21979031 ], [ 6.13920343, 46.22200294 ], [ 6.13674205, 46.22684432 ], [ 6.13386744, 46.23127514 ], [ 6.12342003, 46.24401254 ], [ 6.11664674, 46.2523617 ], [ 6.11307144, 46.25829356 ], [ 6.10813071, 46.25547368 ] ] } },
{ "type": "Feature", "properties": { "route_id": "92-60-E-j25-1", "direction_id": 1, "trip_id": "1000.TA.92-60-E-j25-1.20.R", "headsign": "Genève, gare Cornavin", "route_short_name": "60", "route_long_name": "", "route_type": 3.0, "color": "EC61A0", "text_color": "FFFFFF" }, "geometry": { "type": "LineString", "coordinates": [ [ 6.10813071, 46.25547368 ], [ 6.11371823, 46.25787742 ], [ 6.11679047, 46.25200764 ], [ 6.12332122, 46.24347825 ], [ 6.12326732, 46.23939635 ], [ 6.12356376, 46.23750752 ], [ 6.12324037, 46.233798 ], [ 6.12511785, 46.23029331 ], [ 6.12844162, 46.22868381 ], [ 6.13143301, 46.23080908 ], [ 6.13412795, 46.23079044 ], [ 6.13684985, 46.22659574 ], [ 6.13894292, 46.22236342 ], [ 6.14085633, 46.21947332 ], [ 6.14119769, 46.21666388 ], [ 6.14111684, 46.21266079 ], [ 6.14283263, 46.21009966 ] ] } },
{ "type": "Feature", "properties": { "route_id": "92-60-E-j26-1", "direction_id": 0, "trip_id": "1.TA.92-60-E-j26-1.1.H", "headsign": "Ferney, mairie", "route_short_name": "60", "route_long_name": "", "route_type": 3.0, "color": "EC61A0", "text_color": "FFFFFF" }, "geometry": { "type": "LineString", "coordinates": [ [ 6.14153905, 46.21051616 ], [ 6.14135939, 46.21338808 ], [ 6.14133244, 46.21680062 ], [ 6.14089227, 46.21979031 ], [ 6.13920343, 46.22200294 ], [ 6.13674205, 46.22684432 ], [ 6.13386744, 46.23127514 ], [ 6.12342003, 46.24401254 ], [ 6.11664674, 46.2523617 ], [ 6.11307144, 46.25829356 ], [ 6.10811274, 46.25564138 ] ] } },
{ "type": "Feature", "properties": { "route_id": "92-60-E-j26-1", "direction_id": 1, "trip_id": "262.TA.92-60-E-j26-1.10.R", "headsign": "Genève, gare Cornavin", "route_short_name": "60", "route_long_name": "", "route_type": 3.0, "color": "EC61A0", "text_color": "FFFFFF" }, "geometry": { "type": "LineString", "coordinates": [ [ 6.10811274, 46.25564138 ], [ 6.11340382, 46.25805754 ], [ 6.1167186, 46.25216914 ], [ 6.12296189, 46.24327323 ], [ 6.13393931, 46.23099551 ], [ 6.13728104, 46.22655223 ], [ 6.13914055, 46.22230127 ], [ 6.14025446, 46.22077854 ], [ 6.14126956, 46.21669496 ], [ 6.14123363, 46.21293431 ], [ 6.14243737, 46.20973289 ] ] } },
{ "type": "Feature", "properties": { "route_id": "92-61-F-j25-1", "direction_id": 0, "trip_id": "1.TA.92-61-F-j25-1.1.H", "headsign": "Gex, L'Aiglette", "route_short_name": "61", "route_long_name": "", "route_type": 3.0, "color": "F5B4D2", "text_color": "000000" }, "geometry": { "type": "LineString", "coordinates": [ [ 6.14153905, 46.21051616 ], [ 6.14135939, 46.21338808 ], [ 6.14133244, 46.21680062 ], [ 6.14089227, 46.21979031 ], [ 6.13920343, 46.22200294 ], [ 6.13674205, 46.22684432 ], [ 6.13386744, 46.23127514 ], [ 6.12342003, 46.24401254 ], [ 6.11664674, 46.2523617 ], [ 6.11307144, 46.25829356 ] ] } },
{ "type": "Feature", "properties": { "route_id": "92-61-F-j25-1", "direction_id": 1, "trip_id": "100.TA.92-61-F-j25-1.2.R", "headsign": "Genève, gare Cornavin", "route_short_name": "61", "route_long_name": "", "route_type": 3.0, "color": "F5B4D2", "text_color": "000000" }, "geometry": { "type": "LineString", "coordinates": [ [ 6.11371823, 46.25787742 ], [ 6.11679047, 46.25200764 ], [ 6.13412795, 46.23079044 ], [ 6.13684985, 46.22659574 ], [ 6.13894292, 46.22236342 ], [ 6.14085633, 46.21947332 ], [ 6.14119769, 46.21666388 ], [ 6.14111684, 46.21266079 ], [ 6.14283263, 46.21009966 ] ] } },
{ "type": "Feature", "properties": { "route_id": "92-61-F-j26-1", "direction_id": 0, "trip_id": "15.TA.92-61-F-j26-1.1.H", "headsign": "Gex, L'Aiglette", "route_short_name": "61", "route_long_name": "", "route_type": 3.0, "color": "F5B4D2", "text_color": "000000" }, "geometry": { "type": "LineString", "coordinates": [ [ 6.14153905, 46.21051616 ], [ 6.14135939, 46.21338808 ], [ 6.14133244, 46.21680062 ], [ 6.14089227, 46.21979031 ], [ 6.13920343, 46.22200294 ], [ 6.13674205, 46.22684432 ], [ 6.13386744, 46.23127514 ], [ 6.12342003, 46.24401254 ], [ 6.11664674, 46.2523617 ], [ 6.11307144, 46.25829356 ] ] } },
{ "type": "Feature", "properties": { "route_id": "92-61-F-j26-1", "direction_id": 1, "trip_id": "33.TA.92-61-F-j26-1.2.R", "headsign": "Genève, gare Cornavin", "route_short_name": "61", "route_long_name": "", "route_type": 3.0, "color": "F5B4D2", "text_color": "000000" }, "geometry": { "type": "LineString", "coordinates": [ [ 6.11371823, 46.25787742 ], [ 6.11679047, 46.25200764 ], [ 6.12332122, 46.24347825 ], [ 6.13412795, 46.23079044 ], [ 6.13684985, 46.22659574 ], [ 6.13894292, 46.22236342 ], [ 6.14085633, 46.21947332 ], [ 6.14119769, 46.21666388 ], [ 6.14111684, 46.21266079 ], [ 6.14283263, 46.21009966 ] ] } },
{ "type": "Feature", "properties": { "route_id": "92-64-E-j25-1", "direction_id": 0, "trip_id": "1.TA.92-64-E-j25-1.1.H", "headsign": "Ferney, mairie", "route_short_name": "64", "route_long_name": "", "route_type": 3.0, "color": "EC619F", "text_color": "FFFFFF" }, "geometry": { "type": "LineString", "coordinates": [ [ 6.08285211, 46.23625861 ], [ 6.08621181, 46.23953926 ], [ 6.09424275, 46.24556568 ], [ 6.10841817, 46.25584015 ] ] } },
{ "type": "Feature", "properties": { "route_id": "92-64-E-j25-1", "direction_id": 1, "trip_id": "113.TA.92-64-E-j25-1.3.R", "headsign": "Meyrin, Gravière", "route_short_name": "64", "route_long_name": "", "route_type": 3.0, "color": "EC619F", "text_color": "FFFFFF" }, "geometry": { "type": "LineString", "coordinates": [ [ 6.10841817, 46.25584015 ], [ 6.09404512, 46.24491958 ], [ 6.08658012, 46.23988098 ], [ 6.08285211, 46.23625861 ] ] } },
{ "type": "Feature", "properties": { "route_id": "92-64-E-j26-1", "direction_id": 0, "trip_id": "10.TA.92-64-E-j26-1.1.H", "headsign": "Ferney, mairie", "route_short_name": "64", "route_long_name": "", "route_type": 3.0, "color": "EC619F", "text_color": "FFFFFF" }, "geometry": { "type": "LineString", "coordinates": [ [ 6.08285211, 46.23625861 ], [ 6.08621181, 46.23953926 ], [ 6.09424275, 46.24556568 ], [ 6.10841817, 46.25584015 ] ] } },
{ "type": "Feature", "properties": { "route_id": "92-64-E-j26-1", "direction_id": 1, "trip_id": "41.TA.92-64-E-j26-1.3.R", "headsign": "Meyrin, Gravière", "route_short_name": "64", "route_long_name": "", "route_type": 3.0, "color": "EC619F", "text_color": "FFFFFF" }, "geometry": { "type": "LineString", "coordinates": [ [ 6.10841817, 46.25584015 ], [ 6.09404512, 46.24491958 ], [ 6.08658012, 46.23988098 ], [ 6.08285211, 46.23625861 ] ] } },
{ "type": "Feature", "properties": { "route_id": "92-66-C-j25-1", "direction_id": 0, "trip_id": "1.TA.92-66-C-j25-1.1.H", "headsign": "Ferney, mairie", "route_short_name": "66", "route_long_name": "", "route_type": 3.0, "color": "F5B5D2", "text_color": "000000" }, "geometry": { "type": "LineString", "coordinates": [ [ 6.10958598, 46.23098308 ], [ 6.11190363, 46.23303992 ], [ 6.11648504, 46.23484191 ], [ 6.11882066, 46.2383836 ], [ 6.12227019, 46.24238481 ], [ 6.11664674, 46.2523617 ], [ 6.11307144, 46.25829356 ], [ 6.10810376, 46.25606375 ] ] } },
{ "type": "Feature", "properties": { "route_id": "92-66-C-j25-1", "direction_id": 1, "trip_id": "282.TA.92-66-C-j25-1.6.R", "headsign": "Genève-Aéroport, Terminal", "route_short_name": "66", "route_long_name": "", "route_type": 3.0, "color": "F5B5D2", "text_color": "000000" }, "geometry": { "type": "LineString", "coordinates": [ [ 6.10841817, 46.25584015 ], [ 6.11371823, 46.25787742 ], [ 6.11679047, 46.25200764 ], [ 6.12200968, 46.24263953 ], [ 6.11833557, 46.23814128 ], [ 6.115973, 46.23590444 ], [ 6.1126133, 46.23336925 ], [ 6.11047531, 46.23118193 ] ] } },
{ "type": "Feature", "properties": { "route_id": "92-66-C-j26-1", "direction_id": 0, "trip_id": "1.TA.92-66-C-j26-1.1.H", "headsign": "Thoiry, Centre commercial", "route_short_name": "66", "route_long_name": "", "route_type": 3.0, "color": "F5B5D2", "text_color": "000000" }, "geometry": { "type": "LineString", "coordinates": [ [ 6.1098914, 46.23082151 ], [ 6.11220008, 46.2332139 ], [ 6.11588317, 46.23587959 ], [ 6.11852421, 46.23820341 ], [ 6.12296189, 46.24327323 ], [ 6.1167186, 46.25216914 ], [ 6.11340382, 46.25805754 ], [ 6.10811274, 46.25564138 ] ] } },
{ "type": "Feature", "properties": { "route_id": "92-66-C-j26-1", "direction_id": 1, "trip_id": "100.TA.92-66-C-j26-1.7.R", "headsign": "Genève-Aéroport, Terminal", "route_short_name": "66", "route_long_name": "", "route_type": 3.0, "color": "F5B5D2", "text_color": "000000" }, "geometry": { "type": "LineString", "coordinates": [ [ 6.10841817, 46.25584015 ], [ 6.11371823, 46.25787742 ], [ 6.11679047, 46.25200764 ], [ 6.12200968, 46.24263953 ], [ 6.11833557, 46.23814128 ], [ 6.115973, 46.23590444 ], [ 6.1126133, 46.23336925 ], [ 6.11047531, 46.23118193 ] ] } },
{ "type": "Feature", "properties": { "route_id": "92-67-A-j25-1", "direction_id": 0, "trip_id": "1.TA.92-67-A-j25-1.1.H", "headsign": "Crozet, école", "route_short_name": "67", "route_long_name": "", "route_type": 3.0, "color": "F5B4D2", "text_color": "000000" }, "geometry": { "type": "LineString", "coordinates": [ [ 6.08209753, 46.23676191 ], [ 6.07995056, 46.23712229 ], [ 6.07740832, 46.23593551 ], [ 6.07562068, 46.23440074 ], [ 6.07505474, 46.23194005 ], [ 6.07153334, 46.22901317 ] ] } },
{ "type": "Feature", "properties": { "route_id": "92-67-A-j25-1", "direction_id": 1, "trip_id": "110.TA.92-67-A-j25-1.3.R", "headsign": "Meyrin, Gravière", "route_short_name": "67", "route_long_name": "", "route_type": 3.0, "color": "F5B4D2", "text_color": "000000" }, "geometry": { "type": "LineString", "coordinates": [ [ 6.07247657, 46.22977131 ], [ 6.07518949, 46.23199597 ], [ 6.07537813, 46.23399063 ], [ 6.07753409, 46.23594794 ], [ 6.08034582, 46.23719685 ], [ 6.08285211, 46.23625861 ] ] } },
{ "type": "Feature", "properties": { "route_id": "92-67-A-j26-1", "direction_id": 0, "trip_id": "1.TA.92-67-A-j26-1.1.H", "headsign": "Crozet, école", "route_short_name": "67", "route_long_name": "", "route_type": 3.0, "color": "F5B4D2", "text_color": "000000" }, "geometry": { "type": "LineString", "coordinates": [ [ 6.08209753, 46.23676191 ], [ 6.07995056, 46.23712229 ], [ 6.07740832, 46.23593551 ], [ 6.07562068, 46.23440074 ], [ 6.07505474, 46.23194005 ], [ 6.07153334, 46.22901317 ] ] } },
{ "type": "Feature", "properties": { "route_id": "92-67-A-j26-1", "direction_id": 1, "trip_id": "100.TA.92-67-A-j26-1.7.R", "headsign": "Meyrin, Gravière", "route_short_name": "67", "route_long_name": "", "route_type": 3.0, "color": "F5B4D2", "text_color": "000000" }, "geometry": { "type": "LineString", "coordinates": [ [ 6.07247657, 46.22977131 ], [ 6.07518949, 46.23199597 ], [ 6.07537813, 46.23399063 ], [ 6.07753409, 46.23594794 ], [ 6.08034582, 46.23719685 ], [ 6.08285211, 46.23625861 ] ] } },
{ "type": "Feature", "properties": { "route_id": "92-68-j25-1", "direction_id": 0, "trip_id": "1.TA.92-68-j25-1.1.H", "headsign": "Saint-Genis, Jean Monnet", "route_short_name": "68", "route_long_name": "", "route_type": 3.0, "color": "EC619F", "text_color": "FFFFFF" }, "geometry": { "type": "LineString", "coordinates": [ [ 6.09724313, 46.22192214 ], [ 6.0761956, 46.22142493 ] ] } },
{ "type": "Feature", "properties": { "route_id": "92-68-j25-1", "direction_id": 1, "trip_id": "1000.TA.92-68-j25-1.30.R", "headsign": "Vernier, Blandonnet", "route_short_name": "68", "route_long_name": "", "route_type": 3.0, "color": "EC619F", "text_color": "FFFFFF" }, "geometry": { "type": "LineString", "coordinates": [ [ 6.06536192, 46.22156788 ], [ 6.07481219, 46.2215368 ], [ 6.09650651, 46.222438 ] ] } },
{ "type": "Feature", "properties": { "route_id": "92-68-j26-1", "direction_id": 0, "trip_id": "1.TA.92-68-j26-1.20.H", "headsign": "Saint-Genis, Jean Monnet", "route_short_name": "68", "route_long_name": "", "route_type": 3.0, "color": "EC619F", "text_color": "FFFFFF" }, "geometry": { "type": "LineString", "coordinates": [ [ 6.09724313, 46.22192214 ], [ 6.0761956, 46.22142493 ], [ 6.06868568, 46.22291656 ] ] } },
{ "type": "Feature", "properties": { "route_id": "92-68-j26-1", "direction_id": 1, "trip_id": "194.TA.92-68-j26-1.29.R", "headsign": "Vernier, Blandonnet", "route_short_name": "68", "route_long_name": "", "route_type": 3.0, "color": "EC619F", "text_color": "FFFFFF" }, "geometry": { "type": "LineString", "coordinates": [ [ 6.06534395, 46.22160517 ], [ 6.06868568, 46.22291656 ], [ 6.0761956, 46.22142493 ], [ 6.08507095, 46.22002649 ], [ 6.09582379, 46.21924957 ], [ 6.09724313, 46.22192214 ] ] } },
{ "type": "Feature", "properties": { "route_id": "92-6-N-j25-1", "direction_id": 0, "trip_id": "1.TA.92-6-N-j25-1.1.H", "headsign": "Genève, Molard", "route_short_name": "6", "route_long_name": "", "route_type": 3.0, "color": "008CBE", "text_color": "FFFFFF" }, "geometry": { "type": "LineString", "coordinates": [ [ 6.11279296, 46.21122483 ], [ 6.11788641, 46.21005615 ], [ 6.12352783, 46.20888122 ], [ 6.12733669, 46.2082782 ], [ 6.1314869, 46.20874445 ], [ 6.13574492, 46.20849579 ], [ 6.14243737, 46.20973289 ], [ 6.14355128, 46.20815387 ], [ 6.14699183, 46.20734569 ], [ 6.14718047, 46.20311189 ] ] } },
{ "type": "Feature", "properties": { "route_id": "92-6-N-j25-1", "direction_id": 1, "trip_id": "1004.TA.92-6-N-j25-1.21.R", "headsign": "Vernier, village", "route_short_name": "6", "route_long_name": "", "route_type": 3.0, "color": "008CBE", "text_color": "FFFFFF" }, "geometry": { "type": "LineString", "coordinates": [ [ 6.11279296, 46.21122483 ], [ 6.10513033, 46.21222566 ], [ 6.10460033, 46.21642146 ], [ 6.10296539, 46.21892636 ], [ 6.09582379, 46.21924957 ], [ 6.0928863, 46.2190631 ], [ 6.08852947, 46.21780756 ], [ 6.08567282, 46.21658307 ], [ 6.08187295, 46.21524045 ], [ 6.07909716, 46.21269809 ] ] } },
{ "type": "Feature", "properties": { "route_id": "92-6-N-j26-1", "direction_id": 0, "trip_id": "10.TA.92-6-N-j26-1.1.H", "headsign": "Genève, Molard", "route_short_name": "6", "route_long_name": "", "route_type": 3.0, "color": "008CBE", "text_color": "FFFFFF" }, "geometry": { "type": "LineString", "coordinates": [ [ 6.07909716, 46.21269809 ], [ 6.08187295, 46.21524045 ], [ 6.08567282, 46.21658307 ], [ 6.08852947, 46.21780756 ], [ 6.0928863, 46.2190631 ], [ 6.10313607, 46.21364916 ], [ 6.10513033, 46.21222566 ], [ 6.11279296, 46.21122483 ], [ 6.11788641, 46.21005615 ], [ 6.12352783, 46.20888122 ], [ 6.12733669, 46.2082782 ], [ 6.1314869, 46.20874445 ], [ 6.13574492, 46.20849579 ], [ 6.14243737, 46.20973289 ], [ 6.14355128, 46.20815387 ], [ 6.14699183, 46.20734569 ], [ 6.14718047, 46.20311189 ] ] } },
{ "type": "Feature", "properties": { "route_id": "92-6-N-j26-1", "direction_id": 1, "trip_id": "360.TA.92-6-N-j26-1.9.R", "headsign": "Vernier, village", "route_short_name": "6", "route_long_name": "", "route_type": 3.0, "color": "008CBE", "text_color": "FFFFFF" }, "geometry": { "type": "LineString", "coordinates": [ [ 6.17237822, 46.21158538 ], [ 6.16746443, 46.20937233 ], [ 6.16189488, 46.20668049 ], [ 6.16028689, 46.20523194 ], [ 6.15801415, 46.2038393 ], [ 6.15601091, 46.2022912 ], [ 6.15151934, 46.20339788 ], [ 6.14699183, 46.20734569 ], [ 6.14243737, 46.20973289 ], [ 6.13574492, 46.20849579 ], [ 6.1314869, 46.20874445 ], [ 6.12733669, 46.2082782 ], [ 6.12352783, 46.20888122 ], [ 6.11788641, 46.21005615 ], [ 6.11279296, 46.21122483 ], [ 6.10513033, 46.21222566 ], [ 6.10313607, 46.21364916 ], [ 6.0928863, 46.2190631 ], [ 6.08852947, 46.21780756 ], [ 6.08567282, 46.21658307 ], [ 6.08187295, 46.21524045 ], [ 6.07909716, 46.21269809 ] ] } },
{ "type": "Feature", "properties": { "route_id": "92-70-C-j25-1", "direction_id": 0, "trip_id": "1.TA.92-70-C-j25-1.1.H", "headsign": "Confignon, croisée", "route_short_name": "70", "route_long_name": "", "route_type": 3.0, "color": "00B0A4", "text_color": "FFFFFF" }, "geometry": { "type": "LineString", "coordinates": [ [ 6.07323116, 46.17838022 ], [ 6.07636628, 46.17709265 ], [ 6.07932174, 46.17783907 ], [ 6.08201668, 46.1793692 ], [ 6.08942778, 46.17870366 ] ] } },
{ "type": "Feature", "properties": { "route_id": "92-70-C-j25-1", "direction_id": 1, "trip_id": "342.TA.92-70-C-j25-1.3.R", "headsign": "Satigny, gare", "route_short_name": "70", "route_long_name": "", "route_type": 3.0, "color": "00B0A4", "text_color": "FFFFFF" }, "geometry": { "type": "LineString", "coordinates": [ [ 6.08942778, 46.17870366 ], [ 6.08201668, 46.1793692 ], [ 6.07932174, 46.17783907 ], [ 6.07636628, 46.17709265 ], [ 6.07323116, 46.17838022 ] ] } },
{ "type": "Feature", "properties": { "route_id": "92-70-C-j26-1", "direction_id": 0, "trip_id": "106.TA.92-70-C-j26-1.2.H", "headsign": "Confignon, croisée", "route_short_name": "70", "route_long_name": "", "route_type": 3.0, "color": "00B0A4", "text_color": "FFFFFF" }, "geometry": { "type": "LineString", "coordinates": [ [ 6.0729976, 46.17781419 ], [ 6.0768334, 46.17709887 ], [ 6.07970801, 46.17786395 ], [ 6.08320246, 46.1783118 ], [ 6.08828692, 46.1783118 ] ] } },
{ "type": "Feature", "properties": { "route_id": "92-70-C-j26-1", "direction_id": 1, "trip_id": "152.TA.92-70-C-j26-1.3.R", "headsign": "Satigny, gare", "route_short_name": "70", "route_long_name": "", "route_type": 3.0, "color": "00B0A4", "text_color": "FFFFFF" }, "geometry": { "type": "LineString", "coordinates": [ [ 6.08942778, 46.17870366 ], [ 6.08201668, 46.1793692 ], [ 6.07932174, 46.17783907 ], [ 6.07636628, 46.17709265 ], [ 6.07323116, 46.17838022 ] ] } },
{ "type": "Feature", "properties": { "route_id": "92-71-B-j26-1", "direction_id": 0, "trip_id": "100.TA.92-71-B-j26-1.2.H", "headsign": "Satigny, gare", "route_short_name": "71", "route_long_name": "", "route_type": 3.0, "color": "005F61", "text_color": "FFFFFF" }, "geometry": { "type": "LineString", "coordinates": [ [ 6.09676702, 46.23490405 ], [ 6.09293121, 46.23832147 ], [ 6.09002067, 46.2365755 ], [ 6.08328331, 46.235426 ], [ 6.0803548, 46.23346246 ], [ 6.0777946, 46.2331207 ], [ 6.07562068, 46.23440074 ], [ 6.07505474, 46.23194005 ], [ 6.07153334, 46.22901317 ] ] } },
{ "type": "Feature", "properties": { "route_id": "92-71-B-j26-1", "direction_id": 1, "trip_id": "287.TA.92-71-B-j26-1.13.R", "headsign": "Meyrin, Citadelle", "route_short_name": "71", "route_long_name": "", "route_type": 3.0, "color": "005F61", "text_color": "FFFFFF" }, "geometry": { "type": "LineString", "coordinates": [ [ 6.06534395, 46.22160517 ], [ 6.07153334, 46.22901317 ], [ 6.07505474, 46.23194005 ], [ 6.07562068, 46.23440074 ], [ 6.0777946, 46.2331207 ], [ 6.0803548, 46.23346246 ], [ 6.08328331, 46.235426 ], [ 6.09002067, 46.2365755 ], [ 6.09293121, 46.23832147 ], [ 6.09676702, 46.23490405 ] ] } },
{ "type": "Feature", "properties": { "route_id": "92-73-B-j25-1", "direction_id": 1, "trip_id": "157.TA.92-73-B-j25-1.4.R", "headsign": "Satigny, Camping Bois-de-Bay", "route_short_name": "73", "route_long_name": "", "route_type": 3.0, "color": "005F61", "text_color": "FFFFFF" }, "geometry": { "type": "LineString", "coordinates": [ [ 6.06249629, 46.19865392 ], [ 6.06503852, 46.20002182 ] ] } },
{ "type": "Feature", "properties": { "route_id": "92-73-B-j26-1", "direction_id": 1, "trip_id": "100.TA.92-73-B-j26-1.11.R", "headsign": "Satigny, gare", "route_short_name": "73", "route_long_name": "", "route_type": 3.0, "color": "005F61", "text_color": "FFFFFF" }, "geometry": { "type": "LineString", "coordinates": [ [ 6.06522717, 46.22018188 ], [ 6.06880246, 46.21661415 ], [ 6.07932174, 46.21673225 ], [ 6.08182804, 46.2152591 ], [ 6.07897139, 46.21274782 ], [ 6.07524338, 46.21046643 ], [ 6.07339285, 46.20997533 ], [ 6.06997027, 46.20870094 ], [ 6.06413122, 46.19961767 ], [ 6.06228069, 46.19862905 ] ] } },
{ "type": "Feature", "properties": { "route_id": "92-7-M-j25-1", "direction_id": 0, "trip_id": "1.TA.92-7-M-j25-1.1.H", "headsign": "Genève, Hôpital", "route_short_name": "7", "route_long_name": "", "route_type": 3.0, "color": "00A828", "text_color": "FFFFFF" }, "geometry": { "type": "LineString", "coordinates": [ [ 6.15731347, 46.18188201 ], [ 6.15013593, 46.18462482 ], [ 6.14622826, 46.18515346 ], [ 6.14741403, 46.1872742 ], [ 6.14880642, 46.18991725 ], [ 6.1505761, 46.19316335 ], [ 6.14901304, 46.19459978 ] ] } },
{ "type": "Feature", "properties": { "route_id": "92-7-M-j25-1", "direction_id": 1, "trip_id": "1000.TA.92-7-M-j25-1.29.R", "headsign": "Genève, Bout-du-Monde", "route_short_name": "7", "route_long_name": "", "route_type": 3.0, "color": "00A828", "text_color": "FFFFFF" }, "geometry": { "type": "LineString", "coordinates": [ [ 6.09343427, 46.20068088 ], [ 6.09820432, 46.20370874 ], [ 6.10141131, 46.20246529 ], [ 6.10326184, 46.20096689 ], [ 6.10924462, 46.20429316 ], [ 6.11409552, 46.20526924 ], [ 6.11847032, 46.20634478 ], [ 6.12272833, 46.20607745 ], [ 6.12534243, 46.20429316 ], [ 6.12801941, 46.20469105 ], [ 6.13230437, 46.20532519 ], [ 6.13639171, 46.20597176 ], [ 6.13998497, 46.20650642 ], [ 6.14464722, 46.20365901 ], [ 6.14740505, 46.20301863 ], [ 6.15272308, 46.2016819 ], [ 6.15069289, 46.19940005 ], [ 6.14909388, 46.1982622 ], [ 6.15076475, 46.19552629 ], [ 6.14945321, 46.19473658 ], [ 6.15049526, 46.19315091 ], [ 6.14872557, 46.18979287 ], [ 6.14718047, 46.18729908 ], [ 6.14650674, 46.1861361 ], [ 6.15033356, 46.18455019 ], [ 6.15860704, 46.1812165 ] ] } },
{ "type": "Feature", "properties": { "route_id": "92-7-M-j26-1", "direction_id": 0, "trip_id": "1.TA.92-7-M-j26-1.1.H", "headsign": "Genève, Bel-Air", "route_short_name": "7", "route_long_name": "", "route_type": 3.0, "color": "00A828", "text_color": "FFFFFF" }, "geometry": { "type": "LineString", "coordinates": [ [ 6.16215539, 46.17602898 ], [ 6.16476949, 46.17913284 ], [ 6.16498508, 46.18354886 ], [ 6.15731347, 46.18188201 ], [ 6.15013593, 46.18462482 ], [ 6.14622826, 46.18515346 ], [ 6.14741403, 46.1872742 ], [ 6.14880642, 46.18991725 ], [ 6.1505761, 46.19316335 ], [ 6.14901304, 46.19459978 ], [ 6.1489232, 46.1981565 ], [ 6.15114204, 46.1996301 ], [ 6.15281291, 46.2018622 ], [ 6.15151934, 46.20339788 ], [ 6.14718047, 46.20311189 ], [ 6.14304822, 46.20472836 ] ] } },
{ "type": "Feature", "properties": { "route_id": "92-7-M-j26-1", "direction_id": 1, "trip_id": "387.TA.92-7-M-j26-1.10.R", "headsign": "Genève, Bel-Air", "route_short_name": "7", "route_long_name": "", "route_type": 3.0, "color": "00A828", "text_color": "FFFFFF" }, "geometry": { "type": "LineString", "coordinates": [ [ 6.09333545, 46.20076793 ], [ 6.09824924, 46.203802 ], [ 6.10139334, 46.20257098 ], [ 6.10316302, 46.20109745 ], [ 6.10892122, 46.20410664 ], [ 6.11423027, 46.20537493 ], [ 6.11803014, 46.20627639 ], [ 6.12248579, 46.20640695 ], [ 6.12520768, 46.20430559 ], [ 6.12772296, 46.2046724 ], [ 6.13222352, 46.20542467 ], [ 6.13652645, 46.2060215 ], [ 6.13953581, 46.20686699 ], [ 6.14304822, 46.20472836 ] ] } },
{ "type": "Feature", "properties": { "route_id": "92-80-D-j25-1", "direction_id": 0, "trip_id": "1.TA.92-80-D-j25-1.1.H", "headsign": "Saint-Julien, gare", "route_short_name": "80", "route_long_name": "", "route_type": 3.0, "color": "F5B4D2", "text_color": "000000" }, "geometry": { "type": "LineString", "coordinates": [ [ 6.14304822, 46.20472836 ], [ 6.13988615, 46.20369009 ], [ 6.13356201, 46.20301863 ], [ 6.12969027, 46.20078658 ], [ 6.12880992, 46.19606726 ], [ 6.12762415, 46.18758516 ], [ 6.12881891, 46.17943762 ], [ 6.12960943, 46.17372741 ], [ 6.12336613, 46.17113335 ], [ 6.12024898, 46.16958433 ], [ 6.11818286, 46.16860139 ], [ 6.11578435, 46.16741936 ], [ 6.11136464, 46.16540361 ], [ 6.10630713, 46.16359934 ], [ 6.10223776, 46.16235497 ], [ 6.09749465, 46.15765103 ], [ 6.09426072, 46.15503755 ] ] } },
{ "type": "Feature", "properties": { "route_id": "92-80-D-j25-1", "direction_id": 1, "trip_id": "355.TA.92-80-D-j25-1.6.R", "headsign": "Genève, Bel-Air", "route_short_name": "80", "route_long_name": "", "route_type": 3.0, "color": "F5B4D2", "text_color": "000000" }, "geometry": { "type": "LineString", "coordinates": [ [ 6.09440445, 46.15509978 ], [ 6.09749465, 46.15763858 ], [ 6.10239047, 46.16233009 ], [ 6.10656764, 46.16359934 ], [ 6.11151736, 46.16541606 ], [ 6.11590113, 46.16741313 ], [ 6.11815591, 46.16852674 ], [ 6.12043763, 46.16962788 ], [ 6.12371648, 46.17123911 ], [ 6.12897162, 46.1738767 ], [ 6.1289806, 46.18019645 ], [ 6.12837873, 46.18740481 ], [ 6.12880992, 46.19606726 ], [ 6.12969027, 46.20078658 ], [ 6.13356201, 46.20301863 ], [ 6.13988615, 46.20369009 ], [ 6.14304822, 46.20472836 ] ] } },
{ "type": "Feature", "properties": { "route_id": "92-80-D-j26-1", "direction_id": 0, "trip_id": "1.TA.92-80-D-j26-1.1.H", "headsign": "Saint-Julien, gare", "route_short_name": "80", "route_long_name": "", "route_type": 3.0, "color": "F5B4D2", "text_color": "000000" }, "geometry": { "type": "LineString", "coordinates": [ [ 6.14304822, 46.20472836 ], [ 6.13988615, 46.20369009 ], [ 6.13356201, 46.20301863 ], [ 6.12969027, 46.20078658 ], [ 6.12880992, 46.19606726 ], [ 6.12762415, 46.18758516 ], [ 6.12881891, 46.17943762 ], [ 6.12960943, 46.17372741 ], [ 6.12336613, 46.17113335 ], [ 6.12024898, 46.16958433 ], [ 6.11818286, 46.16860139 ], [ 6.11578435, 46.16741936 ], [ 6.11136464, 46.16540361 ], [ 6.10630713, 46.16359934 ], [ 6.10223776, 46.16235497 ], [ 6.09749465, 46.15765103 ], [ 6.09426072, 46.15503755 ] ] } },
{ "type": "Feature", "properties": { "route_id": "92-80-D-j26-1", "direction_id": 1, "trip_id": "355.TA.92-80-D-j26-1.6.R", "headsign": "Genève, Bel-Air", "route_short_name": "80", "route_long_name": "", "route_type": 3.0, "color": "F5B4D2", "text_color": "000000" }, "geometry": { "type": "LineString", "coordinates": [ [ 6.09440445, 46.15509978 ], [ 6.09749465, 46.15763858 ], [ 6.10239047, 46.16233009 ], [ 6.10656764, 46.16359934 ], [ 6.11151736, 46.16541606 ], [ 6.11590113, 46.16741313 ], [ 6.11815591, 46.16852674 ], [ 6.12043763, 46.16962788 ], [ 6.12371648, 46.17123911 ], [ 6.12897162, 46.1738767 ], [ 6.1289806, 46.18019645 ], [ 6.12837873, 46.18740481 ], [ 6.12880992, 46.19606726 ], [ 6.12969027, 46.20078658 ], [ 6.13356201, 46.20301863 ], [ 6.13988615, 46.20369009 ], [ 6.14304822, 46.20472836 ] ] } },
{ "type": "Feature", "properties": { "route_id": "92-82-E-j25-1", "direction_id": 0, "trip_id": "1.TA.92-82-E-j25-1.1.H", "headsign": "Croix-de-Rozon, douane", "route_short_name": "82", "route_long_name": "", "route_type": 3.0, "color": "EC61A0", "text_color": "FFFFFF" }, "geometry": { "type": "LineString", "coordinates": [ [ 6.12960943, 46.17372741 ], [ 6.13300506, 46.17293738 ], [ 6.13554729, 46.17082231 ], [ 6.14052396, 46.16768687 ], [ 6.13967954, 46.16504898 ], [ 6.13894292, 46.16278428 ], [ 6.13914055, 46.15411036 ], [ 6.13843088, 46.1507686 ], [ 6.13646357, 46.14550352 ], [ 6.13763138, 46.14426498 ] ] } },
{ "type": "Feature", "properties": { "route_id": "92-82-E-j25-1", "direction_id": 1, "trip_id": "138.TA.92-82-E-j25-1.6.R", "headsign": "Plan-les-Ouates, ZIPLO", "route_short_name": "82", "route_long_name": "", "route_type": 3.0, "color": "EC61A0", "text_color": "FFFFFF" }, "geometry": { "type": "LineString", "coordinates": [ [ 6.12918722, 46.1736652 ], [ 6.12304274, 46.17103382 ], [ 6.11988067, 46.16948479 ], [ 6.11820082, 46.16863872 ], [ 6.11572147, 46.16743802 ], [ 6.11001717, 46.16817213 ], [ 6.10620831, 46.16820324 ], [ 6.10177962, 46.16597599 ] ] } },
{ "type": "Feature", "properties": { "route_id": "92-82-E-j26-1", "direction_id": 0, "trip_id": "1.TA.92-82-E-j26-1.1.H", "headsign": "Croix-de-Rozon, douane", "route_short_name": "82", "route_long_name": "", "route_type": 3.0, "color": "EC61A0", "text_color": "FFFFFF" }, "geometry": { "type": "LineString", "coordinates": [ [ 6.12960943, 46.17372741 ], [ 6.13300506, 46.17293738 ], [ 6.13554729, 46.17082231 ], [ 6.14052396, 46.16768687 ], [ 6.13967954, 46.16504898 ], [ 6.13894292, 46.16278428 ], [ 6.13914055, 46.15411036 ], [ 6.13843088, 46.1507686 ], [ 6.13646357, 46.14550352 ], [ 6.13763138, 46.14426498 ] ] } },
{ "type": "Feature", "properties": { "route_id": "92-82-E-j26-1", "direction_id": 1, "trip_id": "141.TA.92-82-E-j26-1.6.R", "headsign": "Plan-les-Ouates, ZIPLO", "route_short_name": "82", "route_long_name": "", "route_type": 3.0, "color": "EC61A0", "text_color": "FFFFFF" }, "geometry": { "type": "LineString", "coordinates": [ [ 6.12918722, 46.1736652 ], [ 6.12304274, 46.17103382 ], [ 6.11988067, 46.16948479 ], [ 6.11820082, 46.16863872 ], [ 6.11572147, 46.16743802 ], [ 6.11001717, 46.16817213 ], [ 6.10620831, 46.16820324 ], [ 6.10177962, 46.16597599 ] ] } },
{ "type": "Feature", "properties": { "route_id": "92-83-D-j25-1", "direction_id": 0, "trip_id": "1.TA.92-83-D-j25-1.1.H", "headsign": "Viry, église", "route_short_name": "83", "route_long_name": "", "route_type": 3.0, "color": "EC61A0", "text_color": "FFFFFF" }, "geometry": { "type": "LineString", "coordinates": [ [ 6.06536192, 46.22156788 ], [ 6.07481219, 46.2215368 ], [ 6.08489129, 46.22000785 ], [ 6.08182804, 46.2152591 ], [ 6.07897139, 46.21274782 ], [ 6.07524338, 46.21046643 ], [ 6.07339285, 46.20997533 ], [ 6.06997027, 46.20870094 ], [ 6.06413122, 46.19961767 ], [ 6.06228069, 46.19862905 ], [ 6.0729976, 46.17781419 ], [ 6.07510864, 46.17728547 ], [ 6.0729976, 46.17788883 ] ] } },
{ "type": "Feature", "properties": { "route_id": "92-83-D-j25-1", "direction_id": 1, "trip_id": "100.TA.92-83-D-j25-1.3.R", "headsign": "Satigny, Nant-d'Avril", "route_short_name": "83", "route_long_name": "", "route_type": 3.0, "color": "EC61A0", "text_color": "FFFFFF" }, "geometry": { "type": "LineString", "coordinates": [ [ 6.0729976, 46.17781419 ], [ 6.07510864, 46.17728547 ], [ 6.0729976, 46.17788883 ], [ 6.06249629, 46.19865392 ], [ 6.06503852, 46.20002182 ], [ 6.0703835, 46.20881283 ], [ 6.07405761, 46.21006858 ], [ 6.07623153, 46.21072131 ], [ 6.07935767, 46.2128162 ], [ 6.08198973, 46.21522181 ], [ 6.08508892, 46.22007621 ], [ 6.07498287, 46.22167975 ], [ 6.06512835, 46.22164246 ] ] } },
{ "type": "Feature", "properties": { "route_id": "92-83-D-j26-1", "direction_id": 0, "trip_id": "1.TA.92-83-D-j26-1.3.H", "headsign": "Viry, église", "route_short_name": "83", "route_long_name": "", "route_type": 3.0, "color": "EC61A0", "text_color": "FFFFFF" }, "geometry": { "type": "LineString", "coordinates": [ [ 6.06536192, 46.22156788 ], [ 6.06884738, 46.22280469 ], [ 6.07481219, 46.2215368 ], [ 6.08489129, 46.22000785 ], [ 6.08182804, 46.2152591 ], [ 6.07897139, 46.21274782 ], [ 6.07524338, 46.21046643 ], [ 6.07339285, 46.20997533 ], [ 6.06997027, 46.20870094 ], [ 6.06413122, 46.19961767 ], [ 6.06228069, 46.19862905 ], [ 6.0729976, 46.17781419 ], [ 6.07510864, 46.17728547 ], [ 6.0729976, 46.17788883 ] ] } },
{ "type": "Feature", "properties": { "route_id": "92-83-D-j26-1", "direction_id": 1, "trip_id": "43.TA.92-83-D-j26-1.4.R", "headsign": "Satigny, Nant-d'Avril", "route_short_name": "83", "route_long_name": "", "route_type": 3.0, "color": "EC61A0", "text_color": "FFFFFF" }, "geometry": { "type": "LineString", "coordinates": [ [ 6.0729976, 46.17781419 ], [ 6.07510864, 46.17728547 ], [ 6.0729976, 46.17788883 ], [ 6.06249629, 46.19865392 ], [ 6.06503852, 46.20002182 ], [ 6.0703835, 46.20881283 ], [ 6.07405761, 46.21006858 ], [ 6.07623153, 46.21072131 ], [ 6.07935767, 46.2128162 ], [ 6.08198973, 46.21522181 ], [ 6.08508892, 46.22007621 ], [ 6.07498287, 46.22167975 ], [ 6.06860483, 46.22298492 ], [ 6.06512835, 46.22164246 ] ] } },
{ "type": "Feature", "properties": { "route_id": "92-8-I-j25-1", "direction_id": 0, "trip_id": "1.TA.92-8-I-j25-1.1.H", "headsign": "Chêne-Bougeries, Conches place", "route_short_name": "8", "route_long_name": "", "route_type": 3.0, "color": "84471C", "text_color": "FFFFFF" }, "geometry": { "type": "LineString", "coordinates": [ [ 6.15185171, 46.20163216 ], [ 6.15543599, 46.19846117 ], [ 6.15405258, 46.19664554 ], [ 6.15633431, 46.19575636 ], [ 6.16078995, 46.193723 ], [ 6.16369151, 46.19242335 ], [ 6.1673207, 46.18936999 ], [ 6.17027616, 46.18686996 ], [ 6.17443536, 46.18413971 ] ] } },
{ "type": "Feature", "properties": { "route_id": "92-8-I-j25-1", "direction_id": 1, "trip_id": "1399.TA.92-8-I-j25-1.25.R", "headsign": "Genève, Rive", "route_short_name": "8", "route_long_name": "", "route_type": 3.0, "color": "84471C", "text_color": "FFFFFF" }, "geometry": { "type": "LineString", "coordinates": [ [ 6.17381552, 46.18465591 ], [ 6.17003361, 46.18736749 ], [ 6.16698832, 46.19021575 ], [ 6.16370947, 46.19259125 ], [ 6.16084385, 46.19387846 ], [ 6.15633431, 46.1963222 ], [ 6.15734042, 46.19860418 ], [ 6.15574142, 46.20096689 ], [ 6.15541802, 46.20255855 ], [ 6.15185171, 46.20163216 ] ] } },
{ "type": "Feature", "properties": { "route_id": "92-8-I-j26-1", "direction_id": 0, "trip_id": "1.TA.92-8-I-j26-1.1.H", "headsign": "Chêne-Bougeries, Conches place", "route_short_name": "8", "route_long_name": "", "route_type": 3.0, "color": "84471C", "text_color": "FFFFFF" }, "geometry": { "type": "LineString", "coordinates": [ [ 6.15185171, 46.20163216 ], [ 6.15543599, 46.19846117 ], [ 6.15405258, 46.19664554 ], [ 6.15633431, 46.19575636 ], [ 6.16078995, 46.193723 ], [ 6.16369151, 46.19242335 ], [ 6.1673207, 46.18936999 ], [ 6.17027616, 46.18686996 ], [ 6.17443536, 46.18413971 ] ] } },
{ "type": "Feature", "properties": { "route_id": "92-8-I-j26-1", "direction_id": 1, "trip_id": "267.TA.92-8-I-j26-1.11.R", "headsign": "Genève, Rive", "route_short_name": "8", "route_long_name": "", "route_type": 3.0, "color": "84471C", "text_color": "FFFFFF" }, "geometry": { "type": "LineString", "coordinates": [ [ 6.17381552, 46.18465591 ], [ 6.17003361, 46.18736749 ], [ 6.16698832, 46.19021575 ], [ 6.16370947, 46.19259125 ], [ 6.16084385, 46.19387846 ], [ 6.15633431, 46.1963222 ], [ 6.15734042, 46.19860418 ], [ 6.15574142, 46.20096689 ], [ 6.15541802, 46.20255855 ], [ 6.15185171, 46.20163216 ] ] } },
{ "type": "Feature", "properties": { "route_id": "92-91-A-j25-1", "direction_id": 0, "trip_id": "1.TA.92-91-A-j25-1.1.H", "headsign": "Genève, Beau-Séjour", "route_short_name": "91", "route_long_name": "", "route_type": 3.0, "color": "005F61", "text_color": "FFFFFF" }, "geometry": { "type": "LineString", "coordinates": [ [ 6.12609701, 46.20122802 ], [ 6.12969027, 46.20078658 ], [ 6.13588865, 46.20133372 ], [ 6.14032633, 46.20108502 ], [ 6.13930225, 46.19760932 ], [ 6.14093718, 46.19511589 ], [ 6.14234754, 46.19292705 ], [ 6.14400044, 46.19183881 ], [ 6.14597673, 46.19116098 ], [ 6.14901304, 46.19459978 ], [ 6.1505761, 46.19316335 ], [ 6.15024373, 46.1913662 ], [ 6.15037847, 46.19024062 ], [ 6.15045932, 46.18878542 ] ] } },
{ "type": "Feature", "properties": { "route_id": "92-91-A-j25-1", "direction_id": 1, "trip_id": "484.TA.92-91-A-j25-1.5.R", "headsign": "Genève, Pointe de la Jonction", "route_short_name": "91", "route_long_name": "", "route_type": 3.0, "color": "005F61", "text_color": "FFFFFF" }, "geometry": { "type": "LineString", "coordinates": [ [ 6.15045932, 46.18878542 ], [ 6.15154628, 46.18813865 ], [ 6.15247155, 46.18996078 ], [ 6.15327105, 46.19216217 ], [ 6.1505761, 46.19316335 ], [ 6.14901304, 46.19459978 ], [ 6.14597673, 46.19116098 ], [ 6.14400044, 46.19183881 ], [ 6.14234754, 46.19292705 ], [ 6.14093718, 46.19511589 ], [ 6.13930225, 46.19760932 ], [ 6.13754155, 46.19974824 ], [ 6.13588865, 46.20133372 ], [ 6.12969027, 46.20078658 ], [ 6.12609701, 46.20122802 ] ] } },
{ "type": "Feature", "properties": { "route_id": "92-91-A-j26-1", "direction_id": 0, "trip_id": "1.TA.92-91-A-j26-1.1.H", "headsign": "Genève, Beau-Séjour", "route_short_name": "91", "route_long_name": "", "route_type": 3.0, "color": "005F61", "text_color": "FFFFFF" }, "geometry": { "type": "LineString", "coordinates": [ [ 6.12609701, 46.20122802 ], [ 6.12969027, 46.20078658 ], [ 6.13588865, 46.20133372 ], [ 6.14032633, 46.20108502 ], [ 6.13930225, 46.19760932 ], [ 6.14093718, 46.19511589 ], [ 6.14234754, 46.19292705 ], [ 6.14400044, 46.19183881 ], [ 6.14597673, 46.19116098 ], [ 6.14901304, 46.19459978 ], [ 6.1505761, 46.19316335 ], [ 6.15024373, 46.1913662 ], [ 6.15037847, 46.19024062 ], [ 6.15045932, 46.18878542 ] ] } },
{ "type": "Feature", "properties": { "route_id": "92-91-A-j26-1", "direction_id": 1, "trip_id": "180.TA.92-91-A-j26-1.3.R", "headsign": "Genève, Pointe de la Jonction", "route_short_name": "91", "route_long_name": "", "route_type": 3.0, "color": "005F61", "text_color": "FFFFFF" }, "geometry": { "type": "LineString", "coordinates": [ [ 6.15045932, 46.18878542 ], [ 6.15154628, 46.18813865 ], [ 6.15247155, 46.18996078 ], [ 6.15327105, 46.19216217 ], [ 6.1505761, 46.19316335 ], [ 6.14901304, 46.19459978 ], [ 6.14597673, 46.19116098 ], [ 6.14400044, 46.19183881 ], [ 6.14234754, 46.19292705 ], [ 6.14093718, 46.19511589 ], [ 6.13930225, 46.19760932 ], [ 6.13754155, 46.19974824 ], [ 6.13588865, 46.20133372 ], [ 6.12969027, 46.20078658 ], [ 6.12609701, 46.20122802 ] ] } },
{ "type": "Feature", "properties": { "route_id": "92-92-D-j25-1", "direction_id": 0, "trip_id": "1.TA.92-92-D-j25-1.1.H", "headsign": "Genève, Place de Neuve", "route_short_name": "92", "route_long_name": "", "route_type": 3.0, "color": "89CBBE", "text_color": "000000" }, "geometry": { "type": "LineString", "coordinates": [ [ 6.14464722, 46.20365901 ], [ 6.14740505, 46.20301863 ], [ 6.15272308, 46.2016819 ], [ 6.15094441, 46.19992855 ], [ 6.15277698, 46.19841764 ], [ 6.15171696, 46.19765907 ], [ 6.15039644, 46.1963906 ], [ 6.14749488, 46.19842386 ], [ 6.14835727, 46.19958036 ], [ 6.14852795, 46.20013995 ], [ 6.14819557, 46.20083632 ], [ 6.14781828, 46.20146429 ], [ 6.14656063, 46.20105393 ], [ 6.14399145, 46.20152646 ] ] } },
{ "type": "Feature", "properties": { "route_id": "92-92-D-j26-1", "direction_id": 0, "trip_id": "1.TA.92-92-D-j26-1.1.H", "headsign": "Genève, Place de Neuve", "route_short_name": "92", "route_long_name": "", "route_type": 3.0, "color": "89CBBE", "text_color": "000000" }, "geometry": { "type": "LineString", "coordinates": [ [ 6.14464722, 46.20365901 ], [ 6.14740505, 46.20301863 ], [ 6.15272308, 46.2016819 ], [ 6.15094441, 46.19992855 ], [ 6.15277698, 46.19841764 ], [ 6.15171696, 46.19765907 ], [ 6.15039644, 46.1963906 ], [ 6.14749488, 46.19842386 ], [ 6.14835727, 46.19958036 ], [ 6.14852795, 46.20013995 ], [ 6.14819557, 46.20083632 ], [ 6.14781828, 46.20146429 ], [ 6.14656063, 46.20105393 ], [ 6.14399145, 46.20152646 ] ] } },
{ "type": "Feature", "properties": { "route_id": "92-97-j25-1", "direction_id": 0, "trip_id": "1.TA.92-97-j25-1.1.H", "headsign": "Vessy, Grands-Esserts", "route_short_name": "97", "route_long_name": "", "route_type": 700.0, "color": null, "text_color": null }, "geometry": { "type": "LineString", "coordinates": [ [ 6.15731347, 46.18188201 ], [ 6.16498508, 46.18354886 ], [ 6.16476949, 46.17913284 ], [ 6.16215539, 46.17602898 ] ] } },
{ "type": "Feature", "properties": { "route_id": "92-97-j25-1", "direction_id": 1, "trip_id": "180.TA.92-97-j25-1.3.R", "headsign": "Genève, Bout-du-Monde", "route_short_name": "97", "route_long_name": "", "route_type": 700.0, "color": null, "text_color": null }, "geometry": { "type": "LineString", "coordinates": [ [ 6.16215539, 46.17602898 ], [ 6.16476949, 46.17913284 ], [ 6.16498508, 46.18354886 ], [ 6.15731347, 46.18188201 ] ] } },
{ "type": "Feature", "properties": { "route_id": "92-9-L-j25-1", "direction_id": 0, "trip_id": "1.TA.92-9-L-j25-1.1.H", "headsign": "Vernier, Lignon Tours", "route_short_name": "9", "route_long_name": "", "route_type": 3.0, "color": "E2001D", "text_color": "FFFFFF" }, "geometry": { "type": "LineString", "coordinates": [ [ 6.14243737, 46.20973289 ], [ 6.13574492, 46.20849579 ], [ 6.13390337, 46.20717784 ], [ 6.13222352, 46.20542467 ], [ 6.12772296, 46.2046724 ], [ 6.12520768, 46.20430559 ], [ 6.12248579, 46.20640695 ], [ 6.11803014, 46.20627639 ], [ 6.11423027, 46.20537493 ], [ 6.10825647, 46.2057666 ], [ 6.10356727, 46.20615827 ], [ 6.09886908, 46.20668671 ], [ 6.09824924, 46.203802 ], [ 6.09333545, 46.20076793 ] ] } },
{ "type": "Feature", "properties": { "route_id": "92-9-L-j25-1", "direction_id": 1, "trip_id": "1559.TA.92-9-L-j25-1.19.R", "headsign": "Genève, gare Cornavin", "route_short_name": "9", "route_long_name": "", "route_type": 3.0, "color": "E2001D", "text_color": "FFFFFF" }, "geometry": { "type": "LineString", "coordinates": [ [ 6.09343427, 46.20068088 ], [ 6.09820432, 46.20370874 ], [ 6.0987523, 46.20650642 ], [ 6.10442066, 46.20590337 ], [ 6.10827444, 46.205692 ], [ 6.11409552, 46.20526924 ], [ 6.11847032, 46.20634478 ], [ 6.12272833, 46.20607745 ], [ 6.12534243, 46.20429316 ], [ 6.12801941, 46.20469105 ], [ 6.13190013, 46.2052195 ], [ 6.13418185, 46.20735812 ], [ 6.13599645, 46.20851444 ], [ 6.13979632, 46.2089123 ] ] } },
{ "type": "Feature", "properties": { "route_id": "92-9-L-j26-1", "direction_id": 0, "trip_id": "10.TA.92-9-L-j26-1.19.H", "headsign": "Vernier, Lignon Tours", "route_short_name": "9", "route_long_name": "", "route_type": 3.0, "color": "E2001D", "text_color": "FFFFFF" }, "geometry": { "type": "LineString", "coordinates": [ [ 6.21833603, 46.20630748 ], [ 6.21379055, 46.20389526 ], [ 6.21033204, 46.20206116 ], [ 6.2038462, 46.20352844 ], [ 6.20107939, 46.20688565 ], [ 6.19970497, 46.20493974 ], [ 6.19559068, 46.2018249 ], [ 6.19079368, 46.20432424 ], [ 6.18702974, 46.20403825 ], [ 6.18354428, 46.20526302 ], [ 6.18047204, 46.20497082 ], [ 6.17531571, 46.20384552 ], [ 6.16991683, 46.20288807 ], [ 6.16627866, 46.20303106 ], [ 6.16211946, 46.20170055 ], [ 6.15601091, 46.2022912 ], [ 6.15151934, 46.20339788 ], [ 6.14699183, 46.20734569 ], [ 6.14243737, 46.20973289 ], [ 6.13574492, 46.20849579 ], [ 6.13390337, 46.20717784 ], [ 6.13222352, 46.20542467 ], [ 6.12772296, 46.2046724 ], [ 6.12520768, 46.20430559 ], [ 6.12248579, 46.20640695 ], [ 6.11803014, 46.20627639 ], [ 6.11423027, 46.20537493 ], [ 6.10825647, 46.2057666 ], [ 6.10356727, 46.20615827 ], [ 6.09886908, 46.20668671 ], [ 6.09824924, 46.203802 ], [ 6.09333545, 46.20076793 ] ] } },
{ "type": "Feature", "properties": { "route_id": "92-9-L-j26-1", "direction_id": 1, "trip_id": "334.TA.92-9-L-j26-1.27.R", "headsign": "Thônex, Belle-Terre Pl. Araire", "route_short_name": "9", "route_long_name": "", "route_type": 3.0, "color": "E2001D", "text_color": "FFFFFF" }, "geometry": { "type": "LineString", "coordinates": [ [ 6.09333545, 46.20076793 ], [ 6.09824924, 46.203802 ], [ 6.09886908, 46.20668671 ], [ 6.10356727, 46.20615827 ], [ 6.10825647, 46.2057666 ], [ 6.11423027, 46.20537493 ], [ 6.11803014, 46.20627639 ], [ 6.12248579, 46.20640695 ], [ 6.12520768, 46.20430559 ], [ 6.12772296, 46.2046724 ], [ 6.13222352, 46.20542467 ], [ 6.13390337, 46.20717784 ], [ 6.13574492, 46.20849579 ], [ 6.14243737, 46.20973289 ], [ 6.14355128, 46.20815387 ], [ 6.14699183, 46.20734569 ], [ 6.15281291, 46.2018622 ], [ 6.15601091, 46.2022912 ], [ 6.16211946, 46.20170055 ], [ 6.16627866, 46.20303106 ], [ 6.16991683, 46.20288807 ], [ 6.17531571, 46.20384552 ], [ 6.18047204, 46.20497082 ], [ 6.18354428, 46.20526302 ], [ 6.18702974, 46.20403825 ], [ 6.19559068, 46.2018249 ], [ 6.19970497, 46.20493974 ], [ 6.20107939, 46.20688565 ], [ 6.2038462, 46.20352844 ], [ 6.21033204, 46.20206116 ], [ 6.21379055, 46.20389526 ], [ 6.21833603, 46.20630748 ] ] } },
{ "type": "Feature", "properties": { "route_id": "92-A01-C-j25-1", "direction_id": 0, "trip_id": "1.TA.92-A01-C-j25-1.1.H", "headsign": "Genève, gare Cornavin", "route_short_name": "EV", "route_long_name": "", "route_type": 700.0, "color": null, "text_color": null }, "geometry": { "type": "LineString", "coordinates": [ [ 6.12762415, 46.18758516 ], [ 6.14243737, 46.20973289 ] ] } },
{ "type": "Feature", "properties": { "route_id": "92-A01-C-j25-1", "direction_id": 1, "trip_id": "100.TA.92-A01-C-j25-1.12.R", "headsign": "Annemasse, gare", "route_short_name": "EV", "route_long_name": "", "route_type": 700.0, "color": null, "text_color": null }, "geometry": { "type": "LineString", "coordinates": [ [ 6.14232957, 46.20965207 ], [ 6.12787568, 46.18700057 ], [ 6.12933993, 46.17367142 ], [ 6.15336088, 46.19224302 ], [ 6.16478745, 46.20009021 ], [ 6.19250946, 46.1953584 ], [ 6.23762286, 46.19907673 ] ] } },
{ "type": "Feature", "properties": { "route_id": "92-A1-j25-1", "direction_id": 0, "trip_id": "1.TA.92-A1-j25-1.1.H", "headsign": "Grand-Saconnex, Fret", "route_short_name": "A1", "route_long_name": "", "route_type": 3.0, "color": "9578D3", "text_color": "FFFFFF" }, "geometry": { "type": "LineString", "coordinates": [ [ 6.13822427, 46.18063806 ], [ 6.13565509, 46.183213 ], [ 6.13585272, 46.18575051 ], [ 6.13693968, 46.18902795 ], [ 6.13534966, 46.19066349 ], [ 6.13851173, 46.19274671 ], [ 6.14091023, 46.19521538 ], [ 6.13755053, 46.19710567 ], [ 6.13262776, 46.19987881 ], [ 6.12978909, 46.20046327 ], [ 6.13251098, 46.20396987 ], [ 6.13418185, 46.20735812 ], [ 6.13140606, 46.20882527 ], [ 6.12784873, 46.20848957 ], [ 6.1234919, 46.20894338 ], [ 6.11731149, 46.21024886 ], [ 6.11273906, 46.211287 ], [ 6.10489677, 46.21253647 ], [ 6.102642, 46.2140905 ], [ 6.09594057, 46.2192247 ], [ 6.09744076, 46.22203402 ], [ 6.09985722, 46.22441436 ], [ 6.10143826, 46.22635336 ], [ 6.10400744, 46.22849116 ], [ 6.10648679, 46.22928038 ], [ 6.10958598, 46.23098308 ], [ 6.11190363, 46.23303992 ], [ 6.11648504, 46.23484191 ], [ 6.11882066, 46.2383836 ] ] } },
{ "type": "Feature", "properties": { "route_id": "92-A1-j26-1", "direction_id": 0, "trip_id": "1.TA.92-A1-j26-1.1.H", "headsign": "Grand-Saconnex, Fret", "route_short_name": "A1", "route_long_name": "", "route_type": 3.0, "color": "9578D3", "text_color": "FFFFFF" }, "geometry": { "type": "LineString", "coordinates": [ [ 6.13822427, 46.18063806 ], [ 6.13565509, 46.183213 ], [ 6.13585272, 46.18575051 ], [ 6.13693968, 46.18902795 ], [ 6.13534966, 46.19066349 ], [ 6.13851173, 46.19274671 ], [ 6.14091023, 46.19521538 ], [ 6.13755053, 46.19710567 ], [ 6.13262776, 46.19987881 ], [ 6.12978909, 46.20046327 ], [ 6.13251098, 46.20396987 ], [ 6.13418185, 46.20735812 ], [ 6.13140606, 46.20882527 ], [ 6.12784873, 46.20848957 ], [ 6.1234919, 46.20894338 ], [ 6.11731149, 46.21024886 ], [ 6.11273906, 46.211287 ], [ 6.10489677, 46.21253647 ], [ 6.102642, 46.2140905 ], [ 6.09594057, 46.2192247 ], [ 6.09744076, 46.22203402 ], [ 6.09985722, 46.22441436 ], [ 6.10143826, 46.22635336 ], [ 6.10400744, 46.22849116 ], [ 6.10648679, 46.22928038 ], [ 6.10958598, 46.23098308 ], [ 6.11190363, 46.23303992 ], [ 6.11648504, 46.23484191 ], [ 6.11882066, 46.2383836 ] ] } },
{ "type": "Feature", "properties": { "route_id": "92-A2-j25-1", "direction_id": 0, "trip_id": "1.TA.92-A2-j25-1.1.H", "headsign": "Grand-Saconnex, Fret", "route_short_name": "A2", "route_long_name": "", "route_type": 3.0, "color": "006E3D", "text_color": "FFFFFF" }, "geometry": { "type": "LineString", "coordinates": [ [ 6.1416738, 46.22091528 ], [ 6.14585097, 46.21997055 ], [ 6.14772844, 46.21662037 ], [ 6.14530299, 46.21312079 ], [ 6.14294941, 46.20989452 ], [ 6.13784698, 46.21003128 ], [ 6.13326557, 46.21198322 ], [ 6.1298879, 46.21361186 ], [ 6.12490225, 46.21509127 ], [ 6.11791336, 46.21667009 ], [ 6.11427518, 46.21982138 ], [ 6.11121193, 46.221947 ], [ 6.10774443, 46.2247251 ], [ 6.10400744, 46.22849116 ], [ 6.10648679, 46.22928038 ], [ 6.10958598, 46.23098308 ], [ 6.11190363, 46.23303992 ], [ 6.11648504, 46.23484191 ], [ 6.11882066, 46.2383836 ] ] } },
{ "type": "Feature", "properties": { "route_id": "92-A2-j26-1", "direction_id": 0, "trip_id": "1.TA.92-A2-j26-1.1.H", "headsign": "Genève-Aéroport, Terminal", "route_short_name": "A2", "route_long_name": "", "route_type": 3.0, "color": "006E3D", "text_color": "FFFFFF" }, "geometry": { "type": "LineString", "coordinates": [ [ 6.13768528, 46.22236342 ], [ 6.14585097, 46.21997055 ], [ 6.14772844, 46.21662037 ], [ 6.14530299, 46.21312079 ], [ 6.14294941, 46.20989452 ], [ 6.13784698, 46.21003128 ], [ 6.13326557, 46.21198322 ], [ 6.1298879, 46.21361186 ], [ 6.12490225, 46.21509127 ], [ 6.11791336, 46.21667009 ], [ 6.11427518, 46.21982138 ], [ 6.11121193, 46.221947 ], [ 6.10774443, 46.2247251 ], [ 6.10400744, 46.22849116 ], [ 6.10648679, 46.22928038 ], [ 6.10958598, 46.23098308 ] ] } },
{ "type": "Feature", "properties": { "route_id": "92-A3-j25-1", "direction_id": 1, "trip_id": "1.TA.92-A3-j25-1.1.R", "headsign": "Grand-Saconnex, Fret", "route_short_name": "A3", "route_long_name": "", "route_type": 3.0, "color": "00A827", "text_color": "FFFFFF" }, "geometry": { "type": "LineString", "coordinates": [ [ 6.07247657, 46.22977131 ], [ 6.07518949, 46.23199597 ], [ 6.07537813, 46.23399063 ], [ 6.07753409, 46.23594794 ], [ 6.08034582, 46.23719685 ], [ 6.08181905, 46.23701666 ], [ 6.08305873, 46.23539493 ], [ 6.08022005, 46.23346246 ], [ 6.08119921, 46.23047973 ], [ 6.08269042, 46.22657709 ], [ 6.09744076, 46.22203402 ], [ 6.09985722, 46.22441436 ], [ 6.10143826, 46.22635336 ], [ 6.10400744, 46.22849116 ], [ 6.10648679, 46.22928038 ], [ 6.10958598, 46.23098308 ], [ 6.11190363, 46.23303992 ], [ 6.11648504, 46.23484191 ], [ 6.11882066, 46.2383836 ] ] } },
{ "type": "Feature", "properties": { "route_id": "92-A3-j26-1", "direction_id": 0, "trip_id": "1.TA.92-A3-j26-1.1.H", "headsign": "Grand-Saconnex, Fret", "route_short_name": "A3", "route_long_name": "", "route_type": 3.0, "color": "00A827", "text_color": "FFFFFF" }, "geometry": { "type": "LineString", "coordinates": [ [ 6.07247657, 46.22977131 ], [ 6.07518949, 46.23199597 ], [ 6.07537813, 46.23399063 ], [ 6.07753409, 46.23594794 ], [ 6.08034582, 46.23719685 ], [ 6.08181905, 46.23701666 ], [ 6.08305873, 46.23539493 ], [ 6.08022005, 46.23346246 ], [ 6.08119921, 46.23047973 ], [ 6.08269042, 46.22657709 ], [ 6.09744076, 46.22203402 ], [ 6.09985722, 46.22441436 ], [ 6.10143826, 46.22635336 ], [ 6.10400744, 46.22849116 ], [ 6.10648679, 46.22928038 ], [ 6.10958598, 46.23098308 ], [ 6.11190363, 46.23303992 ], [ 6.11648504, 46.23484191 ], [ 6.11882066, 46.2383836 ] ] } },
{ "type": "Feature", "properties": { "route_id": "92-A4-j25-1", "direction_id": 0, "trip_id": "1.TA.92-A4-j25-1.1.H", "headsign": "Grand-Saconnex, Fret", "route_short_name": "A4", "route_long_name": "", "route_type": 3.0, "color": "008BBE", "text_color": "FFFFFF" }, "geometry": { "type": "LineString", "coordinates": [ [ 6.11345772, 46.18856154 ], [ 6.10603763, 46.18582514 ], [ 6.10115978, 46.1851348 ], [ 6.10133944, 46.18955656 ], [ 6.10094418, 46.19120452 ], [ 6.10339659, 46.19201915 ], [ 6.10793308, 46.19370434 ], [ 6.11338585, 46.19471793 ], [ 6.11199346, 46.2057293 ], [ 6.108508, 46.20403204 ], [ 6.10438473, 46.20136481 ], [ 6.10134843, 46.20270155 ], [ 6.09786296, 46.20365901 ], [ 6.09393733, 46.20065601 ], [ 6.10006384, 46.20908637 ], [ 6.10523813, 46.21209512 ], [ 6.102642, 46.2140905 ], [ 6.09594057, 46.2192247 ], [ 6.09744076, 46.22203402 ], [ 6.09985722, 46.22441436 ], [ 6.10143826, 46.22635336 ], [ 6.10400744, 46.22849116 ], [ 6.10648679, 46.22928038 ], [ 6.10958598, 46.23098308 ], [ 6.11190363, 46.23303992 ], [ 6.11648504, 46.23484191 ], [ 6.11882066, 46.2383836 ] ] } },
{ "type": "Feature", "properties": { "route_id": "92-A4-j26-1", "direction_id": 0, "trip_id": "1.TA.92-A4-j26-1.1.H", "headsign": "Grand-Saconnex, Fret", "route_short_name": "A4", "route_long_name": "", "route_type": 3.0, "color": "008BBE", "text_color": "FFFFFF" }, "geometry": { "type": "LineString", "coordinates": [ [ 6.11345772, 46.18856154 ], [ 6.10603763, 46.18582514 ], [ 6.10115978, 46.1851348 ], [ 6.10133944, 46.18955656 ], [ 6.10094418, 46.19120452 ], [ 6.10339659, 46.19201915 ], [ 6.10793308, 46.19370434 ], [ 6.11338585, 46.19471793 ], [ 6.11199346, 46.2057293 ], [ 6.108508, 46.20403204 ], [ 6.10438473, 46.20136481 ], [ 6.10134843, 46.20270155 ], [ 6.09786296, 46.20365901 ], [ 6.09393733, 46.20065601 ], [ 6.10006384, 46.20908637 ], [ 6.10523813, 46.21209512 ], [ 6.102642, 46.2140905 ], [ 6.09594057, 46.2192247 ], [ 6.09744076, 46.22203402 ], [ 6.09985722, 46.22441436 ], [ 6.10143826, 46.22635336 ], [ 6.10400744, 46.22849116 ], [ 6.10648679, 46.22928038 ], [ 6.10958598, 46.23098308 ], [ 6.11190363, 46.23303992 ], [ 6.11648504, 46.23484191 ], [ 6.11882066, 46.2383836 ] ] } },
{ "type": "Feature", "properties": { "route_id": "92-A5-j25-1", "direction_id": 0, "trip_id": "1.TA.92-A5-j25-1.1.H", "headsign": "Genève-Aéroport, Grand-Hangar", "route_short_name": "A5", "route_long_name": "", "route_type": 3.0, "color": "EC61A0", "text_color": "FFFFFF" }, "geometry": { "type": "LineString", "coordinates": [ [ 6.11371823, 46.25787742 ], [ 6.11679047, 46.25200764 ], [ 6.12200968, 46.24263953 ], [ 6.11833557, 46.23814128 ], [ 6.115973, 46.23590444 ], [ 6.1126133, 46.23336925 ], [ 6.11022378, 46.23095201 ], [ 6.10632509, 46.22940467 ], [ 6.10395354, 46.22862788 ], [ 6.10124063, 46.22614207 ], [ 6.09961468, 46.22442679 ] ] } },
{ "type": "Feature", "properties": { "route_id": "92-A5-j26-1", "direction_id": 0, "trip_id": "1.TA.92-A5-j26-1.1.H", "headsign": "Genève-Aéroport, Terminal", "route_short_name": "A5", "route_long_name": "", "route_type": 3.0, "color": "EC61A0", "text_color": "FFFFFF" }, "geometry": { "type": "LineString", "coordinates": [ [ 6.10720544, 46.25701407 ], [ 6.11371823, 46.25787742 ], [ 6.11679047, 46.25200764 ], [ 6.12200968, 46.24263953 ], [ 6.11833557, 46.23814128 ], [ 6.115973, 46.23590444 ], [ 6.1126133, 46.23336925 ], [ 6.11022378, 46.23095201 ] ] } },
{ "type": "Feature", "properties": { "route_id": "92-A6-j25-1", "direction_id": 0, "trip_id": "1.TA.92-A6-j25-1.1.H", "headsign": "Grand-Saconnex, Fret", "route_short_name": "A6", "route_long_name": "", "route_type": 3.0, "color": "E2001E", "text_color": "FFFFFF" }, "geometry": { "type": "LineString", "coordinates": [ [ 6.15868789, 46.18707519 ], [ 6.15575938, 46.18894089 ], [ 6.15429513, 46.18811377 ], [ 6.1526063, 46.19017221 ], [ 6.15336088, 46.19224302 ], [ 6.15185171, 46.19333746 ], [ 6.14882439, 46.19502884 ], [ 6.14615639, 46.19669529 ], [ 6.14356026, 46.19768394 ], [ 6.14091023, 46.19521538 ], [ 6.13755053, 46.19710567 ], [ 6.13262776, 46.19987881 ], [ 6.12978909, 46.20046327 ], [ 6.13251098, 46.20396987 ], [ 6.13418185, 46.20735812 ], [ 6.13140606, 46.20882527 ], [ 6.12784873, 46.20848957 ], [ 6.1234919, 46.20894338 ], [ 6.11731149, 46.21024886 ], [ 6.11273906, 46.211287 ], [ 6.10489677, 46.21253647 ], [ 6.102642, 46.2140905 ], [ 6.09594057, 46.2192247 ], [ 6.09744076, 46.22203402 ], [ 6.09985722, 46.22441436 ], [ 6.10143826, 46.22635336 ], [ 6.10400744, 46.22849116 ], [ 6.10648679, 46.22928038 ], [ 6.10958598, 46.23098308 ], [ 6.11190363, 46.23303992 ], [ 6.11648504, 46.23484191 ], [ 6.11882066, 46.2383836 ] ] } },
{ "type": "Feature", "properties": { "route_id": "92-A6-j26-1", "direction_id": 0, "trip_id": "1.TA.92-A6-j26-1.1.H", "headsign": "Grand-Saconnex, Fret", "route_short_name": "A6", "route_long_name": "", "route_type": 3.0, "color": "E2001E", "text_color": "FFFFFF" }, "geometry": { "type": "LineString", "coordinates": [ [ 6.15868789, 46.18707519 ], [ 6.15575938, 46.18894089 ], [ 6.15429513, 46.18811377 ], [ 6.1526063, 46.19017221 ], [ 6.15336088, 46.19224302 ], [ 6.15185171, 46.19333746 ], [ 6.14882439, 46.19502884 ], [ 6.14615639, 46.19669529 ], [ 6.14356026, 46.19768394 ], [ 6.14091023, 46.19521538 ], [ 6.13755053, 46.19710567 ], [ 6.13262776, 46.19987881 ], [ 6.12978909, 46.20046327 ], [ 6.13251098, 46.20396987 ], [ 6.13418185, 46.20735812 ], [ 6.13140606, 46.20882527 ], [ 6.12784873, 46.20848957 ], [ 6.1234919, 46.20894338 ], [ 6.11731149, 46.21024886 ], [ 6.11273906, 46.211287 ], [ 6.10489677, 46.21253647 ], [ 6.102642, 46.2140905 ], [ 6.09594057, 46.2192247 ], [ 6.09744076, 46.22203402 ], [ 6.09985722, 46.22441436 ], [ 6.10143826, 46.22635336 ], [ 6.10400744, 46.22849116 ], [ 6.10648679, 46.22928038 ], [ 6.10958598, 46.23098308 ], [ 6.11190363, 46.23303992 ], [ 6.11648504, 46.23484191 ], [ 6.11882066, 46.2383836 ] ] } },
{ "type": "Feature", "properties": { "route_id": "92-A-j25-1", "direction_id": 0, "trip_id": "1.TA.92-A-j25-1.1.H", "headsign": "Vésenaz, Capite", "route_short_name": "A", "route_long_name": "", "route_type": 3.0, "color": "FF8000", "text_color": "FFFFFF" }, "geometry": { "type": "LineString", "coordinates": [ [ 6.15350461, 46.2020052 ], [ 6.15690923, 46.20175029 ], [ 6.1623081, 46.20168811 ], [ 6.16627866, 46.20296889 ], [ 6.17014141, 46.2029005 ], [ 6.17554927, 46.2037647 ], [ 6.17875625, 46.20537493 ], [ 6.18063373, 46.20903042 ], [ 6.18377784, 46.21267944 ], [ 6.18130747, 46.21605473 ], [ 6.18342749, 46.21753407 ], [ 6.18519718, 46.21925578 ], [ 6.18801789, 46.22099608 ], [ 6.19184471, 46.22433357 ], [ 6.19678544, 46.22861545 ], [ 6.2019777, 46.23305856 ], [ 6.20391807, 46.23477978 ] ] } },
{ "type": "Feature", "properties": { "route_id": "92-A-j25-1", "direction_id": 1, "trip_id": "387.TA.92-A-j25-1.18.R", "headsign": "Vandoeuvres, village", "route_short_name": "A", "route_long_name": "", "route_type": 3.0, "color": "FF8000", "text_color": "FFFFFF" }, "geometry": { "type": "LineString", "coordinates": [ [ 6.21679991, 46.2359293 ], [ 6.20962237, 46.22703697 ], [ 6.20575961, 46.22387367 ], [ 6.20252568, 46.22169218 ] ] } },
{ "type": "Feature", "properties": { "route_id": "92-A-j26-1", "direction_id": 0, "trip_id": "102.TA.92-A-j26-1.5.H", "headsign": "Gy, temple", "route_short_name": "A", "route_long_name": "", "route_type": 3.0, "color": "FF8000", "text_color": "FFFFFF" }, "geometry": { "type": "LineString", "coordinates": [ [ 6.15350461, 46.2020052 ], [ 6.15690923, 46.20175029 ], [ 6.1623081, 46.20168811 ], [ 6.16627866, 46.20296889 ], [ 6.17014141, 46.2029005 ], [ 6.17554927, 46.2037647 ], [ 6.18062475, 46.20489622 ], [ 6.18063373, 46.20903042 ], [ 6.18377784, 46.21267944 ], [ 6.18130747, 46.21605473 ], [ 6.18342749, 46.21753407 ], [ 6.18519718, 46.21925578 ], [ 6.18801789, 46.22099608 ], [ 6.19184471, 46.22433357 ], [ 6.19678544, 46.22861545 ], [ 6.2019777, 46.23305856 ], [ 6.20391807, 46.23477978 ], [ 6.20779879, 46.2355627 ], [ 6.21112255, 46.23264222 ], [ 6.21311681, 46.23088987 ], [ 6.21719517, 46.2362524 ] ] } },
{ "type": "Feature", "properties": { "route_id": "92-A-j26-1", "direction_id": 1, "trip_id": "157.TA.92-A-j26-1.6.R", "headsign": "Vandoeuvres, village", "route_short_name": "A", "route_long_name": "", "route_type": 3.0, "color": "FF8000", "text_color": "FFFFFF" }, "geometry": { "type": "LineString", "coordinates": [ [ 6.21679991, 46.2359293 ], [ 6.20962237, 46.22703697 ], [ 6.20575961, 46.22387367 ], [ 6.20252568, 46.22169218 ] ] } },
{ "type": "Feature", "properties": { "route_id": "92-E+-j25-1", "direction_id": 0, "trip_id": "1.TA.92-E+-j25-1.1.H", "headsign": "Hermance, village", "route_short_name": "E+", "route_long_name": "", "route_type": 3.0, "color": "000000", "text_color": "FFFFFF" }, "geometry": { "type": "LineString", "coordinates": [ [ 6.14223974, 46.2093599 ], [ 6.14363213, 46.20815387 ], [ 6.14735115, 46.20703485 ], [ 6.15094441, 46.20337301 ], [ 6.15272308, 46.2016819 ], [ 6.17213567, 46.21154187 ], [ 6.19758494, 46.23936529 ], [ 6.19860004, 46.24344719 ], [ 6.20098956, 46.24864077 ], [ 6.20261551, 46.25178401 ] ] } },
{ "type": "Feature", "properties": { "route_id": "92-E+-j25-1", "direction_id": 1, "trip_id": "10.TA.92-E+-j25-1.3.R", "headsign": "Genève, gare Cornavin", "route_short_name": "E+", "route_long_name": "", "route_type": 3.0, "color": "000000", "text_color": "FFFFFF" }, "geometry": { "type": "LineString", "coordinates": [ [ 6.20198669, 46.25107587 ], [ 6.20061227, 46.24796364 ], [ 6.19837546, 46.24327945 ], [ 6.19746816, 46.23939635 ], [ 6.17192906, 46.21140511 ], [ 6.15578633, 46.20179381 ], [ 6.1524446, 46.20191816 ], [ 6.15151035, 46.20337301 ], [ 6.14665047, 46.20760679 ], [ 6.14223974, 46.2093599 ] ] } },
{ "type": "Feature", "properties": { "route_id": "92-E+-j26-1", "direction_id": 0, "trip_id": "1.TA.92-E+-j26-1.3.H", "headsign": "Hermance, village", "route_short_name": "E+", "route_long_name": "", "route_type": 3.0, "color": "000000", "text_color": "FFFFFF" }, "geometry": { "type": "LineString", "coordinates": [ [ 6.14223974, 46.2093599 ], [ 6.14363213, 46.20815387 ], [ 6.14735115, 46.20703485 ], [ 6.15206731, 46.20165703 ], [ 6.17213567, 46.21154187 ], [ 6.19758494, 46.23936529 ], [ 6.19860004, 46.24344719 ], [ 6.20098956, 46.24864077 ], [ 6.20261551, 46.25178401 ] ] } },
{ "type": "Feature", "properties": { "route_id": "92-E+-j26-1", "direction_id": 1, "trip_id": "6.TA.92-E+-j26-1.2.R", "headsign": "Genève, gare Cornavin", "route_short_name": "E+", "route_long_name": "", "route_type": 3.0, "color": "000000", "text_color": "FFFFFF" }, "geometry": { "type": "LineString", "coordinates": [ [ 6.20198669, 46.25107587 ], [ 6.20061227, 46.24796364 ], [ 6.19837546, 46.24327945 ], [ 6.19746816, 46.23939635 ], [ 6.17192906, 46.21140511 ], [ 6.15578633, 46.20179381 ], [ 6.1524446, 46.20191816 ], [ 6.15151035, 46.20337301 ], [ 6.14665047, 46.20760679 ], [ 6.14223974, 46.2093599 ] ] } },
{ "type": "Feature", "properties": { "route_id": "92-E-j25-1", "direction_id": 0, "trip_id": "1.TA.92-E-j25-1.1.H", "headsign": "Collonge-Bellerive, Bois-Caran", "route_short_name": "E", "route_long_name": "", "route_type": 3.0, "color": "FF8000", "text_color": "FFFFFF" }, "geometry": { "type": "LineString", "coordinates": [ [ 6.1539358, 46.20263937 ], [ 6.15909213, 46.20612097 ], [ 6.17213567, 46.21154187 ], [ 6.17677996, 46.21639038 ], [ 6.18055289, 46.22157409 ], [ 6.18323885, 46.22510421 ], [ 6.18569125, 46.22766464 ], [ 6.19130572, 46.23317041 ], [ 6.19425219, 46.23551299 ], [ 6.19758494, 46.23936529 ], [ 6.19860004, 46.24344719 ], [ 6.19980378, 46.24808168 ] ] } },
{ "type": "Feature", "properties": { "route_id": "92-E-j25-1", "direction_id": 1, "trip_id": "1060.TA.92-E-j25-1.18.R", "headsign": "Genève, Rive", "route_short_name": "E", "route_long_name": "", "route_type": 3.0, "color": "FF8000", "text_color": "FFFFFF" }, "geometry": { "type": "LineString", "coordinates": [ [ 6.20061227, 46.24796364 ], [ 6.19837546, 46.24327945 ], [ 6.19746816, 46.23939635 ], [ 6.19374914, 46.23514638 ], [ 6.19050622, 46.23279757 ], [ 6.1847031, 46.22708669 ], [ 6.18265494, 46.22457595 ], [ 6.18009474, 46.22119497 ], [ 6.17628589, 46.21594285 ], [ 6.17192906, 46.21140511 ], [ 6.16186793, 46.20663075 ], [ 6.16034977, 46.20533763 ], [ 6.15748415, 46.20352223 ], [ 6.15578633, 46.20179381 ], [ 6.1539358, 46.20263937 ] ] } },
{ "type": "Feature", "properties": { "route_id": "92-E-j26-1", "direction_id": 0, "trip_id": "1.TA.92-E-j26-1.1.H", "headsign": "Collonge-Bellerive, Bois-Caran", "route_short_name": "E", "route_long_name": "", "route_type": 3.0, "color": "FF8000", "text_color": "FFFFFF" }, "geometry": { "type": "LineString", "coordinates": [ [ 6.1539358, 46.20263937 ], [ 6.15578633, 46.20235959 ], [ 6.15854416, 46.20410664 ], [ 6.16025096, 46.20512625 ], [ 6.1617242, 46.20636964 ], [ 6.17213567, 46.21154187 ], [ 6.17677996, 46.21639038 ], [ 6.18055289, 46.22157409 ], [ 6.18323885, 46.22510421 ], [ 6.18569125, 46.22766464 ], [ 6.19130572, 46.23317041 ], [ 6.19425219, 46.23551299 ], [ 6.19758494, 46.23936529 ], [ 6.19860004, 46.24344719 ], [ 6.19980378, 46.24808168 ] ] } },
{ "type": "Feature", "properties": { "route_id": "92-E-j26-1", "direction_id": 1, "trip_id": "238.TA.92-E-j26-1.7.R", "headsign": "Genève, Rive", "route_short_name": "E", "route_long_name": "", "route_type": 3.0, "color": "FF8000", "text_color": "FFFFFF" }, "geometry": { "type": "LineString", "coordinates": [ [ 6.20061227, 46.24796364 ], [ 6.19837546, 46.24327945 ], [ 6.19746816, 46.23939635 ], [ 6.19374914, 46.23514638 ], [ 6.19050622, 46.23279757 ], [ 6.1847031, 46.22708669 ], [ 6.18265494, 46.22457595 ], [ 6.18009474, 46.22119497 ], [ 6.17628589, 46.21594285 ], [ 6.17192906, 46.21140511 ], [ 6.16186793, 46.20663075 ], [ 6.16034977, 46.20533763 ], [ 6.15748415, 46.20352223 ], [ 6.15578633, 46.20179381 ], [ 6.1539358, 46.20263937 ] ] } },
{ "type": "Feature", "properties": { "route_id": "92-G+-j25-1", "direction_id": 0, "trip_id": "1.TA.92-G+-j25-1.1.H", "headsign": "Veigy, douane (F)", "route_short_name": "G+", "route_long_name": "", "route_type": 3.0, "color": "000000", "text_color": "FFFFFF" }, "geometry": { "type": "LineString", "coordinates": [ [ 6.14223974, 46.2093599 ], [ 6.14363213, 46.20815387 ], [ 6.14735115, 46.20703485 ], [ 6.15094441, 46.20337301 ], [ 6.15272308, 46.2016819 ], [ 6.17213567, 46.21154187 ], [ 6.20697234, 46.24552841 ], [ 6.21269461, 46.24681438 ] ] } },
{ "type": "Feature", "properties": { "route_id": "92-G+-j25-1", "direction_id": 1, "trip_id": "21.TA.92-G+-j25-1.3.R", "headsign": "Genève, gare Cornavin", "route_short_name": "G+", "route_long_name": "", "route_type": 3.0, "color": "000000", "text_color": "FFFFFF" }, "geometry": { "type": "LineString", "coordinates": [ [ 6.21241613, 46.24683923 ], [ 6.20663996, 46.2455222 ], [ 6.17192906, 46.21140511 ], [ 6.15578633, 46.20179381 ], [ 6.1524446, 46.20191816 ], [ 6.15151035, 46.20337301 ], [ 6.14665047, 46.20760679 ], [ 6.14223974, 46.2093599 ] ] } },
{ "type": "Feature", "properties": { "route_id": "92-G+-j26-1", "direction_id": 1, "trip_id": "15.TA.92-G+-j26-1.2.R", "headsign": "Genève, gare Cornavin", "route_short_name": "G+", "route_long_name": "", "route_type": 3.0, "color": "000000", "text_color": "FFFFFF" }, "geometry": { "type": "LineString", "coordinates": [ [ 6.21241613, 46.24683923 ], [ 6.20663996, 46.2455222 ], [ 6.17192906, 46.21140511 ], [ 6.15578633, 46.20179381 ], [ 6.1524446, 46.20191816 ], [ 6.15151035, 46.20337301 ], [ 6.14665047, 46.20760679 ], [ 6.14223974, 46.2093599 ] ] } },
{ "type": "Feature", "properties": { "route_id": "92-G+-j26-1", "direction_id": 0, "trip_id": "2.TA.92-G+-j26-1.3.H", "headsign": "Veigy, douane (F)", "route_short_name": "G+", "route_long_name": "", "route_type": 3.0, "color": "000000", "text_color": "FFFFFF" }, "geometry": { "type": "LineString", "coordinates": [ [ 6.14223974, 46.2093599 ], [ 6.14363213, 46.20815387 ], [ 6.14735115, 46.20703485 ], [ 6.15206731, 46.20165703 ], [ 6.17213567, 46.21154187 ], [ 6.20697234, 46.24552841 ], [ 6.21269461, 46.24681438 ] ] } },
{ "type": "Feature", "properties": { "route_id": "92-G-j25-1", "direction_id": 0, "trip_id": "1.TA.92-G-j25-1.1.H", "headsign": "Veigy, douane (F)", "route_short_name": "G", "route_long_name": "", "route_type": 3.0, "color": "F5B4D2", "text_color": "000000" }, "geometry": { "type": "LineString", "coordinates": [ [ 6.1539358, 46.20263937 ], [ 6.15909213, 46.20612097 ], [ 6.17213567, 46.21154187 ], [ 6.17677996, 46.21639038 ], [ 6.18055289, 46.22157409 ], [ 6.18323885, 46.22510421 ], [ 6.18569125, 46.22766464 ], [ 6.19130572, 46.23317041 ], [ 6.19425219, 46.23551299 ], [ 6.19758494, 46.23936529 ], [ 6.20121414, 46.24168897 ], [ 6.20697234, 46.24552841 ], [ 6.21269461, 46.24681438 ] ] } },
{ "type": "Feature", "properties": { "route_id": "92-G-j25-1", "direction_id": 1, "trip_id": "1000.TA.92-G-j25-1.32.R", "headsign": "Genève, Rive", "route_short_name": "G", "route_long_name": "", "route_type": 3.0, "color": "F5B4D2", "text_color": "000000" }, "geometry": { "type": "LineString", "coordinates": [ [ 6.21241613, 46.24683923 ], [ 6.20663996, 46.2455222 ], [ 6.20270534, 46.24290047 ], [ 6.19746816, 46.23939635 ], [ 6.19374914, 46.23514638 ], [ 6.19050622, 46.23279757 ], [ 6.1847031, 46.22708669 ], [ 6.18265494, 46.22457595 ], [ 6.18009474, 46.22119497 ], [ 6.17628589, 46.21594285 ], [ 6.17192906, 46.21140511 ], [ 6.16186793, 46.20663075 ], [ 6.16034977, 46.20533763 ], [ 6.15748415, 46.20352223 ], [ 6.15578633, 46.20179381 ], [ 6.1539358, 46.20263937 ] ] } },
{ "type": "Feature", "properties": { "route_id": "92-G-j26-1", "direction_id": 0, "trip_id": "102.TA.92-G-j26-1.4.H", "headsign": "Veigy, douane (F)", "route_short_name": "G", "route_long_name": "", "route_type": 3.0, "color": "F5B4D2", "text_color": "000000" }, "geometry": { "type": "LineString", "coordinates": [ [ 6.1539358, 46.20263937 ], [ 6.15578633, 46.20235959 ], [ 6.15854416, 46.20410664 ], [ 6.16025096, 46.20512625 ], [ 6.1617242, 46.20636964 ], [ 6.17213567, 46.21154187 ], [ 6.17677996, 46.21639038 ], [ 6.18055289, 46.22157409 ], [ 6.18323885, 46.22510421 ], [ 6.18569125, 46.22766464 ], [ 6.19130572, 46.23317041 ], [ 6.19425219, 46.23551299 ], [ 6.19758494, 46.23936529 ], [ 6.20121414, 46.24168897 ], [ 6.20697234, 46.24552841 ], [ 6.21269461, 46.24681438 ] ] } },
{ "type": "Feature", "properties": { "route_id": "92-G-j26-1", "direction_id": 1, "trip_id": "173.TA.92-G-j26-1.6.R", "headsign": "Genève, Rive", "route_short_name": "G", "route_long_name": "", "route_type": 3.0, "color": "F5B4D2", "text_color": "000000" }, "geometry": { "type": "LineString", "coordinates": [ [ 6.21241613, 46.24683923 ], [ 6.20663996, 46.2455222 ], [ 6.20270534, 46.24290047 ], [ 6.19746816, 46.23939635 ], [ 6.19374914, 46.23514638 ], [ 6.19050622, 46.23279757 ], [ 6.1847031, 46.22708669 ], [ 6.18265494, 46.22457595 ], [ 6.18009474, 46.22119497 ], [ 6.17628589, 46.21594285 ], [ 6.17192906, 46.21140511 ], [ 6.16186793, 46.20663075 ], [ 6.16034977, 46.20533763 ], [ 6.15748415, 46.20352223 ], [ 6.15578633, 46.20179381 ], [ 6.1539358, 46.20263937 ] ] } },
{ "type": "Feature", "properties": { "route_id": "92-L-j25-1", "direction_id": 0, "trip_id": "1.TA.92-L-j25-1.1.H", "headsign": "Sézegnin, village", "route_short_name": "L", "route_long_name": "", "route_type": 3.0, "color": "FF8000", "text_color": "FFFFFF" }, "geometry": { "type": "LineString", "coordinates": [ [ 6.08942778, 46.17870366 ], [ 6.08201668, 46.1793692 ], [ 6.07932174, 46.17783907 ], [ 6.07636628, 46.17709265 ], [ 6.07335692, 46.17538828 ], [ 6.07057214, 46.17439301 ] ] } },
{ "type": "Feature", "properties": { "route_id": "92-L-j25-1", "direction_id": 1, "trip_id": "298.TA.92-L-j25-1.6.R", "headsign": "Confignon, croisée", "route_short_name": "L", "route_long_name": "", "route_type": 3.0, "color": "FF8000", "text_color": "FFFFFF" }, "geometry": { "type": "LineString", "coordinates": [ [ 6.07057214, 46.17439301 ], [ 6.07335692, 46.17538828 ], [ 6.07636628, 46.17709265 ], [ 6.07932174, 46.17783907 ], [ 6.08201668, 46.1793692 ], [ 6.08942778, 46.17870366 ] ] } },
{ "type": "Feature", "properties": { "route_id": "92-L-j26-1", "direction_id": 0, "trip_id": "1.TA.92-L-j26-1.1.H", "headsign": "Athenaz, école", "route_short_name": "L", "route_long_name": "", "route_type": 3.0, "color": "FF8000", "text_color": "FFFFFF" }, "geometry": { "type": "LineString", "coordinates": [ [ 6.07898038, 46.17780175 ], [ 6.07583627, 46.17672565 ], [ 6.07323116, 46.17537584 ], [ 6.07021282, 46.17435568 ] ] } },
{ "type": "Feature", "properties": { "route_id": "92-L-j26-1", "direction_id": 1, "trip_id": "130.TA.92-L-j26-1.4.R", "headsign": "Bernex, Vuillonnex", "route_short_name": "L", "route_long_name": "", "route_type": 3.0, "color": "FF8000", "text_color": "FFFFFF" }, "geometry": { "type": "LineString", "coordinates": [ [ 6.07083266, 46.17442411 ], [ 6.07343777, 46.17544427 ], [ 6.0768334, 46.17709887 ], [ 6.07970801, 46.17786395 ] ] } },
{ "type": "Feature", "properties": { "route_id": "92-M-j25-1", "direction_id": 0, "trip_id": "1.TA.92-M-j25-1.1.H", "headsign": "Beaumont le Châble", "route_short_name": "M", "route_long_name": "", "route_type": 3.0, "color": "99C31C", "text_color": "000000" }, "geometry": { "type": "LineString", "coordinates": [ [ 6.1374607, 46.14430232 ], [ 6.13812545, 46.14188738 ] ] } },
{ "type": "Feature", "properties": { "route_id": "92-M-j25-1", "direction_id": 1, "trip_id": "208.TA.92-M-j25-1.2.R", "headsign": "Collonges, Bourg d'en Haut", "route_short_name": "M", "route_long_name": "", "route_type": 3.0, "color": "99C31C", "text_color": "000000" }, "geometry": { "type": "LineString", "coordinates": [ [ 6.13866444, 46.14189361 ], [ 6.1374607, 46.14430232 ] ] } },
{ "type": "Feature", "properties": { "route_id": "92-M-j26-1", "direction_id": 0, "trip_id": "1.TA.92-M-j26-1.1.H", "headsign": "Beaumont le Châble", "route_short_name": "M", "route_long_name": "", "route_type": 3.0, "color": "99C31C", "text_color": "000000" }, "geometry": { "type": "LineString", "coordinates": [ [ 6.1374607, 46.14430232 ], [ 6.13812545, 46.14188738 ] ] } },
{ "type": "Feature", "properties": { "route_id": "92-M-j26-1", "direction_id": 1, "trip_id": "103.TA.92-M-j26-1.2.R", "headsign": "Collonges, Bourg d'en Haut", "route_short_name": "M", "route_long_name": "", "route_type": 3.0, "color": "99C31C", "text_color": "000000" }, "geometry": { "type": "LineString", "coordinates": [ [ 6.13866444, 46.14189361 ], [ 6.1374607, 46.14430232 ] ] } }
]
}
