{
"type": "FeatureCollection",
"name": "bike_trips",
"crs": { "type": "name", "properties": { "name": "urn:ogc:def:crs:OGC:1.3:CRS84" } },
"features": [
{ "type": "Feature", "properties": { "trip_id": "54711148", "rental_id": "16137257", "vehicle_type": "bike", "trip_started_at_utc": "2024-11-09T16:54:25", "trip_ended_at_utc": "2024-11-09T16:58:04", "latitude_start": 46.2039324, "longitude_start": 6.1461574, "latitude_end": 46.2067322, "longitude_end": 6.1463995, "distance_in_km": 0.31188102156864977, "start_station": null, "end_station": null }, "geometry": { "type": "LineString", "coordinates": [ [ 6.1461574, 46.2039324 ], [ 6.1463995, 46.2067322 ] ] } },
{ "type": "Feature", "properties": { "trip_id": "54785332", "rental_id": "16160080", "vehicle_type": "bike", "trip_started_at_utc": "2024-11-11T12:42:44", "trip_ended_at_utc": "2024-11-11T12:51:19", "latitude_start": 46.2012887, "longitude_start": 6.1556554, "latitude_end": 46.2045815, "longitude_end": 6.1472619, "distance_in_km": 0.74250739697367318, "start_station": null, "end_station": null }, "geometry": { "type": "LineString", "coordinates": [ [ 6.1556554, 46.2012887 ], [ 6.1472619, 46.2045815 ] ] } },
{ "type": "Feature", "properties": { "trip_id": "55517344", "rental_id": "16403652", "vehicle_type": "bike", "trip_started_at_utc": "2024-12-02T12:41:28", "trip_ended_at_utc": "2024-12-02T12:42:58", "latitude_start": 46.2067468, "longitude_start": 6.1465341, "latitude_end": 46.2068005, "longitude_end": 6.1465564, "distance_in_km": 0.0062128754935161, "start_station": null, "end_station": null }, "geometry": { "type": "LineString", "coordinates": [ [ 6.1465341, 46.2067468 ], [ 6.1465564, 46.2068005 ] ] } },
{ "type": "Feature", "properties": { "trip_id": "54655981", "rental_id": "16122295", "vehicle_type": "bike", "trip_started_at_utc": "2024-11-08T16:07:50", "trip_ended_at_utc": "2024-11-08T16:10:26", "latitude_start": 46.2012108, "longitude_start": 6.1558284, "latitude_end": 46.2024014, "longitude_end": 6.1562888, "distance_in_km": 0.13704847471181139, "start_station": null, "end_station": null }, "geometry": { "type": "LineString", "coordinates": [ [ 6.1558284, 46.2012108 ], [ 6.1562888, 46.2024014 ] ] } },
{ "type": "Feature", "properties": { "trip_id": "54912249", "rental_id": "16202967", "vehicle_type": "bike", "trip_started_at_utc": "2024-11-14T18:02:19", "trip_ended_at_utc": "2024-11-14T18:05:02", "latitude_start": 46.2038336, "longitude_start": 6.1436048, "latitude_end": 46.2033629, "longitude_end": 6.1488408, "distance_in_km": 0.40633649529559412, "start_station": null, "end_station": null }, "geometry": { "type": "LineString", "coordinates": [ [ 6.1436048, 46.2038336 ], [ 6.1488408, 46.2033629 ] ] } },
{ "type": "Feature", "properties": { "trip_id": "54959779", "rental_id": "16218460", "vehicle_type": "bike", "trip_started_at_utc": "2024-11-15T19:05:09", "trip_ended_at_utc": "2024-11-15T19:15:42", "latitude_start": 46.1999593, "longitude_start": 6.1427929, "latitude_end": 46.2017674, "longitude_end": 6.153108, "distance_in_km": 0.81893101627952791, "start_station": null, "end_station": null }, "geometry": { "type": "LineString", "coordinates": [ [ 6.1427929, 46.1999593 ], [ 6.153108, 46.2017674 ] ] } },
{ "type": "Feature", "properties": { "trip_id": "55176607", "rental_id": "16290599", "vehicle_type": "bike", "trip_started_at_utc": "2024-11-22T10:49:11", "trip_ended_at_utc": "2024-11-22T10:55:50", "latitude_start": 46.2070501, "longitude_start": 6.1463123, "latitude_end": 46.2017793, "longitude_end": 6.1437727, "distance_in_km": 0.61781443433861993, "start_station": null, "end_station": null }, "geometry": { "type": "LineString", "coordinates": [ [ 6.1463123, 46.2070501 ], [ 6.1437727, 46.2017793 ] ] } },
{ "type": "Feature", "properties": { "trip_id": "55284800", "rental_id": "16325838", "vehicle_type": "bike", "trip_started_at_utc": "2024-11-25T17:12:57", "trip_ended_at_utc": "2024-11-25T17:19:07", "latitude_start": 46.2066767, "longitude_start": 6.1465789, "latitude_end": 46.2018101, "longitude_end": 6.1437682, "distance_in_km": 0.58277074240319526, "start_station": null, "end_station": null }, "geometry": { "type": "LineString", "coordinates": [ [ 6.1465789, 46.2066767 ], [ 6.1437682, 46.2018101 ] ] } },
{ "type": "Feature", "properties": { "trip_id": "54706578", "rental_id": "16137257", "vehicle_type": "bike", "trip_started_at_utc": "2024-11-09T15:40:14", "trip_ended_at_utc": "2024-11-09T15:49:01", "latitude_start": 46.2068792, "longitude_start": 6.1464786, "latitude_end": 46.2029769, "longitude_end": 6.1529227, "distance_in_km": 0.65894817389234894, "start_station": null, "end_station": null }, "geometry": { "type": "LineString", "coordinates": [ [ 6.1464786, 46.2068792 ], [ 6.1529227, 46.2029769 ] ] } },
{ "type": "Feature", "properties": { "trip_id": "55100264", "rental_id": "16262453", "vehicle_type": "bike", "trip_started_at_utc": "2024-11-19T15:48:59", "trip_ended_at_utc": "2024-11-19T16:00:38", "latitude_start": 46.2012616, "longitude_start": 6.1557993, "latitude_end": 46.2064588, "longitude_end": 6.144611, "distance_in_km": 1.036983201013574, "start_station": null, "end_station": null }, "geometry": { "type": "LineString", "coordinates": [ [ 6.1557993, 46.2012616 ], [ 6.144611, 46.2064588 ] ] } },
{ "type": "Feature", "properties": { "trip_id": "54708428", "rental_id": "16137257", "vehicle_type": "bike", "trip_started_at_utc": "2024-11-09T16:08:58", "trip_ended_at_utc": "2024-11-09T16:14:05", "latitude_start": 46.2029211, "longitude_start": 6.1528223, "latitude_end": 46.204353, "longitude_end": 6.1463765, "distance_in_km": 0.52098126029311775, "start_station": null, "end_station": null }, "geometry": { "type": "LineString", "coordinates": [ [ 6.1528223, 46.2029211 ], [ 6.1463765, 46.204353 ] ] } },
{ "type": "Feature", "properties": { "trip_id": "52538768", "rental_id": "15455843", "vehicle_type": "bike", "trip_started_at_utc": "2024-09-28T23:02:52", "trip_ended_at_utc": "2024-09-28T23:08:51", "latitude_start": 46.2041978, "longitude_start": 6.1493863, "latitude_end": 46.2031737, "longitude_end": 6.1587092, "distance_in_km": 0.72645032549036226, "start_station": null, "end_station": null }, "geometry": { "type": "LineString", "coordinates": [ [ 6.1493863, 46.2041978 ], [ 6.1587092, 46.2031737 ] ] } },
{ "type": "Feature", "properties": { "trip_id": "47174569", "rental_id": "13989025", "vehicle_type": "bike", "trip_started_at_utc": "2024-07-24T20:30:14", "trip_ended_at_utc": "2024-07-24T20:43:32", "latitude_start": 46.2018881, "longitude_start": 6.1538471, "latitude_end": 46.2057028, "longitude_end": 6.1574361, "distance_in_km": 0.50617404328802962, "start_station": null, "end_station": null }, "geometry": { "type": "LineString", "coordinates": [ [ 6.1538471, 46.2018881 ], [ 6.1574361, 46.2057028 ] ] } },
{ "type": "Feature", "properties": { "trip_id": "46640168", "rental_id": "13858782", "vehicle_type": "bike", "trip_started_at_utc": "2024-07-18T17:09:24", "trip_ended_at_utc": "2024-07-18T17:11:58", "latitude_start": 46.2039356, "longitude_start": 6.143708, "latitude_end": 46.2043498, "longitude_end": 6.1460298, "distance_in_km": 0.1845195220372963, "start_station": null, "end_station": null }, "geometry": { "type": "LineString", "coordinates": [ [ 6.143708, 46.2039356 ], [ 6.1460298, 46.2043498 ] ] } },
{ "type": "Feature", "properties": { "trip_id": "53515814", "rental_id": "15758286", "vehicle_type": "bike", "trip_started_at_utc": "2024-10-17T07:11:23", "trip_ended_at_utc": "2024-10-17T07:15:53", "latitude_start": 46.2032244, "longitude_start": 6.1513582, "latitude_end": 46.2057048, "longitude_end": 6.1425641, "distance_in_km": 0.73080825267191973, "start_station": null, "end_station": null }, "geometry": { "type": "LineString", "coordinates": [ [ 6.1513582, 46.2032244 ], [ 6.1425641, 46.2057048 ] ] } },
{ "type": "Feature", "properties": { "trip_id": "52862425", "rental_id": "15563304", "vehicle_type": "bike", "trip_started_at_utc": "2024-10-05T07:38:42", "trip_ended_at_utc": "2024-10-05T07:48:23", "latitude_start": 46.2067708, "longitude_start": 6.1465489, "latitude_end": 46.2052059, "longitude_end": 6.1581952, "distance_in_km": 0.91297184946517795, "start_station": null, "end_station": null }, "geometry": { "type": "LineString", "coordinates": [ [ 6.1465489, 46.2067708 ], [ 6.1581952, 46.2052059 ] ] } },
{ "type": "Feature", "properties": { "trip_id": "48766915", "rental_id": "14376485", "vehicle_type": "bike", "trip_started_at_utc": "2024-08-11T06:30:43", "trip_ended_at_utc": "2024-08-11T06:47:20", "latitude_start": 46.2057364, "longitude_start": 6.1428388, "latitude_end": 46.2056922, "longitude_end": 6.1424639, "distance_in_km": 0.029266041133677801, "start_station": null, "end_station": null }, "geometry": { "type": "LineString", "coordinates": [ [ 6.1428388, 46.2057364 ], [ 6.1424639, 46.2056922 ] ] } },
{ "type": "Feature", "properties": { "trip_id": "49598309", "rental_id": "14582555", "vehicle_type": "bike", "trip_started_at_utc": "2024-08-19T17:38:27", "trip_ended_at_utc": "2024-08-19T17:42:19", "latitude_start": 46.2001993, "longitude_start": 6.1483634, "latitude_end": 46.2017533, "longitude_end": 6.1505752, "distance_in_km": 0.2425591403832526, "start_station": null, "end_station": null }, "geometry": { "type": "LineString", "coordinates": [ [ 6.1483634, 46.2001993 ], [ 6.1505752, 46.2017533 ] ] } },
{ "type": "Feature", "properties": { "trip_id": "49627567", "rental_id": "14591221", "vehicle_type": "bike", "trip_started_at_utc": "2024-08-20T08:06:30", "trip_ended_at_utc": "2024-08-20T08:09:37", "latitude_start": 46.2016951, "longitude_start": 6.1437326, "latitude_end": 46.2056556, "longitude_end": 6.1428826, "distance_in_km": 0.4452199136481686, "start_station": null, "end_station": null }, "geometry": { "type": "LineString", "coordinates": [ [ 6.1437326, 46.2016951 ], [ 6.1428826, 46.2056556 ] ] } },
{ "type": "Feature", "properties": { "trip_id": "46002626", "rental_id": "13691422", "vehicle_type": "bike", "trip_started_at_utc": "2024-07-09T15:30:55", "trip_ended_at_utc": "2024-07-09T15:40:09", "latitude_start": 46.2028787, "longitude_start": 6.1413645, "latitude_end": 46.2000289, "longitude_end": 6.1550729, "distance_in_km": 1.1015729442983095, "start_station": null, "end_station": null }, "geometry": { "type": "LineString", "coordinates": [ [ 6.1413645, 46.2028787 ], [ 6.1550729, 46.2000289 ] ] } },
{ "type": "Feature", "properties": { "trip_id": "49716536", "rental_id": "14614855", "vehicle_type": "bike", "trip_started_at_utc": "2024-08-21T10:15:53", "trip_ended_at_utc": "2024-08-21T10:19:43", "latitude_start": 46.203833, "longitude_start": 6.1433105, "latitude_end": 46.2074616, "longitude_end": 6.145614, "distance_in_km": 0.44070552324376377, "start_station": null, "end_station": null }, "geometry": { "type": "LineString", "coordinates": [ [ 6.1433105, 46.203833 ], [ 6.145614, 46.2074616 ] ] } },
{ "type": "Feature", "properties": { "trip_id": "46368251", "rental_id": "13789604", "vehicle_type": "bike", "trip_started_at_utc": "2024-07-14T21:31:51", "trip_ended_at_utc": "2024-07-14T21:36:32", "latitude_start": 46.2016524, "longitude_start": 6.1528381, "latitude_end": 46.2031933, "longitude_end": 6.1587815, "distance_in_km": 0.48843989880139072, "start_station": null, "end_station": null }, "geometry": { "type": "LineString", "coordinates": [ [ 6.1528381, 46.2016524 ], [ 6.1587815, 46.2031933 ] ] } },
{ "type": "Feature", "properties": { "trip_id": "51978506", "rental_id": "15284178", "vehicle_type": "bike", "trip_started_at_utc": "2024-09-20T07:55:50", "trip_ended_at_utc": "2024-09-20T08:02:54", "latitude_start": 46.2036623, "longitude_start": 6.1586535, "latitude_end": 46.2078453, "longitude_end": 6.1463228, "distance_in_km": 1.0567735681249226, "start_station": null, "end_station": null }, "geometry": { "type": "LineString", "coordinates": [ [ 6.1586535, 46.2036623 ], [ 6.1463228, 46.2078453 ] ] } },
{ "type": "Feature", "properties": { "trip_id": "46145546", "rental_id": "13731472", "vehicle_type": "bike", "trip_started_at_utc": "2024-07-11T16:42:48", "trip_ended_at_utc": "2024-07-11T16:48:55", "latitude_start": 46.203276, "longitude_start": 6.1587666, "latitude_end": 46.2038188, "longitude_end": 6.1435061, "distance_in_km": 1.1759668944240398, "start_station": null, "end_station": null }, "geometry": { "type": "LineString", "coordinates": [ [ 6.1587666, 46.203276 ], [ 6.1435061, 46.2038188 ] ] } },
{ "type": "Feature", "properties": { "trip_id": "47042662", "rental_id": "13957887", "vehicle_type": "bike", "trip_started_at_utc": "2024-07-23T11:26:02", "trip_ended_at_utc": "2024-07-23T11:49:41", "latitude_start": 46.2029688, "longitude_start": 6.1414262, "latitude_end": 46.2037352, "longitude_end": 6.1432391, "distance_in_km": 0.1634857545547124, "start_station": null, "end_station": null }, "geometry": { "type": "LineString", "coordinates": [ [ 6.1414262, 46.2029688 ], [ 6.1432391, 46.2037352 ] ] } },
{ "type": "Feature", "properties": { "trip_id": "50266324", "rental_id": "14770917", "vehicle_type": "bike", "trip_started_at_utc": "2024-08-28T07:21:04", "trip_ended_at_utc": "2024-08-28T07:26:36", "latitude_start": 46.201212, "longitude_start": 6.1556991, "latitude_end": 46.2068751, "longitude_end": 6.1464479, "distance_in_km": 0.95047462386962323, "start_station": null, "end_station": null }, "geometry": { "type": "LineString", "coordinates": [ [ 6.1556991, 46.201212 ], [ 6.1464479, 46.2068751 ] ] } },
{ "type": "Feature", "properties": { "trip_id": "51431464", "rental_id": "15117744", "vehicle_type": "bike", "trip_started_at_utc": "2024-09-12T09:46:29", "trip_ended_at_utc": "2024-09-12T09:51:45", "latitude_start": 46.2077788, "longitude_start": 6.1465077, "latitude_end": 46.2069728, "longitude_end": 6.1439453, "distance_in_km": 0.21659546559860501, "start_station": null, "end_station": null }, "geometry": { "type": "LineString", "coordinates": [ [ 6.1465077, 46.2077788 ], [ 6.1439453, 46.2069728 ] ] } },
{ "type": "Feature", "properties": { "trip_id": "49528661", "rental_id": "14565080", "vehicle_type": "bike", "trip_started_at_utc": "2024-08-19T04:54:10", "trip_ended_at_utc": "2024-08-19T04:59:12", "latitude_start": 46.2037306, "longitude_start": 6.1587199, "latitude_end": 46.2078611, "longitude_end": 6.1462935, "distance_in_km": 1.0608502691809696, "start_station": null, "end_station": null }, "geometry": { "type": "LineString", "coordinates": [ [ 6.1587199, 46.2037306 ], [ 6.1462935, 46.2078611 ] ] } },
{ "type": "Feature", "properties": { "trip_id": "46027257", "rental_id": "13698191", "vehicle_type": "bike", "trip_started_at_utc": "2024-07-09T21:39:06", "trip_ended_at_utc": "2024-07-09T21:46:42", "latitude_start": 46.2017065, "longitude_start": 6.1437448, "latitude_end": 46.2031143, "longitude_end": 6.1586131, "distance_in_km": 1.1549158737775549, "start_station": null, "end_station": null }, "geometry": { "type": "LineString", "coordinates": [ [ 6.1437448, 46.2017065 ], [ 6.1586131, 46.2031143 ] ] } },
{ "type": "Feature", "properties": { "trip_id": "52978442", "rental_id": "15594537", "vehicle_type": "bike", "trip_started_at_utc": "2024-10-06T17:51:00", "trip_ended_at_utc": "2024-10-06T17:56:59", "latitude_start": 46.2068473, "longitude_start": 6.1465695, "latitude_end": 46.2025417, "longitude_end": 6.1475263, "distance_in_km": 0.4843906934526146, "start_station": null, "end_station": null }, "geometry": { "type": "LineString", "coordinates": [ [ 6.1465695, 46.2068473 ], [ 6.1475263, 46.2025417 ] ] } },
{ "type": "Feature", "properties": { "trip_id": "49108854", "rental_id": "14462622", "vehicle_type": "bike", "trip_started_at_utc": "2024-08-14T17:50:22", "trip_ended_at_utc": "2024-08-14T17:51:59", "latitude_start": 46.2041645, "longitude_start": 6.1492857, "latitude_end": 46.2031367, "longitude_end": 6.1488208, "distance_in_km": 0.1197556140821157, "start_station": null, "end_station": null }, "geometry": { "type": "LineString", "coordinates": [ [ 6.1492857, 46.2041645 ], [ 6.1488208, 46.2031367 ] ] } },
{ "type": "Feature", "properties": { "trip_id": "48234640", "rental_id": "14242745", "vehicle_type": "bike", "trip_started_at_utc": "2024-08-05T15:14:39", "trip_ended_at_utc": "2024-08-05T15:17:16", "latitude_start": 46.202058, "longitude_start": 6.1519395, "latitude_end": 46.2020427, "longitude_end": 6.1525654, "distance_in_km": 0.048199334793713397, "start_station": null, "end_station": null }, "geometry": { "type": "LineString", "coordinates": [ [ 6.1519395, 46.202058 ], [ 6.1525654, 46.2020427 ] ] } },
{ "type": "Feature", "properties": { "trip_id": "46210034", "rental_id": "13747910", "vehicle_type": "bike", "trip_started_at_utc": "2024-07-12T15:38:56", "trip_ended_at_utc": "2024-07-12T15:41:07", "latitude_start": 46.2072065, "longitude_start": 6.1459547, "latitude_end": 46.2066615, "longitude_end": 6.1464626, "distance_in_km": 0.0721118741709455, "start_station": null, "end_station": null }, "geometry": { "type": "LineString", "coordinates": [ [ 6.1459547, 46.2072065 ], [ 6.1464626, 46.2066615 ] ] } },
{ "type": "Feature", "properties": { "trip_id": "47245931", "rental_id": "14006855", "vehicle_type": "bike", "trip_started_at_utc": "2024-07-25T17:06:37", "trip_ended_at_utc": "2024-07-25T17:09:03", "latitude_start": 46.2069383, "longitude_start": 6.1473033, "latitude_end": 46.2068788, "longitude_end": 6.1473063, "distance_in_km": 0.0066201350576647004, "start_station": null, "end_station": null }, "geometry": { "type": "LineString", "coordinates": [ [ 6.1473033, 46.2069383 ], [ 6.1473063, 46.2068788 ] ] } },
{ "type": "Feature", "properties": { "trip_id": "50852124", "rental_id": "14944451", "vehicle_type": "bike", "trip_started_at_utc": "2024-09-04T09:53:18", "trip_ended_at_utc": "2024-09-04T10:05:06", "latitude_start": 46.2032224, "longitude_start": 6.1587173, "latitude_end": 46.2078887, "longitude_end": 6.1463981, "distance_in_km": 1.0807306754520889, "start_station": null, "end_station": null }, "geometry": { "type": "LineString", "coordinates": [ [ 6.1587173, 46.2032224 ], [ 6.1463981, 46.2078887 ] ] } },
{ "type": "Feature", "properties": { "trip_id": "45569895", "rental_id": "13562182", "vehicle_type": "bike", "trip_started_at_utc": "2024-07-02T12:49:50", "trip_ended_at_utc": "2024-07-02T12:56:19", "latitude_start": 46.2020926, "longitude_start": 6.1517415, "latitude_end": 46.2009192, "longitude_end": 6.1569064, "distance_in_km": 0.4183614505096252, "start_station": null, "end_station": null }, "geometry": { "type": "LineString", "coordinates": [ [ 6.1517415, 46.2020926 ], [ 6.1569064, 46.2009192 ] ] } },
{ "type": "Feature", "properties": { "trip_id": "46010492", "rental_id": "13691422", "vehicle_type": "bike", "trip_started_at_utc": "2024-07-09T16:49:29", "trip_ended_at_utc": "2024-07-09T16:55:21", "latitude_start": 46.2000178, "longitude_start": 6.1550726, "latitude_end": 46.2013312, "longitude_end": 6.1557665, "distance_in_km": 0.15550152846890511, "start_station": null, "end_station": null }, "geometry": { "type": "LineString", "coordinates": [ [ 6.1550726, 46.2000178 ], [ 6.1557665, 46.2013312 ] ] } },
{ "type": "Feature", "properties": { "trip_id": "46023811", "rental_id": "13697152", "vehicle_type": "bike", "trip_started_at_utc": "2024-07-09T20:15:57", "trip_ended_at_utc": "2024-07-09T20:29:46", "latitude_start": 46.2032666, "longitude_start": 6.1588137, "latitude_end": 46.1974434, "longitude_end": 6.1463712, "distance_in_km": 1.1559750733375145, "start_station": null, "end_station": null }, "geometry": { "type": "LineString", "coordinates": [ [ 6.1588137, 46.2032666 ], [ 6.1463712, 46.1974434 ] ] } },
{ "type": "Feature", "properties": { "trip_id": "46963909", "rental_id": "13936935", "vehicle_type": "bike", "trip_started_at_utc": "2024-07-22T08:08:28", "trip_ended_at_utc": "2024-07-22T08:15:56", "latitude_start": 46.2025888, "longitude_start": 6.1554972, "latitude_end": 46.2068756, "longitude_end": 6.1464083, "distance_in_km": 0.84642960536069278, "start_station": null, "end_station": null }, "geometry": { "type": "LineString", "coordinates": [ [ 6.1554972, 46.2025888 ], [ 6.1464083, 46.2068756 ] ] } },
{ "type": "Feature", "properties": { "trip_id": "51807655", "rental_id": "15228965", "vehicle_type": "bike", "trip_started_at_utc": "2024-09-17T14:44:03", "trip_ended_at_utc": "2024-09-17T15:02:16", "latitude_start": 46.2015088, "longitude_start": 6.1529776, "latitude_end": 46.1982643, "longitude_end": 6.1552539, "distance_in_km": 0.4010594910288961, "start_station": null, "end_station": null }, "geometry": { "type": "LineString", "coordinates": [ [ 6.1529776, 46.2015088 ], [ 6.1552539, 46.1982643 ] ] } },
{ "type": "Feature", "properties": { "trip_id": "51628707", "rental_id": "15175883", "vehicle_type": "bike", "trip_started_at_utc": "2024-09-14T22:32:16", "trip_ended_at_utc": "2024-09-14T22:35:21", "latitude_start": 46.2032055, "longitude_start": 6.1587204, "latitude_end": 46.2017334, "longitude_end": 6.1531146, "distance_in_km": 0.46142953792920188, "start_station": null, "end_station": null }, "geometry": { "type": "LineString", "coordinates": [ [ 6.1587204, 46.2032055 ], [ 6.1531146, 46.2017334 ] ] } },
{ "type": "Feature", "properties": { "trip_id": "46979812", "rental_id": "13941170", "vehicle_type": "bike", "trip_started_at_utc": "2024-07-22T12:57:46", "trip_ended_at_utc": "2024-07-22T13:00:56", "latitude_start": 46.2014858, "longitude_start": 6.1530519, "latitude_end": 46.2042025, "longitude_end": 6.1575522, "distance_in_km": 0.45957026711471838, "start_station": null, "end_station": null }, "geometry": { "type": "LineString", "coordinates": [ [ 6.1530519, 46.2014858 ], [ 6.1575522, 46.2042025 ] ] } },
{ "type": "Feature", "properties": { "trip_id": "49667106", "rental_id": "14600734", "vehicle_type": "bike", "trip_started_at_utc": "2024-08-20T15:10:37", "trip_ended_at_utc": "2024-08-20T15:18:29", "latitude_start": 46.2013065, "longitude_start": 6.1559476, "latitude_end": 46.2012171, "longitude_end": 6.1418188, "distance_in_km": 1.0874143144443886, "start_station": null, "end_station": null }, "geometry": { "type": "LineString", "coordinates": [ [ 6.1559476, 46.2013065 ], [ 6.1418188, 46.2012171 ] ] } },
{ "type": "Feature", "properties": { "trip_id": "48886051", "rental_id": "14406278", "vehicle_type": "bike", "trip_started_at_utc": "2024-08-12T12:59:20", "trip_ended_at_utc": "2024-08-12T12:59:59", "latitude_start": 46.2046983, "longitude_start": 6.146994, "latitude_end": 46.2047009, "longitude_end": 6.1469951, "distance_in_km": 0.00030124569297379999, "start_station": null, "end_station": null }, "geometry": { "type": "LineString", "coordinates": [ [ 6.146994, 46.2046983 ], [ 6.1469951, 46.2047009 ] ] } },
{ "type": "Feature", "properties": { "trip_id": "49062466", "rental_id": "14451984", "vehicle_type": "bike", "trip_started_at_utc": "2024-08-14T11:15:20", "trip_ended_at_utc": "2024-08-14T12:12:44", "latitude_start": 46.2028075, "longitude_start": 6.1414224, "latitude_end": 46.2056602, "longitude_end": 6.1428844, "distance_in_km": 0.33656881873799349, "start_station": null, "end_station": null }, "geometry": { "type": "LineString", "coordinates": [ [ 6.1414224, 46.2028075 ], [ 6.1428844, 46.2056602 ] ] } },
{ "type": "Feature", "properties": { "trip_id": "49715412", "rental_id": "14614698", "vehicle_type": "bike", "trip_started_at_utc": "2024-08-21T10:00:50", "trip_ended_at_utc": "2024-08-21T10:07:45", "latitude_start": 46.2032005, "longitude_start": 6.1586067, "latitude_end": 46.2077716, "longitude_end": 6.1464275, "distance_in_km": 1.0662065191003609, "start_station": null, "end_station": null }, "geometry": { "type": "LineString", "coordinates": [ [ 6.1586067, 46.2032005 ], [ 6.1464275, 46.2077716 ] ] } },
{ "type": "Feature", "properties": { "trip_id": "50845437", "rental_id": "14942202", "vehicle_type": "bike", "trip_started_at_utc": "2024-09-04T07:47:15", "trip_ended_at_utc": "2024-09-04T07:51:05", "latitude_start": 46.2001191, "longitude_start": 6.1484287, "latitude_end": 46.1991443, "longitude_end": 6.1429243, "distance_in_km": 0.43728463174233212, "start_station": null, "end_station": null }, "geometry": { "type": "LineString", "coordinates": [ [ 6.1484287, 46.2001191 ], [ 6.1429243, 46.1991443 ] ] } },
{ "type": "Feature", "properties": { "trip_id": "45995026", "rental_id": "13689410", "vehicle_type": "bike", "trip_started_at_utc": "2024-07-09T14:17:54", "trip_ended_at_utc": "2024-07-09T14:22:40", "latitude_start": 46.2025327, "longitude_start": 6.1475508, "latitude_end": 46.2055834, "longitude_end": 6.1429411, "distance_in_km": 0.49083561848580332, "start_station": null, "end_station": null }, "geometry": { "type": "LineString", "coordinates": [ [ 6.1475508, 46.2025327 ], [ 6.1429411, 46.2055834 ] ] } },
{ "type": "Feature", "properties": { "trip_id": "45525329", "rental_id": "13547584", "vehicle_type": "bike", "trip_started_at_utc": "2024-07-01T15:07:04", "trip_ended_at_utc": "2024-07-01T15:08:39", "latitude_start": 46.2041774, "longitude_start": 6.149336, "latitude_end": 46.2040607, "longitude_end": 6.1481951, "distance_in_km": 0.088754173013009502, "start_station": null, "end_station": null }, "geometry": { "type": "LineString", "coordinates": [ [ 6.149336, 46.2041774 ], [ 6.1481951, 46.2040607 ] ] } },
{ "type": "Feature", "properties": { "trip_id": "46052023", "rental_id": "13704488", "vehicle_type": "bike", "trip_started_at_utc": "2024-07-10T11:56:19", "trip_ended_at_utc": "2024-07-10T12:08:24", "latitude_start": 46.2024187, "longitude_start": 6.1482543, "latitude_end": 46.1994965, "longitude_end": 6.1518152, "distance_in_km": 0.42507305256333422, "start_station": null, "end_station": null }, "geometry": { "type": "LineString", "coordinates": [ [ 6.1482543, 46.2024187 ], [ 6.1518152, 46.1994965 ] ] } },
{ "type": "Feature", "properties": { "trip_id": "50411078", "rental_id": "14814182", "vehicle_type": "bike", "trip_started_at_utc": "2024-08-29T17:57:39", "trip_ended_at_utc": "2024-08-29T18:03:29", "latitude_start": 46.2056392, "longitude_start": 6.1428374, "latitude_end": 46.2068203, "longitude_end": 6.1474008, "distance_in_km": 0.37492743125205152, "start_station": null, "end_station": null }, "geometry": { "type": "LineString", "coordinates": [ [ 6.1428374, 46.2056392 ], [ 6.1474008, 46.2068203 ] ] } },
{ "type": "Feature", "properties": { "trip_id": "49948650", "rental_id": "14680933", "vehicle_type": "bike", "trip_started_at_utc": "2024-08-24T08:31:44", "trip_ended_at_utc": "2024-08-24T08:36:39", "latitude_start": 46.2039325, "longitude_start": 6.1437038, "latitude_end": 46.1996132, "longitude_end": 6.1430362, "distance_in_km": 0.48302532255111191, "start_station": null, "end_station": null }, "geometry": { "type": "LineString", "coordinates": [ [ 6.1437038, 46.2039325 ], [ 6.1430362, 46.1996132 ] ] } },
{ "type": "Feature", "properties": { "trip_id": "48570109", "rental_id": "14327565", "vehicle_type": "bike", "trip_started_at_utc": "2024-08-09T07:44:45", "trip_ended_at_utc": "2024-08-09T07:46:42", "latitude_start": 46.2039544, "longitude_start": 6.1481411, "latitude_end": 46.2068738, "longitude_end": 6.1464694, "distance_in_km": 0.34918467360955402, "start_station": null, "end_station": null }, "geometry": { "type": "LineString", "coordinates": [ [ 6.1481411, 46.2039544 ], [ 6.1464694, 46.2068738 ] ] } },
{ "type": "Feature", "properties": { "trip_id": "50013581", "rental_id": "14696892", "vehicle_type": "bike", "trip_started_at_utc": "2024-08-24T18:21:07", "trip_ended_at_utc": "2024-08-24T18:26:43", "latitude_start": 46.198008, "longitude_start": 6.1471689, "latitude_end": 46.2068762, "longitude_end": 6.1441084, "distance_in_km": 1.0138394985250097, "start_station": null, "end_station": null }, "geometry": { "type": "LineString", "coordinates": [ [ 6.1471689, 46.198008 ], [ 6.1441084, 46.2068762 ] ] } },
{ "type": "Feature", "properties": { "trip_id": "45981793", "rental_id": "13685583", "vehicle_type": "bike", "trip_started_at_utc": "2024-07-09T11:41:14", "trip_ended_at_utc": "2024-07-09T11:47:32", "latitude_start": 46.2031209, "longitude_start": 6.1464789, "latitude_end": 46.2031724, "longitude_end": 6.1587951, "distance_in_km": 0.94785385287034196, "start_station": null, "end_station": null }, "geometry": { "type": "LineString", "coordinates": [ [ 6.1464789, 46.2031209 ], [ 6.1587951, 46.2031724 ] ] } },
{ "type": "Feature", "properties": { "trip_id": "46643895", "rental_id": "13860260", "vehicle_type": "bike", "trip_started_at_utc": "2024-07-18T17:50:11", "trip_ended_at_utc": "2024-07-18T17:55:55", "latitude_start": 46.2012343, "longitude_start": 6.153396, "latitude_end": 46.2032295, "longitude_end": 6.1586518, "distance_in_km": 0.46133358797321861, "start_station": null, "end_station": null }, "geometry": { "type": "LineString", "coordinates": [ [ 6.153396, 46.2012343 ], [ 6.1586518, 46.2032295 ] ] } },
{ "type": "Feature", "properties": { "trip_id": "47072591", "rental_id": "13964487", "vehicle_type": "bike", "trip_started_at_utc": "2024-07-23T16:44:35", "trip_ended_at_utc": "2024-07-23T16:49:02", "latitude_start": 46.2032028, "longitude_start": 6.1587151, "latitude_end": 46.2039946, "longitude_end": 6.1482267, "distance_in_km": 0.81195279099365958, "start_station": null, "end_station": null }, "geometry": { "type": "LineString", "coordinates": [ [ 6.1587151, 46.2032028 ], [ 6.1482267, 46.2039946 ] ] } },
{ "type": "Feature", "properties": { "trip_id": "47327258", "rental_id": "14026875", "vehicle_type": "bike", "trip_started_at_utc": "2024-07-26T16:45:05", "trip_ended_at_utc": "2024-07-26T16:53:27", "latitude_start": 46.2035676, "longitude_start": 6.1586726, "latitude_end": 46.2038096, "longitude_end": 6.1437317, "distance_in_km": 1.1501330798283671, "start_station": null, "end_station": null }, "geometry": { "type": "LineString", "coordinates": [ [ 6.1586726, 46.2035676 ], [ 6.1437317, 46.2038096 ] ] } },
{ "type": "Feature", "properties": { "trip_id": "53203806", "rental_id": "15672068", "vehicle_type": "bike", "trip_started_at_utc": "2024-10-11T16:55:58", "trip_ended_at_utc": "2024-10-11T17:04:53", "latitude_start": 46.2068957, "longitude_start": 6.1464151, "latitude_end": 46.2021679, "longitude_end": 6.1560556, "distance_in_km": 0.9092769739745078, "start_station": null, "end_station": null }, "geometry": { "type": "LineString", "coordinates": [ [ 6.1464151, 46.2068957 ], [ 6.1560556, 46.2021679 ] ] } },
{ "type": "Feature", "properties": { "trip_id": "48885576", "rental_id": "14406167", "vehicle_type": "bike", "trip_started_at_utc": "2024-08-12T12:55:18", "trip_ended_at_utc": "2024-08-12T12:57:10", "latitude_start": 46.204269, "longitude_start": 6.1461371, "latitude_end": 46.2045139, "longitude_end": 6.1473297, "distance_in_km": 0.095733410080630701, "start_station": null, "end_station": null }, "geometry": { "type": "LineString", "coordinates": [ [ 6.1461371, 46.204269 ], [ 6.1473297, 46.2045139 ] ] } },
{ "type": "Feature", "properties": { "trip_id": "51433986", "rental_id": "15118402", "vehicle_type": "bike", "trip_started_at_utc": "2024-09-12T10:29:59", "trip_ended_at_utc": "2024-09-12T10:36:02", "latitude_start": 46.2027531, "longitude_start": 6.1452916, "latitude_end": 46.2013252, "longitude_end": 6.1558307, "distance_in_km": 0.82648442411603273, "start_station": null, "end_station": null }, "geometry": { "type": "LineString", "coordinates": [ [ 6.1452916, 46.2027531 ], [ 6.1558307, 46.2013252 ] ] } },
{ "type": "Feature", "properties": { "trip_id": "46372314", "rental_id": "13791084", "vehicle_type": "bike", "trip_started_at_utc": "2024-07-14T23:35:18", "trip_ended_at_utc": "2024-07-14T23:41:13", "latitude_start": 46.1987433, "longitude_start": 6.1445348, "latitude_end": 46.2069797, "longitude_end": 6.1473395, "distance_in_km": 0.94093896022089663, "start_station": null, "end_station": null }, "geometry": { "type": "LineString", "coordinates": [ [ 6.1445348, 46.1987433 ], [ 6.1473395, 46.2069797 ] ] } },
{ "type": "Feature", "properties": { "trip_id": "49108159", "rental_id": "14462622", "vehicle_type": "bike", "trip_started_at_utc": "2024-08-14T17:44:03", "trip_ended_at_utc": "2024-08-14T17:50:22", "latitude_start": 46.2055712, "longitude_start": 6.142802, "latitude_end": 46.2041645, "longitude_end": 6.1492857, "distance_in_km": 0.52290348773393402, "start_station": null, "end_station": null }, "geometry": { "type": "LineString", "coordinates": [ [ 6.142802, 46.2055712 ], [ 6.1492857, 46.2041645 ] ] } },
{ "type": "Feature", "properties": { "trip_id": "49677662", "rental_id": "14603437", "vehicle_type": "bike", "trip_started_at_utc": "2024-08-20T16:39:09", "trip_ended_at_utc": "2024-08-20T16:47:18", "latitude_start": 46.2077688, "longitude_start": 6.1465765, "latitude_end": 46.2041098, "longitude_end": 6.1573983, "distance_in_km": 0.92686150871487805, "start_station": null, "end_station": null }, "geometry": { "type": "LineString", "coordinates": [ [ 6.1465765, 46.2077688 ], [ 6.1573983, 46.2041098 ] ] } },
{ "type": "Feature", "properties": { "trip_id": "47818105", "rental_id": "14144110", "vehicle_type": "bike", "trip_started_at_utc": "2024-08-01T06:32:48", "trip_ended_at_utc": "2024-08-01T06:36:21", "latitude_start": 46.2039011, "longitude_start": 6.1432079, "latitude_end": 46.2015495, "longitude_end": 6.153198, "distance_in_km": 0.8120797525122988, "start_station": null, "end_station": null }, "geometry": { "type": "LineString", "coordinates": [ [ 6.1432079, 46.2039011 ], [ 6.153198, 46.2015495 ] ] } },
{ "type": "Feature", "properties": { "trip_id": "52296729", "rental_id": "15375915", "vehicle_type": "bike", "trip_started_at_utc": "2024-09-24T09:57:50", "trip_ended_at_utc": "2024-09-24T10:04:15", "latitude_start": 46.2032151, "longitude_start": 6.1587946, "latitude_end": 46.207977, "longitude_end": 6.1462801, "distance_in_km": 1.0990196295265062, "start_station": null, "end_station": null }, "geometry": { "type": "LineString", "coordinates": [ [ 6.1587946, 46.2032151 ], [ 6.1462801, 46.207977 ] ] } },
{ "type": "Feature", "properties": { "trip_id": "49011774", "rental_id": "14438322", "vehicle_type": "bike", "trip_started_at_utc": "2024-08-13T16:59:31", "trip_ended_at_utc": "2024-08-13T17:09:51", "latitude_start": 46.2031901, "longitude_start": 6.1586998, "latitude_end": 46.2079494, "longitude_end": 6.1464552, "distance_in_km": 1.0807241495032072, "start_station": null, "end_station": null }, "geometry": { "type": "LineString", "coordinates": [ [ 6.1586998, 46.2031901 ], [ 6.1464552, 46.2079494 ] ] } },
{ "type": "Feature", "properties": { "trip_id": "51432891", "rental_id": "15118402", "vehicle_type": "bike", "trip_started_at_utc": "2024-09-12T10:11:52", "trip_ended_at_utc": "2024-09-12T10:17:16", "latitude_start": 46.2013357, "longitude_start": 6.1558947, "latitude_end": 46.2030171, "longitude_end": 6.1453152, "distance_in_km": 0.83538745081828425, "start_station": null, "end_station": null }, "geometry": { "type": "LineString", "coordinates": [ [ 6.1558947, 46.2013357 ], [ 6.1453152, 46.2030171 ] ] } },
{ "type": "Feature", "properties": { "trip_id": "45668430", "rental_id": "13595123", "vehicle_type": "bike", "trip_started_at_utc": "2024-07-04T10:31:47", "trip_ended_at_utc": "2024-07-04T10:33:17", "latitude_start": 46.2019366, "longitude_start": 6.1519478, "latitude_end": 46.2014466, "longitude_end": 6.1530368, "distance_in_km": 0.099964019269957904, "start_station": null, "end_station": null }, "geometry": { "type": "LineString", "coordinates": [ [ 6.1519478, 46.2019366 ], [ 6.1530368, 46.2014466 ] ] } },
{ "type": "Feature", "properties": { "trip_id": "53114734", "rental_id": "15640876", "vehicle_type": "bike", "trip_started_at_utc": "2024-10-09T20:17:25", "trip_ended_at_utc": "2024-10-09T20:19:51", "latitude_start": 46.2047242, "longitude_start": 6.1469562, "latitude_end": 46.2057084, "longitude_end": 6.1427055, "distance_in_km": 0.34493640299787198, "start_station": null, "end_station": null }, "geometry": { "type": "LineString", "coordinates": [ [ 6.1469562, 46.2047242 ], [ 6.1427055, 46.2057084 ] ] } },
{ "type": "Feature", "properties": { "trip_id": "52108704", "rental_id": "15320765", "vehicle_type": "bike", "trip_started_at_utc": "2024-09-21T14:57:41", "trip_ended_at_utc": "2024-09-21T14:59:28", "latitude_start": 46.202922, "longitude_start": 6.1452213, "latitude_end": 46.2025436, "longitude_end": 6.14763, "distance_in_km": 0.1900867193611202, "start_station": null, "end_station": null }, "geometry": { "type": "LineString", "coordinates": [ [ 6.1452213, 46.202922 ], [ 6.14763, 46.2025436 ] ] } },
{ "type": "Feature", "properties": { "trip_id": "51328125", "rental_id": "15083336", "vehicle_type": "bike", "trip_started_at_utc": "2024-09-10T09:42:08", "trip_ended_at_utc": "2024-09-10T09:45:43", "latitude_start": 46.2036421, "longitude_start": 6.1586915, "latitude_end": 46.2032611, "longitude_end": 6.1588997, "distance_in_km": 0.045294013017678103, "start_station": null, "end_station": null }, "geometry": { "type": "LineString", "coordinates": [ [ 6.1586915, 46.2036421 ], [ 6.1588997, 46.2032611 ] ] } },
{ "type": "Feature", "properties": { "trip_id": "53900128", "rental_id": "15880872", "vehicle_type": "bike", "trip_started_at_utc": "2024-10-24T08:40:07", "trip_ended_at_utc": "2024-10-24T08:46:34", "latitude_start": 46.2069658, "longitude_start": 6.1473276, "latitude_end": 46.2019904, "longitude_end": 6.1505305, "distance_in_km": 0.60566427417847235, "start_station": null, "end_station": null }, "geometry": { "type": "LineString", "coordinates": [ [ 6.1473276, 46.2069658 ], [ 6.1505305, 46.2019904 ] ] } },
{ "type": "Feature", "properties": { "trip_id": "48486118", "rental_id": "14306156", "vehicle_type": "bike", "trip_started_at_utc": "2024-08-08T10:46:28", "trip_ended_at_utc": "2024-08-08T10:49:05", "latitude_start": 46.2037697, "longitude_start": 6.1579402, "latitude_end": 46.2013486, "longitude_end": 6.155682, "distance_in_km": 0.32043602814266348, "start_station": null, "end_station": null }, "geometry": { "type": "LineString", "coordinates": [ [ 6.1579402, 46.2037697 ], [ 6.155682, 46.2013486 ] ] } },
{ "type": "Feature", "properties": { "trip_id": "46661085", "rental_id": "13864454", "vehicle_type": "bike", "trip_started_at_utc": "2024-07-18T23:09:03", "trip_ended_at_utc": "2024-07-18T23:17:04", "latitude_start": 46.2045841, "longitude_start": 6.1470478, "latitude_end": 46.2014101, "longitude_end": 6.1530263, "distance_in_km": 0.57987226689030635, "start_station": null, "end_station": null }, "geometry": { "type": "LineString", "coordinates": [ [ 6.1470478, 46.2045841 ], [ 6.1530263, 46.2014101 ] ] } },
{ "type": "Feature", "properties": { "trip_id": "48387770", "rental_id": "14282123", "vehicle_type": "bike", "trip_started_at_utc": "2024-08-07T10:00:24", "trip_ended_at_utc": "2024-08-07T10:09:36", "latitude_start": 46.2052286, "longitude_start": 6.1580753, "latitude_end": 46.2070042, "longitude_end": 6.1472636, "distance_in_km": 0.85511298491419707, "start_station": null, "end_station": null }, "geometry": { "type": "LineString", "coordinates": [ [ 6.1580753, 46.2052286 ], [ 6.1472636, 46.2070042 ] ] } },
{ "type": "Feature", "properties": { "trip_id": "52862749", "rental_id": "15563304", "vehicle_type": "bike", "trip_started_at_utc": "2024-10-05T07:48:23", "trip_ended_at_utc": "2024-10-05T07:49:29", "latitude_start": 46.2052059, "longitude_start": 6.1581952, "latitude_end": 46.2051884, "longitude_end": 6.158042, "distance_in_km": 0.011949116387648499, "start_station": null, "end_station": null }, "geometry": { "type": "LineString", "coordinates": [ [ 6.1581952, 46.2052059 ], [ 6.158042, 46.2051884 ] ] } },
{ "type": "Feature", "properties": { "trip_id": "45890170", "rental_id": "13658920", "vehicle_type": "bike", "trip_started_at_utc": "2024-07-07T20:13:06", "trip_ended_at_utc": "2024-07-07T20:13:56", "latitude_start": 46.2032242, "longitude_start": 6.1588062, "latitude_end": 46.2032433, "longitude_end": 6.1588102, "distance_in_km": 0.0021460196272654001, "start_station": null, "end_station": null }, "geometry": { "type": "LineString", "coordinates": [ [ 6.1588062, 46.2032242 ], [ 6.1588102, 46.2032433 ] ] } },
{ "type": "Feature", "properties": { "trip_id": "47174565", "rental_id": "13989049", "vehicle_type": "bike", "trip_started_at_utc": "2024-07-24T20:30:13", "trip_ended_at_utc": "2024-07-24T20:43:39", "latitude_start": 46.2016177, "longitude_start": 6.15318, "latitude_end": 46.2057067, "longitude_end": 6.1573782, "distance_in_km": 0.55777628865656581, "start_station": null, "end_station": null }, "geometry": { "type": "LineString", "coordinates": [ [ 6.15318, 46.2016177 ], [ 6.1573782, 46.2057067 ] ] } },
{ "type": "Feature", "properties": { "trip_id": "47794334", "rental_id": "14137769", "vehicle_type": "bike", "trip_started_at_utc": "2024-07-31T18:03:32", "trip_ended_at_utc": "2024-07-31T18:17:26", "latitude_start": 46.2011003, "longitude_start": 6.1434405, "latitude_end": 46.1988562, "longitude_end": 6.1439442, "distance_in_km": 0.2525262423064813, "start_station": null, "end_station": null }, "geometry": { "type": "LineString", "coordinates": [ [ 6.1434405, 46.2011003 ], [ 6.1439442, 46.1988562 ] ] } },
{ "type": "Feature", "properties": { "trip_id": "46111192", "rental_id": "13722513", "vehicle_type": "bike", "trip_started_at_utc": "2024-07-11T09:46:49", "trip_ended_at_utc": "2024-07-11T09:52:28", "latitude_start": 46.1998259, "longitude_start": 6.1428633, "latitude_end": 46.2031564, "longitude_end": 6.1469059, "distance_in_km": 0.48367867241316131, "start_station": null, "end_station": null }, "geometry": { "type": "LineString", "coordinates": [ [ 6.1428633, 46.1998259 ], [ 6.1469059, 46.2031564 ] ] } },
{ "type": "Feature", "properties": { "trip_id": "46443897", "rental_id": "13810192", "vehicle_type": "bike", "trip_started_at_utc": "2024-07-16T06:16:50", "trip_ended_at_utc": "2024-07-16T06:19:51", "latitude_start": 46.20017, "longitude_start": 6.1484995, "latitude_end": 46.2039378, "longitude_end": 6.143499, "distance_in_km": 0.56888408121837908, "start_station": null, "end_station": null }, "geometry": { "type": "LineString", "coordinates": [ [ 6.1484995, 46.20017 ], [ 6.143499, 46.2039378 ] ] } },
{ "type": "Feature", "properties": { "trip_id": "53162866", "rental_id": "15658017", "vehicle_type": "bike", "trip_started_at_utc": "2024-10-11T03:58:05", "trip_ended_at_utc": "2024-10-11T04:01:32", "latitude_start": 46.2041565, "longitude_start": 6.1492589, "latitude_end": 46.2047649, "longitude_end": 6.151097, "distance_in_km": 0.15679900221185561, "start_station": null, "end_station": null }, "geometry": { "type": "LineString", "coordinates": [ [ 6.1492589, 46.2041565 ], [ 6.151097, 46.2047649 ] ] } },
{ "type": "Feature", "properties": { "trip_id": "48072024", "rental_id": "14204324", "vehicle_type": "bike", "trip_started_at_utc": "2024-08-03T16:17:01", "trip_ended_at_utc": "2024-08-03T16:32:54", "latitude_start": 46.200692, "longitude_start": 6.142796, "latitude_end": 46.2051719, "longitude_end": 6.1580393, "distance_in_km": 1.2744901226900529, "start_station": null, "end_station": null }, "geometry": { "type": "LineString", "coordinates": [ [ 6.142796, 46.200692 ], [ 6.1580393, 46.2051719 ] ] } },
{ "type": "Feature", "properties": { "trip_id": "45559278", "rental_id": "13559555", "vehicle_type": "bike", "trip_started_at_utc": "2024-07-02T09:30:12", "trip_ended_at_utc": "2024-07-02T09:42:47", "latitude_start": 46.2018718, "longitude_start": 6.1539418, "latitude_end": 46.2056102, "longitude_end": 6.1428105, "distance_in_km": 0.95217133334880177, "start_station": null, "end_station": null }, "geometry": { "type": "LineString", "coordinates": [ [ 6.1539418, 46.2018718 ], [ 6.1428105, 46.2056102 ] ] } },
{ "type": "Feature", "properties": { "trip_id": "45907087", "rental_id": "13664657", "vehicle_type": "bike", "trip_started_at_utc": "2024-07-08T09:47:22", "trip_ended_at_utc": "2024-07-08T09:51:10", "latitude_start": 46.2004166, "longitude_start": 6.1490897, "latitude_end": 46.2012727, "longitude_end": 6.1557973, "distance_in_km": 0.52493228545722082, "start_station": null, "end_station": null }, "geometry": { "type": "LineString", "coordinates": [ [ 6.1490897, 46.2004166 ], [ 6.1557973, 46.2012727 ] ] } },
{ "type": "Feature", "properties": { "trip_id": "51784088", "rental_id": "15222283", "vehicle_type": "bike", "trip_started_at_utc": "2024-09-17T09:19:02", "trip_ended_at_utc": "2024-09-17T09:36:42", "latitude_start": 46.203187, "longitude_start": 6.1586994, "latitude_end": 46.2076824, "longitude_end": 6.1464746, "distance_in_km": 1.0653178763355913, "start_station": null, "end_station": null }, "geometry": { "type": "LineString", "coordinates": [ [ 6.1586994, 46.203187 ], [ 6.1464746, 46.2076824 ] ] } },
{ "type": "Feature", "properties": { "trip_id": "48552851", "rental_id": "14321928", "vehicle_type": "bike", "trip_started_at_utc": "2024-08-08T20:52:49", "trip_ended_at_utc": "2024-08-08T20:57:16", "latitude_start": 46.2015068, "longitude_start": 6.1534569, "latitude_end": 46.2037705, "longitude_end": 6.1436649, "distance_in_km": 0.79451191811311594, "start_station": null, "end_station": null }, "geometry": { "type": "LineString", "coordinates": [ [ 6.1534569, 46.2015068 ], [ 6.1436649, 46.2037705 ] ] } },
{ "type": "Feature", "properties": { "trip_id": "45636393", "rental_id": "13584231", "vehicle_type": "bike", "trip_started_at_utc": "2024-07-03T15:47:40", "trip_ended_at_utc": "2024-07-03T15:56:41", "latitude_start": 46.2040137, "longitude_start": 6.1575465, "latitude_end": 46.2056443, "longitude_end": 6.1428453, "distance_in_km": 1.1457850109165699, "start_station": null, "end_station": null }, "geometry": { "type": "LineString", "coordinates": [ [ 6.1575465, 46.2040137 ], [ 6.1428453, 46.2056443 ] ] } },
{ "type": "Feature", "properties": { "trip_id": "45642354", "rental_id": "13586039", "vehicle_type": "bike", "trip_started_at_utc": "2024-07-03T17:12:06", "trip_ended_at_utc": "2024-07-03T17:15:59", "latitude_start": 46.201314, "longitude_start": 6.153502, "latitude_end": 46.2032144, "longitude_end": 6.1587413, "distance_in_km": 0.45523252273399101, "start_station": null, "end_station": null }, "geometry": { "type": "LineString", "coordinates": [ [ 6.153502, 46.201314 ], [ 6.1587413, 46.2032144 ] ] } },
{ "type": "Feature", "properties": { "trip_id": "48435652", "rental_id": "14292814", "vehicle_type": "bike", "trip_started_at_utc": "2024-08-07T16:50:07", "trip_ended_at_utc": "2024-08-07T18:03:28", "latitude_start": 46.2051648, "longitude_start": 6.1579988, "latitude_end": 46.2044058, "longitude_end": 6.1569709, "distance_in_km": 0.1156728161639926, "start_station": null, "end_station": null }, "geometry": { "type": "LineString", "coordinates": [ [ 6.1579988, 46.2051648 ], [ 6.1569709, 46.2044058 ] ] } },
{ "type": "Feature", "properties": { "trip_id": "47175998", "rental_id": "13989049", "vehicle_type": "bike", "trip_started_at_utc": "2024-07-24T20:57:10", "trip_ended_at_utc": "2024-07-24T21:04:22", "latitude_start": 46.2056635, "longitude_start": 6.157404, "latitude_end": 46.2014532, "longitude_end": 6.1530416, "distance_in_km": 0.57609637938384295, "start_station": null, "end_station": null }, "geometry": { "type": "LineString", "coordinates": [ [ 6.157404, 46.2056635 ], [ 6.1530416, 46.2014532 ] ] } },
{ "type": "Feature", "properties": { "trip_id": "45906875", "rental_id": "13664657", "vehicle_type": "bike", "trip_started_at_utc": "2024-07-08T09:43:47", "trip_ended_at_utc": "2024-07-08T09:45:48", "latitude_start": 46.2001254, "longitude_start": 6.1485761, "latitude_end": 46.2002282, "longitude_end": 6.1490246, "distance_in_km": 0.036361249299106398, "start_station": null, "end_station": null }, "geometry": { "type": "LineString", "coordinates": [ [ 6.1485761, 46.2001254 ], [ 6.1490246, 46.2002282 ] ] } },
{ "type": "Feature", "properties": { "trip_id": "46397363", "rental_id": "13798279", "vehicle_type": "bike", "trip_started_at_utc": "2024-07-15T12:15:27", "trip_ended_at_utc": "2024-07-15T12:24:46", "latitude_start": 46.2037304, "longitude_start": 6.1584707, "latitude_end": 46.2042527, "longitude_end": 6.149351, "distance_in_km": 0.70422672733980318, "start_station": null, "end_station": null }, "geometry": { "type": "LineString", "coordinates": [ [ 6.1584707, 46.2037304 ], [ 6.149351, 46.2042527 ] ] } },
{ "type": "Feature", "properties": { "trip_id": "46059457", "rental_id": "13707638", "vehicle_type": "bike", "trip_started_at_utc": "2024-07-10T13:35:37", "trip_ended_at_utc": "2024-07-10T13:42:17", "latitude_start": 46.2050699, "longitude_start": 6.1566135, "latitude_end": 46.2040667, "longitude_end": 6.1437101, "distance_in_km": 0.99924691590284165, "start_station": null, "end_station": null }, "geometry": { "type": "LineString", "coordinates": [ [ 6.1566135, 46.2050699 ], [ 6.1437101, 46.2040667 ] ] } },
{ "type": "Feature", "properties": { "trip_id": "45560486", "rental_id": "13560017", "vehicle_type": "bike", "trip_started_at_utc": "2024-07-02T09:57:29", "trip_ended_at_utc": "2024-07-02T09:58:51", "latitude_start": 46.2036279, "longitude_start": 6.1586243, "latitude_end": 46.2036414, "longitude_end": 6.1585992, "distance_in_km": 0.0024463529502147998, "start_station": null, "end_station": null }, "geometry": { "type": "LineString", "coordinates": [ [ 6.1586243, 46.2036279 ], [ 6.1585992, 46.2036414 ] ] } },
{ "type": "Feature", "properties": { "trip_id": "48539983", "rental_id": "14318723", "vehicle_type": "bike", "trip_started_at_utc": "2024-08-08T18:01:47", "trip_ended_at_utc": "2024-08-08T18:07:15", "latitude_start": 46.2014972, "longitude_start": 6.1531012, "latitude_end": 46.2046838, "longitude_end": 6.1473091, "distance_in_km": 0.56942740641874656, "start_station": null, "end_station": null }, "geometry": { "type": "LineString", "coordinates": [ [ 6.1531012, 46.2014972 ], [ 6.1473091, 46.2046838 ] ] } },
{ "type": "Feature", "properties": { "trip_id": "51381234", "rental_id": "15100784", "vehicle_type": "bike", "trip_started_at_utc": "2024-09-11T10:39:00", "trip_ended_at_utc": "2024-09-11T10:41:24", "latitude_start": 46.2076729, "longitude_start": 6.1455214, "latitude_end": 46.2079074, "longitude_end": 6.1452187, "distance_in_km": 0.034964268608637897, "start_station": null, "end_station": null }, "geometry": { "type": "LineString", "coordinates": [ [ 6.1455214, 46.2076729 ], [ 6.1452187, 46.2079074 ] ] } },
{ "type": "Feature", "properties": { "trip_id": "45694660", "rental_id": "13602893", "vehicle_type": "bike", "trip_started_at_utc": "2024-07-04T17:21:30", "trip_ended_at_utc": "2024-07-04T17:25:29", "latitude_start": 46.2033012, "longitude_start": 6.1464094, "latitude_end": 46.2020013, "longitude_end": 6.1517382, "distance_in_km": 0.43482728911932761, "start_station": null, "end_station": null }, "geometry": { "type": "LineString", "coordinates": [ [ 6.1464094, 46.2033012 ], [ 6.1517382, 46.2020013 ] ] } },
{ "type": "Feature", "properties": { "trip_id": "46824289", "rental_id": "13904683", "vehicle_type": "bike", "trip_started_at_utc": "2024-07-20T15:45:59", "trip_ended_at_utc": "2024-07-20T15:51:28", "latitude_start": 46.2042622, "longitude_start": 6.1490625, "latitude_end": 46.2065662, "longitude_end": 6.1449775, "distance_in_km": 0.40553539079770712, "start_station": null, "end_station": null }, "geometry": { "type": "LineString", "coordinates": [ [ 6.1490625, 46.2042622 ], [ 6.1449775, 46.2065662 ] ] } },
{ "type": "Feature", "properties": { "trip_id": "45581874", "rental_id": "13566388", "vehicle_type": "bike", "trip_started_at_utc": "2024-07-02T15:36:06", "trip_ended_at_utc": "2024-07-02T15:37:53", "latitude_start": 46.2035835, "longitude_start": 6.1586766, "latitude_end": 46.2039636, "longitude_end": 6.1575619, "distance_in_km": 0.095631398643938104, "start_station": null, "end_station": null }, "geometry": { "type": "LineString", "coordinates": [ [ 6.1586766, 46.2035835 ], [ 6.1575619, 46.2039636 ] ] } },
{ "type": "Feature", "properties": { "trip_id": "46376561", "rental_id": "13792635", "vehicle_type": "bike", "trip_started_at_utc": "2024-07-15T06:05:03", "trip_ended_at_utc": "2024-07-15T06:08:40", "latitude_start": 46.200093, "longitude_start": 6.1485311, "latitude_end": 46.2040493, "longitude_end": 6.1433521, "distance_in_km": 0.59362737760958195, "start_station": null, "end_station": null }, "geometry": { "type": "LineString", "coordinates": [ [ 6.1485311, 46.200093 ], [ 6.1433521, 46.2040493 ] ] } },
{ "type": "Feature", "properties": { "trip_id": "46366957", "rental_id": "13789604", "vehicle_type": "bike", "trip_started_at_utc": "2024-07-14T21:12:03", "trip_ended_at_utc": "2024-07-14T21:20:09", "latitude_start": 46.1986722, "longitude_start": 6.1441917, "latitude_end": 46.2017241, "longitude_end": 6.152793, "distance_in_km": 0.74389430333154305, "start_station": null, "end_station": null }, "geometry": { "type": "LineString", "coordinates": [ [ 6.1441917, 46.1986722 ], [ 6.152793, 46.2017241 ] ] } },
{ "type": "Feature", "properties": { "trip_id": "45582786", "rental_id": "13566442", "vehicle_type": "bike", "trip_started_at_utc": "2024-07-02T15:46:51", "trip_ended_at_utc": "2024-07-02T15:50:51", "latitude_start": 46.2029982, "longitude_start": 6.1453812, "latitude_end": 46.2019386, "longitude_end": 6.1519793, "distance_in_km": 0.5212763409797444, "start_station": null, "end_station": null }, "geometry": { "type": "LineString", "coordinates": [ [ 6.1453812, 46.2029982 ], [ 6.1519793, 46.2019386 ] ] } },
{ "type": "Feature", "properties": { "trip_id": "46004434", "rental_id": "13691192", "vehicle_type": "bike", "trip_started_at_utc": "2024-07-09T15:48:00", "trip_ended_at_utc": "2024-07-09T15:49:49", "latitude_start": 46.2013226, "longitude_start": 6.1536613, "latitude_end": 46.2016292, "longitude_end": 6.1538345, "distance_in_km": 0.036605624903722697, "start_station": null, "end_station": null }, "geometry": { "type": "LineString", "coordinates": [ [ 6.1536613, 46.2013226 ], [ 6.1538345, 46.2016292 ] ] } },
{ "type": "Feature", "properties": { "trip_id": "48000977", "rental_id": "14188014", "vehicle_type": "bike", "trip_started_at_utc": "2024-08-02T22:57:55", "trip_ended_at_utc": "2024-08-02T23:25:25", "latitude_start": 46.2037583, "longitude_start": 6.1587198, "latitude_end": 46.2029136, "longitude_end": 6.1532804, "distance_in_km": 0.42901491187094309, "start_station": null, "end_station": null }, "geometry": { "type": "LineString", "coordinates": [ [ 6.1587198, 46.2037583 ], [ 6.1532804, 46.2029136 ] ] } },
{ "type": "Feature", "properties": { "trip_id": "47378806", "rental_id": "14040516", "vehicle_type": "bike", "trip_started_at_utc": "2024-07-27T10:42:29", "trip_ended_at_utc": "2024-07-27T10:42:46", "latitude_start": 46.2014017, "longitude_start": 6.1530295, "latitude_end": 46.2013906, "longitude_end": 6.1530592, "distance_in_km": 0.0025976957668901999, "start_station": null, "end_station": null }, "geometry": { "type": "LineString", "coordinates": [ [ 6.1530295, 46.2014017 ], [ 6.1530592, 46.2013906 ] ] } },
{ "type": "Feature", "properties": { "trip_id": "49552428", "rental_id": "14570747", "vehicle_type": "bike", "trip_started_at_utc": "2024-08-19T11:05:52", "trip_ended_at_utc": "2024-08-19T11:08:15", "latitude_start": 46.2021481, "longitude_start": 6.1516291, "latitude_end": 46.2014468, "longitude_end": 6.1529909, "distance_in_km": 0.13063337533249991, "start_station": null, "end_station": null }, "geometry": { "type": "LineString", "coordinates": [ [ 6.1516291, 46.2021481 ], [ 6.1529909, 46.2014468 ] ] } },
{ "type": "Feature", "properties": { "trip_id": "48632378", "rental_id": "14343475", "vehicle_type": "bike", "trip_started_at_utc": "2024-08-09T20:05:47", "trip_ended_at_utc": "2024-08-09T20:11:27", "latitude_start": 46.1985773, "longitude_start": 6.1442344, "latitude_end": 46.2037549, "longitude_end": 6.1434998, "distance_in_km": 0.57849298715389597, "start_station": null, "end_station": null }, "geometry": { "type": "LineString", "coordinates": [ [ 6.1442344, 46.1985773 ], [ 6.1434998, 46.2037549 ] ] } },
{ "type": "Feature", "properties": { "trip_id": "45618615", "rental_id": "13578697", "vehicle_type": "bike", "trip_started_at_utc": "2024-07-03T11:03:58", "trip_ended_at_utc": "2024-07-03T11:08:40", "latitude_start": 46.2015166, "longitude_start": 6.1530242, "latitude_end": 46.2038396, "longitude_end": 6.1437181, "distance_in_km": 0.76134745852092856, "start_station": null, "end_station": null }, "geometry": { "type": "LineString", "coordinates": [ [ 6.1530242, 46.2015166 ], [ 6.1437181, 46.2038396 ] ] } },
{ "type": "Feature", "properties": { "trip_id": "49991724", "rental_id": "14691314", "vehicle_type": "bike", "trip_started_at_utc": "2024-08-24T15:01:02", "trip_ended_at_utc": "2024-08-24T15:05:30", "latitude_start": 46.2061956, "longitude_start": 6.1444256, "latitude_end": 46.2043693, "longitude_end": 6.1463281, "distance_in_km": 0.2503497094044751, "start_station": null, "end_station": null }, "geometry": { "type": "LineString", "coordinates": [ [ 6.1444256, 46.2061956 ], [ 6.1463281, 46.2043693 ] ] } },
{ "type": "Feature", "properties": { "trip_id": "51359814", "rental_id": "15092867", "vehicle_type": "bike", "trip_started_at_utc": "2024-09-10T17:48:23", "trip_ended_at_utc": "2024-09-10T18:00:49", "latitude_start": 46.1986338, "longitude_start": 6.1472476, "latitude_end": 46.1968171, "longitude_end": 6.1485082, "distance_in_km": 0.22410007944367211, "start_station": null, "end_station": null }, "geometry": { "type": "LineString", "coordinates": [ [ 6.1472476, 46.1986338 ], [ 6.1485082, 46.1968171 ] ] } },
{ "type": "Feature", "properties": { "trip_id": "46746075", "rental_id": "13885840", "vehicle_type": "bike", "trip_started_at_utc": "2024-07-19T20:12:42", "trip_ended_at_utc": "2024-07-19T20:26:09", "latitude_start": 46.2030952, "longitude_start": 6.1554755, "latitude_end": 46.1995009, "longitude_end": 6.1517136, "distance_in_km": 0.49351472729008378, "start_station": null, "end_station": null }, "geometry": { "type": "LineString", "coordinates": [ [ 6.1554755, 46.2030952 ], [ 6.1517136, 46.1995009 ] ] } },
{ "type": "Feature", "properties": { "trip_id": "49056298", "rental_id": "14450525", "vehicle_type": "bike", "trip_started_at_utc": "2024-08-14T10:10:13", "trip_ended_at_utc": "2024-08-14T10:15:29", "latitude_start": 46.2013162, "longitude_start": 6.1558667, "latitude_end": 46.2031845, "longitude_end": 6.1454076, "distance_in_km": 0.83130659066326673, "start_station": null, "end_station": null }, "geometry": { "type": "LineString", "coordinates": [ [ 6.1558667, 46.2013162 ], [ 6.1454076, 46.2031845 ] ] } },
{ "type": "Feature", "properties": { "trip_id": "50325837", "rental_id": "14788106", "vehicle_type": "bike", "trip_started_at_utc": "2024-08-28T18:13:15", "trip_ended_at_utc": "2024-08-28T18:13:52", "latitude_start": 46.2031944, "longitude_start": 6.1514463, "latitude_end": 46.2031972, "longitude_end": 6.1514732, "distance_in_km": 0.0020934640410915999, "start_station": null, "end_station": null }, "geometry": { "type": "LineString", "coordinates": [ [ 6.1514463, 46.2031944 ], [ 6.1514732, 46.2031972 ] ] } },
{ "type": "Feature", "properties": { "trip_id": "51741672", "rental_id": "15210550", "vehicle_type": "bike", "trip_started_at_utc": "2024-09-16T15:17:10", "trip_ended_at_utc": "2024-09-16T15:26:55", "latitude_start": 46.1996882, "longitude_start": 6.14282, "latitude_end": 46.2016703, "longitude_end": 6.1558968, "distance_in_km": 1.0302669811053633, "start_station": null, "end_station": null }, "geometry": { "type": "LineString", "coordinates": [ [ 6.14282, 46.1996882 ], [ 6.1558968, 46.2016703 ] ] } },
{ "type": "Feature", "properties": { "trip_id": "48649578", "rental_id": "14348258", "vehicle_type": "bike", "trip_started_at_utc": "2024-08-10T02:44:55", "trip_ended_at_utc": "2024-08-10T02:48:33", "latitude_start": 46.2018412, "longitude_start": 6.1525961, "latitude_end": 46.201296, "longitude_end": 6.1555855, "distance_in_km": 0.2379196767456436, "start_station": null, "end_station": null }, "geometry": { "type": "LineString", "coordinates": [ [ 6.1525961, 46.2018412 ], [ 6.1555855, 46.201296 ] ] } },
{ "type": "Feature", "properties": { "trip_id": "52796197", "rental_id": "15543574", "vehicle_type": "bike", "trip_started_at_utc": "2024-10-04T09:14:00", "trip_ended_at_utc": "2024-10-04T09:16:45", "latitude_start": 46.2039259, "longitude_start": 6.1432126, "latitude_end": 46.2056855, "longitude_end": 6.1429206, "distance_in_km": 0.1969450695962317, "start_station": null, "end_station": null }, "geometry": { "type": "LineString", "coordinates": [ [ 6.1432126, 46.2039259 ], [ 6.1429206, 46.2056855 ] ] } },
{ "type": "Feature", "properties": { "trip_id": "46044387", "rental_id": "13703891", "vehicle_type": "bike", "trip_started_at_utc": "2024-07-10T09:53:38", "trip_ended_at_utc": "2024-07-10T10:00:07", "latitude_start": 46.2031763, "longitude_start": 6.1587754, "latitude_end": 46.2032267, "longitude_end": 6.146475, "distance_in_km": 0.94663625333861556, "start_station": null, "end_station": null }, "geometry": { "type": "LineString", "coordinates": [ [ 6.1587754, 46.2031763 ], [ 6.146475, 46.2032267 ] ] } },
{ "type": "Feature", "properties": { "trip_id": "48400619", "rental_id": "14284849", "vehicle_type": "bike", "trip_started_at_utc": "2024-08-07T12:04:31", "trip_ended_at_utc": "2024-08-07T12:05:59", "latitude_start": 46.2029531, "longitude_start": 6.1483282, "latitude_end": 46.202095, "longitude_end": 6.1516831, "distance_in_km": 0.27525795502115252, "start_station": null, "end_station": null }, "geometry": { "type": "LineString", "coordinates": [ [ 6.1483282, 46.2029531 ], [ 6.1516831, 46.202095 ] ] } },
{ "type": "Feature", "properties": { "trip_id": "51476749", "rental_id": "15131873", "vehicle_type": "bike", "trip_started_at_utc": "2024-09-12T23:34:32", "trip_ended_at_utc": "2024-09-12T23:42:31", "latitude_start": 46.2070397, "longitude_start": 6.1472506, "latitude_end": 46.2031849, "longitude_end": 6.1587459, "distance_in_km": 0.98300431011012845, "start_station": null, "end_station": null }, "geometry": { "type": "LineString", "coordinates": [ [ 6.1472506, 46.2070397 ], [ 6.1587459, 46.2031849 ] ] } },
{ "type": "Feature", "properties": { "trip_id": "54120400", "rental_id": "15947932", "vehicle_type": "bike", "trip_started_at_utc": "2024-10-27T21:06:05", "trip_ended_at_utc": "2024-10-27T21:08:29", "latitude_start": 46.2029587, "longitude_start": 6.1550703, "latitude_end": 46.2046104, "longitude_end": 6.1553974, "distance_in_km": 0.18537803521624119, "start_station": null, "end_station": null }, "geometry": { "type": "LineString", "coordinates": [ [ 6.1550703, 46.2029587 ], [ 6.1553974, 46.2046104 ] ] } },
{ "type": "Feature", "properties": { "trip_id": "46046784", "rental_id": "13704488", "vehicle_type": "bike", "trip_started_at_utc": "2024-07-10T10:33:17", "trip_ended_at_utc": "2024-07-10T10:37:29", "latitude_start": 46.1989182, "longitude_start": 6.1495399, "latitude_end": 46.2024423, "longitude_end": 6.148275, "distance_in_km": 0.40377371008380608, "start_station": null, "end_station": null }, "geometry": { "type": "LineString", "coordinates": [ [ 6.1495399, 46.1989182 ], [ 6.148275, 46.2024423 ] ] } },
{ "type": "Feature", "properties": { "trip_id": "46362729", "rental_id": "13788456", "vehicle_type": "bike", "trip_started_at_utc": "2024-07-14T19:25:19", "trip_ended_at_utc": "2024-07-14T19:35:40", "latitude_start": 46.1997773, "longitude_start": 6.142866, "latitude_end": 46.1996963, "longitude_end": 6.1429415, "distance_in_km": 0.010718538898249899, "start_station": null, "end_station": null }, "geometry": { "type": "LineString", "coordinates": [ [ 6.142866, 46.1997773 ], [ 6.1429415, 46.1996963 ] ] } },
{ "type": "Feature", "properties": { "trip_id": "51848051", "rental_id": "15240847", "vehicle_type": "bike", "trip_started_at_utc": "2024-09-18T08:09:35", "trip_ended_at_utc": "2024-09-18T08:13:16", "latitude_start": 46.2076942, "longitude_start": 6.1455139, "latitude_end": 46.2069655, "longitude_end": 6.1473435, "distance_in_km": 0.16244405033385559, "start_station": null, "end_station": null }, "geometry": { "type": "LineString", "coordinates": [ [ 6.1455139, 46.2076942 ], [ 6.1473435, 46.2069655 ] ] } },
{ "type": "Feature", "properties": { "trip_id": "45695545", "rental_id": "13602893", "vehicle_type": "bike", "trip_started_at_utc": "2024-07-04T17:34:39", "trip_ended_at_utc": "2024-07-04T17:39:38", "latitude_start": 46.2021807, "longitude_start": 6.1516021, "latitude_end": 46.2031769, "longitude_end": 6.1586916, "distance_in_km": 0.55673351082063471, "start_station": null, "end_station": null }, "geometry": { "type": "LineString", "coordinates": [ [ 6.1516021, 46.2021807 ], [ 6.1586916, 46.2031769 ] ] } },
{ "type": "Feature", "properties": { "trip_id": "45747048", "rental_id": "13619588", "vehicle_type": "bike", "trip_started_at_utc": "2024-07-05T15:51:04", "trip_ended_at_utc": "2024-07-05T15:55:14", "latitude_start": 46.2031429, "longitude_start": 6.1587263, "latitude_end": 46.2020352, "longitude_end": 6.151654, "distance_in_km": 0.55804210127343634, "start_station": null, "end_station": null }, "geometry": { "type": "LineString", "coordinates": [ [ 6.1587263, 46.2031429 ], [ 6.151654, 46.2020352 ] ] } },
{ "type": "Feature", "properties": { "trip_id": "45582055", "rental_id": "13566442", "vehicle_type": "bike", "trip_started_at_utc": "2024-07-02T15:38:14", "trip_ended_at_utc": "2024-07-02T15:44:32", "latitude_start": 46.2040472, "longitude_start": 6.1575537, "latitude_end": 46.202946, "longitude_end": 6.1453303, "distance_in_km": 0.94862477455019356, "start_station": null, "end_station": null }, "geometry": { "type": "LineString", "coordinates": [ [ 6.1575537, 46.2040472 ], [ 6.1453303, 46.202946 ] ] } },
{ "type": "Feature", "properties": { "trip_id": "50624762", "rental_id": "14874894", "vehicle_type": "bike", "trip_started_at_utc": "2024-09-01T03:58:48", "trip_ended_at_utc": "2024-09-01T04:02:02", "latitude_start": 46.2019651, "longitude_start": 6.1537381, "latitude_end": 46.2042761, "longitude_end": 6.1491505, "distance_in_km": 0.43667200463544242, "start_station": null, "end_station": null }, "geometry": { "type": "LineString", "coordinates": [ [ 6.1537381, 46.2019651 ], [ 6.1491505, 46.2042761 ] ] } },
{ "type": "Feature", "properties": { "trip_id": "47909294", "rental_id": "14166798", "vehicle_type": "bike", "trip_started_at_utc": "2024-08-02T06:30:02", "trip_ended_at_utc": "2024-08-02T06:35:00", "latitude_start": 46.2010139, "longitude_start": 6.1554938, "latitude_end": 46.2056738, "longitude_end": 6.1428475, "distance_in_km": 1.1025779594294345, "start_station": null, "end_station": null }, "geometry": { "type": "LineString", "coordinates": [ [ 6.1554938, 46.2010139 ], [ 6.1428475, 46.2056738 ] ] } },
{ "type": "Feature", "properties": { "trip_id": "49620859", "rental_id": "14588755", "vehicle_type": "bike", "trip_started_at_utc": "2024-08-20T06:17:32", "trip_ended_at_utc": "2024-08-20T06:18:45", "latitude_start": 46.2013652, "longitude_start": 6.1529826, "latitude_end": 46.2015468, "longitude_end": 6.1532981, "distance_in_km": 0.031580583541175697, "start_station": null, "end_station": null }, "geometry": { "type": "LineString", "coordinates": [ [ 6.1529826, 46.2013652 ], [ 6.1532981, 46.2015468 ] ] } },
{ "type": "Feature", "properties": { "trip_id": "45885852", "rental_id": "13657879", "vehicle_type": "bike", "trip_started_at_utc": "2024-07-07T18:39:29", "trip_ended_at_utc": "2024-07-07T18:41:15", "latitude_start": 46.203969, "longitude_start": 6.148135, "latitude_end": 46.2040862, "longitude_end": 6.1480993, "distance_in_km": 0.0133185138433357, "start_station": null, "end_station": null }, "geometry": { "type": "LineString", "coordinates": [ [ 6.148135, 46.203969 ], [ 6.1480993, 46.2040862 ] ] } },
{ "type": "Feature", "properties": { "trip_id": "46559097", "rental_id": "13838713", "vehicle_type": "bike", "trip_started_at_utc": "2024-07-17T16:23:23", "trip_ended_at_utc": "2024-07-17T16:28:25", "latitude_start": 46.2040995, "longitude_start": 6.1576043, "latitude_end": 46.2013717, "longitude_end": 6.1532456, "distance_in_km": 0.45224206882693241, "start_station": null, "end_station": null }, "geometry": { "type": "LineString", "coordinates": [ [ 6.1576043, 46.2040995 ], [ 6.1532456, 46.2013717 ] ] } },
{ "type": "Feature", "properties": { "trip_id": "49832047", "rental_id": "14645727", "vehicle_type": "bike", "trip_started_at_utc": "2024-08-22T15:56:20", "trip_ended_at_utc": "2024-08-22T15:59:45", "latitude_start": 46.2014384, "longitude_start": 6.1424163, "latitude_end": 46.2029104, "longitude_end": 6.1414771, "distance_in_km": 0.17892842108598139, "start_station": null, "end_station": null }, "geometry": { "type": "LineString", "coordinates": [ [ 6.1424163, 46.2014384 ], [ 6.1414771, 46.2029104 ] ] } },
{ "type": "Feature", "properties": { "trip_id": "46266152", "rental_id": "13763704", "vehicle_type": "bike", "trip_started_at_utc": "2024-07-13T14:28:10", "trip_ended_at_utc": "2024-07-13T14:32:22", "latitude_start": 46.2069266, "longitude_start": 6.1464589, "latitude_end": 46.2032333, "longitude_end": 6.1514726, "distance_in_km": 0.56349168169167185, "start_station": null, "end_station": null }, "geometry": { "type": "LineString", "coordinates": [ [ 6.1464589, 46.2069266 ], [ 6.1514726, 46.2032333 ] ] } },
{ "type": "Feature", "properties": { "trip_id": "49591582", "rental_id": "14580463", "vehicle_type": "bike", "trip_started_at_utc": "2024-08-19T16:37:09", "trip_ended_at_utc": "2024-08-19T16:39:09", "latitude_start": 46.2021816, "longitude_start": 6.1436011, "latitude_end": 46.203884, "longitude_end": 6.1433268, "distance_in_km": 0.19047193908496801, "start_station": null, "end_station": null }, "geometry": { "type": "LineString", "coordinates": [ [ 6.1436011, 46.2021816 ], [ 6.1433268, 46.203884 ] ] } },
{ "type": "Feature", "properties": { "trip_id": "46284308", "rental_id": "13768443", "vehicle_type": "bike", "trip_started_at_utc": "2024-07-13T19:09:05", "trip_ended_at_utc": "2024-07-13T19:13:50", "latitude_start": 46.2036696, "longitude_start": 6.1586774, "latitude_end": 46.2014834, "longitude_end": 6.1531342, "distance_in_km": 0.49100242704424568, "start_station": null, "end_station": null }, "geometry": { "type": "LineString", "coordinates": [ [ 6.1586774, 46.2036696 ], [ 6.1531342, 46.2014834 ] ] } },
{ "type": "Feature", "properties": { "trip_id": "51318633", "rental_id": "15079912", "vehicle_type": "bike", "trip_started_at_utc": "2024-09-10T06:39:34", "trip_ended_at_utc": "2024-09-10T06:43:19", "latitude_start": 46.2041104, "longitude_start": 6.1480096, "latitude_end": 46.2039614, "longitude_end": 6.1436413, "distance_in_km": 0.33658049869681522, "start_station": null, "end_station": null }, "geometry": { "type": "LineString", "coordinates": [ [ 6.1480096, 46.2041104 ], [ 6.1436413, 46.2039614 ] ] } },
{ "type": "Feature", "properties": { "trip_id": "52436383", "rental_id": "15424451", "vehicle_type": "bike", "trip_started_at_utc": "2024-09-27T07:16:59", "trip_ended_at_utc": "2024-09-27T07:52:37", "latitude_start": 46.2045135, "longitude_start": 6.1472501, "latitude_end": 46.204517, "longitude_end": 6.1472625, "distance_in_km": 0.0010305722102864001, "start_station": null, "end_station": null }, "geometry": { "type": "LineString", "coordinates": [ [ 6.1472501, 46.2045135 ], [ 6.1472625, 46.204517 ] ] } },
{ "type": "Feature", "properties": { "trip_id": "45568945", "rental_id": "13562653", "vehicle_type": "bike", "trip_started_at_utc": "2024-07-02T12:34:14", "trip_ended_at_utc": "2024-07-02T12:46:42", "latitude_start": 46.2040426, "longitude_start": 6.1575098, "latitude_end": 46.2017953, "longitude_end": 6.1439327, "distance_in_km": 1.0743436053584072, "start_station": null, "end_station": null }, "geometry": { "type": "LineString", "coordinates": [ [ 6.1575098, 46.2040426 ], [ 6.1439327, 46.2017953 ] ] } },
{ "type": "Feature", "properties": { "trip_id": "45795246", "rental_id": "13634154", "vehicle_type": "bike", "trip_started_at_utc": "2024-07-06T12:19:23", "trip_ended_at_utc": "2024-07-06T12:36:16", "latitude_start": 46.2038301, "longitude_start": 6.1431304, "latitude_end": 46.2079828, "longitude_end": 6.1488337, "distance_in_km": 0.63706471792538655, "start_station": null, "end_station": null }, "geometry": { "type": "LineString", "coordinates": [ [ 6.1431304, 46.2038301 ], [ 6.1488337, 46.2079828 ] ] } },
{ "type": "Feature", "properties": { "trip_id": "45942233", "rental_id": "13674247", "vehicle_type": "bike", "trip_started_at_utc": "2024-07-08T17:09:43", "trip_ended_at_utc": "2024-07-08T17:10:59", "latitude_start": 46.2040022, "longitude_start": 6.1433477, "latitude_end": 46.2039293, "longitude_end": 6.1433622, "distance_in_km": 0.0081825680929216993, "start_station": null, "end_station": null }, "geometry": { "type": "LineString", "coordinates": [ [ 6.1433477, 46.2040022 ], [ 6.1433622, 46.2039293 ] ] } },
{ "type": "Feature", "properties": { "trip_id": "46553829", "rental_id": "13837385", "vehicle_type": "bike", "trip_started_at_utc": "2024-07-17T15:31:00", "trip_ended_at_utc": "2024-07-17T15:34:07", "latitude_start": 46.1989519, "longitude_start": 6.1440242, "latitude_end": 46.1990916, "longitude_end": 6.1433293, "distance_in_km": 0.055692735372101398, "start_station": null, "end_station": null }, "geometry": { "type": "LineString", "coordinates": [ [ 6.1440242, 46.1989519 ], [ 6.1433293, 46.1990916 ] ] } },
{ "type": "Feature", "properties": { "trip_id": "46864698", "rental_id": "13913676", "vehicle_type": "bike", "trip_started_at_utc": "2024-07-20T22:33:34", "trip_ended_at_utc": "2024-07-20T22:45:22", "latitude_start": 46.2006656, "longitude_start": 6.1428789, "latitude_end": 46.2047192, "longitude_end": 6.1468171, "distance_in_km": 0.54316184460530326, "start_station": null, "end_station": null }, "geometry": { "type": "LineString", "coordinates": [ [ 6.1428789, 46.2006656 ], [ 6.1468171, 46.2047192 ] ] } },
{ "type": "Feature", "properties": { "trip_id": "49291754", "rental_id": "14509907", "vehicle_type": "bike", "trip_started_at_utc": "2024-08-16T17:01:58", "trip_ended_at_utc": "2024-08-16T17:05:39", "latitude_start": 46.2067687, "longitude_start": 6.144028, "latitude_end": 46.2067432, "longitude_end": 6.1439769, "distance_in_km": 0.0048479971423717001, "start_station": null, "end_station": null }, "geometry": { "type": "LineString", "coordinates": [ [ 6.144028, 46.2067687 ], [ 6.1439769, 46.2067432 ] ] } },
{ "type": "Feature", "properties": { "trip_id": "49769116", "rental_id": "14627899", "vehicle_type": "bike", "trip_started_at_utc": "2024-08-21T19:07:15", "trip_ended_at_utc": "2024-08-21T19:43:08", "latitude_start": 46.2017553, "longitude_start": 6.1437872, "latitude_end": 46.2014047, "longitude_end": 6.1537069, "distance_in_km": 0.76442197607923856, "start_station": null, "end_station": null }, "geometry": { "type": "LineString", "coordinates": [ [ 6.1437872, 46.2017553 ], [ 6.1537069, 46.2014047 ] ] } },
{ "type": "Feature", "properties": { "trip_id": "49159120", "rental_id": "14474635", "vehicle_type": "bike", "trip_started_at_utc": "2024-08-15T11:27:38", "trip_ended_at_utc": "2024-08-15T11:33:07", "latitude_start": 46.2029974, "longitude_start": 6.1451328, "latitude_end": 46.201317, "longitude_end": 6.1558885, "distance_in_km": 0.84858502910873135, "start_station": null, "end_station": null }, "geometry": { "type": "LineString", "coordinates": [ [ 6.1451328, 46.2029974 ], [ 6.1558885, 46.201317 ] ] } },
{ "type": "Feature", "properties": { "trip_id": "51433726", "rental_id": "15118593", "vehicle_type": "bike", "trip_started_at_utc": "2024-09-12T10:25:34", "trip_ended_at_utc": "2024-09-12T10:29:54", "latitude_start": 46.1988492, "longitude_start": 6.1552119, "latitude_end": 46.20233, "longitude_end": 6.156452, "distance_in_km": 0.39864145733332401, "start_station": null, "end_station": null }, "geometry": { "type": "LineString", "coordinates": [ [ 6.1552119, 46.1988492 ], [ 6.156452, 46.20233 ] ] } },
{ "type": "Feature", "properties": { "trip_id": "54383223", "rental_id": "16035359", "vehicle_type": "bike", "trip_started_at_utc": "2024-11-02T10:21:25", "trip_ended_at_utc": "2024-11-02T10:25:03", "latitude_start": 46.2067972, "longitude_start": 6.146537, "latitude_end": 46.2043437, "longitude_end": 6.1488615, "distance_in_km": 0.32623312689728828, "start_station": null, "end_station": null }, "geometry": { "type": "LineString", "coordinates": [ [ 6.146537, 46.2067972 ], [ 6.1488615, 46.2043437 ] ] } },
{ "type": "Feature", "properties": { "trip_id": "50696025", "rental_id": "14893995", "vehicle_type": "bike", "trip_started_at_utc": "2024-09-02T04:57:59", "trip_ended_at_utc": "2024-09-02T05:04:11", "latitude_start": 46.2023356, "longitude_start": 6.1564332, "latitude_end": 46.2078077, "longitude_end": 6.146367, "distance_in_km": 0.98504998121576604, "start_station": null, "end_station": null }, "geometry": { "type": "LineString", "coordinates": [ [ 6.1564332, 46.2023356 ], [ 6.146367, 46.2078077 ] ] } },
{ "type": "Feature", "properties": { "trip_id": "48586050", "rental_id": "14331632", "vehicle_type": "bike", "trip_started_at_utc": "2024-08-09T12:00:32", "trip_ended_at_utc": "2024-08-09T12:06:09", "latitude_start": 46.1974047, "longitude_start": 6.146371, "latitude_end": 46.197197, "longitude_end": 6.1530541, "distance_in_km": 0.51489444647494231, "start_station": null, "end_station": null }, "geometry": { "type": "LineString", "coordinates": [ [ 6.146371, 46.1974047 ], [ 6.1530541, 46.197197 ] ] } },
{ "type": "Feature", "properties": { "trip_id": "47080859", "rental_id": "13966468", "vehicle_type": "bike", "trip_started_at_utc": "2024-07-23T18:29:57", "trip_ended_at_utc": "2024-07-23T18:40:10", "latitude_start": 46.2052549, "longitude_start": 6.1580195, "latitude_end": 46.2056367, "longitude_end": 6.1428712, "distance_in_km": 1.1665147955665478, "start_station": null, "end_station": null }, "geometry": { "type": "LineString", "coordinates": [ [ 6.1580195, 46.2052549 ], [ 6.1428712, 46.2056367 ] ] } },
{ "type": "Feature", "properties": { "trip_id": "47140728", "rental_id": "13981447", "vehicle_type": "bike", "trip_started_at_utc": "2024-07-24T14:51:18", "trip_ended_at_utc": "2024-07-24T14:51:53", "latitude_start": 46.2025426, "longitude_start": 6.1474728, "latitude_end": 46.2025582, "longitude_end": 6.1474897, "distance_in_km": 0.0021680827698298999, "start_station": null, "end_station": null }, "geometry": { "type": "LineString", "coordinates": [ [ 6.1474728, 46.2025426 ], [ 6.1474897, 46.2025582 ] ] } },
{ "type": "Feature", "properties": { "trip_id": "52721979", "rental_id": "15517610", "vehicle_type": "bike", "trip_started_at_utc": "2024-10-02T18:27:51", "trip_ended_at_utc": "2024-10-02T18:30:02", "latitude_start": 46.2012067, "longitude_start": 6.1418019, "latitude_end": 46.2011928, "longitude_end": 6.1417332, "distance_in_km": 0.0055085206992069001, "start_station": null, "end_station": null }, "geometry": { "type": "LineString", "coordinates": [ [ 6.1418019, 46.2012067 ], [ 6.1417332, 46.2011928 ] ] } },
{ "type": "Feature", "properties": { "trip_id": "47957840", "rental_id": "14177845", "vehicle_type": "bike", "trip_started_at_utc": "2024-08-02T14:58:51", "trip_ended_at_utc": "2024-08-02T15:04:16", "latitude_start": 46.2013827, "longitude_start": 6.153034, "latitude_end": 46.2032401, "longitude_end": 6.158885, "distance_in_km": 0.49539714587997807, "start_station": null, "end_station": null }, "geometry": { "type": "LineString", "coordinates": [ [ 6.153034, 46.2013827 ], [ 6.158885, 46.2032401 ] ] } },
{ "type": "Feature", "properties": { "trip_id": "52591162", "rental_id": "15471323", "vehicle_type": "bike", "trip_started_at_utc": "2024-09-29T19:45:39", "trip_ended_at_utc": "2024-09-29T19:51:40", "latitude_start": 46.2069322, "longitude_start": 6.147319, "latitude_end": 46.2031538, "longitude_end": 6.1586832, "distance_in_km": 0.97022714272941035, "start_station": null, "end_station": null }, "geometry": { "type": "LineString", "coordinates": [ [ 6.147319, 46.2069322 ], [ 6.1586832, 46.2031538 ] ] } },
{ "type": "Feature", "properties": { "trip_id": "47824359", "rental_id": "14145975", "vehicle_type": "bike", "trip_started_at_utc": "2024-08-01T08:42:48", "trip_ended_at_utc": "2024-08-01T08:44:07", "latitude_start": 46.2043566, "longitude_start": 6.1465077, "latitude_end": 46.2043651, "longitude_end": 6.146411, "distance_in_km": 0.0075015058565782999, "start_station": null, "end_station": null }, "geometry": { "type": "LineString", "coordinates": [ [ 6.1465077, 46.2043566 ], [ 6.146411, 46.2043651 ] ] } },
{ "type": "Feature", "properties": { "trip_id": "51058498", "rental_id": "15004302", "vehicle_type": "bike", "trip_started_at_utc": "2024-09-06T17:01:26", "trip_ended_at_utc": "2024-09-06T17:03:04", "latitude_start": 46.204127, "longitude_start": 6.1433641, "latitude_end": 46.2038288, "longitude_end": 6.143366, "distance_in_km": 0.033158701561967797, "start_station": null, "end_station": null }, "geometry": { "type": "LineString", "coordinates": [ [ 6.1433641, 46.204127 ], [ 6.143366, 46.2038288 ] ] } },
{ "type": "Feature", "properties": { "trip_id": "51056344", "rental_id": "15004302", "vehicle_type": "bike", "trip_started_at_utc": "2024-09-06T16:40:52", "trip_ended_at_utc": "2024-09-06T16:46:51", "latitude_start": 46.2031954, "longitude_start": 6.1586909, "latitude_end": 46.2028173, "longitude_end": 6.1451829, "distance_in_km": 1.0404081982224871, "start_station": null, "end_station": null }, "geometry": { "type": "LineString", "coordinates": [ [ 6.1586909, 46.2031954 ], [ 6.1451829, 46.2028173 ] ] } },
{ "type": "Feature", "properties": { "trip_id": "49580417", "rental_id": "14578393", "vehicle_type": "bike", "trip_started_at_utc": "2024-08-19T15:11:16", "trip_ended_at_utc": "2024-08-19T15:18:19", "latitude_start": 46.2014283, "longitude_start": 6.1530251, "latitude_end": 46.1987259, "longitude_end": 6.144127, "distance_in_km": 0.74784946113747142, "start_station": null, "end_station": null }, "geometry": { "type": "LineString", "coordinates": [ [ 6.1530251, 46.2014283 ], [ 6.144127, 46.1987259 ] ] } },
{ "type": "Feature", "properties": { "trip_id": "45693786", "rental_id": "13602893", "vehicle_type": "bike", "trip_started_at_utc": "2024-07-04T17:08:39", "trip_ended_at_utc": "2024-07-04T17:10:38", "latitude_start": 46.2038691, "longitude_start": 6.1433322, "latitude_end": 46.2032954, "longitude_end": 6.1464335, "distance_in_km": 0.2470478999531186, "start_station": null, "end_station": null }, "geometry": { "type": "LineString", "coordinates": [ [ 6.1433322, 46.2038691 ], [ 6.1464335, 46.2032954 ] ] } },
{ "type": "Feature", "properties": { "trip_id": "49575307", "rental_id": "14577218", "vehicle_type": "bike", "trip_started_at_utc": "2024-08-19T14:32:55", "trip_ended_at_utc": "2024-08-19T14:39:58", "latitude_start": 46.2044592, "longitude_start": 6.1463529, "latitude_end": 46.2043917, "longitude_end": 6.146315, "distance_in_km": 0.0080524516934013992, "start_station": null, "end_station": null }, "geometry": { "type": "LineString", "coordinates": [ [ 6.1463529, 46.2044592 ], [ 6.146315, 46.2043917 ] ] } },
{ "type": "Feature", "properties": { "trip_id": "49635899", "rental_id": "14593511", "vehicle_type": "bike", "trip_started_at_utc": "2024-08-20T10:03:12", "trip_ended_at_utc": "2024-08-20T10:10:31", "latitude_start": 46.2012379, "longitude_start": 6.1557043, "latitude_end": 46.2027607, "longitude_end": 6.1414374, "distance_in_km": 1.1109623975112859, "start_station": null, "end_station": null }, "geometry": { "type": "LineString", "coordinates": [ [ 6.1557043, 46.2012379 ], [ 6.1414374, 46.2027607 ] ] } },
{ "type": "Feature", "properties": { "trip_id": "52364200", "rental_id": "15399098", "vehicle_type": "bike", "trip_started_at_utc": "2024-09-25T15:06:21", "trip_ended_at_utc": "2024-09-25T15:17:02", "latitude_start": 46.199756, "longitude_start": 6.1428476, "latitude_end": 46.2018412, "longitude_end": 6.1555592, "distance_in_km": 1.0054088748727359, "start_station": null, "end_station": null }, "geometry": { "type": "LineString", "coordinates": [ [ 6.1428476, 46.199756 ], [ 6.1555592, 46.2018412 ] ] } },
{ "type": "Feature", "properties": { "trip_id": "45724756", "rental_id": "13612983", "vehicle_type": "bike", "trip_started_at_utc": "2024-07-05T10:49:59", "trip_ended_at_utc": "2024-07-05T11:51:28", "latitude_start": 46.2037857, "longitude_start": 6.1435716, "latitude_end": 46.2053372, "longitude_end": 6.1579176, "distance_in_km": 1.1174165691504836, "start_station": null, "end_station": null }, "geometry": { "type": "LineString", "coordinates": [ [ 6.1435716, 46.2037857 ], [ 6.1579176, 46.2053372 ] ] } },
{ "type": "Feature", "properties": { "trip_id": "46359631", "rental_id": "13787728", "vehicle_type": "bike", "trip_started_at_utc": "2024-07-14T18:35:33", "trip_ended_at_utc": "2024-07-14T18:43:25", "latitude_start": 46.2032292, "longitude_start": 6.1587642, "latitude_end": 46.198742, "longitude_end": 6.1437994, "distance_in_km": 1.2551499269117363, "start_station": null, "end_station": null }, "geometry": { "type": "LineString", "coordinates": [ [ 6.1587642, 46.2032292 ], [ 6.1437994, 46.198742 ] ] } },
{ "type": "Feature", "properties": { "trip_id": "52265154", "rental_id": "15364977", "vehicle_type": "bike", "trip_started_at_utc": "2024-09-23T15:59:08", "trip_ended_at_utc": "2024-09-23T16:04:21", "latitude_start": 46.1998774, "longitude_start": 6.1428905, "latitude_end": 46.2031661, "longitude_end": 6.1489366, "distance_in_km": 0.59181341399305243, "start_station": null, "end_station": null }, "geometry": { "type": "LineString", "coordinates": [ [ 6.1428905, 46.1998774 ], [ 6.1489366, 46.2031661 ] ] } },
{ "type": "Feature", "properties": { "trip_id": "47934644", "rental_id": "14172760", "vehicle_type": "bike", "trip_started_at_utc": "2024-08-02T11:52:49", "trip_ended_at_utc": "2024-08-02T12:00:54", "latitude_start": 46.2031055, "longitude_start": 6.1554347, "latitude_end": 46.2037417, "longitude_end": 6.1432148, "distance_in_km": 0.94307771863794421, "start_station": null, "end_station": null }, "geometry": { "type": "LineString", "coordinates": [ [ 6.1554347, 46.2031055 ], [ 6.1432148, 46.2037417 ] ] } },
{ "type": "Feature", "properties": { "trip_id": "48855353", "rental_id": "14398198", "vehicle_type": "bike", "trip_started_at_utc": "2024-08-12T06:33:22", "trip_ended_at_utc": "2024-08-12T06:34:30", "latitude_start": 46.2048675, "longitude_start": 6.1435245, "latitude_end": 46.2057246, "longitude_end": 6.1428187, "distance_in_km": 0.1096961494755625, "start_station": null, "end_station": null }, "geometry": { "type": "LineString", "coordinates": [ [ 6.1435245, 46.2048675 ], [ 6.1428187, 46.2057246 ] ] } },
{ "type": "Feature", "properties": { "trip_id": "46283566", "rental_id": "13768242", "vehicle_type": "bike", "trip_started_at_utc": "2024-07-13T18:56:38", "trip_ended_at_utc": "2024-07-13T18:58:45", "latitude_start": 46.2013985, "longitude_start": 6.1529272, "latitude_end": 46.2014056, "longitude_end": 6.1530727, "distance_in_km": 0.011225616825133299, "start_station": null, "end_station": null }, "geometry": { "type": "LineString", "coordinates": [ [ 6.1529272, 46.2013985 ], [ 6.1530727, 46.2014056 ] ] } },
{ "type": "Feature", "properties": { "trip_id": "45890312", "rental_id": "13658955", "vehicle_type": "bike", "trip_started_at_utc": "2024-07-07T20:15:37", "trip_ended_at_utc": "2024-07-07T20:15:59", "latitude_start": 46.2032345, "longitude_start": 6.1588135, "latitude_end": 46.2032272, "longitude_end": 6.1588168, "distance_in_km": 0.00085052531373690005, "start_station": null, "end_station": null }, "geometry": { "type": "LineString", "coordinates": [ [ 6.1588135, 46.2032345 ], [ 6.1588168, 46.2032272 ] ] } },
{ "type": "Feature", "properties": { "trip_id": "48400190", "rental_id": "14284849", "vehicle_type": "bike", "trip_started_at_utc": "2024-08-07T12:00:27", "trip_ended_at_utc": "2024-08-07T12:03:09", "latitude_start": 46.2038209, "longitude_start": 6.1435047, "latitude_end": 46.202992, "longitude_end": 6.1482795, "distance_in_km": 0.37884291566396411, "start_station": null, "end_station": null }, "geometry": { "type": "LineString", "coordinates": [ [ 6.1435047, 46.2038209 ], [ 6.1482795, 46.202992 ] ] } },
{ "type": "Feature", "properties": { "trip_id": "50347627", "rental_id": "14795206", "vehicle_type": "bike", "trip_started_at_utc": "2024-08-29T06:25:07", "trip_ended_at_utc": "2024-08-29T06:26:27", "latitude_start": 46.2014379, "longitude_start": 6.1533442, "latitude_end": 46.2014068, "longitude_end": 6.1531472, "distance_in_km": 0.0155506940557647, "start_station": null, "end_station": null }, "geometry": { "type": "LineString", "coordinates": [ [ 6.1533442, 46.2014379 ], [ 6.1531472, 46.2014068 ] ] } },
{ "type": "Feature", "properties": { "trip_id": "45722940", "rental_id": "13612491", "vehicle_type": "bike", "trip_started_at_utc": "2024-07-05T10:22:16", "trip_ended_at_utc": "2024-07-05T10:30:30", "latitude_start": 46.2038696, "longitude_start": 6.1434479, "latitude_end": 46.2023852, "longitude_end": 6.1577323, "distance_in_km": 1.1116291522946564, "start_station": null, "end_station": null }, "geometry": { "type": "LineString", "coordinates": [ [ 6.1434479, 46.2038696 ], [ 6.1577323, 46.2023852 ] ] } },
{ "type": "Feature", "properties": { "trip_id": "47320031", "rental_id": "14025196", "vehicle_type": "bike", "trip_started_at_utc": "2024-07-26T15:39:00", "trip_ended_at_utc": "2024-07-26T15:45:52", "latitude_start": 46.2045781, "longitude_start": 6.1473677, "latitude_end": 46.2041373, "longitude_end": 6.1574411, "distance_in_km": 0.77676487990751997, "start_station": null, "end_station": null }, "geometry": { "type": "LineString", "coordinates": [ [ 6.1473677, 46.2045781 ], [ 6.1574411, 46.2041373 ] ] } },
{ "type": "Feature", "properties": { "trip_id": "46927895", "rental_id": "13928634", "vehicle_type": "bike", "trip_started_at_utc": "2024-07-21T15:56:10", "trip_ended_at_utc": "2024-07-21T16:09:33", "latitude_start": 46.1994869, "longitude_start": 6.1517818, "latitude_end": 46.2017044, "longitude_end": 6.1438631, "distance_in_km": 0.65743144509116735, "start_station": null, "end_station": null }, "geometry": { "type": "LineString", "coordinates": [ [ 6.1517818, 46.1994869 ], [ 6.1438631, 46.2017044 ] ] } },
{ "type": "Feature", "properties": { "trip_id": "47585534", "rental_id": "14087473", "vehicle_type": "bike", "trip_started_at_utc": "2024-07-29T13:37:27", "trip_ended_at_utc": "2024-07-29T13:41:02", "latitude_start": 46.1994591, "longitude_start": 6.151874, "latitude_end": 46.202618, "longitude_end": 6.1502104, "distance_in_km": 0.3738609287035255, "start_station": null, "end_station": null }, "geometry": { "type": "LineString", "coordinates": [ [ 6.151874, 46.1994591 ], [ 6.1502104, 46.202618 ] ] } },
{ "type": "Feature", "properties": { "trip_id": "48886140", "rental_id": "14406294", "vehicle_type": "bike", "trip_started_at_utc": "2024-08-12T13:00:10", "trip_ended_at_utc": "2024-08-12T13:09:32", "latitude_start": 46.2047134, "longitude_start": 6.1469937, "latitude_end": 46.2031673, "longitude_end": 6.1588251, "distance_in_km": 0.92660219696513735, "start_station": null, "end_station": null }, "geometry": { "type": "LineString", "coordinates": [ [ 6.1469937, 46.2047134 ], [ 6.1588251, 46.2031673 ] ] } },
{ "type": "Feature", "properties": { "trip_id": "51918459", "rental_id": "15264386", "vehicle_type": "bike", "trip_started_at_utc": "2024-09-19T10:22:51", "trip_ended_at_utc": "2024-09-19T10:30:36", "latitude_start": 46.2012252, "longitude_start": 6.1557549, "latitude_end": 46.2023313, "longitude_end": 6.1563942, "distance_in_km": 0.13246876383427439, "start_station": null, "end_station": null }, "geometry": { "type": "LineString", "coordinates": [ [ 6.1557549, 46.2012252 ], [ 6.1563942, 46.2023313 ] ] } },
{ "type": "Feature", "properties": { "trip_id": "49590682", "rental_id": "14580850", "vehicle_type": "bike", "trip_started_at_utc": "2024-08-19T16:29:27", "trip_ended_at_utc": "2024-08-19T16:36:19", "latitude_start": 46.207802, "longitude_start": 6.1465511, "latitude_end": 46.2038934, "longitude_end": 6.1434251, "distance_in_km": 0.49675089038680281, "start_station": null, "end_station": null }, "geometry": { "type": "LineString", "coordinates": [ [ 6.1465511, 46.207802 ], [ 6.1434251, 46.2038934 ] ] } },
{ "type": "Feature", "properties": { "trip_id": "50325946", "rental_id": "14788134", "vehicle_type": "bike", "trip_started_at_utc": "2024-08-28T18:14:13", "trip_ended_at_utc": "2024-08-28T18:20:42", "latitude_start": 46.203131, "longitude_start": 6.15146, "latitude_end": 46.203237, "longitude_end": 6.1513058, "distance_in_km": 0.016725771701534501, "start_station": null, "end_station": null }, "geometry": { "type": "LineString", "coordinates": [ [ 6.15146, 46.203131 ], [ 6.1513058, 46.203237 ] ] } },
{ "type": "Feature", "properties": { "trip_id": "46077239", "rental_id": "13712357", "vehicle_type": "bike", "trip_started_at_utc": "2024-07-10T16:52:45", "trip_ended_at_utc": "2024-07-10T17:06:12", "latitude_start": 46.2032083, "longitude_start": 6.1587727, "latitude_end": 46.2038775, "longitude_end": 6.1436077, "distance_in_km": 1.1694374003939605, "start_station": null, "end_station": null }, "geometry": { "type": "LineString", "coordinates": [ [ 6.1587727, 46.2032083 ], [ 6.1436077, 46.2038775 ] ] } },
{ "type": "Feature", "properties": { "trip_id": "45732230", "rental_id": "13615168", "vehicle_type": "bike", "trip_started_at_utc": "2024-07-05T12:48:45", "trip_ended_at_utc": "2024-07-05T12:56:16", "latitude_start": 46.2037339, "longitude_start": 6.1435896, "latitude_end": 46.20324, "longitude_end": 6.1588183, "distance_in_km": 1.1732570594856129, "start_station": null, "end_station": null }, "geometry": { "type": "LineString", "coordinates": [ [ 6.1435896, 46.2037339 ], [ 6.1588183, 46.20324 ] ] } },
{ "type": "Feature", "properties": { "trip_id": "46141382", "rental_id": "13730351", "vehicle_type": "bike", "trip_started_at_utc": "2024-07-11T16:02:14", "trip_ended_at_utc": "2024-07-11T16:10:38", "latitude_start": 46.2057288, "longitude_start": 6.1427284, "latitude_end": 46.2052049, "longitude_end": 6.158117, "distance_in_km": 1.1856658851455806, "start_station": null, "end_station": null }, "geometry": { "type": "LineString", "coordinates": [ [ 6.1427284, 46.2057288 ], [ 6.158117, 46.2052049 ] ] } },
{ "type": "Feature", "properties": { "trip_id": "48067667", "rental_id": "14203422", "vehicle_type": "bike", "trip_started_at_utc": "2024-08-03T15:42:23", "trip_ended_at_utc": "2024-08-03T15:45:09", "latitude_start": 46.2034399, "longitude_start": 6.1491187, "latitude_end": 46.2044001, "longitude_end": 6.1461271, "distance_in_km": 0.25377881588183498, "start_station": null, "end_station": null }, "geometry": { "type": "LineString", "coordinates": [ [ 6.1491187, 46.2034399 ], [ 6.1461271, 46.2044001 ] ] } },
{ "type": "Feature", "properties": { "trip_id": "51057960", "rental_id": "15004302", "vehicle_type": "bike", "trip_started_at_utc": "2024-09-06T16:56:19", "trip_ended_at_utc": "2024-09-06T16:58:20", "latitude_start": 46.2029548, "longitude_start": 6.1453989, "latitude_end": 46.2041372, "longitude_end": 6.143472, "distance_in_km": 0.1981823336497566, "start_station": null, "end_station": null }, "geometry": { "type": "LineString", "coordinates": [ [ 6.1453989, 46.2029548 ], [ 6.143472, 46.2041372 ] ] } },
{ "type": "Feature", "properties": { "trip_id": "45566078", "rental_id": "13561765", "vehicle_type": "bike", "trip_started_at_utc": "2024-07-02T11:42:53", "trip_ended_at_utc": "2024-07-02T11:49:51", "latitude_start": 46.2031982, "longitude_start": 6.158653, "latitude_end": 46.207759, "longitude_end": 6.146571, "distance_in_km": 1.0590883583406847, "start_station": null, "end_station": null }, "geometry": { "type": "LineString", "coordinates": [ [ 6.158653, 46.2031982 ], [ 6.146571, 46.207759 ] ] } },
{ "type": "Feature", "properties": { "trip_id": "45903616", "rental_id": "13663657", "vehicle_type": "bike", "trip_started_at_utc": "2024-07-08T08:33:39", "trip_ended_at_utc": "2024-07-08T08:36:51", "latitude_start": 46.2036503, "longitude_start": 6.1490766, "latitude_end": 46.2068757, "longitude_end": 6.1462907, "distance_in_km": 0.41784226299905308, "start_station": null, "end_station": null }, "geometry": { "type": "LineString", "coordinates": [ [ 6.1490766, 46.2036503 ], [ 6.1462907, 46.2068757 ] ] } },
{ "type": "Feature", "properties": { "trip_id": "46089508", "rental_id": "13715476", "vehicle_type": "bike", "trip_started_at_utc": "2024-07-10T19:36:08", "trip_ended_at_utc": "2024-07-10T19:43:32", "latitude_start": 46.2037947, "longitude_start": 6.1430269, "latitude_end": 46.2032116, "longitude_end": 6.1587699, "distance_in_km": 1.2132838616529105, "start_station": null, "end_station": null }, "geometry": { "type": "LineString", "coordinates": [ [ 6.1430269, 46.2037947 ], [ 6.1587699, 46.2032116 ] ] } },
{ "type": "Feature", "properties": { "trip_id": "49059090", "rental_id": "14450525", "vehicle_type": "bike", "trip_started_at_utc": "2024-08-14T10:40:04", "trip_ended_at_utc": "2024-08-14T10:45:06", "latitude_start": 46.2029198, "longitude_start": 6.145251, "latitude_end": 46.2015774, "longitude_end": 6.153166, "distance_in_km": 0.62715907065098642, "start_station": null, "end_station": null }, "geometry": { "type": "LineString", "coordinates": [ [ 6.145251, 46.2029198 ], [ 6.153166, 46.2015774 ] ] } },
{ "type": "Feature", "properties": { "trip_id": "49553038", "rental_id": "14572097", "vehicle_type": "bike", "trip_started_at_utc": "2024-08-19T11:12:24", "trip_ended_at_utc": "2024-08-19T11:57:05", "latitude_start": 46.2003881, "longitude_start": 6.1470271, "latitude_end": 46.1986854, "longitude_end": 6.1473141, "distance_in_km": 0.1906160324086382, "start_station": null, "end_station": null }, "geometry": { "type": "LineString", "coordinates": [ [ 6.1470271, 46.2003881 ], [ 6.1473141, 46.1986854 ] ] } },
{ "type": "Feature", "properties": { "trip_id": "47237480", "rental_id": "14004859", "vehicle_type": "bike", "trip_started_at_utc": "2024-07-25T15:54:27", "trip_ended_at_utc": "2024-07-25T16:08:36", "latitude_start": 46.2037727, "longitude_start": 6.1435831, "latitude_end": 46.205407, "longitude_end": 6.1577547, "distance_in_km": 1.1056335996364168, "start_station": null, "end_station": null }, "geometry": { "type": "LineString", "coordinates": [ [ 6.1435831, 46.2037727 ], [ 6.1577547, 46.205407 ] ] } },
{ "type": "Feature", "properties": { "trip_id": "47608012", "rental_id": "14092268", "vehicle_type": "bike", "trip_started_at_utc": "2024-07-29T16:52:14", "trip_ended_at_utc": "2024-07-29T16:55:59", "latitude_start": 46.2028494, "longitude_start": 6.1551363, "latitude_end": 46.2041009, "longitude_end": 6.1529531, "distance_in_km": 0.2181620472433943, "start_station": null, "end_station": null }, "geometry": { "type": "LineString", "coordinates": [ [ 6.1551363, 46.2028494 ], [ 6.1529531, 46.2041009 ] ] } },
{ "type": "Feature", "properties": { "trip_id": "45771364", "rental_id": "13626891", "vehicle_type": "bike", "trip_started_at_utc": "2024-07-05T23:43:51", "trip_ended_at_utc": "2024-07-05T23:48:51", "latitude_start": 46.2012217, "longitude_start": 6.155788, "latitude_end": 46.2032366, "longitude_end": 6.1588318, "distance_in_km": 0.3241454118084518, "start_station": null, "end_station": null }, "geometry": { "type": "LineString", "coordinates": [ [ 6.155788, 46.2012217 ], [ 6.1588318, 46.2032366 ] ] } },
{ "type": "Feature", "properties": { "trip_id": "47999585", "rental_id": "14187694", "vehicle_type": "bike", "trip_started_at_utc": "2024-08-02T22:31:16", "trip_ended_at_utc": "2024-08-02T22:57:08", "latitude_start": 46.205611, "longitude_start": 6.1429281, "latitude_end": 46.2056819, "longitude_end": 6.142864, "distance_in_km": 0.0092997807894107005, "start_station": null, "end_station": null }, "geometry": { "type": "LineString", "coordinates": [ [ 6.1429281, 46.205611 ], [ 6.142864, 46.2056819 ] ] } },
{ "type": "Feature", "properties": { "trip_id": "48942940", "rental_id": "14420414", "vehicle_type": "bike", "trip_started_at_utc": "2024-08-13T04:49:11", "trip_ended_at_utc": "2024-08-13T05:38:54", "latitude_start": 46.2019333, "longitude_start": 6.1505994, "latitude_end": 46.1986275, "longitude_end": 6.1471947, "distance_in_km": 0.45142386036052101, "start_station": null, "end_station": null }, "geometry": { "type": "LineString", "coordinates": [ [ 6.1505994, 46.2019333 ], [ 6.1471947, 46.1986275 ] ] } },
{ "type": "Feature", "properties": { "trip_id": "50368972", "rental_id": "14800372", "vehicle_type": "bike", "trip_started_at_utc": "2024-08-29T11:37:31", "trip_ended_at_utc": "2024-08-29T11:38:37", "latitude_start": 46.1999821, "longitude_start": 6.1429653, "latitude_end": 46.1998228, "longitude_end": 6.1428394, "distance_in_km": 0.0201904219113621, "start_station": null, "end_station": null }, "geometry": { "type": "LineString", "coordinates": [ [ 6.1429653, 46.1999821 ], [ 6.1428394, 46.1998228 ] ] } },
{ "type": "Feature", "properties": { "trip_id": "45979838", "rental_id": "13685583", "vehicle_type": "bike", "trip_started_at_utc": "2024-07-09T11:15:20", "trip_ended_at_utc": "2024-07-09T11:23:55", "latitude_start": 46.2025244, "longitude_start": 6.1475105, "latitude_end": 46.2033128, "longitude_end": 6.1463852, "distance_in_km": 0.1232283850345519, "start_station": null, "end_station": null }, "geometry": { "type": "LineString", "coordinates": [ [ 6.1475105, 46.2025244 ], [ 6.1463852, 46.2033128 ] ] } },
{ "type": "Feature", "properties": { "trip_id": "54120408", "rental_id": "15947936", "vehicle_type": "bike", "trip_started_at_utc": "2024-10-27T21:06:28", "trip_ended_at_utc": "2024-10-27T21:08:33", "latitude_start": 46.2027307, "longitude_start": 6.154998, "latitude_end": 46.2046342, "longitude_end": 6.1553605, "distance_in_km": 0.213490412110968, "start_station": null, "end_station": null }, "geometry": { "type": "LineString", "coordinates": [ [ 6.154998, 46.2027307 ], [ 6.1553605, 46.2046342 ] ] } },
{ "type": "Feature", "properties": { "trip_id": "46265090", "rental_id": "13763429", "vehicle_type": "bike", "trip_started_at_utc": "2024-07-13T14:10:03", "trip_ended_at_utc": "2024-07-13T14:19:37", "latitude_start": 46.2012776, "longitude_start": 6.1557812, "latitude_end": 46.2052869, "longitude_end": 6.1579143, "distance_in_km": 0.47507792168333368, "start_station": null, "end_station": null }, "geometry": { "type": "LineString", "coordinates": [ [ 6.1557812, 46.2012776 ], [ 6.1579143, 46.2052869 ] ] } },
{ "type": "Feature", "properties": { "trip_id": "53415918", "rental_id": "15735219", "vehicle_type": "bike", "trip_started_at_utc": "2024-10-15T16:49:22", "trip_ended_at_utc": "2024-10-15T16:53:20", "latitude_start": 46.202552, "longitude_start": 6.1497794, "latitude_end": 46.203675, "longitude_end": 6.1434606, "distance_in_km": 0.50206267083347145, "start_station": null, "end_station": null }, "geometry": { "type": "LineString", "coordinates": [ [ 6.1497794, 46.202552 ], [ 6.1434606, 46.203675 ] ] } },
{ "type": "Feature", "properties": { "trip_id": "45939844", "rental_id": "13673538", "vehicle_type": "bike", "trip_started_at_utc": "2024-07-08T16:41:05", "trip_ended_at_utc": "2024-07-08T16:50:12", "latitude_start": 46.203184, "longitude_start": 6.158818, "latitude_end": 46.2039748, "longitude_end": 6.1433478, "distance_in_km": 1.1937972606982343, "start_station": null, "end_station": null }, "geometry": { "type": "LineString", "coordinates": [ [ 6.158818, 46.203184 ], [ 6.1433478, 46.2039748 ] ] } },
{ "type": "Feature", "properties": { "trip_id": "50839887", "rental_id": "14939910", "vehicle_type": "bike", "trip_started_at_utc": "2024-09-04T06:06:43", "trip_ended_at_utc": "2024-09-04T06:11:20", "latitude_start": 46.2038754, "longitude_start": 6.1435314, "latitude_end": 46.2069222, "longitude_end": 6.1473576, "distance_in_km": 0.4488618514032498, "start_station": null, "end_station": null }, "geometry": { "type": "LineString", "coordinates": [ [ 6.1435314, 46.2038754 ], [ 6.1473576, 46.2069222 ] ] } },
{ "type": "Feature", "properties": { "trip_id": "47932769", "rental_id": "14172760", "vehicle_type": "bike", "trip_started_at_utc": "2024-08-02T11:36:16", "trip_ended_at_utc": "2024-08-02T11:44:59", "latitude_start": 46.2057167, "longitude_start": 6.1429201, "latitude_end": 46.2031596, "longitude_end": 6.1554265, "distance_in_km": 1.003573762647701, "start_station": null, "end_station": null }, "geometry": { "type": "LineString", "coordinates": [ [ 6.1429201, 46.2057167 ], [ 6.1554265, 46.2031596 ] ] } },
{ "type": "Feature", "properties": { "trip_id": "49802105", "rental_id": "14638381", "vehicle_type": "bike", "trip_started_at_utc": "2024-08-22T11:03:44", "trip_ended_at_utc": "2024-08-22T11:29:24", "latitude_start": 46.2025082, "longitude_start": 6.1416673, "latitude_end": 46.2024523, "longitude_end": 6.1416406, "distance_in_km": 0.0065466419661626999, "start_station": null, "end_station": null }, "geometry": { "type": "LineString", "coordinates": [ [ 6.1416673, 46.2025082 ], [ 6.1416406, 46.2024523 ] ] } },
{ "type": "Feature", "properties": { "trip_id": "45721915", "rental_id": "13612134", "vehicle_type": "bike", "trip_started_at_utc": "2024-07-05T10:04:55", "trip_ended_at_utc": "2024-07-05T10:08:20", "latitude_start": 46.2039694, "longitude_start": 6.1433715, "latitude_end": 46.1998689, "longitude_end": 6.1429395, "distance_in_km": 0.4571660317735976, "start_station": null, "end_station": null }, "geometry": { "type": "LineString", "coordinates": [ [ 6.1433715, 46.2039694 ], [ 6.1429395, 46.1998689 ] ] } },
{ "type": "Feature", "properties": { "trip_id": "47361285", "rental_id": "14035783", "vehicle_type": "bike", "trip_started_at_utc": "2024-07-27T07:14:35", "trip_ended_at_utc": "2024-07-27T07:16:02", "latitude_start": 46.2010344, "longitude_start": 6.1555495, "latitude_end": 46.2012021, "longitude_end": 6.1557769, "distance_in_km": 0.025573652682950698, "start_station": null, "end_station": null }, "geometry": { "type": "LineString", "coordinates": [ [ 6.1555495, 46.2010344 ], [ 6.1557769, 46.2012021 ] ] } },
{ "type": "Feature", "properties": { "trip_id": "46554371", "rental_id": "13837385", "vehicle_type": "bike", "trip_started_at_utc": "2024-07-17T15:36:20", "trip_ended_at_utc": "2024-07-17T15:42:10", "latitude_start": 46.1988667, "longitude_start": 6.1431797, "latitude_end": 46.2032448, "longitude_end": 6.1469737, "distance_in_km": 0.56767603307560499, "start_station": null, "end_station": null }, "geometry": { "type": "LineString", "coordinates": [ [ 6.1431797, 46.1988667 ], [ 6.1469737, 46.2032448 ] ] } },
{ "type": "Feature", "properties": { "trip_id": "45620535", "rental_id": "13579321", "vehicle_type": "bike", "trip_started_at_utc": "2024-07-03T11:38:40", "trip_ended_at_utc": "2024-07-03T11:44:56", "latitude_start": 46.2038653, "longitude_start": 6.1435637, "latitude_end": 46.2039918, "longitude_end": 6.1576143, "distance_in_km": 1.0813895121688823, "start_station": null, "end_station": null }, "geometry": { "type": "LineString", "coordinates": [ [ 6.1435637, 46.2038653 ], [ 6.1576143, 46.2039918 ] ] } },
{ "type": "Feature", "properties": { "trip_id": "45747860", "rental_id": "13619588", "vehicle_type": "bike", "trip_started_at_utc": "2024-07-05T15:59:30", "trip_ended_at_utc": "2024-07-05T16:02:22", "latitude_start": 46.2017615, "longitude_start": 6.1515522, "latitude_end": 46.203862, "longitude_end": 6.143593, "distance_in_km": 0.65555183794511063, "start_station": null, "end_station": null }, "geometry": { "type": "LineString", "coordinates": [ [ 6.1515522, 46.2017615 ], [ 6.143593, 46.203862 ] ] } },
{ "type": "Feature", "properties": { "trip_id": "46558763", "rental_id": "13838613", "vehicle_type": "bike", "trip_started_at_utc": "2024-07-17T16:19:53", "trip_ended_at_utc": "2024-07-17T16:20:07", "latitude_start": 46.2032344, "longitude_start": 6.158745, "latitude_end": 46.2032028, "longitude_end": 6.158702, "distance_in_km": 0.0048267412209508, "start_station": null, "end_station": null }, "geometry": { "type": "LineString", "coordinates": [ [ 6.158745, 46.2032344 ], [ 6.158702, 46.2032028 ] ] } },
{ "type": "Feature", "properties": { "trip_id": "51223191", "rental_id": "15047878", "vehicle_type": "bike", "trip_started_at_utc": "2024-09-08T13:15:11", "trip_ended_at_utc": "2024-09-08T13:16:50", "latitude_start": 46.2023348, "longitude_start": 6.1489756, "latitude_end": 46.2025219, "longitude_end": 6.1474513, "distance_in_km": 0.1191399559547744, "start_station": null, "end_station": null }, "geometry": { "type": "LineString", "coordinates": [ [ 6.1489756, 46.2023348 ], [ 6.1474513, 46.2025219 ] ] } },
{ "type": "Feature", "properties": { "trip_id": "47894211", "rental_id": "14162193", "vehicle_type": "bike", "trip_started_at_utc": "2024-08-01T20:19:33", "trip_ended_at_utc": "2024-08-01T20:29:22", "latitude_start": 46.1988025, "longitude_start": 6.1439205, "latitude_end": 46.1988951, "longitude_end": 6.1438963, "distance_in_km": 0.010463766089593599, "start_station": null, "end_station": null }, "geometry": { "type": "LineString", "coordinates": [ [ 6.1439205, 46.1988025 ], [ 6.1438963, 46.1988951 ] ] } },
{ "type": "Feature", "properties": { "trip_id": "46968677", "rental_id": "13938527", "vehicle_type": "bike", "trip_started_at_utc": "2024-07-22T09:46:44", "trip_ended_at_utc": "2024-07-22T09:49:45", "latitude_start": 46.2029029, "longitude_start": 6.1415198, "latitude_end": 46.2055617, "longitude_end": 6.1433453, "distance_in_km": 0.32732601399723388, "start_station": null, "end_station": null }, "geometry": { "type": "LineString", "coordinates": [ [ 6.1415198, 46.2029029 ], [ 6.1433453, 46.2055617 ] ] } },
{ "type": "Feature", "properties": { "trip_id": "46265141", "rental_id": "13763452", "vehicle_type": "bike", "trip_started_at_utc": "2024-07-13T14:11:07", "trip_ended_at_utc": "2024-07-13T14:19:05", "latitude_start": 46.2012742, "longitude_start": 6.155815, "latitude_end": 46.2053135, "longitude_end": 6.1579675, "distance_in_km": 0.47872424101389588, "start_station": null, "end_station": null }, "geometry": { "type": "LineString", "coordinates": [ [ 6.155815, 46.2012742 ], [ 6.1579675, 46.2053135 ] ] } },
{ "type": "Feature", "properties": { "trip_id": "47586657", "rental_id": "14087473", "vehicle_type": "bike", "trip_started_at_utc": "2024-07-29T13:48:18", "trip_ended_at_utc": "2024-07-29T13:51:58", "latitude_start": 46.2025032, "longitude_start": 6.1500952, "latitude_end": 46.1994372, "longitude_end": 6.1519227, "distance_in_km": 0.36879662633598848, "start_station": null, "end_station": null }, "geometry": { "type": "LineString", "coordinates": [ [ 6.1500952, 46.2025032 ], [ 6.1519227, 46.1994372 ] ] } },
{ "type": "Feature", "properties": { "trip_id": "45724790", "rental_id": "13613010", "vehicle_type": "bike", "trip_started_at_utc": "2024-07-05T10:50:37", "trip_ended_at_utc": "2024-07-05T11:50:48", "latitude_start": 46.2037789, "longitude_start": 6.1436036, "latitude_end": 46.2053505, "longitude_end": 6.1578373, "distance_in_km": 1.1092286318352922, "start_station": null, "end_station": null }, "geometry": { "type": "LineString", "coordinates": [ [ 6.1436036, 46.2037789 ], [ 6.1578373, 46.2053505 ] ] } },
{ "type": "Feature", "properties": { "trip_id": "46836080", "rental_id": "13907169", "vehicle_type": "bike", "trip_started_at_utc": "2024-07-20T17:17:13", "trip_ended_at_utc": "2024-07-20T17:30:37", "latitude_start": 46.2042763, "longitude_start": 6.1493336, "latitude_end": 46.2069903, "longitude_end": 6.1474718, "distance_in_km": 0.33406732593425981, "start_station": null, "end_station": null }, "geometry": { "type": "LineString", "coordinates": [ [ 6.1493336, 46.2042763 ], [ 6.1474718, 46.2069903 ] ] } },
{ "type": "Feature", "properties": { "trip_id": "48992078", "rental_id": "14432847", "vehicle_type": "bike", "trip_started_at_utc": "2024-08-13T14:32:16", "trip_ended_at_utc": "2024-08-13T14:35:19", "latitude_start": 46.203049, "longitude_start": 6.1457701, "latitude_end": 46.2037871, "longitude_end": 6.1446852, "distance_in_km": 0.11707642757249589, "start_station": null, "end_station": null }, "geometry": { "type": "LineString", "coordinates": [ [ 6.1457701, 46.203049 ], [ 6.1446852, 46.2037871 ] ] } },
{ "type": "Feature", "properties": { "trip_id": "48160868", "rental_id": "14225211", "vehicle_type": "bike", "trip_started_at_utc": "2024-08-04T16:49:34", "trip_ended_at_utc": "2024-08-04T16:54:51", "latitude_start": 46.198721, "longitude_start": 6.1442514, "latitude_end": 46.2018081, "longitude_end": 6.1437993, "distance_in_km": 0.34502933439548078, "start_station": null, "end_station": null }, "geometry": { "type": "LineString", "coordinates": [ [ 6.1442514, 46.198721 ], [ 6.1437993, 46.2018081 ] ] } },
{ "type": "Feature", "properties": { "trip_id": "45797480", "rental_id": "13634746", "vehicle_type": "bike", "trip_started_at_utc": "2024-07-06T12:46:38", "trip_ended_at_utc": "2024-07-06T12:52:56", "latitude_start": 46.2032003, "longitude_start": 6.1555834, "latitude_end": 46.2040919, "longitude_end": 6.1479838, "distance_in_km": 0.59319222407527294, "start_station": null, "end_station": null }, "geometry": { "type": "LineString", "coordinates": [ [ 6.1555834, 46.2032003 ], [ 6.1479838, 46.2040919 ] ] } },
{ "type": "Feature", "properties": { "trip_id": "49042512", "rental_id": "14446317", "vehicle_type": "bike", "trip_started_at_utc": "2024-08-14T06:35:57", "trip_ended_at_utc": "2024-08-14T06:37:19", "latitude_start": 46.2048895, "longitude_start": 6.1435739, "latitude_end": 46.2057352, "longitude_end": 6.1428757, "distance_in_km": 0.1083052907094058, "start_station": null, "end_station": null }, "geometry": { "type": "LineString", "coordinates": [ [ 6.1435739, 46.2048895 ], [ 6.1428757, 46.2057352 ] ] } },
{ "type": "Feature", "properties": { "trip_id": "46202408", "rental_id": "13746136", "vehicle_type": "bike", "trip_started_at_utc": "2024-07-12T14:17:08", "trip_ended_at_utc": "2024-07-12T14:22:58", "latitude_start": 46.2021716, "longitude_start": 6.151388, "latitude_end": 46.1998174, "longitude_end": 6.1428591, "distance_in_km": 0.70667090744682282, "start_station": null, "end_station": null }, "geometry": { "type": "LineString", "coordinates": [ [ 6.151388, 46.2021716 ], [ 6.1428591, 46.1998174 ] ] } },
{ "type": "Feature", "properties": { "trip_id": "46747847", "rental_id": "13886250", "vehicle_type": "bike", "trip_started_at_utc": "2024-07-19T20:37:34", "trip_ended_at_utc": "2024-07-19T20:45:41", "latitude_start": 46.2014705, "longitude_start": 6.1530815, "latitude_end": 46.2013786, "longitude_end": 6.1534519, "distance_in_km": 0.0302825914829866, "start_station": null, "end_station": null }, "geometry": { "type": "LineString", "coordinates": [ [ 6.1530815, 46.2014705 ], [ 6.1534519, 46.2013786 ] ] } },
{ "type": "Feature", "properties": { "trip_id": "49598730", "rental_id": "14582555", "vehicle_type": "bike", "trip_started_at_utc": "2024-08-19T17:42:36", "trip_ended_at_utc": "2024-08-19T18:54:24", "latitude_start": 46.201794, "longitude_start": 6.1505759, "latitude_end": 46.2031319, "longitude_end": 6.1489278, "distance_in_km": 0.1954980815246164, "start_station": null, "end_station": null }, "geometry": { "type": "LineString", "coordinates": [ [ 6.1505759, 46.201794 ], [ 6.1489278, 46.2031319 ] ] } },
{ "type": "Feature", "properties": { "trip_id": "46737417", "rental_id": "13882856", "vehicle_type": "bike", "trip_started_at_utc": "2024-07-19T18:37:16", "trip_ended_at_utc": "2024-07-19T18:44:31", "latitude_start": 46.2058642, "longitude_start": 6.157429, "latitude_end": 46.2006809, "longitude_end": 6.1583738, "distance_in_km": 0.58092583510291862, "start_station": null, "end_station": null }, "geometry": { "type": "LineString", "coordinates": [ [ 6.157429, 46.2058642 ], [ 6.1583738, 46.2006809 ] ] } },
{ "type": "Feature", "properties": { "trip_id": "46767551", "rental_id": "13891941", "vehicle_type": "bike", "trip_started_at_utc": "2024-07-20T07:58:20", "trip_ended_at_utc": "2024-07-20T08:06:57", "latitude_start": 46.2027853, "longitude_start": 6.1557079, "latitude_end": 46.2084429, "longitude_end": 6.146476, "distance_in_km": 0.94894184742560916, "start_station": null, "end_station": null }, "geometry": { "type": "LineString", "coordinates": [ [ 6.1557079, 46.2027853 ], [ 6.146476, 46.2084429 ] ] } },
{ "type": "Feature", "properties": { "trip_id": "47208153", "rental_id": "13998372", "vehicle_type": "bike", "trip_started_at_utc": "2024-07-25T11:37:54", "trip_ended_at_utc": "2024-07-25T11:42:24", "latitude_start": 46.2032021, "longitude_start": 6.1586946, "latitude_end": 46.2015699, "longitude_end": 6.153598, "distance_in_km": 0.43218712036013562, "start_station": null, "end_station": null }, "geometry": { "type": "LineString", "coordinates": [ [ 6.1586946, 46.2032021 ], [ 6.153598, 46.2015699 ] ] } },
{ "type": "Feature", "properties": { "trip_id": "52553708", "rental_id": "15461337", "vehicle_type": "bike", "trip_started_at_utc": "2024-09-29T10:07:19", "trip_ended_at_utc": "2024-09-29T10:16:38", "latitude_start": 46.2041621, "longitude_start": 6.1482409, "latitude_end": 46.1986343, "longitude_end": 6.1472925, "distance_in_km": 0.61898278347964775, "start_station": null, "end_station": null }, "geometry": { "type": "LineString", "coordinates": [ [ 6.1482409, 46.2041621 ], [ 6.1472925, 46.1986343 ] ] } },
{ "type": "Feature", "properties": { "trip_id": "46199652", "rental_id": "13746136", "vehicle_type": "bike", "trip_started_at_utc": "2024-07-12T13:48:35", "trip_ended_at_utc": "2024-07-12T13:55:21", "latitude_start": 46.1998458, "longitude_start": 6.1428421, "latitude_end": 46.2021674, "longitude_end": 6.1513153, "distance_in_km": 0.70134842786295482, "start_station": null, "end_station": null }, "geometry": { "type": "LineString", "coordinates": [ [ 6.1428421, 46.1998458 ], [ 6.1513153, 46.2021674 ] ] } },
{ "type": "Feature", "properties": { "trip_id": "48955089", "rental_id": "14424754", "vehicle_type": "bike", "trip_started_at_utc": "2024-08-13T08:35:17", "trip_ended_at_utc": "2024-08-13T08:43:21", "latitude_start": 46.2036125, "longitude_start": 6.1586495, "latitude_end": 46.2077742, "longitude_end": 6.1465364, "distance_in_km": 1.0407090845289724, "start_station": null, "end_station": null }, "geometry": { "type": "LineString", "coordinates": [ [ 6.1586495, 46.2036125 ], [ 6.1465364, 46.2077742 ] ] } },
{ "type": "Feature", "properties": { "trip_id": "50484826", "rental_id": "14835214", "vehicle_type": "bike", "trip_started_at_utc": "2024-08-30T15:30:10", "trip_ended_at_utc": "2024-08-30T15:34:18", "latitude_start": 46.2022814, "longitude_start": 6.1435424, "latitude_end": 46.2014226, "longitude_end": 6.1529938, "distance_in_km": 0.733624620111613, "start_station": null, "end_station": null }, "geometry": { "type": "LineString", "coordinates": [ [ 6.1435424, 46.2022814 ], [ 6.1529938, 46.2014226 ] ] } },
{ "type": "Feature", "properties": { "trip_id": "49936572", "rental_id": "14676418", "vehicle_type": "bike", "trip_started_at_utc": "2024-08-23T23:18:17", "trip_ended_at_utc": "2024-08-24T00:46:13", "latitude_start": 46.2032044, "longitude_start": 6.1500314, "latitude_end": 46.2042992, "longitude_end": 6.1459981, "distance_in_km": 0.33341236733547569, "start_station": null, "end_station": null }, "geometry": { "type": "LineString", "coordinates": [ [ 6.1500314, 46.2032044 ], [ 6.1459981, 46.2042992 ] ] } },
{ "type": "Feature", "properties": { "trip_id": "46060199", "rental_id": "13707862", "vehicle_type": "bike", "trip_started_at_utc": "2024-07-10T13:46:08", "trip_ended_at_utc": "2024-07-10T13:49:58", "latitude_start": 46.2017038, "longitude_start": 6.1438482, "latitude_end": 46.2026097, "longitude_end": 6.1475237, "distance_in_km": 0.30026674861824681, "start_station": null, "end_station": null }, "geometry": { "type": "LineString", "coordinates": [ [ 6.1438482, 46.2017038 ], [ 6.1475237, 46.2026097 ] ] } },
{ "type": "Feature", "properties": { "trip_id": "48401440", "rental_id": "14284849", "vehicle_type": "bike", "trip_started_at_utc": "2024-08-07T12:11:48", "trip_ended_at_utc": "2024-08-07T12:14:36", "latitude_start": 46.2020656, "longitude_start": 6.1517692, "latitude_end": 46.2016653, "longitude_end": 6.153883, "distance_in_km": 0.16865832352746829, "start_station": null, "end_station": null }, "geometry": { "type": "LineString", "coordinates": [ [ 6.1517692, 46.2020656 ], [ 6.153883, 46.2016653 ] ] } },
{ "type": "Feature", "properties": { "trip_id": "52018200", "rental_id": "15295988", "vehicle_type": "bike", "trip_started_at_utc": "2024-09-20T15:49:13", "trip_ended_at_utc": "2024-09-20T15:52:09", "latitude_start": 46.2042344, "longitude_start": 6.1461158, "latitude_end": 46.2069346, "longitude_end": 6.146468, "distance_in_km": 0.30146985563154188, "start_station": null, "end_station": null }, "geometry": { "type": "LineString", "coordinates": [ [ 6.1461158, 46.2042344 ], [ 6.146468, 46.2069346 ] ] } },
{ "type": "Feature", "properties": { "trip_id": "52554507", "rental_id": "15461590", "vehicle_type": "bike", "trip_started_at_utc": "2024-09-29T10:19:44", "trip_ended_at_utc": "2024-09-29T10:25:57", "latitude_start": 46.2032653, "longitude_start": 6.1587369, "latitude_end": 46.2077406, "longitude_end": 6.1464373, "distance_in_km": 1.0693615896760038, "start_station": null, "end_station": null }, "geometry": { "type": "LineString", "coordinates": [ [ 6.1587369, 46.2032653 ], [ 6.1464373, 46.2077406 ] ] } },
{ "type": "Feature", "properties": { "trip_id": "45974451", "rental_id": "13684244", "vehicle_type": "bike", "trip_started_at_utc": "2024-07-09T10:06:04", "trip_ended_at_utc": "2024-07-09T10:12:33", "latitude_start": 46.2032102, "longitude_start": 6.1588079, "latitude_end": 46.2025015, "longitude_end": 6.1475226, "distance_in_km": 0.87207243033189663, "start_station": null, "end_station": null }, "geometry": { "type": "LineString", "coordinates": [ [ 6.1588079, 46.2032102 ], [ 6.1475226, 46.2025015 ] ] } },
{ "type": "Feature", "properties": { "trip_id": "46711516", "rental_id": "13877676", "vehicle_type": "bike", "trip_started_at_utc": "2024-07-19T14:56:39", "trip_ended_at_utc": "2024-07-19T15:00:54", "latitude_start": 46.2036734, "longitude_start": 6.1587237, "latitude_end": 46.2014464, "longitude_end": 6.1530477, "distance_in_km": 0.50212961438427595, "start_station": null, "end_station": null }, "geometry": { "type": "LineString", "coordinates": [ [ 6.1587237, 46.2036734 ], [ 6.1530477, 46.2014464 ] ] } },
{ "type": "Feature", "properties": { "trip_id": "47277488", "rental_id": "14015467", "vehicle_type": "bike", "trip_started_at_utc": "2024-07-26T07:32:38", "trip_ended_at_utc": "2024-07-26T07:33:35", "latitude_start": 46.20409, "longitude_start": 6.1576263, "latitude_end": 46.2040183, "longitude_end": 6.1575434, "distance_in_km": 0.0102110261108007, "start_station": null, "end_station": null }, "geometry": { "type": "LineString", "coordinates": [ [ 6.1576263, 46.20409 ], [ 6.1575434, 46.2040183 ] ] } },
{ "type": "Feature", "properties": { "trip_id": "50739447", "rental_id": "14907689", "vehicle_type": "bike", "trip_started_at_utc": "2024-09-02T15:26:49", "trip_ended_at_utc": "2024-09-02T15:31:07", "latitude_start": 46.2069435, "longitude_start": 6.1473253, "latitude_end": 46.2017591, "longitude_end": 6.1438032, "distance_in_km": 0.63702196005430511, "start_station": null, "end_station": null }, "geometry": { "type": "LineString", "coordinates": [ [ 6.1473253, 46.2069435 ], [ 6.1438032, 46.2017591 ] ] } },
{ "type": "Feature", "properties": { "trip_id": "52107395", "rental_id": "15320765", "vehicle_type": "bike", "trip_started_at_utc": "2024-09-21T14:47:58", "trip_ended_at_utc": "2024-09-21T14:55:17", "latitude_start": 46.2031925, "longitude_start": 6.1586688, "latitude_end": 46.2028794, "longitude_end": 6.1452462, "distance_in_km": 1.0335720740168102, "start_station": null, "end_station": null }, "geometry": { "type": "LineString", "coordinates": [ [ 6.1586688, 46.2031925 ], [ 6.1452462, 46.2028794 ] ] } },
{ "type": "Feature", "properties": { "trip_id": "45583370", "rental_id": "13566442", "vehicle_type": "bike", "trip_started_at_utc": "2024-07-02T15:53:19", "trip_ended_at_utc": "2024-07-02T15:58:10", "latitude_start": 46.2019794, "longitude_start": 6.1519057, "latitude_end": 46.2031971, "longitude_end": 6.1587229, "distance_in_km": 0.54183781810900455, "start_station": null, "end_station": null }, "geometry": { "type": "LineString", "coordinates": [ [ 6.1519057, 46.2019794 ], [ 6.1587229, 46.2031971 ] ] } },
{ "type": "Feature", "properties": { "trip_id": "47444999", "rental_id": "14053855", "vehicle_type": "bike", "trip_started_at_utc": "2024-07-27T19:39:10", "trip_ended_at_utc": "2024-07-27T19:39:38", "latitude_start": 46.2039053, "longitude_start": 6.1559911, "latitude_end": 46.2038886, "longitude_end": 6.1559692, "distance_in_km": 0.0025077402430865002, "start_station": null, "end_station": null }, "geometry": { "type": "LineString", "coordinates": [ [ 6.1559911, 46.2039053 ], [ 6.1559692, 46.2038886 ] ] } },
{ "type": "Feature", "properties": { "trip_id": "51670820", "rental_id": "15189271", "vehicle_type": "bike", "trip_started_at_utc": "2024-09-15T13:50:19", "trip_ended_at_utc": "2024-09-15T14:01:19", "latitude_start": 46.2084381, "longitude_start": 6.1467124, "latitude_end": 46.2050484, "longitude_end": 6.1580046, "distance_in_km": 0.94719757638794777, "start_station": null, "end_station": null }, "geometry": { "type": "LineString", "coordinates": [ [ 6.1467124, 46.2084381 ], [ 6.1580046, 46.2050484 ] ] } },
{ "type": "Feature", "properties": { "trip_id": "47015818", "rental_id": "13949946", "vehicle_type": "bike", "trip_started_at_utc": "2024-07-22T20:45:15", "trip_ended_at_utc": "2024-07-22T21:04:53", "latitude_start": 46.2030969, "longitude_start": 6.1513843, "latitude_end": 46.2026864, "longitude_end": 6.1524333, "distance_in_km": 0.092740664607635706, "start_station": null, "end_station": null }, "geometry": { "type": "LineString", "coordinates": [ [ 6.1513843, 46.2030969 ], [ 6.1524333, 46.2026864 ] ] } },
{ "type": "Feature", "properties": { "trip_id": "45539218", "rental_id": "13552488", "vehicle_type": "bike", "trip_started_at_utc": "2024-07-01T18:23:00", "trip_ended_at_utc": "2024-07-01T18:33:04", "latitude_start": 46.2032425, "longitude_start": 6.1489909, "latitude_end": 46.2032309, "longitude_end": 6.1489479, "distance_in_km": 0.0035517072996378999, "start_station": null, "end_station": null }, "geometry": { "type": "LineString", "coordinates": [ [ 6.1489909, 46.2032425 ], [ 6.1489479, 46.2032309 ] ] } },
{ "type": "Feature", "properties": { "trip_id": "45885257", "rental_id": "13657709", "vehicle_type": "bike", "trip_started_at_utc": "2024-07-07T18:28:18", "trip_ended_at_utc": "2024-07-07T18:34:41", "latitude_start": 46.203673, "longitude_start": 6.158723, "latitude_end": 46.2041801, "longitude_end": 6.1481123, "distance_in_km": 0.81851674319319601, "start_station": null, "end_station": null }, "geometry": { "type": "LineString", "coordinates": [ [ 6.158723, 46.203673 ], [ 6.1481123, 46.2041801 ] ] } },
{ "type": "Feature", "properties": { "trip_id": "49149409", "rental_id": "14474635", "vehicle_type": "bike", "trip_started_at_utc": "2024-08-15T09:59:49", "trip_ended_at_utc": "2024-08-15T10:03:12", "latitude_start": 46.201742, "longitude_start": 6.1539478, "latitude_end": 46.2031571, "longitude_end": 6.1454666, "distance_in_km": 0.67140794044877494, "start_station": null, "end_station": null }, "geometry": { "type": "LineString", "coordinates": [ [ 6.1539478, 46.201742 ], [ 6.1454666, 46.2031571 ] ] } },
{ "type": "Feature", "properties": { "trip_id": "51929963", "rental_id": "15267866", "vehicle_type": "bike", "trip_started_at_utc": "2024-09-19T13:11:38", "trip_ended_at_utc": "2024-09-19T13:19:09", "latitude_start": 46.2035485, "longitude_start": 6.1586441, "latitude_end": 46.2077832, "longitude_end": 6.1465906, "distance_in_km": 1.0402524242735669, "start_station": null, "end_station": null }, "geometry": { "type": "LineString", "coordinates": [ [ 6.1586441, 46.2035485 ], [ 6.1465906, 46.2077832 ] ] } },
{ "type": "Feature", "properties": { "trip_id": "51331183", "rental_id": "15084063", "vehicle_type": "bike", "trip_started_at_utc": "2024-09-10T10:34:47", "trip_ended_at_utc": "2024-09-10T10:40:14", "latitude_start": 46.2040223, "longitude_start": 6.143292, "latitude_end": 46.2047485, "longitude_end": 6.1469271, "distance_in_km": 0.29116688324130968, "start_station": null, "end_station": null }, "geometry": { "type": "LineString", "coordinates": [ [ 6.143292, 46.2040223 ], [ 6.1469271, 46.2047485 ] ] } },
{ "type": "Feature", "properties": { "trip_id": "45989066", "rental_id": "13687878", "vehicle_type": "bike", "trip_started_at_utc": "2024-07-09T13:12:15", "trip_ended_at_utc": "2024-07-09T13:18:28", "latitude_start": 46.2031682, "longitude_start": 6.1586884, "latitude_end": 46.2024743, "longitude_end": 6.1475605, "distance_in_km": 0.85986065137873202, "start_station": null, "end_station": null }, "geometry": { "type": "LineString", "coordinates": [ [ 6.1586884, 46.2031682 ], [ 6.1475605, 46.2024743 ] ] } },
{ "type": "Feature", "properties": { "trip_id": "53910094", "rental_id": "15880872", "vehicle_type": "bike", "trip_started_at_utc": "2024-10-24T12:06:33", "trip_ended_at_utc": "2024-10-24T12:13:52", "latitude_start": 46.2018378, "longitude_start": 6.150392, "latitude_end": 46.2069993, "longitude_end": 6.1473157, "distance_in_km": 0.62084334901004534, "start_station": null, "end_station": null }, "geometry": { "type": "LineString", "coordinates": [ [ 6.150392, 46.2018378 ], [ 6.1473157, 46.2069993 ] ] } },
{ "type": "Feature", "properties": { "trip_id": "50703202", "rental_id": "14897231", "vehicle_type": "bike", "trip_started_at_utc": "2024-09-02T07:34:53", "trip_ended_at_utc": "2024-09-02T07:46:10", "latitude_start": 46.2031963, "longitude_start": 6.1587344, "latitude_end": 46.2071142, "longitude_end": 6.144876, "distance_in_km": 1.1520321250702166, "start_station": null, "end_station": null }, "geometry": { "type": "LineString", "coordinates": [ [ 6.1587344, 46.2031963 ], [ 6.144876, 46.2071142 ] ] } },
{ "type": "Feature", "properties": { "trip_id": "50427805", "rental_id": "14818038", "vehicle_type": "bike", "trip_started_at_utc": "2024-08-29T21:33:08", "trip_ended_at_utc": "2024-08-29T21:39:09", "latitude_start": 46.2017263, "longitude_start": 6.152677, "latitude_end": 46.2031645, "longitude_end": 6.1587971, "distance_in_km": 0.49740881939692227, "start_station": null, "end_station": null }, "geometry": { "type": "LineString", "coordinates": [ [ 6.152677, 46.2017263 ], [ 6.1587971, 46.2031645 ] ] } },
{ "type": "Feature", "properties": { "trip_id": "49552478", "rental_id": "14570748", "vehicle_type": "bike", "trip_started_at_utc": "2024-08-19T11:06:30", "trip_ended_at_utc": "2024-08-19T11:08:01", "latitude_start": 46.2021994, "longitude_start": 6.1516513, "latitude_end": 46.2015401, "longitude_end": 6.1530234, "distance_in_km": 0.12855065231442631, "start_station": null, "end_station": null }, "geometry": { "type": "LineString", "coordinates": [ [ 6.1516513, 46.2021994 ], [ 6.1530234, 46.2015401 ] ] } },
{ "type": "Feature", "properties": { "trip_id": "50394106", "rental_id": "14809023", "vehicle_type": "bike", "trip_started_at_utc": "2024-08-29T15:32:39", "trip_ended_at_utc": "2024-08-29T15:35:03", "latitude_start": 46.2038013, "longitude_start": 6.1440308, "latitude_end": 46.2020797, "longitude_end": 6.1511575, "distance_in_km": 0.58091112925876698, "start_station": null, "end_station": null }, "geometry": { "type": "LineString", "coordinates": [ [ 6.1440308, 46.2038013 ], [ 6.1511575, 46.2020797 ] ] } },
{ "type": "Feature", "properties": { "trip_id": "45885631", "rental_id": "13657820", "vehicle_type": "bike", "trip_started_at_utc": "2024-07-07T18:35:12", "trip_ended_at_utc": "2024-07-07T18:35:34", "latitude_start": 46.2041195, "longitude_start": 6.1480653, "latitude_end": 46.2041138, "longitude_end": 6.1481087, "distance_in_km": 0.0033995474696087999, "start_station": null, "end_station": null }, "geometry": { "type": "LineString", "coordinates": [ [ 6.1480653, 46.2041195 ], [ 6.1481087, 46.2041138 ] ] } },
{ "type": "Feature", "properties": { "trip_id": "50611791", "rental_id": "14870725", "vehicle_type": "bike", "trip_started_at_utc": "2024-08-31T21:10:42", "trip_ended_at_utc": "2024-08-31T21:12:32", "latitude_start": 46.2032617, "longitude_start": 6.1489415, "latitude_end": 46.2033194, "longitude_end": 6.148958, "distance_in_km": 0.0065404076189478997, "start_station": null, "end_station": null }, "geometry": { "type": "LineString", "coordinates": [ [ 6.1489415, 46.2032617 ], [ 6.148958, 46.2033194 ] ] } },
{ "type": "Feature", "properties": { "trip_id": "46942330", "rental_id": "13931617", "vehicle_type": "bike", "trip_started_at_utc": "2024-07-21T18:25:38", "trip_ended_at_utc": "2024-07-21T19:15:04", "latitude_start": 46.20311, "longitude_start": 6.1554705, "latitude_end": 46.2022816, "longitude_end": 6.1564692, "distance_in_km": 0.11996797642754579, "start_station": null, "end_station": null }, "geometry": { "type": "LineString", "coordinates": [ [ 6.1554705, 46.20311 ], [ 6.1564692, 46.2022816 ] ] } },
{ "type": "Feature", "properties": { "trip_id": "49162279", "rental_id": "14477636", "vehicle_type": "bike", "trip_started_at_utc": "2024-08-15T11:55:57", "trip_ended_at_utc": "2024-08-15T12:03:10", "latitude_start": 46.2036936, "longitude_start": 6.1585366, "latitude_end": 46.2057274, "longitude_end": 6.1428535, "distance_in_km": 1.2279186528818395, "start_station": null, "end_station": null }, "geometry": { "type": "LineString", "coordinates": [ [ 6.1585366, 46.2036936 ], [ 6.1428535, 46.2057274 ] ] } },
{ "type": "Feature", "properties": { "trip_id": "46061543", "rental_id": "13708206", "vehicle_type": "bike", "trip_started_at_utc": "2024-07-10T14:02:16", "trip_ended_at_utc": "2024-07-10T14:05:12", "latitude_start": 46.2025632, "longitude_start": 6.1475283, "latitude_end": 46.2017442, "longitude_end": 6.1529887, "distance_in_km": 0.42998649201123018, "start_station": null, "end_station": null }, "geometry": { "type": "LineString", "coordinates": [ [ 6.1475283, 46.2025632 ], [ 6.1529887, 46.2017442 ] ] } },
{ "type": "Feature", "properties": { "trip_id": "47321708", "rental_id": "14025196", "vehicle_type": "bike", "trip_started_at_utc": "2024-07-26T15:54:32", "trip_ended_at_utc": "2024-07-26T15:56:51", "latitude_start": 46.2042889, "longitude_start": 6.1575166, "latitude_end": 46.2032493, "longitude_end": 6.158862, "distance_in_km": 0.15518789981963541, "start_station": null, "end_station": null }, "geometry": { "type": "LineString", "coordinates": [ [ 6.1575166, 46.2042889 ], [ 6.158862, 46.2032493 ] ] } },
{ "type": "Feature", "properties": { "trip_id": "50437903", "rental_id": "14822089", "vehicle_type": "bike", "trip_started_at_utc": "2024-08-30T06:33:28", "trip_ended_at_utc": "2024-08-30T06:34:35", "latitude_start": 46.2048796, "longitude_start": 6.1435441, "latitude_end": 46.2057144, "longitude_end": 6.1428701, "distance_in_km": 0.10633388905614791, "start_station": null, "end_station": null }, "geometry": { "type": "LineString", "coordinates": [ [ 6.1435441, 46.2048796 ], [ 6.1428701, 46.2057144 ] ] } },
{ "type": "Feature", "properties": { "trip_id": "45894468", "rental_id": "13660119", "vehicle_type": "bike", "trip_started_at_utc": "2024-07-07T23:04:06", "trip_ended_at_utc": "2024-07-07T23:35:24", "latitude_start": 46.2031747, "longitude_start": 6.1514763, "latitude_end": 46.2024616, "longitude_end": 6.1523551, "distance_in_km": 0.104218246411295, "start_station": null, "end_station": null }, "geometry": { "type": "LineString", "coordinates": [ [ 6.1514763, 46.2031747 ], [ 6.1523551, 46.2024616 ] ] } },
{ "type": "Feature", "properties": { "trip_id": "47460836", "rental_id": "14057740", "vehicle_type": "bike", "trip_started_at_utc": "2024-07-28T00:49:18", "trip_ended_at_utc": "2024-07-28T01:05:11", "latitude_start": 46.2069274, "longitude_start": 6.1474237, "latitude_end": 46.2014141, "longitude_end": 6.1530873, "distance_in_km": 0.75219781034346733, "start_station": null, "end_station": null }, "geometry": { "type": "LineString", "coordinates": [ [ 6.1474237, 46.2069274 ], [ 6.1530873, 46.2014141 ] ] } },
{ "type": "Feature", "properties": { "trip_id": "47988725", "rental_id": "14185036", "vehicle_type": "bike", "trip_started_at_utc": "2024-08-02T19:41:51", "trip_ended_at_utc": "2024-08-02T19:42:26", "latitude_start": 46.2031534, "longitude_start": 6.1514339, "latitude_end": 46.2031245, "longitude_end": 6.1515284, "distance_in_km": 0.0079509288367204008, "start_station": null, "end_station": null }, "geometry": { "type": "LineString", "coordinates": [ [ 6.1514339, 46.2031534 ], [ 6.1515284, 46.2031245 ] ] } },
{ "type": "Feature", "properties": { "trip_id": "45890238", "rental_id": "13658948", "vehicle_type": "bike", "trip_started_at_utc": "2024-07-07T20:14:31", "trip_ended_at_utc": "2024-07-07T20:15:01", "latitude_start": 46.2032306, "longitude_start": 6.1588124, "latitude_end": 46.2032269, "longitude_end": 6.1588192, "distance_in_km": 0.00066567921745770003, "start_station": null, "end_station": null }, "geometry": { "type": "LineString", "coordinates": [ [ 6.1588124, 46.2032306 ], [ 6.1588192, 46.2032269 ] ] } },
{ "type": "Feature", "properties": { "trip_id": "48267169", "rental_id": "14250314", "vehicle_type": "bike", "trip_started_at_utc": "2024-08-05T21:02:39", "trip_ended_at_utc": "2024-08-05T21:03:52", "latitude_start": 46.2019838, "longitude_start": 6.153407, "latitude_end": 46.201679, "longitude_end": 6.1537268, "distance_in_km": 0.041885947389506503, "start_station": null, "end_station": null }, "geometry": { "type": "LineString", "coordinates": [ [ 6.153407, 46.2019838 ], [ 6.1537268, 46.201679 ] ] } },
{ "type": "Feature", "properties": { "trip_id": "48858616", "rental_id": "14399103", "vehicle_type": "bike", "trip_started_at_utc": "2024-08-12T07:33:55", "trip_ended_at_utc": "2024-08-12T07:39:09", "latitude_start": 46.2024723, "longitude_start": 6.1549933, "latitude_end": 46.2068519, "longitude_end": 6.1462725, "distance_in_km": 0.82919431692579071, "start_station": null, "end_station": null }, "geometry": { "type": "LineString", "coordinates": [ [ 6.1549933, 46.2024723 ], [ 6.1462725, 46.2068519 ] ] } },
{ "type": "Feature", "properties": { "trip_id": "48222681", "rental_id": "14240371", "vehicle_type": "bike", "trip_started_at_utc": "2024-08-05T13:41:52", "trip_ended_at_utc": "2024-08-05T13:50:00", "latitude_start": 46.203144, "longitude_start": 6.1586528, "latitude_end": 46.2081283, "longitude_end": 6.1486368, "distance_in_km": 0.94935500700540365, "start_station": null, "end_station": null }, "geometry": { "type": "LineString", "coordinates": [ [ 6.1586528, 46.203144 ], [ 6.1486368, 46.2081283 ] ] } },
{ "type": "Feature", "properties": { "trip_id": "46179352", "rental_id": "13740912", "vehicle_type": "bike", "trip_started_at_utc": "2024-07-12T09:15:28", "trip_ended_at_utc": "2024-07-12T09:21:20", "latitude_start": 46.2026593, "longitude_start": 6.1558341, "latitude_end": 46.2069164, "longitude_end": 6.1472873, "distance_in_km": 0.81036159974313815, "start_station": null, "end_station": null }, "geometry": { "type": "LineString", "coordinates": [ [ 6.1558341, 46.2026593 ], [ 6.1472873, 46.2069164 ] ] } },
{ "type": "Feature", "properties": { "trip_id": "47176001", "rental_id": "13989025", "vehicle_type": "bike", "trip_started_at_utc": "2024-07-24T20:57:14", "trip_ended_at_utc": "2024-07-24T21:05:18", "latitude_start": 46.2056265, "longitude_start": 6.1573753, "latitude_end": 46.2015962, "longitude_end": 6.153772, "distance_in_km": 0.52700535405850657, "start_station": null, "end_station": null }, "geometry": { "type": "LineString", "coordinates": [ [ 6.1573753, 46.2056265 ], [ 6.153772, 46.2015962 ] ] } },
{ "type": "Feature", "properties": { "trip_id": "47825521", "rental_id": "14143667", "vehicle_type": "bike", "trip_started_at_utc": "2024-08-01T09:01:17", "trip_ended_at_utc": "2024-08-01T09:02:29", "latitude_start": 46.2043616, "longitude_start": 6.1461492, "latitude_end": 46.2047213, "longitude_end": 6.1469347, "distance_in_km": 0.072483641930973702, "start_station": null, "end_station": null }, "geometry": { "type": "LineString", "coordinates": [ [ 6.1461492, 46.2043616 ], [ 6.1469347, 46.2047213 ] ] } },
{ "type": "Feature", "properties": { "trip_id": "49761708", "rental_id": "14625906", "vehicle_type": "bike", "trip_started_at_utc": "2024-08-21T17:35:42", "trip_ended_at_utc": "2024-08-21T17:40:44", "latitude_start": 46.2065186, "longitude_start": 6.1449718, "latitude_end": 46.2068221, "longitude_end": 6.1440872, "distance_in_km": 0.075979345038184098, "start_station": null, "end_station": null }, "geometry": { "type": "LineString", "coordinates": [ [ 6.1449718, 46.2065186 ], [ 6.1440872, 46.2068221 ] ] } },
{ "type": "Feature", "properties": { "trip_id": "51997811", "rental_id": "15288943", "vehicle_type": "bike", "trip_started_at_utc": "2024-09-20T12:33:25", "trip_ended_at_utc": "2024-09-20T12:36:32", "latitude_start": 46.2042778, "longitude_start": 6.1463644, "latitude_end": 46.2031953, "longitude_end": 6.1489906, "distance_in_km": 0.235235159769494, "start_station": null, "end_station": null }, "geometry": { "type": "LineString", "coordinates": [ [ 6.1463644, 46.2042778 ], [ 6.1489906, 46.2031953 ] ] } },
{ "type": "Feature", "properties": { "trip_id": "45675293", "rental_id": "13597201", "vehicle_type": "bike", "trip_started_at_utc": "2024-07-04T12:56:45", "trip_ended_at_utc": "2024-07-04T13:02:39", "latitude_start": 46.203872, "longitude_start": 6.1432045, "latitude_end": 46.2056156, "longitude_end": 6.1428767, "distance_in_km": 0.19551402300020931, "start_station": null, "end_station": null }, "geometry": { "type": "LineString", "coordinates": [ [ 6.1432045, 46.203872 ], [ 6.1428767, 46.2056156 ] ] } },
{ "type": "Feature", "properties": { "trip_id": "55280057", "rental_id": "16323999", "vehicle_type": "ebike", "trip_started_at_utc": "2024-11-25T15:39:32", "trip_ended_at_utc": "2024-11-25T15:47:22", "latitude_start": 46.203643, "longitude_start": 6.144695, "latitude_end": 46.2069957, "longitude_end": 6.1437487, "distance_in_km": 0.37984979916155059, "start_station": null, "end_station": null }, "geometry": { "type": "LineString", "coordinates": [ [ 6.144695, 46.203643 ], [ 6.1437487, 46.2069957 ] ] } },
{ "type": "Feature", "properties": { "trip_id": "54606324", "rental_id": "16105876", "vehicle_type": "ebike", "trip_started_at_utc": "2024-11-07T14:53:28", "trip_ended_at_utc": "2024-11-07T14:57:35", "latitude_start": 46.203731, "longitude_start": 6.143083, "latitude_end": 46.1997737, "longitude_end": 6.1429823, "distance_in_km": 0.44010061500548803, "start_station": null, "end_station": null }, "geometry": { "type": "LineString", "coordinates": [ [ 6.143083, 46.203731 ], [ 6.1429823, 46.1997737 ] ] } },
{ "type": "Feature", "properties": { "trip_id": "55279408", "rental_id": "16323999", "vehicle_type": "ebike", "trip_started_at_utc": "2024-11-25T15:26:17", "trip_ended_at_utc": "2024-11-25T15:35:57", "latitude_start": 46.199276, "longitude_start": 6.145053, "latitude_end": 46.203615, "longitude_end": 6.144513, "distance_in_km": 0.48426211065288072, "start_station": null, "end_station": null }, "geometry": { "type": "LineString", "coordinates": [ [ 6.145053, 46.199276 ], [ 6.144513, 46.203615 ] ] } },
{ "type": "Feature", "properties": { "trip_id": "55071100", "rental_id": "16252006", "vehicle_type": "ebike", "trip_started_at_utc": "2024-11-18T15:04:48", "trip_ended_at_utc": "2024-11-18T15:07:00", "latitude_start": 46.204348, "longitude_start": 6.14615, "latitude_end": 46.2068836, "longitude_end": 6.1464261, "distance_in_km": 0.28274575633544219, "start_station": null, "end_station": null }, "geometry": { "type": "LineString", "coordinates": [ [ 6.14615, 46.204348 ], [ 6.1464261, 46.2068836 ] ] } },
{ "type": "Feature", "properties": { "trip_id": "54950981", "rental_id": "16215854", "vehicle_type": "ebike", "trip_started_at_utc": "2024-11-15T16:33:50", "trip_ended_at_utc": "2024-11-15T16:40:02", "latitude_start": 46.203785, "longitude_start": 6.143308, "latitude_end": 46.200789, "longitude_end": 6.1567861, "distance_in_km": 1.0894556021112634, "start_station": null, "end_station": null }, "geometry": { "type": "LineString", "coordinates": [ [ 6.143308, 46.203785 ], [ 6.1567861, 46.200789 ] ] } },
{ "type": "Feature", "properties": { "trip_id": "52338007", "rental_id": "15390187", "vehicle_type": "ebike", "trip_started_at_utc": "2024-09-25T06:51:39", "trip_ended_at_utc": "2024-09-25T06:53:21", "latitude_start": 46.202481, "longitude_start": 6.142798, "latitude_end": 46.1997954, "longitude_end": 6.1428515, "distance_in_km": 0.29865394782346621, "start_station": null, "end_station": null }, "geometry": { "type": "LineString", "coordinates": [ [ 6.142798, 46.202481 ], [ 6.1428515, 46.1997954 ] ] } },
{ "type": "Feature", "properties": { "trip_id": "46699751", "rental_id": "13874952", "vehicle_type": "ebike", "trip_started_at_utc": "2024-07-19T13:16:23", "trip_ended_at_utc": "2024-07-19T13:20:57", "latitude_start": 46.204265, "longitude_start": 6.149123, "latitude_end": 46.2053527, "longitude_end": 6.1581308, "distance_in_km": 0.70367799447378798, "start_station": null, "end_station": null }, "geometry": { "type": "LineString", "coordinates": [ [ 6.149123, 46.204265 ], [ 6.1581308, 46.2053527 ] ] } },
{ "type": "Feature", "properties": { "trip_id": "52587960", "rental_id": "15470438", "vehicle_type": "ebike", "trip_started_at_utc": "2024-09-29T18:12:39", "trip_ended_at_utc": "2024-09-29T18:20:06", "latitude_start": 46.201153, "longitude_start": 6.155313, "latitude_end": 46.1986104, "longitude_end": 6.1472277, "distance_in_km": 0.68348580033130302, "start_station": null, "end_station": null }, "geometry": { "type": "LineString", "coordinates": [ [ 6.155313, 46.201153 ], [ 6.1472277, 46.1986104 ] ] } },
{ "type": "Feature", "properties": { "trip_id": "47175009", "rental_id": "13988950", "vehicle_type": "ebike", "trip_started_at_utc": "2024-07-24T20:38:32", "trip_ended_at_utc": "2024-07-24T20:40:19", "latitude_start": 46.200276, "longitude_start": 6.14301, "latitude_end": 46.1995941, "longitude_end": 6.1427442, "distance_in_km": 0.078535019461283398, "start_station": null, "end_station": null }, "geometry": { "type": "LineString", "coordinates": [ [ 6.14301, 46.200276 ], [ 6.1427442, 46.1995941 ] ] } },
{ "type": "Feature", "properties": { "trip_id": "53803649", "rental_id": "15847278", "vehicle_type": "ebike", "trip_started_at_utc": "2024-10-22T10:52:10", "trip_ended_at_utc": "2024-10-22T10:57:16", "latitude_start": 46.196711, "longitude_start": 6.14847, "latitude_end": 46.2001336, "longitude_end": 6.1486152, "distance_in_km": 0.38074039563867768, "start_station": null, "end_station": null }, "geometry": { "type": "LineString", "coordinates": [ [ 6.14847, 46.196711 ], [ 6.1486152, 46.2001336 ] ] } },
{ "type": "Feature", "properties": { "trip_id": "51813234", "rental_id": "15230761", "vehicle_type": "ebike", "trip_started_at_utc": "2024-09-17T15:43:16", "trip_ended_at_utc": "2024-09-17T15:50:49", "latitude_start": 46.206893, "longitude_start": 6.143901, "latitude_end": 46.2024686, "longitude_end": 6.1582326, "distance_in_km": 1.2076597311896562, "start_station": null, "end_station": null }, "geometry": { "type": "LineString", "coordinates": [ [ 6.143901, 46.206893 ], [ 6.1582326, 46.2024686 ] ] } },
{ "type": "Feature", "properties": { "trip_id": "46840206", "rental_id": "13908065", "vehicle_type": "ebike", "trip_started_at_utc": "2024-07-20T17:51:46", "trip_ended_at_utc": "2024-07-20T17:57:30", "latitude_start": 46.208038, "longitude_start": 6.148606, "latitude_end": 46.20172, "longitude_end": 6.152616, "distance_in_km": 0.76731970847702113, "start_station": null, "end_station": null }, "geometry": { "type": "LineString", "coordinates": [ [ 6.148606, 46.208038 ], [ 6.152616, 46.20172 ] ] } },
{ "type": "Feature", "properties": { "trip_id": "46269496", "rental_id": "13764544", "vehicle_type": "ebike", "trip_started_at_utc": "2024-07-13T15:19:41", "trip_ended_at_utc": "2024-07-13T15:22:47", "latitude_start": 46.204801, "longitude_start": 6.150178, "latitude_end": 46.2049095, "longitude_end": 6.1499361, "distance_in_km": 0.022183328220900099, "start_station": null, "end_station": null }, "geometry": { "type": "LineString", "coordinates": [ [ 6.150178, 46.204801 ], [ 6.1499361, 46.2049095 ] ] } },
{ "type": "Feature", "properties": { "trip_id": "54293983", "rental_id": "16006936", "vehicle_type": "ebike", "trip_started_at_utc": "2024-10-31T16:09:46", "trip_ended_at_utc": "2024-10-31T16:10:49", "latitude_start": 46.19712, "longitude_start": 6.15327, "latitude_end": 46.1971453, "longitude_end": 6.1530595, "distance_in_km": 0.016443973618321998, "start_station": null, "end_station": null }, "geometry": { "type": "LineString", "coordinates": [ [ 6.15327, 46.19712 ], [ 6.1530595, 46.1971453 ] ] } },
{ "type": "Feature", "properties": { "trip_id": "50811871", "rental_id": "14930831", "vehicle_type": "ebike", "trip_started_at_utc": "2024-09-03T15:40:34", "trip_ended_at_utc": "2024-09-03T15:47:32", "latitude_start": 46.206925, "longitude_start": 6.1439, "latitude_end": 46.1989562, "longitude_end": 6.1494232, "distance_in_km": 0.9827681607794142, "start_station": null, "end_station": null }, "geometry": { "type": "LineString", "coordinates": [ [ 6.1439, 46.206925 ], [ 6.1494232, 46.1989562 ] ] } },
{ "type": "Feature", "properties": { "trip_id": "52597181", "rental_id": "15473785", "vehicle_type": "ebike", "trip_started_at_utc": "2024-09-30T05:55:15", "trip_ended_at_utc": "2024-09-30T06:02:44", "latitude_start": 46.198706, "longitude_start": 6.144291, "latitude_end": 46.1986104, "longitude_end": 6.1442162, "distance_in_km": 0.012089041670938499, "start_station": null, "end_station": null }, "geometry": { "type": "LineString", "coordinates": [ [ 6.144291, 46.198706 ], [ 6.1442162, 46.1986104 ] ] } },
{ "type": "Feature", "properties": { "trip_id": "50699654", "rental_id": "14895559", "vehicle_type": "ebike", "trip_started_at_utc": "2024-09-02T06:32:51", "trip_ended_at_utc": "2024-09-02T06:33:51", "latitude_start": 46.205106, "longitude_start": 6.143388, "latitude_end": 46.2056967, "longitude_end": 6.1428368, "distance_in_km": 0.078188994773681006, "start_station": null, "end_station": null }, "geometry": { "type": "LineString", "coordinates": [ [ 6.143388, 46.205106 ], [ 6.1428368, 46.2056967 ] ] } },
{ "type": "Feature", "properties": { "trip_id": "46919482", "rental_id": "13926970", "vehicle_type": "ebike", "trip_started_at_utc": "2024-07-21T14:42:39", "trip_ended_at_utc": "2024-07-21T14:46:20", "latitude_start": 46.199898, "longitude_start": 6.142865, "latitude_end": 46.2017246, "longitude_end": 6.1438624, "distance_in_km": 0.21713040313324489, "start_station": null, "end_station": null }, "geometry": { "type": "LineString", "coordinates": [ [ 6.142865, 46.199898 ], [ 6.1438624, 46.2017246 ] ] } },
{ "type": "Feature", "properties": { "trip_id": "52130591", "rental_id": "15326119", "vehicle_type": "ebike", "trip_started_at_utc": "2024-09-21T17:56:02", "trip_ended_at_utc": "2024-09-21T18:08:31", "latitude_start": 46.200025, "longitude_start": 6.148485, "latitude_end": 46.2010212, "longitude_end": 6.1430396, "distance_in_km": 0.43348234845465111, "start_station": null, "end_station": null }, "geometry": { "type": "LineString", "coordinates": [ [ 6.148485, 46.200025 ], [ 6.1430396, 46.2010212 ] ] } },
{ "type": "Feature", "properties": { "trip_id": "52268740", "rental_id": "15366016", "vehicle_type": "ebike", "trip_started_at_utc": "2024-09-23T16:37:05", "trip_ended_at_utc": "2024-09-23T16:39:00", "latitude_start": 46.203853, "longitude_start": 6.143098, "latitude_end": 46.206363, "longitude_end": 6.14329, "distance_in_km": 0.27949053724284079, "start_station": null, "end_station": null }, "geometry": { "type": "LineString", "coordinates": [ [ 6.143098, 46.203853 ], [ 6.14329, 46.206363 ] ] } },
{ "type": "Feature", "properties": { "trip_id": "48261376", "rental_id": "14249055", "vehicle_type": "ebike", "trip_started_at_utc": "2024-08-05T19:23:41", "trip_ended_at_utc": "2024-08-05T19:43:50", "latitude_start": 46.205221, "longitude_start": 6.15789, "latitude_end": 46.1986439, "longitude_end": 6.1472605, "distance_in_km": 1.0972983909907998, "start_station": null, "end_station": null }, "geometry": { "type": "LineString", "coordinates": [ [ 6.15789, 46.205221 ], [ 6.1472605, 46.1986439 ] ] } },
{ "type": "Feature", "properties": { "trip_id": "51326475", "rental_id": "15082387", "vehicle_type": "ebike", "trip_started_at_utc": "2024-09-10T09:07:10", "trip_ended_at_utc": "2024-09-10T09:21:15", "latitude_start": 46.202503, "longitude_start": 6.153841, "latitude_end": 46.2038132, "longitude_end": 6.1431398, "distance_in_km": 0.83633537351777498, "start_station": null, "end_station": null }, "geometry": { "type": "LineString", "coordinates": [ [ 6.153841, 46.202503 ], [ 6.1431398, 46.2038132 ] ] } },
{ "type": "Feature", "properties": { "trip_id": "51857191", "rental_id": "15243864", "vehicle_type": "ebike", "trip_started_at_utc": "2024-09-18T10:46:27", "trip_ended_at_utc": "2024-09-18T10:55:59", "latitude_start": 46.20128, "longitude_start": 6.153181, "latitude_end": 46.198254, "longitude_end": 6.1552274, "distance_in_km": 0.37151291811152909, "start_station": null, "end_station": null }, "geometry": { "type": "LineString", "coordinates": [ [ 6.153181, 46.20128 ], [ 6.1552274, 46.198254 ] ] } },
{ "type": "Feature", "properties": { "trip_id": "52455763", "rental_id": "15430786", "vehicle_type": "ebike", "trip_started_at_utc": "2024-09-27T14:31:49", "trip_ended_at_utc": "2024-09-27T14:34:06", "latitude_start": 46.200746, "longitude_start": 6.157475, "latitude_end": 46.20159, "longitude_end": 6.153268, "distance_in_km": 0.33710321374700059, "start_station": null, "end_station": null }, "geometry": { "type": "LineString", "coordinates": [ [ 6.157475, 46.200746 ], [ 6.153268, 46.20159 ] ] } },
{ "type": "Feature", "properties": { "trip_id": "52824081", "rental_id": "15551595", "vehicle_type": "ebike", "trip_started_at_utc": "2024-10-04T14:55:26", "trip_ended_at_utc": "2024-10-04T15:00:17", "latitude_start": 46.199845, "longitude_start": 6.142838, "latitude_end": 46.202733, "longitude_end": 6.147673, "distance_in_km": 0.49151709739233268, "start_station": null, "end_station": null }, "geometry": { "type": "LineString", "coordinates": [ [ 6.142838, 46.199845 ], [ 6.147673, 46.202733 ] ] } },
{ "type": "Feature", "properties": { "trip_id": "52343213", "rental_id": "15392421", "vehicle_type": "ebike", "trip_started_at_utc": "2024-09-25T08:55:23", "trip_ended_at_utc": "2024-09-25T08:57:09", "latitude_start": 46.199803, "longitude_start": 6.142818, "latitude_end": 46.2019762, "longitude_end": 6.1430092, "distance_in_km": 0.2420968118440453, "start_station": null, "end_station": null }, "geometry": { "type": "LineString", "coordinates": [ [ 6.142818, 46.199803 ], [ 6.1430092, 46.2019762 ] ] } },
{ "type": "Feature", "properties": { "trip_id": "50300507", "rental_id": "14780766", "vehicle_type": "ebike", "trip_started_at_utc": "2024-08-28T14:30:12", "trip_ended_at_utc": "2024-08-28T14:45:00", "latitude_start": 46.203046, "longitude_start": 6.154203, "latitude_end": 46.203348, "longitude_end": 6.14717, "distance_in_km": 0.54228952940191333, "start_station": null, "end_station": null }, "geometry": { "type": "LineString", "coordinates": [ [ 6.154203, 46.203046 ], [ 6.14717, 46.203348 ] ] } },
{ "type": "Feature", "properties": { "trip_id": "51735369", "rental_id": "15208482", "vehicle_type": "ebike", "trip_started_at_utc": "2024-09-16T14:09:50", "trip_ended_at_utc": "2024-09-16T14:11:07", "latitude_start": 46.20491, "longitude_start": 6.145873, "latitude_end": 46.204335, "longitude_end": 6.145935, "distance_in_km": 0.064114964699201499, "start_station": null, "end_station": null }, "geometry": { "type": "LineString", "coordinates": [ [ 6.145873, 46.20491 ], [ 6.145935, 46.204335 ] ] } },
{ "type": "Feature", "properties": { "trip_id": "46647035", "rental_id": "13861005", "vehicle_type": "ebike", "trip_started_at_utc": "2024-07-18T18:31:05", "trip_ended_at_utc": "2024-07-18T18:37:42", "latitude_start": 46.205223, "longitude_start": 6.158073, "latitude_end": 46.202115, "longitude_end": 6.142131, "distance_in_km": 1.2746072437238605, "start_station": null, "end_station": null }, "geometry": { "type": "LineString", "coordinates": [ [ 6.158073, 46.205223 ], [ 6.142131, 46.202115 ] ] } },
{ "type": "Feature", "properties": { "trip_id": "45541983", "rental_id": "13553246", "vehicle_type": "ebike", "trip_started_at_utc": "2024-07-01T19:17:00", "trip_ended_at_utc": "2024-07-01T19:40:29", "latitude_start": 46.205196, "longitude_start": 6.157938, "latitude_end": 46.2080676, "longitude_end": 6.1487883, "distance_in_km": 0.77312233717707635, "start_station": null, "end_station": null }, "geometry": { "type": "LineString", "coordinates": [ [ 6.157938, 46.205196 ], [ 6.1487883, 46.2080676 ] ] } },
{ "type": "Feature", "properties": { "trip_id": "49751815", "rental_id": "14623104", "vehicle_type": "ebike", "trip_started_at_utc": "2024-08-21T16:03:37", "trip_ended_at_utc": "2024-08-21T16:10:20", "latitude_start": 46.2039, "longitude_start": 6.15215, "latitude_end": 46.2000793, "longitude_end": 6.1484347, "distance_in_km": 0.51210121606129677, "start_station": null, "end_station": null }, "geometry": { "type": "LineString", "coordinates": [ [ 6.15215, 46.2039 ], [ 6.1484347, 46.2000793 ] ] } },
{ "type": "Feature", "properties": { "trip_id": "47154733", "rental_id": "13984470", "vehicle_type": "ebike", "trip_started_at_utc": "2024-07-24T16:45:21", "trip_ended_at_utc": "2024-07-24T16:46:41", "latitude_start": 46.199963, "longitude_start": 6.142943, "latitude_end": 46.1997854, "longitude_end": 6.142868, "distance_in_km": 0.0205745486089715, "start_station": null, "end_station": null }, "geometry": { "type": "LineString", "coordinates": [ [ 6.142943, 46.199963 ], [ 6.142868, 46.1997854 ] ] } },
{ "type": "Feature", "properties": { "trip_id": "50659855", "rental_id": "14884417", "vehicle_type": "ebike", "trip_started_at_utc": "2024-09-01T13:43:48", "trip_ended_at_utc": "2024-09-01T13:47:51", "latitude_start": 46.20387, "longitude_start": 6.15072, "latitude_end": 46.203853, "longitude_end": 6.143771, "distance_in_km": 0.5347811551034507, "start_station": null, "end_station": null }, "geometry": { "type": "LineString", "coordinates": [ [ 6.15072, 46.20387 ], [ 6.143771, 46.203853 ] ] } },
{ "type": "Feature", "properties": { "trip_id": "45891224", "rental_id": "13659032", "vehicle_type": "ebike", "trip_started_at_utc": "2024-07-07T20:38:53", "trip_ended_at_utc": "2024-07-07T20:39:54", "latitude_start": 46.204476, "longitude_start": 6.148136, "latitude_end": 46.204573, "longitude_end": 6.148278, "distance_in_km": 0.015354275506400601, "start_station": null, "end_station": null }, "geometry": { "type": "LineString", "coordinates": [ [ 6.148136, 46.204476 ], [ 6.148278, 46.204573 ] ] } },
{ "type": "Feature", "properties": { "trip_id": "50440032", "rental_id": "14823167", "vehicle_type": "ebike", "trip_started_at_utc": "2024-08-30T07:09:34", "trip_ended_at_utc": "2024-08-30T07:10:48", "latitude_start": 46.20324, "longitude_start": 6.148705, "latitude_end": 46.20258, "longitude_end": 6.150631, "distance_in_km": 0.16539617752937441, "start_station": null, "end_station": null }, "geometry": { "type": "LineString", "coordinates": [ [ 6.148705, 46.20324 ], [ 6.150631, 46.20258 ] ] } },
{ "type": "Feature", "properties": { "trip_id": "45646933", "rental_id": "13587241", "vehicle_type": "ebike", "trip_started_at_utc": "2024-07-03T18:34:18", "trip_ended_at_utc": "2024-07-03T18:39:56", "latitude_start": 46.207083, "longitude_start": 6.147206, "latitude_end": 46.202128, "longitude_end": 6.155896, "distance_in_km": 0.86648647649582611, "start_station": null, "end_station": null }, "geometry": { "type": "LineString", "coordinates": [ [ 6.147206, 46.207083 ], [ 6.155896, 46.202128 ] ] } },
{ "type": "Feature", "properties": { "trip_id": "47349214", "rental_id": "14032075", "vehicle_type": "ebike", "trip_started_at_utc": "2024-07-26T22:14:29", "trip_ended_at_utc": "2024-07-26T22:21:19", "latitude_start": 46.207258, "longitude_start": 6.148195, "latitude_end": 46.200621, "longitude_end": 6.158153, "distance_in_km": 1.0639204387443062, "start_station": null, "end_station": null }, "geometry": { "type": "LineString", "coordinates": [ [ 6.148195, 46.207258 ], [ 6.158153, 46.200621 ] ] } },
{ "type": "Feature", "properties": { "trip_id": "50823184", "rental_id": "14934157", "vehicle_type": "ebike", "trip_started_at_utc": "2024-09-03T17:41:36", "trip_ended_at_utc": "2024-09-03T17:45:14", "latitude_start": 46.201278, "longitude_start": 6.155678, "latitude_end": 46.1989189, "longitude_end": 6.1495202, "distance_in_km": 0.54167660505473525, "start_station": null, "end_station": null }, "geometry": { "type": "LineString", "coordinates": [ [ 6.155678, 46.201278 ], [ 6.1495202, 46.1989189 ] ] } },
{ "type": "Feature", "properties": { "trip_id": "46380915", "rental_id": "13794222", "vehicle_type": "ebike", "trip_started_at_utc": "2024-07-15T08:04:00", "trip_ended_at_utc": "2024-07-15T08:07:56", "latitude_start": 46.201856, "longitude_start": 6.153973, "latitude_end": 46.2069168, "longitude_end": 6.1464713, "distance_in_km": 0.80619789318687118, "start_station": null, "end_station": null }, "geometry": { "type": "LineString", "coordinates": [ [ 6.153973, 46.201856 ], [ 6.1464713, 46.2069168 ] ] } },
{ "type": "Feature", "properties": { "trip_id": "52764112", "rental_id": "15532379", "vehicle_type": "ebike", "trip_started_at_utc": "2024-10-03T15:41:36", "trip_ended_at_utc": "2024-10-03T15:44:47", "latitude_start": 46.203688, "longitude_start": 6.14313, "latitude_end": 46.203018, "longitude_end": 6.147651, "distance_in_km": 0.3558150794758535, "start_station": null, "end_station": null }, "geometry": { "type": "LineString", "coordinates": [ [ 6.14313, 46.203688 ], [ 6.147651, 46.203018 ] ] } },
{ "type": "Feature", "properties": { "trip_id": "48219431", "rental_id": "14239662", "vehicle_type": "ebike", "trip_started_at_utc": "2024-08-05T13:10:45", "trip_ended_at_utc": "2024-08-05T13:26:25", "latitude_start": 46.20542, "longitude_start": 6.142858, "latitude_end": 46.2040479, "longitude_end": 6.1575813, "distance_in_km": 1.1432767296482469, "start_station": null, "end_station": null }, "geometry": { "type": "LineString", "coordinates": [ [ 6.142858, 46.20542 ], [ 6.1575813, 46.2040479 ] ] } },
{ "type": "Feature", "properties": { "trip_id": "51990269", "rental_id": "15287695", "vehicle_type": "ebike", "trip_started_at_utc": "2024-09-20T11:04:21", "trip_ended_at_utc": "2024-09-20T11:08:50", "latitude_start": 46.197358, "longitude_start": 6.149645, "latitude_end": 46.203316, "longitude_end": 6.150803, "distance_in_km": 0.668468115692467, "start_station": null, "end_station": null }, "geometry": { "type": "LineString", "coordinates": [ [ 6.149645, 46.197358 ], [ 6.150803, 46.203316 ] ] } },
{ "type": "Feature", "properties": { "trip_id": "47839678", "rental_id": "14149398", "vehicle_type": "ebike", "trip_started_at_utc": "2024-08-01T11:45:53", "trip_ended_at_utc": "2024-08-01T11:47:07", "latitude_start": 46.201753, "longitude_start": 6.150596, "latitude_end": 46.2018718, "longitude_end": 6.1504136, "distance_in_km": 0.019275814969710901, "start_station": null, "end_station": null }, "geometry": { "type": "LineString", "coordinates": [ [ 6.150596, 46.201753 ], [ 6.1504136, 46.2018718 ] ] } },
{ "type": "Feature", "properties": { "trip_id": "50818803", "rental_id": "14932861", "vehicle_type": "ebike", "trip_started_at_utc": "2024-09-03T16:48:10", "trip_ended_at_utc": "2024-09-03T16:52:24", "latitude_start": 46.198798, "longitude_start": 6.149608, "latitude_end": 46.198798, "longitude_end": 6.149608, "distance_in_km": 0.0, "start_station": null, "end_station": null }, "geometry": { "type": "LineString", "coordinates": [ [ 6.149608, 46.198798 ], [ 6.149608, 46.198798 ] ] } },
{ "type": "Feature", "properties": { "trip_id": "51884763", "rental_id": "15252270", "vehicle_type": "ebike", "trip_started_at_utc": "2024-09-18T16:39:14", "trip_ended_at_utc": "2024-09-18T16:43:18", "latitude_start": 46.198275, "longitude_start": 6.155203, "latitude_end": 46.2001652, "longitude_end": 6.1575901, "distance_in_km": 0.2791583486135385, "start_station": null, "end_station": null }, "geometry": { "type": "LineString", "coordinates": [ [ 6.155203, 46.198275 ], [ 6.1575901, 46.2001652 ] ] } },
{ "type": "Feature", "properties": { "trip_id": "48006050", "rental_id": "14189530", "vehicle_type": "ebike", "trip_started_at_utc": "2024-08-03T01:56:08", "trip_ended_at_utc": "2024-08-03T02:00:51", "latitude_start": 46.201935, "longitude_start": 6.14315, "latitude_end": 46.2056327, "longitude_end": 6.1427761, "distance_in_km": 0.41217175095180753, "start_station": null, "end_station": null }, "geometry": { "type": "LineString", "coordinates": [ [ 6.14315, 46.201935 ], [ 6.1427761, 46.2056327 ] ] } },
{ "type": "Feature", "properties": { "trip_id": "50232349", "rental_id": "14759965", "vehicle_type": "ebike", "trip_started_at_utc": "2024-08-27T16:17:04", "trip_ended_at_utc": "2024-08-27T16:23:27", "latitude_start": 46.19677, "longitude_start": 6.148568, "latitude_end": 46.2028438, "longitude_end": 6.1414188, "distance_in_km": 0.87113817785799075, "start_station": null, "end_station": null }, "geometry": { "type": "LineString", "coordinates": [ [ 6.148568, 46.19677 ], [ 6.1414188, 46.2028438 ] ] } },
{ "type": "Feature", "properties": { "trip_id": "46235935", "rental_id": "13755290", "vehicle_type": "ebike", "trip_started_at_utc": "2024-07-12T22:37:23", "trip_ended_at_utc": "2024-07-12T22:46:55", "latitude_start": 46.206823, "longitude_start": 6.147818, "latitude_end": 46.2000366, "longitude_end": 6.1485565, "distance_in_km": 0.75675161069793762, "start_station": null, "end_station": null }, "geometry": { "type": "LineString", "coordinates": [ [ 6.147818, 46.206823 ], [ 6.1485565, 46.2000366 ] ] } },
{ "type": "Feature", "properties": { "trip_id": "45639258", "rental_id": "13585122", "vehicle_type": "ebike", "trip_started_at_utc": "2024-07-03T16:26:47", "trip_ended_at_utc": "2024-07-03T16:38:19", "latitude_start": 46.203716, "longitude_start": 6.143208, "latitude_end": 46.2024849, "longitude_end": 6.1474263, "distance_in_km": 0.3523166160462714, "start_station": null, "end_station": null }, "geometry": { "type": "LineString", "coordinates": [ [ 6.143208, 46.203716 ], [ 6.1474263, 46.2024849 ] ] } },
{ "type": "Feature", "properties": { "trip_id": "50752254", "rental_id": "14911409", "vehicle_type": "ebike", "trip_started_at_utc": "2024-09-02T17:34:50", "trip_ended_at_utc": "2024-09-02T17:39:15", "latitude_start": 46.200111, "longitude_start": 6.148705, "latitude_end": 46.2068588, "longitude_end": 6.1441788, "distance_in_km": 0.82723371546068203, "start_station": null, "end_station": null }, "geometry": { "type": "LineString", "coordinates": [ [ 6.148705, 46.200111 ], [ 6.1441788, 46.2068588 ] ] } },
{ "type": "Feature", "properties": { "trip_id": "48613591", "rental_id": "14338599", "vehicle_type": "ebike", "trip_started_at_utc": "2024-08-09T16:49:42", "trip_ended_at_utc": "2024-08-09T16:54:20", "latitude_start": 46.203968, "longitude_start": 6.156031, "latitude_end": 46.20695, "longitude_end": 6.148053, "distance_in_km": 0.69776893875604984, "start_station": null, "end_station": null }, "geometry": { "type": "LineString", "coordinates": [ [ 6.156031, 46.203968 ], [ 6.148053, 46.20695 ] ] } },
{ "type": "Feature", "properties": { "trip_id": "50831961", "rental_id": "14936640", "vehicle_type": "ebike", "trip_started_at_utc": "2024-09-03T20:33:21", "trip_ended_at_utc": "2024-09-03T20:47:15", "latitude_start": 46.198815, "longitude_start": 6.155931, "latitude_end": 46.2000863, "longitude_end": 6.1485816, "distance_in_km": 0.58303391087816303, "start_station": null, "end_station": null }, "geometry": { "type": "LineString", "coordinates": [ [ 6.155931, 46.198815 ], [ 6.1485816, 46.2000863 ] ] } },
{ "type": "Feature", "properties": { "trip_id": "50842472", "rental_id": "14940694", "vehicle_type": "ebike", "trip_started_at_utc": "2024-09-04T06:50:28", "trip_ended_at_utc": "2024-09-04T06:52:39", "latitude_start": 46.203266, "longitude_start": 6.145615, "latitude_end": 46.2043246, "longitude_end": 6.1462994, "distance_in_km": 0.12895742696355561, "start_station": null, "end_station": null }, "geometry": { "type": "LineString", "coordinates": [ [ 6.145615, 46.203266 ], [ 6.1462994, 46.2043246 ] ] } },
{ "type": "Feature", "properties": { "trip_id": "46919953", "rental_id": "13927057", "vehicle_type": "ebike", "trip_started_at_utc": "2024-07-21T14:46:53", "trip_ended_at_utc": "2024-07-21T14:58:00", "latitude_start": 46.201546, "longitude_start": 6.143608, "latitude_end": 46.2056721, "longitude_end": 6.1429265, "distance_in_km": 0.46179003812186958, "start_station": null, "end_station": null }, "geometry": { "type": "LineString", "coordinates": [ [ 6.143608, 46.201546 ], [ 6.1429265, 46.2056721 ] ] } },
{ "type": "Feature", "properties": { "trip_id": "46123109", "rental_id": "13724943", "vehicle_type": "ebike", "trip_started_at_utc": "2024-07-11T12:38:57", "trip_ended_at_utc": "2024-07-11T12:47:16", "latitude_start": 46.203926, "longitude_start": 6.144105, "latitude_end": 46.202851, "longitude_end": 6.141586, "distance_in_km": 0.22774842868735301, "start_station": null, "end_station": null }, "geometry": { "type": "LineString", "coordinates": [ [ 6.144105, 46.203926 ], [ 6.141586, 46.202851 ] ] } },
{ "type": "Feature", "properties": { "trip_id": "48146697", "rental_id": "14221810", "vehicle_type": "ebike", "trip_started_at_utc": "2024-08-04T14:24:02", "trip_ended_at_utc": "2024-08-04T15:36:37", "latitude_start": 46.198988, "longitude_start": 6.143163, "latitude_end": 46.197345, "longitude_end": 6.146633, "distance_in_km": 0.32357915244792629, "start_station": null, "end_station": null }, "geometry": { "type": "LineString", "coordinates": [ [ 6.143163, 46.198988 ], [ 6.146633, 46.197345 ] ] } },
{ "type": "Feature", "properties": { "trip_id": "47169155", "rental_id": "13987747", "vehicle_type": "ebike", "trip_started_at_utc": "2024-07-24T19:05:00", "trip_ended_at_utc": "2024-07-24T19:07:08", "latitude_start": 46.203938, "longitude_start": 6.143838, "latitude_end": 46.1997688, "longitude_end": 6.1428918, "distance_in_km": 0.46927891600630223, "start_station": null, "end_station": null }, "geometry": { "type": "LineString", "coordinates": [ [ 6.143838, 46.203938 ], [ 6.1428918, 46.1997688 ] ] } },
{ "type": "Feature", "properties": { "trip_id": "52455914", "rental_id": "15430786", "vehicle_type": "ebike", "trip_started_at_utc": "2024-09-27T14:35:15", "trip_ended_at_utc": "2024-09-27T14:41:15", "latitude_start": 46.20159, "longitude_start": 6.153268, "latitude_end": 46.207581, "longitude_end": 6.146248, "distance_in_km": 0.8576921226669032, "start_station": null, "end_station": null }, "geometry": { "type": "LineString", "coordinates": [ [ 6.153268, 46.20159 ], [ 6.146248, 46.207581 ] ] } },
{ "type": "Feature", "properties": { "trip_id": "45924857", "rental_id": "13668941", "vehicle_type": "ebike", "trip_started_at_utc": "2024-07-08T13:53:28", "trip_ended_at_utc": "2024-07-08T13:55:05", "latitude_start": 46.200208, "longitude_start": 6.156951, "latitude_end": 46.2012981, "longitude_end": 6.1557241, "distance_in_km": 0.1536514605289665, "start_station": null, "end_station": null }, "geometry": { "type": "LineString", "coordinates": [ [ 6.156951, 46.200208 ], [ 6.1557241, 46.2012981 ] ] } },
{ "type": "Feature", "properties": { "trip_id": "46614451", "rental_id": "13853135", "vehicle_type": "ebike", "trip_started_at_utc": "2024-07-18T12:53:48", "trip_ended_at_utc": "2024-07-18T12:55:58", "latitude_start": 46.204096, "longitude_start": 6.149168, "latitude_end": 46.207675, "longitude_end": 6.146911, "distance_in_km": 0.43421771543729581, "start_station": null, "end_station": null }, "geometry": { "type": "LineString", "coordinates": [ [ 6.149168, 46.204096 ], [ 6.146911, 46.207675 ] ] } },
{ "type": "Feature", "properties": { "trip_id": "52463240", "rental_id": "15433283", "vehicle_type": "ebike", "trip_started_at_utc": "2024-09-27T16:40:21", "trip_ended_at_utc": "2024-09-27T16:44:37", "latitude_start": 46.201633, "longitude_start": 6.153678, "latitude_end": 46.203476, "longitude_end": 6.144598, "distance_in_km": 0.72822119068842217, "start_station": null, "end_station": null }, "geometry": { "type": "LineString", "coordinates": [ [ 6.153678, 46.201633 ], [ 6.144598, 46.203476 ] ] } },
{ "type": "Feature", "properties": { "trip_id": "53772527", "rental_id": "15835562", "vehicle_type": "ebike", "trip_started_at_utc": "2024-10-21T14:56:38", "trip_ended_at_utc": "2024-10-21T15:00:57", "latitude_start": 46.207121, "longitude_start": 6.148175, "latitude_end": 46.2071664, "longitude_end": 6.1474278, "distance_in_km": 0.057720409663232997, "start_station": null, "end_station": null }, "geometry": { "type": "LineString", "coordinates": [ [ 6.148175, 46.207121 ], [ 6.1474278, 46.2071664 ] ] } },
{ "type": "Feature", "properties": { "trip_id": "48213947", "rental_id": "14238577", "vehicle_type": "ebike", "trip_started_at_utc": "2024-08-05T12:17:34", "trip_ended_at_utc": "2024-08-05T12:20:33", "latitude_start": 46.20689, "longitude_start": 6.147415, "latitude_end": 46.203968, "longitude_end": 6.1433126, "distance_in_km": 0.45302904669996807, "start_station": null, "end_station": null }, "geometry": { "type": "LineString", "coordinates": [ [ 6.147415, 46.20689 ], [ 6.1433126, 46.203968 ] ] } },
{ "type": "Feature", "properties": { "trip_id": "52825525", "rental_id": "15551595", "vehicle_type": "ebike", "trip_started_at_utc": "2024-10-04T15:09:26", "trip_ended_at_utc": "2024-10-04T15:12:56", "latitude_start": 46.202985, "longitude_start": 6.148331, "latitude_end": 46.2038356, "longitude_end": 6.1433963, "distance_in_km": 0.39136634653566771, "start_station": null, "end_station": null }, "geometry": { "type": "LineString", "coordinates": [ [ 6.148331, 46.202985 ], [ 6.1433963, 46.2038356 ] ] } },
{ "type": "Feature", "properties": { "trip_id": "48682737", "rental_id": "14355350", "vehicle_type": "ebike", "trip_started_at_utc": "2024-08-10T12:03:35", "trip_ended_at_utc": "2024-08-10T12:07:23", "latitude_start": 46.199788, "longitude_start": 6.155438, "latitude_end": 46.2012694, "longitude_end": 6.1557999, "distance_in_km": 0.16706257431723051, "start_station": null, "end_station": null }, "geometry": { "type": "LineString", "coordinates": [ [ 6.155438, 46.199788 ], [ 6.1557999, 46.2012694 ] ] } },
{ "type": "Feature", "properties": { "trip_id": "53604814", "rental_id": "15785172", "vehicle_type": "ebike", "trip_started_at_utc": "2024-10-18T15:08:58", "trip_ended_at_utc": "2024-10-18T15:14:19", "latitude_start": 46.203728, "longitude_start": 6.143598, "latitude_end": 46.201536, "longitude_end": 6.15569, "distance_in_km": 0.96198178216993036, "start_station": null, "end_station": null }, "geometry": { "type": "LineString", "coordinates": [ [ 6.143598, 46.203728 ], [ 6.15569, 46.201536 ] ] } },
{ "type": "Feature", "properties": { "trip_id": "53576020", "rental_id": "15776456", "vehicle_type": "ebike", "trip_started_at_utc": "2024-10-18T06:52:14", "trip_ended_at_utc": "2024-10-18T06:58:13", "latitude_start": 46.203256, "longitude_start": 6.151403, "latitude_end": 46.201219, "longitude_end": 6.1557904, "distance_in_km": 0.40658833901019709, "start_station": null, "end_station": null }, "geometry": { "type": "LineString", "coordinates": [ [ 6.151403, 46.203256 ], [ 6.1557904, 46.201219 ] ] } },
{ "type": "Feature", "properties": { "trip_id": "46647553", "rental_id": "13861005", "vehicle_type": "ebike", "trip_started_at_utc": "2024-07-18T18:38:30", "trip_ended_at_utc": "2024-07-18T18:46:34", "latitude_start": 46.202115, "longitude_start": 6.142131, "latitude_end": 46.2025378, "longitude_end": 6.1416659, "distance_in_km": 0.059088541132173503, "start_station": null, "end_station": null }, "geometry": { "type": "LineString", "coordinates": [ [ 6.142131, 46.202115 ], [ 6.1416659, 46.2025378 ] ] } },
{ "type": "Feature", "properties": { "trip_id": "48447877", "rental_id": "14295431", "vehicle_type": "ebike", "trip_started_at_utc": "2024-08-07T18:52:06", "trip_ended_at_utc": "2024-08-07T18:54:50", "latitude_start": 46.203116, "longitude_start": 6.155145, "latitude_end": 46.2014761, "longitude_end": 6.153037, "distance_in_km": 0.2440697117263054, "start_station": null, "end_station": null }, "geometry": { "type": "LineString", "coordinates": [ [ 6.155145, 46.203116 ], [ 6.153037, 46.2014761 ] ] } },
{ "type": "Feature", "properties": { "trip_id": "47546071", "rental_id": "14077107", "vehicle_type": "ebike", "trip_started_at_utc": "2024-07-28T22:17:06", "trip_ended_at_utc": "2024-07-28T22:17:45", "latitude_start": 46.200121, "longitude_start": 6.148538, "latitude_end": 46.2000579, "longitude_end": 6.1486207, "distance_in_km": 0.0094731729567703992, "start_station": null, "end_station": null }, "geometry": { "type": "LineString", "coordinates": [ [ 6.148538, 46.200121 ], [ 6.1486207, 46.2000579 ] ] } },
{ "type": "Feature", "properties": { "trip_id": "46840998", "rental_id": "13908065", "vehicle_type": "ebike", "trip_started_at_utc": "2024-07-20T17:58:16", "trip_ended_at_utc": "2024-07-20T17:59:52", "latitude_start": 46.201706, "longitude_start": 6.15264, "latitude_end": 46.2014789, "longitude_end": 6.1530468, "distance_in_km": 0.040222514720077401, "start_station": null, "end_station": null }, "geometry": { "type": "LineString", "coordinates": [ [ 6.15264, 46.201706 ], [ 6.1530468, 46.2014789 ] ] } },
{ "type": "Feature", "properties": { "trip_id": "49645793", "rental_id": "14595777", "vehicle_type": "ebike", "trip_started_at_utc": "2024-08-20T11:48:02", "trip_ended_at_utc": "2024-08-20T11:52:27", "latitude_start": 46.199986, "longitude_start": 6.142831, "latitude_end": 46.207385, "longitude_end": 6.145561, "distance_in_km": 0.84913405296143851, "start_station": null, "end_station": null }, "geometry": { "type": "LineString", "coordinates": [ [ 6.142831, 46.199986 ], [ 6.145561, 46.207385 ] ] } },
{ "type": "Feature", "properties": { "trip_id": "47966274", "rental_id": "14178987", "vehicle_type": "ebike", "trip_started_at_utc": "2024-08-02T16:04:32", "trip_ended_at_utc": "2024-08-02T16:50:22", "latitude_start": 46.203691, "longitude_start": 6.148731, "latitude_end": 46.1974601, "longitude_end": 6.1462697, "distance_in_km": 0.71827397665260095, "start_station": null, "end_station": null }, "geometry": { "type": "LineString", "coordinates": [ [ 6.148731, 46.203691 ], [ 6.1462697, 46.1974601 ] ] } },
{ "type": "Feature", "properties": { "trip_id": "53575970", "rental_id": "15776456", "vehicle_type": "ebike", "trip_started_at_utc": "2024-10-18T06:51:03", "trip_ended_at_utc": "2024-10-18T06:52:14", "latitude_start": 46.203285, "longitude_start": 6.151315, "latitude_end": 46.203256, "longitude_end": 6.151403, "distance_in_km": 0.0075008623674989996, "start_station": null, "end_station": null }, "geometry": { "type": "LineString", "coordinates": [ [ 6.151315, 46.203285 ], [ 6.151403, 46.203256 ] ] } },
{ "type": "Feature", "properties": { "trip_id": "47588441", "rental_id": "14087892", "vehicle_type": "ebike", "trip_started_at_utc": "2024-07-29T14:04:58", "trip_ended_at_utc": "2024-07-29T14:07:38", "latitude_start": 46.20132, "longitude_start": 6.153365, "latitude_end": 46.2018383, "longitude_end": 6.1506262, "distance_in_km": 0.2185170719168176, "start_station": null, "end_station": null }, "geometry": { "type": "LineString", "coordinates": [ [ 6.153365, 46.20132 ], [ 6.1506262, 46.2018383 ] ] } },
{ "type": "Feature", "properties": { "trip_id": "45559060", "rental_id": "13559499", "vehicle_type": "ebike", "trip_started_at_utc": "2024-07-02T09:24:26", "trip_ended_at_utc": "2024-07-02T09:25:38", "latitude_start": 46.205558, "longitude_start": 6.14291, "latitude_end": 46.2056219, "longitude_end": 6.1428277, "distance_in_km": 0.0095183115631710998, "start_station": null, "end_station": null }, "geometry": { "type": "LineString", "coordinates": [ [ 6.14291, 46.205558 ], [ 6.1428277, 46.2056219 ] ] } },
{ "type": "Feature", "properties": { "trip_id": "54339899", "rental_id": "16021846", "vehicle_type": "ebike", "trip_started_at_utc": "2024-11-01T13:37:38", "trip_ended_at_utc": "2024-11-01T13:39:15", "latitude_start": 46.206701, "longitude_start": 6.146543, "latitude_end": 46.206613, "longitude_end": 6.145193, "distance_in_km": 0.10434718257081629, "start_station": null, "end_station": null }, "geometry": { "type": "LineString", "coordinates": [ [ 6.146543, 46.206701 ], [ 6.145193, 46.206613 ] ] } },
{ "type": "Feature", "properties": { "trip_id": "49298244", "rental_id": "14511421", "vehicle_type": "ebike", "trip_started_at_utc": "2024-08-16T18:02:01", "trip_ended_at_utc": "2024-08-16T18:14:56", "latitude_start": 46.204695, "longitude_start": 6.146883, "latitude_end": 46.2027449, "longitude_end": 6.152486, "distance_in_km": 0.48264750954635488, "start_station": null, "end_station": null }, "geometry": { "type": "LineString", "coordinates": [ [ 6.146883, 46.204695 ], [ 6.152486, 46.2027449 ] ] } },
{ "type": "Feature", "properties": { "trip_id": "51712088", "rental_id": "15201951", "vehicle_type": "ebike", "trip_started_at_utc": "2024-09-16T08:15:28", "trip_ended_at_utc": "2024-09-16T08:27:27", "latitude_start": 46.207623, "longitude_start": 6.148401, "latitude_end": 46.2081028, "longitude_end": 6.1487639, "distance_in_km": 0.060218153491712598, "start_station": null, "end_station": null }, "geometry": { "type": "LineString", "coordinates": [ [ 6.148401, 46.207623 ], [ 6.1487639, 46.2081028 ] ] } },
{ "type": "Feature", "properties": { "trip_id": "52341399", "rental_id": "15391420", "vehicle_type": "ebike", "trip_started_at_utc": "2024-09-25T08:06:05", "trip_ended_at_utc": "2024-09-25T08:07:45", "latitude_start": 46.207011, "longitude_start": 6.14507, "latitude_end": 46.2063794, "longitude_end": 6.1445689, "distance_in_km": 0.080120861075153704, "start_station": null, "end_station": null }, "geometry": { "type": "LineString", "coordinates": [ [ 6.14507, 46.207011 ], [ 6.1445689, 46.2063794 ] ] } },
{ "type": "Feature", "properties": { "trip_id": "45976145", "rental_id": "13684362", "vehicle_type": "ebike", "trip_started_at_utc": "2024-07-09T10:27:43", "trip_ended_at_utc": "2024-07-09T10:28:53", "latitude_start": 46.204593, "longitude_start": 6.14701, "latitude_end": 46.2046039, "longitude_end": 6.1469995, "distance_in_km": 0.0014566887756835001, "start_station": null, "end_station": null }, "geometry": { "type": "LineString", "coordinates": [ [ 6.14701, 46.204593 ], [ 6.1469995, 46.2046039 ] ] } },
{ "type": "Feature", "properties": { "trip_id": "47910143", "rental_id": "14166869", "vehicle_type": "ebike", "trip_started_at_utc": "2024-08-02T06:49:44", "trip_ended_at_utc": "2024-08-02T06:52:58", "latitude_start": 46.207088, "longitude_start": 6.148125, "latitude_end": 46.2069788, "longitude_end": 6.147503, "distance_in_km": 0.049380976923518498, "start_station": null, "end_station": null }, "geometry": { "type": "LineString", "coordinates": [ [ 6.148125, 46.207088 ], [ 6.147503, 46.2069788 ] ] } }
]
}
