{
"type": "FeatureCollection",
"name": "grid",
"crs": { "type": "name", "properties": { "name": "urn:ogc:def:crs:OGC:1.3:CRS84" } },
"features": [
{ "type": "Feature", "properties": { "id": "887a8dc125fffff", "center": "(46.2129575738099, 6.144597944919238)", "polygon": "[(6.1409770559498345, 46.21600943137511), (6.145066562572375, 46.217420784000325), (6.148687312574584, 46.214369007131936), (6.148218772859082, 46.20990571157614), (6.14412926427007, 46.20849412392262), (6.140508297350288, 46.21154606684601)]", "points": "[(6.14283263, 46.21009966), (6.14324585, 46.21046022), (6.14294941, 46.20989452), (6.14363213, 46.21039805), (6.14549164, 46.21315187), (6.14557249, 46.2133943), (6.14530299, 46.21312079), (6.14123363, 46.21293431), (6.14135939, 46.21338808), (6.14111684, 46.21266079), (6.142054, 46.21262), (6.144149, 46.210583), (6.145071, 46.212425), (6.142198, 46.210423), (6.141168, 46.212341), (6.142328, 46.212547), (6.146921, 46.215214), (6.147893, 46.214561), (6.144199, 46.210552), (6.142624, 46.209896), (6.14419, 46.210865), (6.143984, 46.210957), (6.1443209, 46.2089975), (6.1449087, 46.2102549), (6.1457237, 46.209689), (6.1466122, 46.2111603), (6.1458686, 46.2134789), (6.1483013, 46.2135399), (6.1475462, 46.2147665), (6.1447897, 46.2087736), (6.1442478, 46.2113707), (6.1467867, 46.2096233), (6.1466601, 46.2160508), (6.145709, 46.2147902), (6.1472369, 46.2116452), (6.1451953, 46.209787), (6.1470947, 46.210525), (6.1418191, 46.2126713), (6.1483385, 46.2117783), (6.1472328, 46.2100823), (6.1477451, 46.2114083)]" }, "geometry": { "type": "Polygon", "coordinates": [ [ [ 6.14412926427007, 46.20849412392262 ], [ 6.140508297350288, 46.211546066846012 ], [ 6.140977055949834, 46.216009431375113 ], [ 6.145066562572375, 46.217420784000325 ], [ 6.148687312574584, 46.214369007131936 ], [ 6.148218772859082, 46.209905711576141 ], [ 6.14412926427007, 46.20849412392262 ] ] ] } },
{ "type": "Feature", "properties": { "id": "887a8dc105fffff", "center": "(46.20284703680354, 6.127768431008021)", "polygon": "[(6.124146908346601, 46.20589930249108), (6.1282376753658685, 46.20731110406282), (6.131859059118612, 46.20425891906716), (6.131389892734311, 46.1997947665036), (6.127299123715791, 46.19838272989267), (6.123677523068083, 46.20143508087727)]", "points": "[(6.12609701, 46.20122802), (6.12969027, 46.20078658), (6.12946569, 46.2006871), (6.13003163, 46.20101663), (6.12978909, 46.20046327), (6.12944773, 46.20029539), (6.13094792, 46.20120937), (6.12951959, 46.2012902), (6.12520768, 46.20430559), (6.12508192, 46.20435533), (6.12534243, 46.20429316), (6.12772296, 46.2046724), (6.12757923, 46.20469105), (6.12801941, 46.20469105), (6.127803, 46.198944), (6.130074, 46.200417), (6.129522, 46.201283), (6.126865, 46.201321), (6.127004, 46.201488), (6.131181, 46.201267), (6.128512, 46.201241), (6.125289, 46.204334), (6.129456, 46.201351), (6.13046, 46.201656), (6.125656, 46.200989), (6.13053, 46.2009968), (6.1282267, 46.2012492), (6.1315325, 46.2024573), (6.1257624, 46.2044247), (6.1309038, 46.2002138), (6.1272746, 46.2060149), (6.130007, 46.2049264), (6.1286642, 46.2047587), (6.1256901, 46.2055037), (6.1272691, 46.2066289), (6.1243445, 46.2054033)]" }, "geometry": { "type": "Polygon", "coordinates": [ [ [ 6.127299123715791, 46.198382729892671 ], [ 6.123677523068083, 46.201435080877268 ], [ 6.124146908346601, 46.205899302491083 ], [ 6.128237675365868, 46.207311104062818 ], [ 6.131859059118612, 46.204258919067158 ], [ 6.131389892734311, 46.199794766503601 ], [ 6.127299123715791, 46.198382729892671 ] ] ] } },
{ "type": "Feature", "properties": { "id": "887a8dc145fffff", "center": "(46.213644438596326, 6.1091905120154335)", "polygon": "[(6.105568607428664, 46.216696766384686), (6.109660209516898, 46.21810831877108), (6.113281975335192, 46.215056071706236), (6.112812355931136, 46.210592106134094), (6.108720751655126, 46.20918031864341), (6.105098768958218, 46.212232731821956)]", "points": "[(6.11279296, 46.21122483), (6.11221804, 46.21240593), (6.11273906, 46.211287), (6.11276601, 46.21113781), (6.11122091, 46.21131186), (6.11098, 46.211426), (6.110591, 46.211391), (6.112284, 46.211597), (6.112723, 46.211151), (6.112711, 46.211109), (6.112198, 46.212421), (6.1094053, 46.2124929), (6.1110448, 46.2166338), (6.1117603, 46.2152683)]" }, "geometry": { "type": "Polygon", "coordinates": [ [ [ 6.108720751655126, 46.209180318643412 ], [ 6.105098768958218, 46.212232731821956 ], [ 6.105568607428664, 46.216696766384686 ], [ 6.109660209516898, 46.21810831877108 ], [ 6.113281975335192, 46.215056071706236 ], [ 6.112812355931136, 46.210592106134094 ], [ 6.108720751655126, 46.209180318643412 ] ] ] } },
{ "type": "Feature", "properties": { "id": "887a8dc165fffff", "center": "(46.223753791758774, 6.126023820264365)", "polygon": "[(6.122402548932868, 46.22680571120522), (6.126492890943221, 46.228216814604494), (6.130114023447549, 46.22516497588648), (6.129645030830188, 46.22070186758233), (6.125554686664969, 46.219290529089726), (6.121933337259245, 46.22234253398742)]", "points": "[(6.12345597, 46.22310301), (6.12376139, 46.22296006), (6.12314156, 46.22327081), (6.12385122, 46.22586862), (6.12386919, 46.2257754), (6.12382427, 46.22596806), (6.12849551, 46.22300357), (6.12967231, 46.22269903), (6.12860331, 46.22290413), (6.12841467, 46.22310301), (6.12541429, 46.2219035), (6.12554006, 46.2219035), (6.12706719, 46.22421548), (6.12714804, 46.22410983), (6.12700431, 46.22430249), (6.1284, 46.223125), (6.126986, 46.224323), (6.123724, 46.223007), (6.129699, 46.222664), (6.123808, 46.225975), (6.125565, 46.221958), (6.12556, 46.222099), (6.1254948, 46.2231243), (6.1292017, 46.2207506), (6.1268312, 46.2226933)]" }, "geometry": { "type": "Polygon", "coordinates": [ [ [ 6.125554686664969, 46.219290529089726 ], [ 6.121933337259245, 46.222342533987423 ], [ 6.122402548932868, 46.226805711205223 ], [ 6.126492890943221, 46.228216814604494 ], [ 6.130114023447549, 46.225164975886479 ], [ 6.129645030830188, 46.220701867582328 ], [ 6.125554686664969, 46.219290529089726 ] ] ] } },
{ "type": "Feature", "properties": { "id": "887a8dc1e5fffff", "center": "(46.17113817369195, 6.148089576349321)", "polygon": "[(6.144468186760477, 46.174190722136636), (6.148558542356021, 46.17560347066877), (6.1521797928146915, 46.17255100284761), (6.151710904569562, 46.168085620814075), (6.147620547318765, 46.16667263736237), (6.14399907995563, 46.16972527085653)]", "points": "[(6.146329, 46.173351), (6.146205, 46.173126)]" }, "geometry": { "type": "Polygon", "coordinates": [ [ [ 6.147620547318765, 46.166672637362367 ], [ 6.14399907995563, 46.169725270856532 ], [ 6.144468186760477, 46.174190722136636 ], [ 6.148558542356021, 46.175603470668769 ], [ 6.152179792814692, 46.172551002847612 ], [ 6.151710904569562, 46.168085620814075 ], [ 6.147620547318765, 46.166672637362367 ] ] ] } },
{ "type": "Feature", "properties": { "id": "887a8dca8dfffff", "center": "(46.193006439085934, 6.17403084964246)", "polygon": "[(6.170410528285238, 46.196058248325), (6.174498781455887, 46.19747009202385), (6.178118963614598, 46.194418363426685), (6.17765110953151, 46.18995462529169), (6.173562854712325, 46.18854254667454), (6.169942455612011, 46.191594441103476)]", "points": "[(6.17664521, 46.19330637), (6.17659131, 46.19339965), (6.17709437, 46.19327528), (6.17201889, 46.19410854), (6.17205482, 46.19412719), (6.17189313, 46.19406501), (6.176271, 46.192871), (6.171877, 46.194099), (6.176199, 46.19268)]" }, "geometry": { "type": "Polygon", "coordinates": [ [ [ 6.173562854712325, 46.18854254667454 ], [ 6.169942455612011, 46.191594441103476 ], [ 6.170410528285238, 46.196058248325002 ], [ 6.174498781455887, 46.197470092023849 ], [ 6.178118963614598, 46.194418363426685 ], [ 6.17765110953151, 46.189954625291691 ], [ 6.173562854712325, 46.18854254667454 ] ] ] } },
{ "type": "Feature", "properties": { "id": "887a8dcaadfffff", "center": "(46.20311673048874, 6.19084899332697)", "polygon": "[(6.187229306577367, 46.20616813191251), (6.191316298497579, 46.20757952681945), (6.19493584599053, 46.20452820604257), (6.194468618514363, 46.200065324453654), (6.190381624978264, 46.198653694639226), (6.186761860521482, 46.201705181314)]", "points": "[(6.19079368, 46.20432424), (6.19103622, 46.20420612), (6.18702974, 46.20403825), (6.18735313, 46.20377092), (6.191175, 46.20451), (6.190341, 46.204117), (6.191121, 46.204021), (6.19345, 46.20528)]" }, "geometry": { "type": "Polygon", "coordinates": [ [ [ 6.190381624978264, 46.198653694639226 ], [ 6.186761860521482, 46.201705181313997 ], [ 6.187229306577367, 46.206168131912513 ], [ 6.191316298497579, 46.207579526819451 ], [ 6.19493584599053, 46.204528206042568 ], [ 6.194468618514363, 46.200065324453654 ], [ 6.190381624978264, 46.198653694639226 ] ] ] } },
{ "type": "Feature", "properties": { "id": "887a8dcacdfffff", "center": "(46.20380197317223, 6.155460245416853)", "polygon": "[(6.151839539711057, 46.206853844691146), (6.155928629340418, 46.208265439383574), (6.159549195987431, 46.20521364853821), (6.159080889918144, 46.2007500970367), (6.154991798452121, 46.19933826736088), (6.151371014879306, 46.20239022416275)]", "points": "[(6.15281291, 46.2018622), (6.15272308, 46.2016819), (6.15286681, 46.2017192), (6.15225595, 46.20190572), (6.1524446, 46.20191816), (6.15349563, 46.20143942), (6.1535136, 46.20150159), (6.15350461, 46.2020052), (6.1539358, 46.20263937), (6.15355851, 46.20282589), (6.15151934, 46.20339788), (6.15151035, 46.20337301), (6.15601091, 46.2022912), (6.15541802, 46.20255855), (6.15578633, 46.20235959), (6.15658583, 46.20232229), (6.15578633, 46.20179381), (6.15690923, 46.20175029), (6.15555277, 46.20250259), (6.15801415, 46.2038393), (6.15748415, 46.20352223), (6.15854416, 46.20410664), (6.15641515, 46.2010788), (6.15647804, 46.20098554), (6.15590311, 46.20114719), (6.15520243, 46.20073062), (6.15574142, 46.20096689), (6.15854416, 46.2006187), (6.15822077, 46.20069953), (6.15311, 46.203026), (6.15611, 46.204052), (6.153389, 46.20126), (6.15749, 46.201778), (6.15402, 46.202663), (6.153457, 46.202789), (6.153372, 46.201313), (6.15352, 46.202869), (6.154483, 46.203773), (6.153717, 46.202553), (6.155128, 46.205276), (6.157694, 46.201733), (6.153603, 46.20155), (6.152692, 46.20171), (6.15364, 46.202446), (6.152286, 46.201912), (6.15359, 46.202091), (6.15366, 46.202648), (6.153061, 46.201443), (6.151844, 46.203289), (6.155241, 46.200729), (6.155883, 46.201035), (6.156063, 46.201054), (6.157975, 46.200764), (6.1530625, 46.2014375), (6.1578497, 46.2053158), (6.1538102, 46.2016212), (6.1558235, 46.2012952), (6.1563643, 46.2023076), (6.1525064, 46.2027213), (6.1576766, 46.2023365), (6.1586265, 46.2035996), (6.1555808, 46.2031314), (6.1541791, 46.2029882), (6.1591623, 46.2051736), (6.15607, 46.2039075), (6.1587204, 46.2032123), (6.1589403, 46.204237)]" }, "geometry": { "type": "Polygon", "coordinates": [ [ [ 6.154991798452121, 46.199338267360879 ], [ 6.151371014879306, 46.202390224162748 ], [ 6.151839539711057, 46.206853844691146 ], [ 6.155928629340418, 46.208265439383574 ], [ 6.159549195987431, 46.205213648538212 ], [ 6.159080889918144, 46.200750097036703 ], [ 6.154991798452121, 46.199338267360879 ] ] ] } },
{ "type": "Feature", "properties": { "id": "887a8dcaedfffff", "center": "(46.21391108180466, 6.172282187959291)", "polygon": "[(6.168662116426314, 46.21696254528871), (6.172749945121888, 46.21837369114857), (6.176369877537791, 46.21532230834301), (6.1759021981935724, 46.21085961364786), (6.171814367694089, 46.209448232815475), (6.1681942183300045, 46.21249978164357)]", "points": "[(6.17237822, 46.21158538), (6.17179431, 46.21134916), (6.17213567, 46.21154187), (6.17192906, 46.21140511), (6.173025, 46.211609), (6.172429, 46.211586), (6.170448, 46.211502), (6.170361, 46.211578), (6.1738125, 46.2128125), (6.1756257, 46.2150029), (6.1716778, 46.2113173)]" }, "geometry": { "type": "Polygon", "coordinates": [ [ [ 6.171814367694089, 46.209448232815475 ], [ 6.168194218330004, 46.212499781643572 ], [ 6.168662116426314, 46.216962545288709 ], [ 6.172749945121888, 46.218373691148571 ], [ 6.176369877537791, 46.215322308343012 ], [ 6.175902198193572, 46.210859613647862 ], [ 6.171814367694089, 46.209448232815475 ] ] ] } },
{ "type": "Feature", "properties": { "id": "887a8dc103fffff", "center": "(46.18945339725586, 6.126360320329458)", "polygon": "[(6.1227385637543374, 46.19250591873763), (6.1268297534895035, 46.193918183365135), (6.1304513711177355, 46.190865742553584), (6.129982015886072, 46.18640087123697), (6.125890824235974, 46.184988371599786), (6.122268989719739, 46.18804097828167)]", "points": "[(6.12463276, 46.18810133), (6.12459683, 46.18805158), (6.12466869, 46.18807646), (6.12390512, 46.18849313), (6.12430937, 46.18818218), (6.12762415, 46.18758516), (6.12686956, 46.1875665), (6.12761517, 46.18755406), (6.12787568, 46.18700057), (6.12837873, 46.18740481), (6.124593, 46.188068), (6.128383, 46.18726), (6.125844, 46.187256), (6.128345, 46.188286), (6.127779, 46.188004), (6.128863, 46.187733), (6.128744, 46.187866), (6.125383, 46.186951), (6.123767, 46.187412), (6.12959, 46.188595), (6.126466, 46.187374), (6.127458, 46.187447), (6.124933, 46.188198), (6.124733, 46.187881), (6.127867, 46.187126), (6.1270083, 46.1877149), (6.1291748, 46.1868851), (6.1279698, 46.1874263)]" }, "geometry": { "type": "Polygon", "coordinates": [ [ [ 6.125890824235974, 46.184988371599786 ], [ 6.122268989719739, 46.18804097828167 ], [ 6.122738563754337, 46.192505918737631 ], [ 6.126829753489504, 46.193918183365135 ], [ 6.130451371117736, 46.190865742553584 ], [ 6.129982015886072, 46.18640087123697 ], [ 6.125890824235974, 46.184988371599786 ] ] ] } },
{ "type": "Feature", "properties": { "id": "887a8dc123fffff", "center": "(46.199566505197005, 6.143191713984843)", "polygon": "[(6.139570591209427, 46.2026186187399), (6.1436605206251835, 46.20403043437336), (6.147281504395178, 46.20097840150568), (6.146812775647331, 46.196514387060795), (6.1427228443493345, 46.19510233642845), (6.139101643668689, 46.19815453523265)]", "points": "[(6.14251822, 46.20332949), (6.14373992, 46.20392635), (6.14281466, 46.19803836), (6.14194329, 46.19828085), (6.14204211, 46.19864149), (6.14285958, 46.19808188), (6.14296737, 46.19764663), (6.14304822, 46.1980881), (6.14356026, 46.19768394), (6.14306619, 46.1980881), (6.14302127, 46.19718651), (6.14294042, 46.20238446), (6.14032633, 46.20108502), (6.1406048, 46.20080523), (6.14083837, 46.20035135), (6.139967, 46.20075549), (6.139967, 46.20129641), (6.13948191, 46.20145185), (6.14656063, 46.20105393), (6.14619233, 46.19672016), (6.14615639, 46.19669529), (6.1441801, 46.20119693), (6.14385671, 46.20099176), (6.14329975, 46.2006871), (6.14464722, 46.20096689), (6.14424298, 46.20126533), (6.14399145, 46.20152646), (6.14712657, 46.19988503), (6.14688403, 46.19989746), (6.1466864, 46.20009021), (6.14185346, 46.20217307), (6.14181753, 46.20207359), (6.14187143, 46.20234716), (6.14166482, 46.20188085), (6.14662352, 46.20109124), (6.143731, 46.20396), (6.145571, 46.197765), (6.142754, 46.198437), (6.143059, 46.198524), (6.143676, 46.198368), (6.142996, 46.199913), (6.146846, 46.196896), (6.142733, 46.202274), (6.141396, 46.200207), (6.14124, 46.201614), (6.139186, 46.198627), (6.146719, 46.200092), (6.142965, 46.197704), (6.143872, 46.198837), (6.143776, 46.198475), (6.142229, 46.198738), (6.144065, 46.201393), (6.144033, 46.201412), (6.143541, 46.201492), (6.141693, 46.202175), (6.142825, 46.202328), (6.142744, 46.202877), (6.142493, 46.200184), (6.142854, 46.202396), (6.142707, 46.202934), (6.144725, 46.198269), (6.145861, 46.197586), (6.146706, 46.200077), (6.142787, 46.198124), (6.142088, 46.197586), (6.1436, 46.201), (6.144029, 46.201504), (6.143519, 46.202244), (6.143638, 46.201061), (6.143353, 46.200901), (6.1433116, 46.2038067), (6.1432303, 46.1965365), (6.1398463, 46.2011859), (6.141155, 46.1995996), (6.1431529, 46.1972413), (6.1452873, 46.1969609), (6.1429661, 46.1996601), (6.1414002, 46.2028401), (6.1438301, 46.2017625), (6.1441602, 46.1987529), (6.1466746, 46.1965564), (6.1442388, 46.1966174), (6.1429667, 46.200731), (6.1396609, 46.2007559), (6.143123, 46.2018665), (6.1416152, 46.2025527), (6.1424538, 46.201362), (6.1417383, 46.201206), (6.141049, 46.2006217), (6.1414694, 46.2002036), (6.1462508, 46.1974452)]" }, "geometry": { "type": "Polygon", "coordinates": [ [ [ 6.142722844349334, 46.195102336428448 ], [ 6.139101643668689, 46.198154535232653 ], [ 6.139570591209427, 46.202618618739898 ], [ 6.143660520625184, 46.204030434373358 ], [ 6.147281504395178, 46.200978401505679 ], [ 6.146812775647331, 46.196514387060795 ], [ 6.142722844349334, 46.195102336428448 ] ] ] } },
{ "type": "Feature", "properties": { "id": "887a8dc143fffff", "center": "(46.20025135954269, 6.10778104235932)", "polygon": "[(6.104158903487259, 46.2033039434047), (6.108250928436322, 46.20471595894723), (6.111872928501707, 46.2016634557871), (6.111403120476985, 46.19719877108204), (6.107311093424493, 46.19578652046468), (6.1036888764874115, 46.19883918961998)]", "points": "[(6.10892122, 46.20410664), (6.108508, 46.20403204), (6.1058614, 46.202539)]" }, "geometry": { "type": "Polygon", "coordinates": [ [ [ 6.107311093424493, 46.195786520464679 ], [ 6.103688876487412, 46.198839189619981 ], [ 6.104158903487259, 46.203303943404698 ], [ 6.108250928436322, 46.204715958947233 ], [ 6.111872928501707, 46.201663455787099 ], [ 6.111403120476985, 46.197198771082043 ], [ 6.107311093424493, 46.195786520464679 ] ] ] } },
{ "type": "Feature", "properties": { "id": "887a8dc163fffff", "center": "(46.210363284421014, 6.12461623070579)", "polygon": "[(6.120994725196713, 46.21341546012442), (6.125085490145352, 46.214827026632186), (6.128706856789052, 46.21177493163564), (6.1282376753658685, 46.20731110406282), (6.124146908346601, 46.20589930249108), (6.120525324808418, 46.20895156354891)]", "points": "[(6.12733669, 46.2082782), (6.12784873, 46.20848957), (6.12822602, 46.20832794), (6.12717499, 46.20765653), (6.12740855, 46.20772491), (6.12352783, 46.20888122), (6.1234919, 46.20894338), (6.12358173, 46.20878797), (6.12735465, 46.21144241), (6.12703126, 46.21067779), (6.12755228, 46.21174079), (6.123506, 46.208981), (6.1237405, 46.2075873), (6.1272708, 46.2082245), (6.1248569, 46.2086856), (6.1216274, 46.2093243), (6.1253655, 46.2122951), (6.1258271, 46.2121062), (6.1236482, 46.2112408), (6.1248592, 46.2135221), (6.126333, 46.2085412), (6.1217478, 46.2124136), (6.1259941, 46.2094886), (6.1250308, 46.209506), (6.1218437, 46.2114264)]" }, "geometry": { "type": "Polygon", "coordinates": [ [ [ 6.124146908346601, 46.205899302491083 ], [ 6.120525324808418, 46.208951563548908 ], [ 6.120994725196713, 46.213415460124423 ], [ 6.125085490145352, 46.214827026632186 ], [ 6.128706856789052, 46.211774931635638 ], [ 6.128237675365868, 46.207311104062818 ], [ 6.124146908346601, 46.205899302491083 ] ] ] } },
{ "type": "Feature", "properties": { "id": "887a8dca0bfffff", "center": "(46.23221979201236, 6.150560841320694)", "polygon": "[(6.146940403219456, 46.235271227096675), (6.151029065976936, 46.236681888722664), (6.154649365144141, 46.233630534363364), (6.154181218472951, 46.229168352151525), (6.150092553652074, 46.22775745546334), (6.146472037553043, 46.23080897604204)]", "points": "[(6.14942626, 46.23222589), (6.14956101, 46.23151749), (6.14931846, 46.23219482)]" }, "geometry": { "type": "Polygon", "coordinates": [ [ [ 6.150092553652074, 46.22775745546334 ], [ 6.146472037553043, 46.230808976042042 ], [ 6.146940403219456, 46.235271227096675 ], [ 6.151029065976936, 46.236681888722664 ], [ 6.154649365144141, 46.233630534363364 ], [ 6.154181218472951, 46.229168352151525 ], [ 6.150092553652074, 46.22775745546334 ] ] ] } },
{ "type": "Feature", "properties": { "id": "887a8dca8bfffff", "center": "(46.17961404357109, 6.172626675502944)", "polygon": "[(6.169006120961662, 46.18266610828281), (6.173094796665732, 46.18407841482462), (6.176715211970283, 46.181026430733134), (6.1762471684926386, 46.17656197437947), (6.172158491224215, 46.17514943294891), (6.168537858985037, 46.17820158275355)]", "points": "[(6.169409, 46.179264)]" }, "geometry": { "type": "Polygon", "coordinates": [ [ [ 6.172158491224215, 46.175149432948913 ], [ 6.168537858985037, 46.178201582753552 ], [ 6.169006120961662, 46.18266610828281 ], [ 6.173094796665732, 46.184078414824619 ], [ 6.176715211970283, 46.181026430733134 ], [ 6.176247168492639, 46.176561974379467 ], [ 6.172158491224215, 46.175149432948913 ] ] ] } },
{ "type": "Feature", "properties": { "id": "887a8dcaabfffff", "center": "(46.18972690452335, 6.189446698747453)", "polygon": "[(6.185826778921471, 46.192778561603276), (6.189914193451694, 46.1941904193058), (6.1935339739827855, 46.191138842851146), (6.193066556927799, 46.18667524290734), (6.188979140865779, 46.185263150326804), (6.1853591433778, 46.18831489256085)]", "points": "[(6.18658956, 46.19015356), (6.18676024, 46.19010381), (6.18640092, 46.19022196), (6.19206929, 46.19200049), (6.186698, 46.190151), (6.192057, 46.192028)]" }, "geometry": { "type": "Polygon", "coordinates": [ [ [ 6.188979140865779, 46.185263150326804 ], [ 6.1853591433778, 46.188314892560847 ], [ 6.185826778921471, 46.192778561603276 ], [ 6.189914193451694, 46.194190419305798 ], [ 6.193533973982785, 46.191138842851146 ], [ 6.193066556927799, 46.186675242907341 ], [ 6.188979140865779, 46.185263150326804 ] ] ] } },
{ "type": "Feature", "properties": { "id": "887a8dcacbfffff", "center": "(46.19041013707771, 6.15405471540027)", "polygon": "[(6.150433776138582, 46.193462264348604), (6.154523288446502, 46.19487432198439), (6.158144088611189, 46.19182227536542), (6.157675593374057, 46.18735800526545), (6.1535860793136905, 46.18594571267574), (6.149965062230162, 46.188997925132675)]", "points": "[(6.15154628, 46.18813865), (6.15193256, 46.18871701), (6.1547353, 46.18790233), (6.15513056, 46.18817596), (6.15429513, 46.18811377), (6.15045932, 46.18878542), (6.15046831, 46.18876676), (6.15247155, 46.18996078), (6.1522829, 46.18971203), (6.1526063, 46.19017221), (6.15637922, 46.1893389), (6.15667566, 46.18906527), (6.15575938, 46.18894089), (6.15385495, 46.19377896), (6.15433106, 46.19408366), (6.15309139, 46.19412097), (6.15327105, 46.19216217), (6.15336088, 46.19224302), (6.15307342, 46.19192587), (6.15037847, 46.19024062), (6.15035153, 46.19017221), (6.1505761, 46.19316335), (6.15071085, 46.19326906), (6.15049526, 46.19315091), (6.15043237, 46.19257881), (6.15185171, 46.19333746), (6.15024373, 46.1913662), (6.15598, 46.189186), (6.155813, 46.189674), (6.15473, 46.194397), (6.150402, 46.189941), (6.152783, 46.191795), (6.150458, 46.192642), (6.155245, 46.188484), (6.153702, 46.193497), (6.153208, 46.194122), (6.151967, 46.189617), (6.153368, 46.192287), (6.151867, 46.193279), (6.150549, 46.193165), (6.156084, 46.189194), (6.151866, 46.193325), (6.152802, 46.19101), (6.152827, 46.191071), (6.1541875, 46.1923125), (6.1506875, 46.1929375), (6.1526665, 46.1907713), (6.1534958, 46.1916875), (6.1576066, 46.1907538), (6.1554907, 46.187437), (6.1527109, 46.188709), (6.157216, 46.1920798), (6.1536493, 46.1934291), (6.150432, 46.1887521), (6.150428, 46.1906208), (6.15685, 46.19101)]" }, "geometry": { "type": "Polygon", "coordinates": [ [ [ 6.153586079313691, 46.185945712675739 ], [ 6.149965062230162, 46.188997925132675 ], [ 6.150433776138582, 46.193462264348604 ], [ 6.154523288446502, 46.194874321984393 ], [ 6.158144088611189, 46.191822275365418 ], [ 6.157675593374057, 46.187358005265452 ], [ 6.153586079313691, 46.185945712675739 ] ] ] } },
{ "type": "Feature", "properties": { "id": "887a8dcaebfffff", "center": "(46.200521816040784, 6.170878537856834)", "polygon": "[(6.167258232875679, 46.203573535460166), (6.171346484326524, 46.204985144215904), (6.174966650152374, 46.201933505453404), (6.174498781455887, 46.19747009202385), (6.170410528285238, 46.196058248325), (6.166790145518135, 46.199110052991614)]", "points": "[(6.16991683, 46.20288807), (6.16962937, 46.20278859), (6.17014141, 46.2029005), (6.16768003, 46.20000938), (6.16764409, 46.2000529), (6.16839868, 46.20000938), (6.16743748, 46.1996301), (6.16731172, 46.19947466), (6.17466892, 46.19961145), (6.17439943, 46.19967985), (6.172322, 46.200016), (6.168462, 46.199959), (6.174715, 46.199615), (6.171961, 46.20005), (6.170105, 46.20285), (6.1736274, 46.1998548), (6.17287, 46.2011179)]" }, "geometry": { "type": "Polygon", "coordinates": [ [ [ 6.170410528285238, 46.196058248325002 ], [ 6.166790145518135, 46.199110052991614 ], [ 6.167258232875679, 46.203573535460166 ], [ 6.171346484326524, 46.204985144215904 ], [ 6.174966650152374, 46.201933505453404 ], [ 6.174498781455887, 46.197470092023849 ], [ 6.170410528285238, 46.196058248325002 ] ] ] } },
{ "type": "Feature", "properties": { "id": "887a8dc101fffff", "center": "(46.19697061961448, 6.123208074870565)", "polygon": "[(6.119586335319293, 46.2000230512843), (6.123677523068083, 46.20143508087727), (6.127299123715791, 46.19838272989267), (6.1268297534895035, 46.193918183365135), (6.1227385637543374, 46.19250591873763), (6.119116746219087, 46.19555843566498)]", "points": "[(6.12227917, 46.1954952), (6.12271935, 46.19529), (6.12183002, 46.1957004), (6.12390512, 46.19382871), (6.12359071, 46.19359241), (6.12406682, 46.19384737), (6.1235895, 46.1949565), (6.1217344, 46.1967671)]" }, "geometry": { "type": "Polygon", "coordinates": [ [ [ 6.122738563754337, 46.192505918737631 ], [ 6.119116746219087, 46.195558435664978 ], [ 6.119586335319293, 46.200023051284298 ], [ 6.123677523068083, 46.201435080877268 ], [ 6.127299123715791, 46.198382729892671 ], [ 6.126829753489504, 46.193918183365135 ], [ 6.122738563754337, 46.192505918737631 ] ] ] } },
{ "type": "Feature", "properties": { "id": "887a8dc121fffff", "center": "(46.20708246262266, 6.140039475770065)", "polygon": "[(6.136418369888147, 46.21013448623624), (6.140508297350288, 46.21154606684601), (6.14412926427007, 46.20849412392262), (6.1436605206251835, 46.20403043437336), (6.139570591209427, 46.2026186187399), (6.1359494073794405, 46.20567072767218)]", "points": "[(6.14243737, 46.20973289), (6.14232957, 46.20965207), (6.14230262, 46.20939719), (6.14223974, 46.2093599), (6.1414582, 46.20991938), (6.14184448, 46.20957747), (6.14153905, 46.21051616), (6.14020955, 46.20888743), (6.13979632, 46.2089123), (6.14304822, 46.20472836), (6.14346145, 46.20487135), (6.14345246, 46.20452941), (6.14297636, 46.20506408), (6.14206008, 46.2042372), (6.14355128, 46.20815387), (6.14363213, 46.20815387), (6.14219482, 46.20744516), (6.14192533, 46.20725244), (6.1423655, 46.20760058), (6.14200618, 46.20725244), (6.14229364, 46.20761301), (6.14144922, 46.20753841), (6.14153007, 46.20761301), (6.13953581, 46.20686699), (6.13958971, 46.20725244), (6.13904174, 46.20680483), (6.13998497, 46.20650642), (6.13949089, 46.20717162), (6.13830512, 46.20980749), (6.1385297, 46.20966451), (6.13784698, 46.21003128), (6.13652645, 46.2060215), (6.13652645, 46.20612097), (6.13639171, 46.20597176), (6.13988615, 46.20369009), (6.13985022, 46.20364035), (6.13994903, 46.20397608), (6.14105396, 46.20359683), (6.14022751, 46.20410664), (6.14033531, 46.20417503), (6.14028141, 46.20416882), (6.143211, 46.204281), (6.142212, 46.207619), (6.142012, 46.207325), (6.141869, 46.207291), (6.14362, 46.208324), (6.142349, 46.209454), (6.14282, 46.208729), (6.141668, 46.20977), (6.141884, 46.207882), (6.138489, 46.20752), (6.139576, 46.207275), (6.138728, 46.20919), (6.141748, 46.205776), (6.142307, 46.209328), (6.142284, 46.209332), (6.142342, 46.20929), (6.138674, 46.203377), (6.142945, 46.20702), (6.142167, 46.205688), (6.141803, 46.205723), (6.140944, 46.203709), (6.140181, 46.204193), (6.142027, 46.208305), (6.142287, 46.207447), (6.141909, 46.207294), (6.142186, 46.207607), (6.143484, 46.20821), (6.140244, 46.208656), (6.142338, 46.2094), (6.141825, 46.209179), (6.141788, 46.209656), (6.140707, 46.209824), (6.142298, 46.209263), (6.14155, 46.209717), (6.141834, 46.207924), (6.138235, 46.209175), (6.141773, 46.205795), (6.142507, 46.209335), (6.140173, 46.208889), (6.143483, 46.204826), (6.143449, 46.204601), (6.143086, 46.204651), (6.14305, 46.205036), (6.142323, 46.209248), (6.141572, 46.209705), (6.142456, 46.209759), (6.140374, 46.209171), (6.140229, 46.209267), (6.143477, 46.204845), (6.138211, 46.207745), (6.139525, 46.20723), (6.136519, 46.206154), (6.139831, 46.203667), (6.140182, 46.20414), (6.141438, 46.203651), (6.14026, 46.204212), (6.141012, 46.203583), (6.139727, 46.203526), (6.1425051, 46.2093526), (6.1406665, 46.2099986), (6.1427931, 46.2057147), (6.139265, 46.2041899), (6.1424073, 46.2085539), (6.1412041, 46.2087165), (6.1428894, 46.2069752), (6.1404056, 46.209146), (6.1368786, 46.2080365), (6.1374097, 46.2102756), (6.1409182, 46.2111408), (6.1412344, 46.2072477), (6.1409662, 46.2076433), (6.1396961, 46.2060901), (6.138704, 46.2084192), (6.1393971, 46.2082382), (6.1401026, 46.2068494), (6.1380201, 46.2064096), (6.141601, 46.2054865), (6.1396381, 46.2105352), (6.1392143, 46.2106327), (6.1391218, 46.2108941), (6.1411253, 46.2061256)]" }, "geometry": { "type": "Polygon", "coordinates": [ [ [ 6.139570591209427, 46.202618618739898 ], [ 6.135949407379441, 46.205670727672178 ], [ 6.136418369888147, 46.210134486236242 ], [ 6.140508297350288, 46.211546066846012 ], [ 6.14412926427007, 46.20849412392262 ], [ 6.143660520625184, 46.204030434373358 ], [ 6.139570591209427, 46.202618618739898 ] ] ] } },
{ "type": "Feature", "properties": { "id": "887a8dc141fffff", "center": "(46.20776845748366, 6.104628867644304)", "polygon": "[(6.101006746184072, 46.21082095137908), (6.105098768958218, 46.212232731821956), (6.108720751655126, 46.20918031864341), (6.108250928436322, 46.20471595894723), (6.104158903487259, 46.2033039434047), (6.10053670391919, 46.2063565226508)]", "points": "[(6.10757375, 46.20866985), (6.10751087, 46.20876932), (6.1076546, 46.20856417), (6.10825647, 46.2057666), (6.10827444, 46.205692), (6.10806782, 46.20587851), (6.107627, 46.208591), (6.108255, 46.205704)]" }, "geometry": { "type": "Polygon", "coordinates": [ [ [ 6.104158903487259, 46.203303943404698 ], [ 6.10053670391919, 46.2063565226508 ], [ 6.101006746184072, 46.210820951379077 ], [ 6.105098768958218, 46.212232731821956 ], [ 6.108720751655126, 46.209180318643412 ], [ 6.108250928436322, 46.204715958947233 ], [ 6.104158903487259, 46.203303943404698 ] ] ] } },
{ "type": "Feature", "properties": { "id": "887a8dc161fffff", "center": "(46.21787911694888, 6.121464062680433)", "polygon": "[(6.11784257445267, 46.220931202568416), (6.121933337259245, 46.22234253398742), (6.125554686664969, 46.219290529089726), (6.125085490145352, 46.214827026632186), (6.120994725196713, 46.21341546012442), (6.117373158897023, 46.21646763115574)]", "points": "[(6.11808404, 46.21642768), (6.11838048, 46.21627228), (6.1176798, 46.21652092), (6.11791336, 46.21667009), (6.11845235, 46.21587447), (6.11928778, 46.21652092), (6.12108441, 46.21818671), (6.12080594, 46.21799403), (6.12132696, 46.21829859), (6.12290799, 46.21952926), (6.12271935, 46.21948575), (6.12307867, 46.2195852), (6.12490225, 46.21509127), (6.123111, 46.219841), (6.123837, 46.219616), (6.120258, 46.22121), (6.119084, 46.216583), (6.117633, 46.216564), (6.118268, 46.216228), (6.123055, 46.219585), (6.11887, 46.2164451)]" }, "geometry": { "type": "Polygon", "coordinates": [ [ [ 6.120994725196713, 46.213415460124423 ], [ 6.117373158897023, 46.216467631155737 ], [ 6.11784257445267, 46.220931202568416 ], [ 6.121933337259245, 46.222342533987423 ], [ 6.125554686664969, 46.219290529089726 ], [ 6.125085490145352, 46.214827026632186 ], [ 6.120994725196713, 46.213415460124423 ] ] ] } },
{ "type": "Feature", "properties": { "id": "887a8dc167fffff", "center": "(46.21623851948709, 6.1291759752772546)", "polygon": "[(6.125554686664969, 46.219290529089726), (6.129645030830188, 46.22070186758233), (6.133266180572015, 46.21764993869318), (6.132797203037761, 46.21318650519683), (6.128706856789052, 46.21177493163564), (6.125085490145352, 46.214827026632186)]", "points": "[(6.13067842, 46.21604852), (6.13048079, 46.21550152), (6.13029215, 46.21624121), (6.13130724, 46.21654578), (6.12945671, 46.22040563), (6.1291423, 46.22028132), (6.12971722, 46.22057344), (6.12987892, 46.21357457), (6.13053469, 46.21322025), (6.1298879, 46.21361186), (6.13000468, 46.2139724), (6.1290884, 46.21346889), (6.12620481, 46.21803754), (6.12561192, 46.21831724), (6.12651024, 46.21763352), (6.12657312, 46.21777648), (6.12571972, 46.2183794), (6.12520768, 46.21503533), (6.12547718, 46.21491723), (6.131077, 46.216404), (6.126533, 46.217804), (6.125636, 46.218445), (6.126441, 46.218353), (6.130302, 46.216305), (6.131356, 46.215687), (6.128955, 46.214081), (6.128923, 46.213898), (6.126845, 46.217541), (6.1293581, 46.2132968), (6.1317222, 46.2157543), (6.1302306, 46.2146967), (6.1306132, 46.2125883), (6.1308509, 46.2158082), (6.1269288, 46.2187803), (6.131163, 46.2131078), (6.1294283, 46.2158089), (6.1269161, 46.2134567)]" }, "geometry": { "type": "Polygon", "coordinates": [ [ [ 6.128706856789052, 46.211774931635638 ], [ 6.125085490145352, 46.214827026632186 ], [ 6.125554686664969, 46.219290529089726 ], [ 6.129645030830188, 46.220701867582328 ], [ 6.133266180572015, 46.217649938693178 ], [ 6.132797203037761, 46.21318650519683 ], [ 6.128706856789052, 46.211774931635638 ] ] ] } },
{ "type": "Feature", "properties": { "id": "887a8dca89fffff", "center": "(46.1871303944111, 6.169474319837397)", "polygon": "[(6.16585378154358, 46.19018236947527), (6.169942455612011, 46.191594441103476), (6.173562854712325, 46.18854254667454), (6.173094796665732, 46.18407841482462), (6.169006120961662, 46.18266610828281), (6.165385504927068, 46.1857181684973)]", "points": "[(6.17016836, 46.18710629), (6.17027616, 46.18686996), (6.17003361, 46.18736749), (6.16736562, 46.18946949), (6.1673207, 46.18936999), (6.16698832, 46.19021575), (6.1716238, 46.1885408)]" }, "geometry": { "type": "Polygon", "coordinates": [ [ [ 6.169006120961662, 46.18266610828281 ], [ 6.165385504927068, 46.185718168497303 ], [ 6.16585378154358, 46.190182369475266 ], [ 6.169942455612011, 46.191594441103476 ], [ 6.173562854712325, 46.18854254667454 ], [ 6.173094796665732, 46.184078414824619 ], [ 6.169006120961662, 46.18266610828281 ] ] ] } },
{ "type": "Feature", "properties": { "id": "887a8dc147fffff", "center": "(46.206127900816064, 6.112342673653191)", "polygon": "[(6.108720751655126, 46.20918031864341), (6.112812355931136, 46.210592106134094), (6.116434139117399, 46.207539769015284), (6.115964534894045, 46.20307547835726), (6.111872928501707, 46.2016634557871), (6.108250928436322, 46.20471595894723)]", "points": "[(6.1099453, 46.2060215), (6.10920869, 46.20772491), (6.1091458, 46.20791763), (6.1098914, 46.20592203), (6.11008005, 46.20622666), (6.11199346, 46.2057293), (6.10924462, 46.20429316), (6.10921767, 46.20418125), (6.11423027, 46.20537493), (6.11440095, 46.20551792), (6.11409552, 46.20526924), (6.109199, 46.204231), (6.108582, 46.20573), (6.114414, 46.20557), (6.109216, 46.207745), (6.111933, 46.205784), (6.1114246, 46.2058569), (6.1126809, 46.2086879), (6.1115467, 46.2073639), (6.111432, 46.2055077)]" }, "geometry": { "type": "Polygon", "coordinates": [ [ [ 6.111872928501707, 46.201663455787099 ], [ 6.108250928436322, 46.204715958947233 ], [ 6.108720751655126, 46.209180318643412 ], [ 6.112812355931136, 46.210592106134094 ], [ 6.116434139117399, 46.207539769015284 ], [ 6.115964534894045, 46.203075478357263 ], [ 6.111872928501707, 46.201663455787099 ] ] ] } },
{ "type": "Feature", "properties": { "id": "887a8dc127fffff", "center": "(46.20544217635576, 6.147750170132522)", "polygon": "[(6.14412926427007, 46.20849412392262), (6.148218772859082, 46.20990571157614), (6.151839539711057, 46.206853844691146), (6.151371014879306, 46.20239022416275), (6.147281504395178, 46.20097840150568), (6.1436605206251835, 46.20403043437336)]", "points": "[(6.14383874, 46.20391391), (6.14464722, 46.20365901), (6.14718946, 46.2090242), (6.14715352, 46.20903663), (6.14781828, 46.20146429), (6.15094441, 46.20337301), (6.14718047, 46.20311189), (6.14850998, 46.20398852), (6.1483932, 46.20409421), (6.14740505, 46.20301863), (6.14692894, 46.20320515), (6.14699183, 46.20734569), (6.14735115, 46.20703485), (6.14665047, 46.20760679), (6.144948, 46.207363), (6.149011, 46.208015), (6.150882, 46.204964), (6.150186, 46.20467), (6.146775, 46.209145), (6.146923, 46.209049), (6.146542, 46.207912), (6.150015, 46.204784), (6.151448, 46.203381), (6.148441, 46.203964), (6.148322, 46.20414), (6.149116, 46.208286), (6.147541, 46.208805), (6.150798, 46.203453), (6.14702, 46.209), (6.143751, 46.204456), (6.144637, 46.203716), (6.143879, 46.203976), (6.149666, 46.202534), (6.149612, 46.202541), (6.148756, 46.208107), (6.149528, 46.2041793), (6.147013, 46.2046831), (6.1460944, 46.2041587), (6.1447417, 46.2064075), (6.1488421, 46.2080078), (6.1514251, 46.2031806), (6.1473036, 46.2069193), (6.1481548, 46.2040222), (6.1473478, 46.2023685), (6.1488988, 46.2032448), (6.1464734, 46.2067751), (6.1465002, 46.2077679), (6.1441195, 46.2068767), (6.1463984, 46.2084035), (6.14606, 46.208767), (6.1448973, 46.2072301)]" }, "geometry": { "type": "Polygon", "coordinates": [ [ [ 6.147281504395178, 46.200978401505679 ], [ 6.143660520625184, 46.204030434373358 ], [ 6.14412926427007, 46.20849412392262 ], [ 6.148218772859082, 46.209905711576141 ], [ 6.151839539711057, 46.206853844691146 ], [ 6.151371014879306, 46.202390224162748 ], [ 6.147281504395178, 46.200978401505679 ] ] ] } },
{ "type": "Feature", "properties": { "id": "887a8dcaa9fffff", "center": "(46.19724199119929, 6.186294351302775)", "polygon": "[(6.1826744475943025, 46.20029355851431), (6.186761860521482, 46.201705181314), (6.190381624978264, 46.198653694639226), (6.189914193451694, 46.1941904193058), (6.185826778921471, 46.192778561603276), (6.182206797508132, 46.19583021412979)]", "points": "[(6.18264596, 46.19855444), (6.1866794, 46.19577501), (6.18660753, 46.19558225), (6.18674228, 46.19593668), (6.19009299, 46.19757202), (6.18984147, 46.19752849), (6.18563735, 46.19827463), (6.18568227, 46.19821246), (6.18598769, 46.19820624), (6.18537684, 46.1983679), (6.1899852, 46.19757202), (6.189797, 46.196774), (6.189349, 46.19709), (6.189934, 46.197563), (6.1869116, 46.1978508)]" }, "geometry": { "type": "Polygon", "coordinates": [ [ [ 6.185826778921471, 46.192778561603276 ], [ 6.182206797508132, 46.195830214129792 ], [ 6.182674447594303, 46.200293558514311 ], [ 6.186761860521482, 46.201705181313997 ], [ 6.190381624978264, 46.198653694639226 ], [ 6.189914193451694, 46.194190419305798 ], [ 6.185826778921471, 46.192778561603276 ] ] ] } },
{ "type": "Feature", "properties": { "id": "887a8dc107fffff", "center": "(46.195330374320775, 6.130920663400579)", "polygon": "[(6.127299123715791, 46.19838272989267), (6.131389892734311, 46.1997947665036), (6.135011293467132, 46.196742491608596), (6.134542142064108, 46.19227801417889), (6.1304513711177355, 46.190865742553584), (6.1268297534895035, 46.193918183365135)]", "points": "[(6.12880992, 46.19606726), (6.13004062, 46.19536462), (6.12943875, 46.19588072), (6.128235, 46.19627246), (6.12792958, 46.19588694), (6.13394829, 46.19320688), (6.1344244, 46.19273428), (6.13339133, 46.19367325), (6.128215, 46.198498), (6.128244, 46.196239), (6.127916, 46.195877), (6.129928, 46.1969002), (6.1333333, 46.1935454), (6.1323619, 46.1978244), (6.1345486, 46.1964309), (6.1284563, 46.1927468), (6.1284453, 46.1939318)]" }, "geometry": { "type": "Polygon", "coordinates": [ [ [ 6.130451371117736, 46.190865742553584 ], [ 6.126829753489504, 46.193918183365135 ], [ 6.127299123715791, 46.198382729892671 ], [ 6.131389892734311, 46.199794766503601 ], [ 6.135011293467132, 46.196742491608596 ], [ 6.134542142064108, 46.192278014178889 ], [ 6.130451371117736, 46.190865742553584 ] ] ] } },
{ "type": "Feature", "properties": { "id": "887a8dcac9fffff", "center": "(46.19792636403692, 6.1509024270217285)", "polygon": "[(6.147281504395178, 46.20097840150568), (6.151371014879306, 46.20239022416275), (6.154991798452121, 46.19933826736088), (6.154523288446502, 46.19487432198439), (6.150433776138582, 46.193462264348604), (6.146812775647331, 46.196514387060795)]", "points": "[(6.14835727, 46.19958036), (6.14749488, 46.19842386), (6.15206731, 46.20165703), (6.15185171, 46.20163216), (6.1489232, 46.1981565), (6.14869863, 46.19818137), (6.14860879, 46.19837412), (6.14909388, 46.1982622), (6.14956999, 46.19836168), (6.14878846, 46.19846117), (6.14852795, 46.20013995), (6.15072882, 46.19570661), (6.15076475, 46.19552629), (6.15039644, 46.1963906), (6.15116001, 46.19505993), (6.15277698, 46.19841764), (6.15373817, 46.19696266), (6.15384597, 46.19724247), (6.15405258, 46.19664554), (6.14945321, 46.19473658), (6.14882439, 46.19502884), (6.15114204, 46.1996301), (6.15165408, 46.19986016), (6.15069289, 46.19940005), (6.15171696, 46.19765907), (6.15094441, 46.19992855), (6.14819557, 46.20083632), (6.14860879, 46.20015239), (6.15280393, 46.19841764), (6.15169002, 46.1976342), (6.15098035, 46.1999099), (6.14784523, 46.2004757), (6.151364, 46.196495), (6.1477, 46.199665), (6.148654, 46.195263), (6.148694, 46.195389), (6.147563, 46.200542), (6.148766, 46.198479), (6.149223, 46.198833), (6.148546, 46.198406), (6.147391, 46.198502), (6.148572, 46.197697), (6.149695, 46.196655), (6.150733, 46.195354), (6.150712, 46.195374), (6.14978, 46.195789), (6.153919, 46.19788), (6.154004, 46.197998), (6.147648, 46.19968), (6.147545, 46.198769), (6.151813, 46.201645), (6.149534, 46.194775), (6.1484456, 46.2000917), (6.1506667, 46.2016987), (6.147423, 46.1986323), (6.1516402, 46.1949789), (6.1518549, 46.199425), (6.1540845, 46.195082), (6.1531468, 46.1966758), (6.1494832, 46.1988497), (6.1528473, 46.1949379), (6.1505205, 46.196348), (6.1530576, 46.1971196), (6.1486306, 46.1967467), (6.1502622, 46.198398), (6.1545398, 46.1960152), (6.1478557, 46.1959623), (6.152047, 46.1956787), (6.1482805, 46.1977578), (6.1512387, 46.1964928), (6.1471238, 46.1979739), (6.151061, 46.1978841), (6.1478058, 46.197339), (6.1512172, 46.1971742)]" }, "geometry": { "type": "Polygon", "coordinates": [ [ [ 6.150433776138582, 46.193462264348604 ], [ 6.146812775647331, 46.196514387060795 ], [ 6.147281504395178, 46.200978401505679 ], [ 6.151371014879306, 46.202390224162748 ], [ 6.154991798452121, 46.199338267360879 ], [ 6.154523288446502, 46.194874321984393 ], [ 6.150433776138582, 46.193462264348604 ] ] ] } },
{ "type": "Feature", "properties": { "id": "887a8dcae9fffff", "center": "(46.20803677835579, 6.167726257146385)", "polygon": "[(6.1641059686702295, 46.21108840785575), (6.1681942183300045, 46.21249978164357), (6.171814367694089, 46.209448232815475), (6.171346484326524, 46.204985144215904), (6.167258232875679, 46.203573535460166), (6.163637866570719, 46.20662525026471)]", "points": "[(6.16746443, 46.20937233), (6.16773393, 46.20952153), (6.16720392, 46.2092107), (6.16793156, 46.20964586), (6.169751, 46.204754), (6.17033, 46.204914), (6.167747, 46.209572), (6.1667147, 46.2093747), (6.1688967, 46.2103269), (6.1667536, 46.2040117)]" }, "geometry": { "type": "Polygon", "coordinates": [ [ [ 6.167258232875679, 46.203573535460166 ], [ 6.163637866570719, 46.206625250264707 ], [ 6.16410596867023, 46.211088407855748 ], [ 6.168194218330004, 46.212499781643572 ], [ 6.171814367694089, 46.209448232815475 ], [ 6.171346484326524, 46.204985144215904 ], [ 6.167258232875679, 46.203573535460166 ] ] ] } },
{ "type": "Feature", "properties": { "id": "887a8dcad1fffff", "center": "(46.17537644013583, 6.1603593858788805)", "polygon": "[(6.156738413733868, 46.17842874671157), (6.160827929475373, 46.17984127423032), (6.164448762436899, 46.17678904827648), (6.163980296563766, 46.172324129103544), (6.159890779212466, 46.170911366680606), (6.156269729331359, 46.17396375832755)]", "points": "[(6.16215539, 46.17602898), (6.16231708, 46.17629645), (6.1624698, 46.17630267), (6.16294591, 46.17572418), (6.16149063, 46.17620937), (6.15944248, 46.17645196), (6.159694, 46.17636488), (6.15911908, 46.17654527), (6.15857, 46.176567), (6.156674, 46.176743), (6.162289, 46.176304), (6.162279, 46.176331), (6.162851, 46.176785), (6.162562, 46.175838)]" }, "geometry": { "type": "Polygon", "coordinates": [ [ [ 6.159890779212466, 46.170911366680606 ], [ 6.156269729331359, 46.173963758327552 ], [ 6.156738413733868, 46.178428746711567 ], [ 6.160827929475373, 46.17984127423032 ], [ 6.164448762436899, 46.176789048276483 ], [ 6.163980296563766, 46.172324129103544 ], [ 6.159890779212466, 46.170911366680606 ] ] ] } },
{ "type": "Feature", "properties": { "id": "887a8dca87fffff", "center": "(46.18385098410695, 6.18489144467199)", "polygon": "[(6.181271307894111, 46.18690280695959), (6.1853591433778, 46.18831489256085), (6.188979140865779, 46.185263150326804), (6.18851151980689, 46.180799156751064), (6.184423682804279, 46.17938683627649), (6.1808034683667294, 46.18243874424374)]", "points": "[(6.181224, 46.186413), (6.184434, 46.183483)]" }, "geometry": { "type": "Polygon", "coordinates": [ [ [ 6.184423682804279, 46.179386836276493 ], [ 6.180803468366729, 46.18243874424374 ], [ 6.181271307894111, 46.186902806959587 ], [ 6.1853591433778, 46.188314892560847 ], [ 6.188979140865779, 46.185263150326804 ], [ 6.18851151980689, 46.180799156751064 ], [ 6.184423682804279, 46.179386836276493 ] ] ] } },
{ "type": "Feature", "properties": { "id": "887a8dcac7fffff", "center": "(46.19464633098501, 6.166321995074027)", "polygon": "[(6.162701473156635, 46.19769821630186), (6.166790145518135, 46.199110052991614), (6.170410528285238, 46.196058248325), (6.169942455612011, 46.191594441103476), (6.16585378154358, 46.19018236947527), (6.162233181842558, 46.19323433999983)]", "points": "[(6.16365557, 46.19243579), (6.16369151, 46.19242335), (6.16370947, 46.19259125), (6.16610798, 46.19626002), (6.16471559, 46.19516564), (6.16666493, 46.19619162), (6.1667907, 46.1960113), (6.16565882, 46.19537705), (6.16542526, 46.19530865), (6.16351184, 46.19675125), (6.1631076, 46.19691291), (6.16342201, 46.19669529), (6.164258, 46.195274), (6.165023, 46.196442), (6.165363, 46.19651), (6.163637, 46.192459), (6.165576, 46.195423), (6.165355, 46.195404), (6.165563, 46.195404), (6.166669, 46.196877), (6.1642395, 46.1921836), (6.1663264, 46.1917611), (6.1646095, 46.1951698), (6.1679532, 46.1940959), (6.1633356, 46.1955433)]" }, "geometry": { "type": "Polygon", "coordinates": [ [ [ 6.16585378154358, 46.190182369475266 ], [ 6.162233181842558, 46.193234339999833 ], [ 6.162701473156635, 46.197698216301859 ], [ 6.166790145518135, 46.199110052991614 ], [ 6.170410528285238, 46.196058248325002 ], [ 6.169942455612011, 46.191594441103476 ], [ 6.16585378154358, 46.190182369475266 ] ] ] } },
{ "type": "Feature", "properties": { "id": "887a8dcae7fffff", "center": "(46.204756663385226, 6.183142034532926)", "polygon": "[(6.179522147070869, 46.20780814083562), (6.183609558323793, 46.20921952870769), (6.187229306577367, 46.20616813191251), (6.186761860521482, 46.201705181314), (6.1826744475943025, 46.20029355851431), (6.179054482384509, 46.20334512123354)]", "points": "[(6.18047204, 46.20497082), (6.18084933, 46.20592203), (6.18096611, 46.20576038), (6.17938508, 46.20605258), (6.18033729, 46.20499569), (6.18062475, 46.20489622), (6.18671533, 46.20431181), (6.18567328, 46.20480296), (6.18354428, 46.20526302), (6.1833736, 46.20533763), (6.18389462, 46.20513868), (6.180836, 46.205151), (6.18264, 46.20546), (6.180883, 46.205814), (6.180718, 46.205082), (6.1850462, 46.2059284)]" }, "geometry": { "type": "Polygon", "coordinates": [ [ [ 6.182674447594303, 46.200293558514311 ], [ 6.179054482384509, 46.203345121233539 ], [ 6.179522147070869, 46.207808140835617 ], [ 6.183609558323793, 46.209219528707692 ], [ 6.187229306577367, 46.206168131912513 ], [ 6.186761860521482, 46.201705181313997 ], [ 6.182674447594303, 46.200293558514311 ] ] ] } },
{ "type": "Feature", "properties": { "id": "887a8dc11dfffff", "center": "(46.18357579828153, 6.121799352767071)", "polygon": "[(6.118177379309058, 46.186628485626976), (6.122268989719739, 46.18804097828167), (6.125890824235974, 46.184988371599786), (6.125421265209376, 46.18052310643186), (6.121329652896669, 46.17911037877218), (6.117707601499858, 46.18216315127818)]", "points": "[(6.12183002, 46.18408995), (6.12165934, 46.18392203), (6.12199171, 46.18426409), (6.12065322, 46.18195043), (6.12070712, 46.18177005), (6.12065322, 46.18214323), (6.11797624, 46.18242312), (6.11924287, 46.18269678), (6.1215156, 46.17931944), (6.12149764, 46.17954958), (6.120804, 46.181892), (6.120695, 46.182125), (6.120755, 46.182331), (6.121522, 46.179543), (6.11829, 46.18251), (6.119283, 46.182701), (6.1204327, 46.182324), (6.1238364, 46.1850804), (6.1238674, 46.1802006), (6.1209166, 46.1832897), (6.1212887, 46.1820854), (6.1226819, 46.1848688)]" }, "geometry": { "type": "Polygon", "coordinates": [ [ [ 6.121329652896669, 46.17911037877218 ], [ 6.117707601499858, 46.182163151278182 ], [ 6.118177379309058, 46.186628485626976 ], [ 6.122268989719739, 46.18804097828167 ], [ 6.125890824235974, 46.184988371599786 ], [ 6.125421265209376, 46.180523106431863 ], [ 6.121329652896669, 46.17911037877218 ] ] ] } },
{ "type": "Feature", "properties": { "id": "887a8dc13dfffff", "center": "(46.19369021213585, 6.138632633148121)", "polygon": "[(6.135011293467132, 46.196742491608596), (6.139101643668689, 46.19815453523265), (6.1427228443493345, 46.19510233642845), (6.14225391171894, 46.1906379281026), (6.138163559648009, 46.189225649484335), (6.134542142064108, 46.19227801417889)]", "points": "[(6.13829613, 46.192641), (6.13804461, 46.1925726), (6.13851173, 46.19274671), (6.13930225, 46.19760932), (6.13930225, 46.19759067), (6.13755053, 46.19710567), (6.13672408, 46.19063862), (6.14093718, 46.19511589), (6.14091023, 46.19521538), (6.14086532, 46.19455003), (6.14123363, 46.19480498), (6.14108989, 46.195632), (6.14206008, 46.19442567), (6.14170973, 46.19437592), (6.14234754, 46.19292705), (6.1423116, 46.19254772), (6.14250025, 46.19307007), (6.141932, 46.19553), (6.138017, 46.19706), (6.141774, 46.194134), (6.141222, 46.19474), (6.142046, 46.194443), (6.134987, 46.192375), (6.138084, 46.197033), (6.137461, 46.197083), (6.141982, 46.195499), (6.1383047, 46.1974694), (6.1406472, 46.1953993), (6.1418347, 46.1945202), (6.1387761, 46.1963724), (6.1348118, 46.1941658), (6.1420419, 46.1936652), (6.1369809, 46.1973313), (6.137587, 46.196533), (6.1401122, 46.1931539), (6.1379691, 46.1912411), (6.1422982, 46.1925342), (6.138701, 46.1914868), (6.1410805, 46.1912034), (6.13688, 46.1960095), (6.1355364, 46.1960136), (6.1418084, 46.1913354), (6.1397367, 46.191221), (6.1384177, 46.1901977), (6.1385103, 46.1893491)]" }, "geometry": { "type": "Polygon", "coordinates": [ [ [ 6.138163559648009, 46.189225649484335 ], [ 6.134542142064108, 46.192278014178889 ], [ 6.135011293467132, 46.196742491608596 ], [ 6.139101643668689, 46.198154535232653 ], [ 6.142722844349334, 46.195102336428448 ], [ 6.14225391171894, 46.190637928102603 ], [ 6.138163559648009, 46.189225649484335 ] ] ] } },
{ "type": "Feature", "properties": { "id": "887a8dca51fffff", "center": "(46.22798712322721, 6.138293590266533)", "polygon": "[(6.134672735470011, 46.23103880049004), (6.138762237945625, 46.23244968298442), (6.142382953861539, 46.22939808644834), (6.141914384205728, 46.22493544121112), (6.1378248796209744, 46.22352432363896), (6.134203946788413, 46.226576086374614)]", "points": "[(6.13631086, 46.22498613), (6.13653544, 46.22492398), (6.13745172, 46.22398553), (6.13728104, 46.22655223), (6.13684985, 46.22659574), (6.13674205, 46.22684432), (6.13802664, 46.22761492), (6.13840393, 46.22788215), (6.13873631, 46.2300261), (6.13873631, 46.23008202), (6.13867343, 46.23004474), (6.13879919, 46.23230046), (6.13879919, 46.23221346), (6.13877224, 46.23235017), (6.134772, 46.230419), (6.13774, 46.227032), (6.13863, 46.230087), (6.138761, 46.232235), (6.136763, 46.22686), (6.1368, 46.224922), (6.136484, 46.224987), (6.1384996, 46.227458)]" }, "geometry": { "type": "Polygon", "coordinates": [ [ [ 6.137824879620974, 46.223524323638962 ], [ 6.134203946788413, 46.226576086374614 ], [ 6.134672735470011, 46.23103880049004 ], [ 6.138762237945625, 46.232449682984416 ], [ 6.142382953861539, 46.229398086448342 ], [ 6.141914384205728, 46.224935441211123 ], [ 6.137824879620974, 46.223524323638962 ] ] ] } },
{ "type": "Feature", "properties": { "id": "887a8dca85fffff", "center": "(46.191366630266586, 6.181739084274647)", "polygon": "[(6.178118963614598, 46.194418363426685), (6.182206797508132, 46.19583021412979), (6.185826778921471, 46.192778561603276), (6.1853591433778, 46.18831489256085), (6.181271307894111, 46.18690280695959), (6.17765110953151, 46.18995462529169)]", "points": "[(6.18189137, 46.19210621), (6.18317597, 46.19290217), (6.18162188, 46.19242957), (6.18203511, 46.19187612)]" }, "geometry": { "type": "Polygon", "coordinates": [ [ [ 6.181271307894111, 46.186902806959587 ], [ 6.17765110953151, 46.189954625291691 ], [ 6.178118963614598, 46.194418363426685 ], [ 6.182206797508132, 46.195830214129792 ], [ 6.185826778921471, 46.192778561603276 ], [ 6.1853591433778, 46.188314892560847 ], [ 6.181271307894111, 46.186902806959587 ] ] ] } },
{ "type": "Feature", "properties": { "id": "887a8dca11fffff", "center": "(46.21719165286672, 6.15686520806306)", "polygon": "[(6.153244736048611, 46.22024326834312), (6.1573334028615925, 46.22165440006879), (6.160953735855469, 46.21860286528754), (6.160485618956349, 46.21414003269849), (6.156396950222578, 46.21272866596002), (6.152776400295966, 46.215780366816205)]", "points": "[(6.15324, 46.219738)]" }, "geometry": { "type": "Polygon", "coordinates": [ [ [ 6.156396950222578, 46.212728665960022 ], [ 6.152776400295966, 46.215780366816205 ], [ 6.153244736048611, 46.220243268343118 ], [ 6.157333402861592, 46.221654400068793 ], [ 6.160953735855469, 46.218602865287536 ], [ 6.160485618956349, 46.214140032698488 ], [ 6.156396950222578, 46.212728665960022 ] ] ] } },
{ "type": "Feature", "properties": { "id": "887a8dd8b3fffff", "center": "(46.23126864856743, 6.122871697700994)", "polygon": "[(6.11925044377923, 46.23432047775798), (6.123340783563323, 46.23573134603922), (6.126961898701264, 46.232679597592046), (6.126492890943221, 46.228216814604494), (6.122402548932868, 46.22680571120522), (6.118781216894078, 46.229857625904366)]", "points": "[(6.12229714, 46.22710533), (6.12294393, 46.22751549)]" }, "geometry": { "type": "Polygon", "coordinates": [ [ [ 6.122402548932868, 46.226805711205223 ], [ 6.118781216894078, 46.229857625904366 ], [ 6.11925044377923, 46.234320477757983 ], [ 6.123340783563323, 46.235731346039223 ], [ 6.126961898701264, 46.232679597592046 ], [ 6.126492890943221, 46.228216814604494 ], [ 6.122402548932868, 46.226805711205223 ] ] ] } },
{ "type": "Feature", "properties": { "id": "887a8dcac5fffff", "center": "(46.20216185306845, 6.163169701399437)", "polygon": "[(6.159549195987431, 46.20521364853821), (6.163637866570719, 46.20662525026471), (6.167258232875679, 46.203573535460166), (6.166790145518135, 46.199110052991614), (6.162701473156635, 46.19769821630186), (6.159080889918144, 46.2007500970367)]", "points": "[(6.16211946, 46.20170055), (6.16187691, 46.20167568), (6.1623081, 46.20168811), (6.16452694, 46.20008399), (6.16327828, 46.19859174), (6.16394304, 46.20013373), (6.16478745, 46.20009021), (6.16558695, 46.20048192), (6.16627866, 46.20303106), (6.16627866, 46.20296889), (6.16610798, 46.2030435), (6.16028689, 46.20523194), (6.16034977, 46.20533763), (6.16025096, 46.20512625), (6.166265, 46.200844), (6.162303, 46.199623), (6.161931, 46.201679), (6.163962, 46.200161), (6.166122, 46.203068), (6.162488, 46.200039), (6.161956, 46.200058), (6.160994, 46.20023), (6.164077, 46.198292), (6.167012, 46.201271), (6.16611, 46.203056), (6.1663125, 46.2006875), (6.1607241, 46.2023981), (6.1594871, 46.2004779), (6.1602549, 46.205223), (6.1643652, 46.2054951), (6.1617559, 46.2041465), (6.1637673, 46.2052924), (6.1625304, 46.2053963), (6.1631242, 46.2001583), (6.1592887, 46.2022268), (6.1619803, 46.2000422), (6.1594761, 46.2027891), (6.1608192, 46.2036159), (6.165844, 46.2027861), (6.1646326, 46.2012819), (6.1618123, 46.2029819), (6.1646393, 46.19993), (6.1650658, 46.2041616), (6.1624014, 46.199845), (6.1612906, 46.2027167), (6.1630545, 46.2026661), (6.1618559, 46.2023361), (6.1622508, 46.2046266), (6.1602472, 46.2026229)]" }, "geometry": { "type": "Polygon", "coordinates": [ [ [ 6.162701473156635, 46.197698216301859 ], [ 6.159080889918144, 46.200750097036703 ], [ 6.159549195987431, 46.205213648538212 ], [ 6.163637866570719, 46.206625250264707 ], [ 6.167258232875679, 46.203573535460166 ], [ 6.166790145518135, 46.199110052991614 ], [ 6.162701473156635, 46.197698216301859 ] ] ] } },
{ "type": "Feature", "properties": { "id": "887a8dcae5fffff", "center": "(46.212270920856945, 6.179989748624517)", "polygon": "[(6.176369877537791, 46.21532230834301), (6.180457287045232, 46.21673346126269), (6.184077018966671, 46.213682154446815), (6.183609558323793, 46.20921952870769), (6.179522147070869, 46.20780814083562), (6.1759021981935724, 46.21085961364786)]", "points": "[(6.18377784, 46.21267944), (6.18344546, 46.2120516), (6.18069662, 46.2090988), (6.18063373, 46.20903042), (6.18038221, 46.20890608), (6.183667, 46.211956), (6.180849, 46.215588)]" }, "geometry": { "type": "Polygon", "coordinates": [ [ [ 6.179522147070869, 46.207808140835617 ], [ 6.175902198193572, 46.210859613647862 ], [ 6.176369877537791, 46.215322308343012 ], [ 6.180457287045232, 46.216733461262692 ], [ 6.184077018966671, 46.213682154446815 ], [ 6.183609558323793, 46.209219528707692 ], [ 6.179522147070869, 46.207808140835617 ] ] ] } },
{ "type": "Feature", "properties": { "id": "887a8dc13bfffff", "center": "(46.18029580565712, 6.137225223710399)", "polygon": "[(6.133603650365851, 46.18334834069829), (6.137694423168668, 46.184760847313115), (6.141315857474672, 46.18170839291884), (6.140846735861402, 46.177243266130795), (6.136755961273507, 46.1758305245513), (6.133134310071217, 46.17888314471728)]", "points": "[(6.13531373, 46.18350532), (6.13584373, 46.18365459), (6.13584373, 46.18351776), (6.13565509, 46.183213), (6.13508017, 46.18326276), (6.13617611, 46.18257239), (6.13839495, 46.1798668), (6.13883512, 46.17963666), (6.1384758, 46.17951848), (6.13802664, 46.1796491), (6.1385836, 46.1798357), (6.13902377, 46.17935676), (6.13822427, 46.18063806), (6.13797274, 46.17970508), (6.13848478, 46.18050744), (6.13864648, 46.17937542), (6.13869139, 46.17966154), (6.14082938, 46.1812165), (6.1409282, 46.18140309), (6.14068565, 46.18106101), (6.14008378, 46.18102991), (6.13782003, 46.1827652), (6.13786494, 46.18323788), (6.13930225, 46.17892758), (6.13946394, 46.17884672), (6.138366, 46.180794), (6.138823, 46.179653), (6.138529, 46.179005), (6.137951, 46.179718), (6.138738, 46.179424), (6.13867, 46.17968), (6.138197, 46.180988), (6.138823, 46.179668), (6.137708, 46.183891), (6.135596, 46.183018), (6.140731, 46.18111), (6.137801, 46.182785), (6.140066, 46.181305), (6.138281, 46.180664), (6.13785, 46.183235), (6.137579, 46.18388), (6.135878, 46.183674), (6.137671, 46.183495), (6.136217, 46.182426), (6.1390625, 46.1803125), (6.1344554, 46.182835)]" }, "geometry": { "type": "Polygon", "coordinates": [ [ [ 6.136755961273507, 46.175830524551301 ], [ 6.133134310071217, 46.178883144717283 ], [ 6.133603650365851, 46.183348340698288 ], [ 6.137694423168668, 46.184760847313115 ], [ 6.141315857474672, 46.181708392918843 ], [ 6.140846735861402, 46.177243266130795 ], [ 6.136755961273507, 46.175830524551301 ] ] ] } },
{ "type": "Feature", "properties": { "id": "887a8dc169fffff", "center": "(46.21951979749765, 6.113751531865063)", "polygon": "[(6.110129844159193, 46.222571959132814), (6.114221025520412, 46.223983283473444), (6.11784257445267, 46.220931202568416), (6.117373158897023, 46.21646763115574), (6.113281975335192, 46.215056071706236), (6.109660209516898, 46.21810831877108)]", "points": "[(6.11713183, 46.21681927), (6.11420332, 46.21972815), (6.114374, 46.21944224), (6.11427518, 46.21982138), (6.11458959, 46.22056722), (6.11681, 46.217091), (6.113365, 46.220608), (6.117036, 46.216576), (6.116741, 46.217133), (6.114082, 46.219734), (6.114792, 46.21899), (6.1140876, 46.2203536)]" }, "geometry": { "type": "Polygon", "coordinates": [ [ [ 6.113281975335192, 46.215056071706236 ], [ 6.109660209516898, 46.21810831877108 ], [ 6.110129844159193, 46.222571959132814 ], [ 6.114221025520412, 46.223983283473444 ], [ 6.11784257445267, 46.220931202568416 ], [ 6.117373158897023, 46.216467631155737 ], [ 6.113281975335192, 46.215056071706236 ] ] ] } },
{ "type": "Feature", "properties": { "id": "887a8dca83fffff", "center": "(46.177974442153975, 6.180335565692774)", "polygon": "[(6.176715211970283, 46.181026430733134), (6.1808034683667294, 46.18243874424374), (6.184423682804279, 46.17938683627649), (6.18395585777491, 46.174922449104436), (6.179867599872457, 46.17350990072524), (6.1762471684926386, 46.17656197437947)]", "points": "[(6.18158595, 46.18161456), (6.1816668, 46.18148395), (6.181559, 46.18168298), (6.181623, 46.181541)]" }, "geometry": { "type": "Polygon", "coordinates": [ [ [ 6.179867599872457, 46.173509900725243 ], [ 6.176247168492639, 46.176561974379467 ], [ 6.176715211970283, 46.181026430733134 ], [ 6.180803468366729, 46.18243874424374 ], [ 6.184423682804279, 46.179386836276493 ], [ 6.18395585777491, 46.174922449104436 ], [ 6.179867599872457, 46.173509900725243 ] ] ] } },
{ "type": "Feature", "properties": { "id": "887a8dc129fffff", "center": "(46.20872283197653, 6.132328162553193)", "polygon": "[(6.128706856789052, 46.21177493163564), (6.132797203037761, 46.21318650519683), (6.136418369888147, 46.21013448623624), (6.1359494073794405, 46.20567072767218), (6.131859059118612, 46.20425891906716), (6.1282376753658685, 46.20731110406282)]", "points": "[(6.13222352, 46.20542467), (6.13199894, 46.20538115), (6.13230437, 46.20532519), (6.13195403, 46.20597176), (6.13190013, 46.2052195), (6.1314869, 46.20874445), (6.13140606, 46.20882527), (6.13161267, 46.2086885), (6.13390337, 46.20717784), (6.13358896, 46.20696646), (6.13418185, 46.20735812), (6.13358896, 46.21179052), (6.13393931, 46.21161025), (6.13326557, 46.21198322), (6.13574492, 46.20849579), (6.13551136, 46.20851444), (6.13599645, 46.20851444), (6.131379, 46.205158), (6.131876, 46.205917), (6.132609, 46.205925), (6.131547, 46.208691), (6.13225, 46.205334), (6.131325, 46.205177), (6.132219, 46.205894), (6.132698, 46.212143), (6.1328757, 46.2061679), (6.1308238, 46.2114115), (6.1298586, 46.2065885), (6.1311852, 46.2073026), (6.1287092, 46.2108492), (6.1360497, 46.2081224), (6.1352973, 46.2102359), (6.1345433, 46.2109921), (6.1337542, 46.2096986), (6.1301854, 46.2059144), (6.1331161, 46.2088562), (6.1351156, 46.2082396), (6.1287034, 46.2099832), (6.1293016, 46.208431), (6.1286469, 46.209132)]" }, "geometry": { "type": "Polygon", "coordinates": [ [ [ 6.131859059118612, 46.204258919067158 ], [ 6.128237675365868, 46.207311104062818 ], [ 6.128706856789052, 46.211774931635638 ], [ 6.132797203037761, 46.21318650519683 ], [ 6.136418369888147, 46.210134486236242 ], [ 6.135949407379441, 46.205670727672178 ], [ 6.131859059118612, 46.204258919067158 ] ] ] } },
{ "type": "Feature", "properties": { "id": "887a8dcac3fffff", "center": "(46.188770224197285, 6.161764827457485)", "polygon": "[(6.158144088611189, 46.19182227536542), (6.162233181842558, 46.19323433999983), (6.16585378154358, 46.19018236947527), (6.165385504927068, 46.1857181684973), (6.161296410001666, 46.18430586892913), (6.157675593374057, 46.18735800526545)]", "points": "[(6.16140979, 46.19001675), (6.16175115, 46.19020331), (6.16095165, 46.18978665), (6.15891247, 46.18716226), (6.1592718, 46.18707519), (6.15868789, 46.18707519), (6.15856213, 46.18723689), (6.16365557, 46.191901), (6.16357473, 46.1920689), (6.161055, 46.189877), (6.159386, 46.187275), (6.161721, 46.190178), (6.163611, 46.191929), (6.1594558, 46.1870167), (6.1636372, 46.1909457), (6.1601493, 46.1906487), (6.1586074, 46.1899981)]" }, "geometry": { "type": "Polygon", "coordinates": [ [ [ 6.161296410001666, 46.18430586892913 ], [ 6.157675593374057, 46.187358005265452 ], [ 6.158144088611189, 46.191822275365418 ], [ 6.162233181842558, 46.193234339999833 ], [ 6.16585378154358, 46.190182369475266 ], [ 6.165385504927068, 46.185718168497303 ], [ 6.161296410001666, 46.18430586892913 ] ] ] } },
{ "type": "Feature", "properties": { "id": "887a8dc109fffff", "center": "(46.19861094802057, 6.115494867782092)", "polygon": "[(6.111872928501707, 46.2016634557871), (6.115964534894045, 46.20307547835726), (6.119586335319293, 46.2000230512843), (6.119116746219087, 46.19555843566498), (6.115025137781866, 46.19414617804013), (6.111403120476985, 46.19719877108204)]", "points": "[(6.11538011, 46.19705593), (6.11518248, 46.1970808), (6.11549689, 46.1970124), (6.11791336, 46.19647765), (6.11810201, 46.19651496), (6.11771573, 46.196459), (6.115476, 46.197052), (6.117692, 46.196484), (6.118118, 46.196526), (6.1173322, 46.1963759)]" }, "geometry": { "type": "Polygon", "coordinates": [ [ [ 6.115025137781866, 46.194146178040128 ], [ 6.111403120476985, 46.197198771082043 ], [ 6.111872928501707, 46.201663455787099 ], [ 6.115964534894045, 46.203075478357263 ], [ 6.119586335319293, 46.200023051284298 ], [ 6.119116746219087, 46.195558435664978 ], [ 6.115025137781866, 46.194146178040128 ] ] ] } },
{ "type": "Feature", "properties": { "id": "887a8dcae3fffff", "center": "(46.19888186208561, 6.178586754565673)", "polygon": "[(6.174966650152374, 46.201933505453404), (6.179054482384509, 46.20334512123354), (6.1826744475943025, 46.20029355851431), (6.182206797508132, 46.19583021412979), (6.178118963614598, 46.194418363426685), (6.174498781455887, 46.19747009202385)]", "points": "[(6.18036424, 46.19883424), (6.1806517, 46.19880937), (6.18008576, 46.19891507), (6.17492045, 46.1995244), (6.174886, 46.199558), (6.180603, 46.198837), (6.180564, 46.198837), (6.174874, 46.199615)]" }, "geometry": { "type": "Polygon", "coordinates": [ [ [ 6.178118963614598, 46.194418363426685 ], [ 6.174498781455887, 46.197470092023849 ], [ 6.174966650152374, 46.201933505453404 ], [ 6.179054482384509, 46.203345121233539 ], [ 6.182674447594303, 46.200293558514311 ], [ 6.182206797508132, 46.195830214129792 ], [ 6.178118963614598, 46.194418363426685 ] ] ] } },
{ "type": "Feature", "properties": { "id": "887a8dc139fffff", "center": "(46.187813297197145, 6.134072927696915)", "polygon": "[(6.1304513711177355, 46.190865742553584), (6.134542142064108, 46.19227801417889), (6.138163559648009, 46.189225649484335), (6.137694423168668, 46.184760847313115), (6.133603650365851, 46.18334834069829), (6.129982015886072, 46.18640087123697)]", "points": "[(6.13566407, 46.1853587), (6.13585272, 46.18575051), (6.13546644, 46.18470567), (6.13710137, 46.18863616), (6.13668815, 46.18831278), (6.13693968, 46.18902795), (6.13596051, 46.19073812), (6.13534966, 46.19066349), (6.13383151, 46.19037121), (6.13359795, 46.19028415), (6.13406507, 46.19045828), (6.13101978, 46.18891601), (6.13076825, 46.18884761), (6.13123538, 46.18902174), (6.135484, 46.18494), (6.131867, 46.187786), (6.135403, 46.185516), (6.131164, 46.189045), (6.133992, 46.190495), (6.131177, 46.189011), (6.1372298, 46.1898914), (6.1333889, 46.1892222), (6.1355833, 46.1845), (6.1339411, 46.1857476), (6.134159, 46.1879435), (6.1357744, 46.1901998), (6.1366381, 46.1869013), (6.1340863, 46.1907666), (6.1365016, 46.1880603), (6.135989, 46.1895752), (6.1375745, 46.1860018), (6.1355964, 46.1879692), (6.1329158, 46.1880196)]" }, "geometry": { "type": "Polygon", "coordinates": [ [ [ 6.133603650365851, 46.183348340698288 ], [ 6.129982015886072, 46.18640087123697 ], [ 6.130451371117736, 46.190865742553584 ], [ 6.134542142064108, 46.192278014178889 ], [ 6.138163559648009, 46.189225649484335 ], [ 6.137694423168668, 46.184760847313115 ], [ 6.133603650365851, 46.183348340698288 ] ] ] } },
{ "type": "Feature", "properties": { "id": "887a8dca81fffff", "center": "(46.18549064771554, 6.177183192316659)", "polygon": "[(6.173562854712325, 46.18854254667454), (6.17765110953151, 46.18995462529169), (6.181271307894111, 46.18690280695959), (6.1808034683667294, 46.18243874424374), (6.176715211970283, 46.181026430733134), (6.173094796665732, 46.18407841482462)]", "points": "[(6.17783099, 46.18917721), (6.17757946, 46.18940108), (6.17689674, 46.18728664), (6.17639369, 46.18686996), (6.17413891, 46.18440092), (6.17381552, 46.18465591), (6.17443536, 46.18413971), (6.1783071, 46.18294556), (6.17873829, 46.18277763), (6.17779506, 46.18309483), (6.17770523, 46.18927671), (6.17666318, 46.18708763), (6.176536, 46.187054), (6.174666, 46.184433), (6.181002, 46.186401), (6.177796, 46.189137)]" }, "geometry": { "type": "Polygon", "coordinates": [ [ [ 6.176715211970283, 46.181026430733134 ], [ 6.173094796665732, 46.184078414824619 ], [ 6.173562854712325, 46.18854254667454 ], [ 6.17765110953151, 46.189954625291691 ], [ 6.181271307894111, 46.186902806959587 ], [ 6.180803468366729, 46.18243874424374 ], [ 6.176715211970283, 46.181026430733134 ] ] ] } },
{ "type": "Feature", "properties": { "id": "887a8dcaa1fffff", "center": "(46.19560220337822, 6.194001327845053)", "polygon": "[(6.190381624978264, 46.198653694639226), (6.194468618514363, 46.200065324453654), (6.1980881820813, 46.19701391382456), (6.197620969063568, 46.192550707548264), (6.1935339739827855, 46.191138842851146), (6.189914193451694, 46.1941904193058)]", "points": "[(6.19273404, 46.19540814), (6.19198844, 46.19565687), (6.19250946, 46.1953584), (6.19294065, 46.19557603), (6.1931293, 46.19558225), (6.19328201, 46.1957688), (6.19200641, 46.19548898), (6.191635, 46.195724), (6.193227, 46.195793), (6.192064, 46.195675), (6.193406, 46.196133)]" }, "geometry": { "type": "Polygon", "coordinates": [ [ [ 6.193533973982785, 46.191138842851146 ], [ 6.189914193451694, 46.194190419305798 ], [ 6.190381624978264, 46.198653694639226 ], [ 6.194468618514363, 46.200065324453654 ], [ 6.1980881820813, 46.197013913824563 ], [ 6.197620969063568, 46.192550707548264 ], [ 6.193533973982785, 46.191138842851146 ] ] ] } },
{ "type": "Feature", "properties": { "id": "887a8dcac1fffff", "center": "(46.196286305967476, 6.158612520792636)", "polygon": "[(6.154991798452121, 46.19933826736088), (6.159080889918144, 46.2007500970367), (6.162701473156635, 46.19769821630186), (6.162233181842558, 46.19323433999983), (6.158144088611189, 46.19182227536542), (6.154523288446502, 46.19487432198439)]", "points": "[(6.15616363, 46.19601752), (6.15593006, 46.19583098), (6.15534616, 46.19630355), (6.15633431, 46.1963222), (6.15633431, 46.19575636), (6.16079893, 46.19376653), (6.16078995, 46.193723), (6.16084385, 46.19387846), (6.15730449, 46.19852335), (6.15734042, 46.19860418), (6.15725957, 46.19846739), (6.1583106, 46.19838034), (6.15864298, 46.19816271), (6.15551684, 46.19852957), (6.15543599, 46.19846117), (6.15879569, 46.20054409), (6.161162, 46.197433), (6.15566, 46.196194), (6.160757, 46.193779), (6.157225, 46.198498), (6.156351, 46.198811), (6.155174, 46.198158), (6.160869, 46.197834), (6.156489, 46.199039), (6.1555544, 46.1955643), (6.1613761, 46.1934709), (6.1562107, 46.1942431), (6.1608216, 46.1977199), (6.1555378, 46.1990404), (6.1577756, 46.1953656), (6.1560258, 46.194587), (6.1560486, 46.195166)]" }, "geometry": { "type": "Polygon", "coordinates": [ [ [ 6.158144088611189, 46.191822275365418 ], [ 6.154523288446502, 46.194874321984393 ], [ 6.154991798452121, 46.199338267360879 ], [ 6.159080889918144, 46.200750097036703 ], [ 6.162701473156635, 46.197698216301859 ], [ 6.162233181842558, 46.193234339999833 ], [ 6.158144088611189, 46.191822275365418 ] ] ] } },
{ "type": "Feature", "properties": { "id": "887a8dcae1fffff", "center": "(46.2063966793397, 6.175434455731689)", "polygon": "[(6.171814367694089, 46.209448232815475), (6.1759021981935724, 46.21085961364786), (6.179522147070869, 46.20780814083562), (6.179054482384509, 46.20334512123354), (6.174966650152374, 46.201933505453404), (6.171346484326524, 46.204985144215904)]", "points": "[(6.17531571, 46.20384552), (6.17554927, 46.2037647), (6.17506418, 46.20391391), (6.17875625, 46.20537493), (6.17785794, 46.2056547), (6.17563012, 46.20616449), (6.1755313, 46.20640073), (6.17573792, 46.20592203), (6.177011, 46.203308), (6.177375, 46.203175), (6.177843, 46.205673), (6.175451, 46.206463), (6.177028, 46.203327), (6.175766, 46.205902)]" }, "geometry": { "type": "Polygon", "coordinates": [ [ [ 6.174966650152374, 46.201933505453404 ], [ 6.171346484326524, 46.204985144215904 ], [ 6.171814367694089, 46.209448232815475 ], [ 6.175902198193572, 46.210859613647862 ], [ 6.179522147070869, 46.207808140835617 ], [ 6.179054482384509, 46.203345121233539 ], [ 6.174966650152374, 46.201933505453404 ] ] ] } },
{ "type": "Feature", "properties": { "id": "887a8dc117fffff", "center": "(46.17441770928912, 6.132664906813346)", "polygon": "[(6.129043116577583, 46.177470410095296), (6.133134310071217, 46.17888314471728), (6.136755961273507, 46.1758305245513), (6.1362866358582915, 46.17136500403069), (6.132195440592534, 46.169952034448784), (6.128573572501375, 46.17300482034016)]", "points": "[(6.13265471, 46.17613473), (6.13267268, 46.17609118), (6.13216064, 46.17583615), (6.1327176, 46.17606008), (6.13178335, 46.17571796), (6.13172047, 46.17578017), (6.132449, 46.175919), (6.129214, 46.176899), (6.132004, 46.175606), (6.131608, 46.175346), (6.132614, 46.17609), (6.132212, 46.176113), (6.132598, 46.17617)]" }, "geometry": { "type": "Polygon", "coordinates": [ [ [ 6.132195440592534, 46.169952034448784 ], [ 6.128573572501375, 46.173004820340161 ], [ 6.129043116577583, 46.177470410095296 ], [ 6.133134310071217, 46.178883144717283 ], [ 6.136755961273507, 46.175830524551301 ], [ 6.136286635858291, 46.17136500403069 ], [ 6.132195440592534, 46.169952034448784 ] ] ] } },
{ "type": "Feature", "properties": { "id": "887a8dc851fffff", "center": "(46.21650440078505, 6.192250719303631)", "polygon": "[(6.188631265765905, 46.21955554626225), (6.192717834938671, 46.22096647835022), (6.196337149257972, 46.21791541354148), (6.195870111362539, 46.21345325062134), (6.191783540489861, 46.2120420835965), (6.188164009199784, 46.21509331442149)]", "points": "[(6.1905691, 46.21418996), (6.19059605, 46.21416509), (6.1904613, 46.21423347), (6.190447, 46.214241), (6.188516, 46.217648)]" }, "geometry": { "type": "Polygon", "coordinates": [ [ [ 6.191783540489861, 46.212042083596501 ], [ 6.188164009199784, 46.215093314421487 ], [ 6.188631265765905, 46.219555546262249 ], [ 6.192717834938671, 46.220966478350221 ], [ 6.196337149257972, 46.217915413541483 ], [ 6.195870111362539, 46.213453250621342 ], [ 6.191783540489861, 46.212042083596501 ] ] ] } },
{ "type": "Feature", "properties": { "id": "887a8dca53fffff", "center": "(46.22047255617511, 6.141445751568408)", "polygon": "[(6.1378248796209744, 46.22352432363896), (6.141914384205728, 46.22493544121112), (6.145535117229238, 46.22188375445904), (6.145066562572375, 46.217420784000325), (6.1409770559498345, 46.21600943137511), (6.137356106009196, 46.219061284254494)]", "points": "[(6.13914055, 46.22230127), (6.13894292, 46.22236342), (6.13902377, 46.22216453), (6.13908665, 46.22214589), (6.13920343, 46.22200294), (6.13907767, 46.22176676), (6.13971547, 46.2226866), (6.1401826, 46.22278604), (6.13782003, 46.22173569), (6.13818834, 46.22266796), (6.14123363, 46.22109552), (6.1416738, 46.22091528), (6.14144024, 46.22100229), (6.14126956, 46.21669496), (6.14133244, 46.21680062), (6.14119769, 46.21666388), (6.14025446, 46.22077854), (6.1401287, 46.22051129), (6.14089227, 46.21979031), (6.14085633, 46.21947332), (6.13805359, 46.2191439), (6.13782901, 46.2189015), (6.13828715, 46.21936766), (6.138439, 46.222366), (6.139312, 46.22163), (6.139321, 46.221909), (6.139195, 46.221973), (6.138971, 46.222324), (6.139395, 46.221874), (6.139436, 46.222786), (6.144536, 46.222511), (6.139, 46.222172), (6.139078, 46.222229), (6.138171, 46.222729), (6.139174, 46.221989), (6.138894, 46.222309), (6.138267, 46.222523), (6.14161, 46.220943), (6.14118, 46.21666), (6.139066, 46.222157), (6.14055, 46.220779), (6.140117, 46.221046), (6.1430261, 46.2208506), (6.1392161, 46.2225658), (6.140563, 46.220866), (6.1409772, 46.2200435), (6.141676, 46.2176169), (6.138517, 46.2205153), (6.14099, 46.2190458)]" }, "geometry": { "type": "Polygon", "coordinates": [ [ [ 6.140977055949834, 46.216009431375113 ], [ 6.137356106009196, 46.219061284254494 ], [ 6.137824879620974, 46.223524323638962 ], [ 6.141914384205728, 46.224935441211123 ], [ 6.145535117229238, 46.221883754459043 ], [ 6.145066562572375, 46.217420784000325 ], [ 6.140977055949834, 46.216009431375113 ] ] ] } },
{ "type": "Feature", "properties": { "id": "887a8dca33fffff", "center": "(46.21978476339031, 6.176837493764133)", "polygon": "[(6.173217639181632, 46.22283606081238), (6.177305046872356, 46.22424697875494), (6.180924762332787, 46.221195762018006), (6.180457287045232, 46.21673346126269), (6.176369877537791, 46.21532230834301), (6.172749945121888, 46.21837369114857)]", "points": "[(6.17651047, 46.21618526), (6.17677996, 46.21639038), (6.17628589, 46.21594285), (6.18031034, 46.22140007), (6.18009474, 46.22119497), (6.1766013, 46.2163991), (6.1788906, 46.2195566), (6.1799172, 46.2209658), (6.1780883, 46.2184598), (6.1772306, 46.2172848)]" }, "geometry": { "type": "Polygon", "coordinates": [ [ [ 6.176369877537791, 46.215322308343012 ], [ 6.172749945121888, 46.218373691148571 ], [ 6.173217639181632, 46.222836060812377 ], [ 6.177305046872356, 46.224246978754941 ], [ 6.180924762332787, 46.221195762018006 ], [ 6.180457287045232, 46.216733461262692 ], [ 6.176369877537791, 46.215322308343012 ] ] ] } },
{ "type": "Feature", "properties": { "id": "887a8dc137fffff", "center": "(46.1845333464241, 6.149496285296737)", "polygon": "[(6.145875129121261, 46.18758563952627), (6.149965062230162, 46.188997925132675), (6.1535860793136905, 46.18594571267574), (6.153117380187046, 46.18148104881343), (6.149027445338597, 46.18006852825781), (6.145406211343594, 46.18312090650648)]", "points": "[(6.14741403, 46.1872742), (6.14718047, 46.18729908), (6.14769251, 46.18726799), (6.14622826, 46.18515346), (6.14586893, 46.18443202), (6.14650674, 46.1861361), (6.14665945, 46.18628536), (6.15013593, 46.18462482), (6.15033356, 46.18455019), (6.14983949, 46.18474299), (6.146526, 46.187218), (6.152709, 46.183044), (6.14597, 46.184944), (6.147203, 46.187286), (6.146644, 46.186272), (6.15024, 46.184692), (6.149782, 46.184666), (6.1501828, 46.1848543), (6.1472321, 46.184996)]" }, "geometry": { "type": "Polygon", "coordinates": [ [ [ 6.149027445338597, 46.180068528257813 ], [ 6.145406211343594, 46.183120906506481 ], [ 6.145875129121261, 46.187585639526269 ], [ 6.149965062230162, 46.188997925132675 ], [ 6.153586079313691, 46.185945712675739 ], [ 6.153117380187046, 46.181481048813431 ], [ 6.149027445338597, 46.180068528257813 ] ] ] } },
{ "type": "Feature", "properties": { "id": "887a8dca13fffff", "center": "(46.2096769604371, 6.160017439000257)", "polygon": "[(6.156396950222578, 46.21272866596002), (6.160485618956349, 46.21414003269849), (6.1641059686702295, 46.21108840785575), (6.163637866570719, 46.20662525026471), (6.159549195987431, 46.20521364853821), (6.155928629340418, 46.208265439383574)]", "points": "[(6.16189488, 46.20668049), (6.16186793, 46.20663075), (6.1617242, 46.20636964), (6.15909213, 46.20612097), (6.161289, 46.206142), (6.1634415, 46.2080538), (6.1607702, 46.2057451), (6.1622934, 46.2068414), (6.1617932, 46.2065734)]" }, "geometry": { "type": "Polygon", "coordinates": [ [ [ 6.159549195987431, 46.205213648538212 ], [ 6.155928629340418, 46.208265439383574 ], [ 6.156396950222578, 46.212728665960022 ], [ 6.160485618956349, 46.214140032698488 ], [ 6.16410596867023, 46.211088407855748 ], [ 6.163637866570719, 46.206625250264707 ], [ 6.159549195987431, 46.205213648538212 ] ] ] } },
{ "type": "Feature", "properties": { "id": "887a8dc157fffff", "center": "(46.18521591928771, 6.11408548911791)", "polygon": "[(6.110463315809208, 46.18826868278349), (6.1145553448937, 46.18968116845085), (6.118177379309058, 46.186628485626976), (6.117707601499858, 46.18216315127818), (6.113615570454837, 46.180750430585654), (6.109993319166813, 46.18380327925984)]", "points": "[(6.11309839, 46.18809512), (6.1134667, 46.18817596), (6.11260432, 46.18798939), (6.11229889, 46.1887792), (6.11345772, 46.18856154), (6.11464349, 46.18826925), (6.11641317, 46.18641597), (6.11657487, 46.18621073), (6.11635029, 46.18665851), (6.114892, 46.187965), (6.111469, 46.187641), (6.111778, 46.187801), (6.115147, 46.18885), (6.111713, 46.1878207), (6.1166727, 46.1852208), (6.1175585, 46.1857474)]" }, "geometry": { "type": "Polygon", "coordinates": [ [ [ 6.113615570454837, 46.180750430585654 ], [ 6.109993319166813, 46.183803279259841 ], [ 6.110463315809208, 46.188268682783487 ], [ 6.1145553448937, 46.189681168450853 ], [ 6.118177379309058, 46.186628485626976 ], [ 6.117707601499858, 46.182163151278182 ], [ 6.113615570454837, 46.180750430585654 ] ] ] } },
{ "type": "Feature", "properties": { "id": "887a8dc115fffff", "center": "(46.181935760405885, 6.129512597705929)", "polygon": "[(6.125890824235974, 46.184988371599786), (6.129982015886072, 46.18640087123697), (6.133603650365851, 46.18334834069829), (6.133134310071217, 46.17888314471728), (6.129043116577583, 46.177470410095296), (6.125421265209376, 46.18052310643186)]", "points": "[(6.12881891, 46.17943762), (6.1289806, 46.18152749), (6.12856738, 46.18004095), (6.1286123, 46.17861036), (6.12960044, 46.17975484), (6.1289806, 46.18019645), (6.12859433, 46.17889026), (6.128693, 46.178646), (6.128532, 46.18034), (6.128923, 46.181446), (6.128948, 46.181187), (6.1285301, 46.1801691)]" }, "geometry": { "type": "Polygon", "coordinates": [ [ [ 6.129043116577583, 46.177470410095296 ], [ 6.125421265209376, 46.180523106431863 ], [ 6.125890824235974, 46.184988371599786 ], [ 6.129982015886072, 46.18640087123697 ], [ 6.133603650365851, 46.183348340698288 ], [ 6.133134310071217, 46.178883144717283 ], [ 6.129043116577583, 46.177470410095296 ] ] ] } },
{ "type": "Feature", "properties": { "id": "887a8dc135fffff", "center": "(46.192050133056014, 6.146343983889262)", "polygon": "[(6.1427228443493345, 46.19510233642845), (6.146812775647331, 46.196514387060795), (6.150433776138582, 46.193462264348604), (6.149965062230162, 46.188997925132675), (6.145875129121261, 46.18758563952627), (6.14225391171894, 46.1906379281026)]", "points": "[(6.14880642, 46.18991725), (6.14872557, 46.18979287), (6.14886032, 46.19004162), (6.14400044, 46.19183881), (6.1425811, 46.19172688), (6.14285958, 46.1919694), (6.14382976, 46.19178284), (6.14392857, 46.19219327), (6.14326382, 46.19170822), (6.14438671, 46.19166469), (6.14901304, 46.19459978), (6.14893219, 46.19465574), (6.14821353, 46.19400904), (6.14880642, 46.19427643), (6.14720742, 46.19552007), (6.1472164, 46.19557603), (6.14597673, 46.19116098), (6.14600368, 46.19126048), (6.14614741, 46.19134132), (6.14342551, 46.19489825), (6.14342551, 46.19500396), (6.14345246, 46.1945376), (6.14301229, 46.19502262), (6.143527, 46.190979), (6.148684, 46.193684), (6.148187, 46.194778), (6.14893, 46.190834), (6.148836, 46.190701), (6.148927, 46.190723), (6.149685, 46.192265), (6.14383, 46.191856), (6.147214, 46.195595), (6.145959, 46.191113), (6.146071, 46.191322), (6.148848, 46.190048), (6.143681, 46.191631), (6.148091, 46.191391), (6.148843, 46.190796), (6.145957, 46.191242), (6.149838, 46.19241), (6.1444798, 46.1915882), (6.1438287, 46.1940149), (6.1467022, 46.192095), (6.14602, 46.191157), (6.1475439, 46.1933165), (6.1449177, 46.1930898), (6.1487596, 46.1948567), (6.1484971, 46.1941134), (6.1453717, 46.1890918), (6.1461304, 46.1879289), (6.1440325, 46.1929841), (6.1463225, 46.1957388), (6.1430817, 46.1937722), (6.1487102, 46.1901014)]" }, "geometry": { "type": "Polygon", "coordinates": [ [ [ 6.145875129121261, 46.187585639526269 ], [ 6.14225391171894, 46.190637928102603 ], [ 6.142722844349334, 46.195102336428448 ], [ 6.146812775647331, 46.196514387060795 ], [ 6.150433776138582, 46.193462264348604 ], [ 6.149965062230162, 46.188997925132675 ], [ 6.145875129121261, 46.187585639526269 ] ] ] } },
{ "type": "Feature", "properties": { "id": "887a8dc155fffff", "center": "(46.19273384673586, 6.110933249579379)", "polygon": "[(6.107311093424493, 46.19578652046468), (6.111403120476985, 46.19719877108204), (6.115025137781866, 46.19414617804013), (6.1145553448937, 46.18968116845085), (6.110463315809208, 46.18826868278349), (6.106841081632146, 46.19132144174815)]", "points": "[(6.1120294, 46.18917099), (6.11227194, 46.19054534), (6.11225397, 46.19027171), (6.11233482, 46.1908003), (6.1076007, 46.19363594), (6.10719646, 46.19353023), (6.10793308, 46.19370434), (6.11216414, 46.1945376), (6.11212821, 46.19455625), (6.11246957, 46.19507858), (6.11317924, 46.19479876), (6.11338585, 46.19471793), (6.10991835, 46.19256016), (6.10996327, 46.19246066), (6.1095231, 46.19302654), (6.108249, 46.193771), (6.109474, 46.193462), (6.110142, 46.192101), (6.113198, 46.19482), (6.1083479, 46.1914228), (6.110451, 46.1916325), (6.1074939, 46.1936682), (6.1138785, 46.1940416), (6.1092795, 46.1900287), (6.1092068, 46.1914675), (6.110963, 46.1926096), (6.1137612, 46.191591), (6.1133726, 46.1919867), (6.1136013, 46.1909571)]" }, "geometry": { "type": "Polygon", "coordinates": [ [ [ 6.110463315809208, 46.188268682783487 ], [ 6.106841081632146, 46.191321441748151 ], [ 6.107311093424493, 46.195786520464679 ], [ 6.111403120476985, 46.197198771082043 ], [ 6.115025137781866, 46.194146178040128 ], [ 6.1145553448937, 46.189681168450853 ], [ 6.110463315809208, 46.188268682783487 ] ] ] } },
{ "type": "Feature", "properties": { "id": "887a8dc85bfffff", "center": "(46.210630842959965, 6.187696689470204)", "polygon": "[(6.184077018966671, 46.213682154446815), (6.188164009199784, 46.21509331442149), (6.191783540489861, 46.2120420835965), (6.191316298497579, 46.20757952681945), (6.187229306577367, 46.20616813191251), (6.183609558323793, 46.20921952870769)]", "points": "[(6.18421801, 46.21234998), (6.18456835, 46.21247431), (6.18649973, 46.2132016), (6.1865177, 46.21318917), (6.18642787, 46.21328241), (6.186425, 46.213291)]" }, "geometry": { "type": "Polygon", "coordinates": [ [ [ 6.187229306577367, 46.206168131912513 ], [ 6.183609558323793, 46.209219528707692 ], [ 6.184077018966671, 46.213682154446815 ], [ 6.188164009199784, 46.215093314421487 ], [ 6.191783540489861, 46.212042083596501 ], [ 6.191316298497579, 46.207579526819451 ], [ 6.187229306577367, 46.206168131912513 ] ] ] } },
{ "type": "Feature", "properties": { "id": "887a8dc16bfffff", "center": "(46.21200381995975, 6.116903680451827)", "polygon": "[(6.113281975335192, 46.215056071706236), (6.117373158897023, 46.21646763115574), (6.120994725196713, 46.21341546012442), (6.120525324808418, 46.20895156354891), (6.116434139117399, 46.207539769015284), (6.112812355931136, 46.210592106134094)]", "points": "[(6.11937761, 46.21315809), (6.11935066, 46.21325755), (6.11937761, 46.2130462), (6.11788641, 46.21005615), (6.11731149, 46.21024886), (6.11871286, 46.20978884), (6.114174, 46.211163), (6.117035, 46.210194), (6.119293, 46.213291), (6.117319, 46.210262), (6.117062, 46.21019), (6.1129031, 46.2113397), (6.116958, 46.2090593), (6.1205304, 46.2100552), (6.1199145, 46.2123745), (6.1156515, 46.2144334), (6.1190798, 46.209663)]" }, "geometry": { "type": "Polygon", "coordinates": [ [ [ 6.116434139117399, 46.207539769015284 ], [ 6.112812355931136, 46.210592106134094 ], [ 6.113281975335192, 46.215056071706236 ], [ 6.117373158897023, 46.216467631155737 ], [ 6.120994725196713, 46.213415460124423 ], [ 6.120525324808418, 46.208951563548908 ], [ 6.116434139117399, 46.207539769015284 ] ] ] } },
{ "type": "Feature", "properties": { "id": "887a8dc12bfffff", "center": "(46.201206729451336, 6.13548038190567)", "polygon": "[(6.131859059118612, 46.20425891906716), (6.1359494073794405, 46.20567072767218), (6.139570591209427, 46.2026186187399), (6.139101643668689, 46.19815453523265), (6.135011293467132, 46.196742491608596), (6.131389892734311, 46.1997947665036)]", "points": "[(6.13754155, 46.19974824), (6.1376224, 46.19983529), (6.13626594, 46.1978083), (6.13640967, 46.19794509), (6.13603238, 46.19783317), (6.13356201, 46.20301863), (6.13313082, 46.20295646), (6.13391236, 46.20303106), (6.1323403, 46.20395121), (6.13213369, 46.20391391), (6.13251098, 46.20396987), (6.13282539, 46.19981042), (6.13262776, 46.19987881), (6.1334632, 46.19928191), (6.13588865, 46.20133372), (6.13570899, 46.2012902), (6.13598746, 46.20140211), (6.137472, 46.199898), (6.137555, 46.199707), (6.133305, 46.201286), (6.1349, 46.203148), (6.138266, 46.201351), (6.131757, 46.200371), (6.133246, 46.201347), (6.134674, 46.203167), (6.131917, 46.200321), (6.137527, 46.200825), (6.134781, 46.198616), (6.137817, 46.202801), (6.137809, 46.20097), (6.132382, 46.199261), (6.132179, 46.203949), (6.135983, 46.201454), (6.1340625, 46.2030625), (6.1380616, 46.1978853), (6.1318601, 46.2003679), (6.1377357, 46.2031888), (6.1352668, 46.2012334), (6.1371926, 46.198606), (6.1370686, 46.1996679), (6.1372219, 46.2013132), (6.1376221, 46.2008162), (6.1345087, 46.1989667), (6.1334751, 46.198303), (6.139445, 46.2016516), (6.1364113, 46.2034058), (6.1338794, 46.2041192), (6.1380224, 46.2038939), (6.1335254, 46.2011213), (6.1369485, 46.2039152), (6.131682, 46.2012379), (6.1344404, 46.2013743), (6.1385006, 46.2010616), (6.1327143, 46.2014061), (6.1318986, 46.2018892)]" }, "geometry": { "type": "Polygon", "coordinates": [ [ [ 6.135011293467132, 46.196742491608596 ], [ 6.131389892734311, 46.199794766503601 ], [ 6.131859059118612, 46.204258919067158 ], [ 6.135949407379441, 46.205670727672178 ], [ 6.139570591209427, 46.202618618739898 ], [ 6.139101643668689, 46.198154535232653 ], [ 6.135011293467132, 46.196742491608596 ] ] ] } },
{ "type": "Feature", "properties": { "id": "887a8dcaddfffff", "center": "(46.18289349570252, 6.1572070350815284)", "polygon": "[(6.1535860793136905, 46.18594571267574), (6.157675593374057, 46.18735800526545), (6.161296410001666, 46.18430586892913), (6.160827929475373, 46.17984127423032), (6.156738413733868, 46.17842874671157), (6.153117380187046, 46.18148104881343)]", "points": "[(6.15731347, 46.18188201), (6.15707991, 46.18190067), (6.15670261, 46.18231116), (6.15860704, 46.1812165), (6.158316, 46.181282), (6.1571528, 46.181627), (6.1566577, 46.1868714)]" }, "geometry": { "type": "Polygon", "coordinates": [ [ [ 6.156738413733868, 46.178428746711567 ], [ 6.153117380187046, 46.181481048813431 ], [ 6.153586079313691, 46.185945712675739 ], [ 6.157675593374057, 46.187358005265452 ], [ 6.161296410001666, 46.18430586892913 ], [ 6.160827929475373, 46.17984127423032 ], [ 6.156738413733868, 46.178428746711567 ] ] ] } },
{ "type": "Feature", "properties": { "id": "887a8dc10bfffff", "center": "(46.19109358043423, 6.118647094215574)", "polygon": "[(6.115025137781866, 46.19414617804013), (6.119116746219087, 46.19555843566498), (6.1227385637543374, 46.19250591873763), (6.122268989719739, 46.18804097828167), (6.118177379309058, 46.186628485626976), (6.1145553448937, 46.18968116845085)]", "points": "[(6.1193327, 46.19039609), (6.11900931, 46.19019087), (6.11962016, 46.19055777), (6.1208239, 46.1898675), (6.120601, 46.189762), (6.12056, 46.191479), (6.1187042, 46.1902142), (6.1192275, 46.1901424), (6.1162331, 46.1888079), (6.1195645, 46.1888424), (6.1171961, 46.1880391), (6.1225246, 46.1918565), (6.1151462, 46.1900893), (6.1181389, 46.1871262), (6.1185301, 46.1887723)]" }, "geometry": { "type": "Polygon", "coordinates": [ [ [ 6.118177379309058, 46.186628485626976 ], [ 6.1145553448937, 46.189681168450853 ], [ 6.115025137781866, 46.194146178040128 ], [ 6.119116746219087, 46.195558435664978 ], [ 6.122738563754337, 46.192505918737631 ], [ 6.122268989719739, 46.18804097828167 ], [ 6.118177379309058, 46.186628485626976 ] ] ] } },
{ "type": "Feature", "properties": { "id": "887a8dc133fffff", "center": "(46.1786559340316, 6.14493723055657)", "polygon": "[(6.141315857474672, 46.18170839291884), (6.145406211343594, 46.18312090650648), (6.149027445338597, 46.18006852825781), (6.148558542356021, 46.17560347066877), (6.144468186760477, 46.174190722136636), (6.140846735861402, 46.177243266130795)]", "points": "[(6.14505147, 46.17791371), (6.14488079, 46.17797591), (6.1451952, 46.17787639), (6.14799794, 46.17632756), (6.1482854, 46.17620937), (6.14771048, 46.17647684), (6.14444959, 46.18227385), (6.14381179, 46.18243556), (6.14462027, 46.18182603), (6.144958, 46.182343), (6.144872, 46.177998), (6.1427941, 46.1813317), (6.1455038, 46.181678), (6.148767, 46.1797581)]" }, "geometry": { "type": "Polygon", "coordinates": [ [ [ 6.144468186760477, 46.174190722136636 ], [ 6.140846735861402, 46.177243266130795 ], [ 6.141315857474672, 46.181708392918843 ], [ 6.145406211343594, 46.183120906506481 ], [ 6.149027445338597, 46.180068528257813 ], [ 6.148558542356021, 46.175603470668769 ], [ 6.144468186760477, 46.174190722136636 ] ] ] } },
{ "type": "Feature", "properties": { "id": "887a8dcad5fffff", "center": "(46.18125372808606, 6.1649171652247645)", "polygon": "[(6.161296410001666, 46.18430586892913), (6.165385504927068, 46.1857181684973), (6.169006120961662, 46.18266610828281), (6.168537858985037, 46.17820158275355), (6.164448762436899, 46.17678904827648), (6.160827929475373, 46.17984127423032)]", "points": "[(6.16476949, 46.17913284), (6.16469762, 46.17913284), (6.16484135, 46.17913284), (6.16498508, 46.18354886), (6.16512881, 46.18361727), (6.16477847, 46.18342447), (6.164195, 46.178555), (6.167821, 46.182808), (6.168003, 46.182896), (6.164413, 46.178669)]" }, "geometry": { "type": "Polygon", "coordinates": [ [ [ 6.164448762436899, 46.176789048276483 ], [ 6.160827929475373, 46.17984127423032 ], [ 6.161296410001666, 46.18430586892913 ], [ 6.165385504927068, 46.185718168497303 ], [ 6.169006120961662, 46.18266610828281 ], [ 6.168537858985037, 46.178201582753552 ], [ 6.164448762436899, 46.176789048276483 ] ] ] } },
{ "type": "Feature", "properties": { "id": "887a8dca1bfffff", "center": "(46.21131722558726, 6.152308001516701)", "polygon": "[(6.148687312574584, 46.214369007131936), (6.152776400295966, 46.215780366816205), (6.156396950222578, 46.21272866596002), (6.155928629340418, 46.208265439383574), (6.151839539711057, 46.206853844691146), (6.148218772859082, 46.20990571157614)]", "points": "[(6.1525524, 46.2113243), (6.15275003, 46.21197079), (6.15184273, 46.21075861), (6.15049526, 46.21351862), (6.15059407, 46.21358078), (6.15039644, 46.21344403), (6.148501, 46.21047887), (6.14837523, 46.21053481), (6.14830337, 46.21019291), (6.14964186, 46.21188998), (6.14965084, 46.21195214), (6.14947118, 46.21182782), (6.150679, 46.209534), (6.149634, 46.210247), (6.152129, 46.214191), (6.151235, 46.210026), (6.149625, 46.211964), (6.151168, 46.213783), (6.1515, 46.209511), (6.149514, 46.211941), (6.148554, 46.210117), (6.149602, 46.211922), (6.151391, 46.209339), (6.15059, 46.209602), (6.150367, 46.213467), (6.151139, 46.210091), (6.149591, 46.211781), (6.152129, 46.214176), (6.151923, 46.214165), (6.151313, 46.209145), (6.1526709, 46.2112069), (6.1495787, 46.2115266), (6.1511388, 46.2138681), (6.1498047, 46.2104074), (6.15037, 46.2123003), (6.1510593, 46.2107688), (6.1504783, 46.2133671), (6.1488294, 46.2134901), (6.1491878, 46.2131834), (6.148367, 46.2112231), (6.1496226, 46.2121962), (6.150956, 46.2126718)]" }, "geometry": { "type": "Polygon", "coordinates": [ [ [ 6.151839539711057, 46.206853844691146 ], [ 6.148218772859082, 46.209905711576141 ], [ 6.148687312574584, 46.214369007131936 ], [ 6.152776400295966, 46.215780366816205 ], [ 6.156396950222578, 46.212728665960022 ], [ 6.155928629340418, 46.208265439383574 ], [ 6.151839539711057, 46.206853844691146 ] ] ] } },
{ "type": "Feature", "properties": { "id": "887a8dc859fffff", "center": "(46.21814454056775, 6.184544416461349)", "polygon": "[(6.180924762332787, 46.221195762018006), (6.1850117508075995, 46.22260668703569), (6.188631265765905, 46.21955554626225), (6.188164009199784, 46.21509331442149), (6.184077018966671, 46.213682154446815), (6.180457287045232, 46.21673346126269)]", "points": "[(6.18322088, 46.21748435), (6.18342749, 46.21753407), (6.18298732, 46.2173849), (6.18518819, 46.21932415), (6.18519718, 46.21925578), (6.18498158, 46.21925578), (6.18137035, 46.21618526), (6.18130747, 46.21605473), (6.18152307, 46.21634066), (6.1871, 46.21661), (6.184991, 46.219284), (6.184109, 46.214821), (6.18341, 46.217587), (6.187098, 46.216743), (6.185878, 46.219639), (6.184231, 46.214584), (6.1842989, 46.2209359), (6.1822346, 46.216702)]" }, "geometry": { "type": "Polygon", "coordinates": [ [ [ 6.184077018966671, 46.213682154446815 ], [ 6.180457287045232, 46.216733461262692 ], [ 6.180924762332787, 46.221195762018006 ], [ 6.185011750807599, 46.222606687035693 ], [ 6.188631265765905, 46.219555546262249 ], [ 6.188164009199784, 46.215093314421487 ], [ 6.184077018966671, 46.213682154446815 ] ] ] } },
{ "type": "Feature", "properties": { "id": "887a8dca5bfffff", "center": "(46.22211313243072, 6.133735095155662)", "polygon": "[(6.130114023447549, 46.22516497588648), (6.134203946788413, 46.226576086374614), (6.1378248796209744, 46.22352432363896), (6.137356106009196, 46.219061284254494), (6.133266180572015, 46.21764993869318), (6.129645030830188, 46.22070186758233)]", "points": "[(6.1358617, 46.22499856), (6.13768528, 46.22236342), (6.13380456, 46.22437707), (6.13278048, 46.2240539), (6.13349015, 46.22427142), (6.13340032, 46.22481211), (6.13488254, 46.22369343), (6.13473881, 46.21944224), (6.13521491, 46.21992705), (6.13427168, 46.21901959), (6.13040893, 46.22294763), (6.133423, 46.224628), (6.130067, 46.22263), (6.135701, 46.220322), (6.133429, 46.224808), (6.131861, 46.223682), (6.130513, 46.223137), (6.130657, 46.223129), (6.136825, 46.221024), (6.1342364, 46.2191586), (6.1373301, 46.2196215), (6.1352229, 46.2214437), (6.1298382, 46.2218459), (6.1316187, 46.2251458), (6.1313635, 46.2239215), (6.1338875, 46.2255368)]" }, "geometry": { "type": "Polygon", "coordinates": [ [ [ 6.133266180572015, 46.217649938693178 ], [ 6.129645030830188, 46.220701867582328 ], [ 6.130114023447549, 46.225164975886479 ], [ 6.134203946788413, 46.226576086374614 ], [ 6.137824879620974, 46.223524323638962 ], [ 6.137356106009196, 46.219061284254494 ], [ 6.133266180572015, 46.217649938693178 ] ] ] } },
{ "type": "Feature", "properties": { "id": "887a8dc111fffff", "center": "(46.17605760178708, 6.124951643249971)", "polygon": "[(6.121329652896669, 46.17911037877218), (6.125421265209376, 46.18052310643186), (6.129043116577583, 46.177470410095296), (6.128573572501375, 46.17300482034016), (6.124481958358097, 46.17159185770041), (6.120859890108862, 46.17464471978862)]", "points": "[(6.12152459, 46.17913284), (6.128677, 46.176044), (6.128586, 46.177166), (6.1242835, 46.1774544)]" }, "geometry": { "type": "Polygon", "coordinates": [ [ [ 6.124481958358097, 46.171591857700413 ], [ 6.120859890108862, 46.174644719788617 ], [ 6.121329652896669, 46.17911037877218 ], [ 6.125421265209376, 46.180523106431863 ], [ 6.129043116577583, 46.177470410095296 ], [ 6.128573572501375, 46.173004820340161 ], [ 6.124481958358097, 46.171591857700413 ] ] ] } },
{ "type": "Feature", "properties": { "id": "887a8dca55fffff", "center": "(46.23386049185194, 6.142851460535577)", "polygon": "[(6.139230822657971, 46.236912002875776), (6.143319904227549, 46.238322657387144), (6.146940403219456, 46.235271227096675), (6.146472037553043, 46.23080897604204), (6.142382953861539, 46.22939808644834), (6.138762237945625, 46.23244968298442)]", "points": "[(6.138883, 46.232529), (6.139116, 46.232643)]" }, "geometry": { "type": "Polygon", "coordinates": [ [ [ 6.142382953861539, 46.229398086448342 ], [ 6.138762237945625, 46.232449682984416 ], [ 6.139230822657971, 46.236912002875776 ], [ 6.143319904227549, 46.238322657387144 ], [ 6.146940403219456, 46.235271227096675 ], [ 6.146472037553043, 46.230808976042042 ], [ 6.142382953861539, 46.229398086448342 ] ] ] } },
{ "type": "Feature", "properties": { "id": "887a8dc853fffff", "center": "(46.20899084811008, 6.195403010273323)", "polygon": "[(6.191783540489861, 46.2120420835965), (6.195870111362539, 46.21345325062134), (6.199489441884385, 46.21040209578846), (6.199022418491922, 46.20593960797953), (6.19493584599053, 46.20452820604257), (6.191316298497579, 46.20757952681945)]", "points": "[(6.19416, 46.205437)]" }, "geometry": { "type": "Polygon", "coordinates": [ [ [ 6.19493584599053, 46.204528206042568 ], [ 6.191316298497579, 46.207579526819451 ], [ 6.191783540489861, 46.212042083596501 ], [ 6.195870111362539, 46.213453250621342 ], [ 6.199489441884385, 46.21040209578846 ], [ 6.199022418491922, 46.205939607979531 ], [ 6.19493584599053, 46.204528206042568 ] ] ] } },
{ "type": "Feature", "properties": { "id": "887a8dc131fffff", "center": "(46.18617328025442, 6.141784916093952)", "polygon": "[(6.138163559648009, 46.189225649484335), (6.14225391171894, 46.1906379281026), (6.145875129121261, 46.18758563952627), (6.145406211343594, 46.18312090650648), (6.141315857474672, 46.18170839291884), (6.137694423168668, 46.184760847313115)]", "points": "[(6.14020955, 46.18680155), (6.14064074, 46.18691972), (6.14009276, 46.18674558), (6.13990412, 46.18672071), (6.14470112, 46.18550174), (6.14074853, 46.18391581), (6.14078447, 46.18390337), (6.14039819, 46.18431385), (6.14100905, 46.18326898), (6.14303924, 46.18882273), (6.14315602, 46.18919586), (6.14294042, 46.1887481), (6.1423116, 46.18859263), (6.14335365, 46.18954412), (6.141716, 46.187531), (6.140394, 46.184383), (6.140528, 46.186932), (6.14233, 46.186874), (6.140352, 46.187794), (6.145371, 46.185352), (6.139385, 46.184307), (6.139571, 46.18343), (6.142524, 46.185795), (6.140997, 46.183292), (6.139352, 46.184372), (6.1418333, 46.1853056), (6.140532, 46.1839255), (6.1441851, 46.1889796), (6.1404857, 46.1867876), (6.1429755, 46.1883703), (6.1421692, 46.1868624), (6.1395225, 46.1837925), (6.1395276, 46.1881375), (6.1405322, 46.1852293), (6.141977, 46.1898414), (6.138639, 46.1850207), (6.1384251, 46.1880839), (6.1439558, 46.1873472), (6.1385243, 46.1860491)]" }, "geometry": { "type": "Polygon", "coordinates": [ [ [ 6.141315857474672, 46.181708392918843 ], [ 6.137694423168668, 46.184760847313115 ], [ 6.138163559648009, 46.189225649484335 ], [ 6.14225391171894, 46.190637928102603 ], [ 6.145875129121261, 46.187585639526269 ], [ 6.145406211343594, 46.183120906506481 ], [ 6.141315857474672, 46.181708392918843 ] ] ] } },
{ "type": "Feature", "properties": { "id": "887a8dc1edfffff", "center": "(46.17277789992529, 6.140377551254424)", "polygon": "[(6.136755961273507, 46.1758305245513), (6.140846735861402, 46.177243266130795), (6.144468186760477, 46.174190722136636), (6.14399907995563, 46.16972527085653), (6.139908303654066, 46.16831229433732), (6.1362866358582915, 46.17136500403069)]", "points": "[(6.1382063, 46.17550025), (6.13808952, 46.17562466), (6.13827817, 46.17567442), (6.14117074, 46.17331685), (6.14117074, 46.17324842), (6.14058684, 46.17360299), (6.138077, 46.175652), (6.138089, 46.175652), (6.1390055, 46.1753433)]" }, "geometry": { "type": "Polygon", "coordinates": [ [ [ 6.139908303654066, 46.168312294337319 ], [ 6.136286635858291, 46.17136500403069 ], [ 6.136755961273507, 46.175830524551301 ], [ 6.140846735861402, 46.177243266130795 ], [ 6.144468186760477, 46.174190722136636 ], [ 6.14399907995563, 46.169725270856532 ], [ 6.139908303654066, 46.168312294337319 ] ] ] } },
{ "type": "Feature", "properties": { "id": "887a8dca19fffff", "center": "(46.218832062988305, 6.149155789278762)", "polygon": "[(6.145535117229238, 46.22188375445904), (6.149624202971343, 46.22329487911039), (6.153244736048611, 46.22024326834312), (6.152776400295966, 46.215780366816205), (6.148687312574584, 46.214369007131936), (6.145066562572375, 46.217420784000325)]", "points": "[(6.14790811, 46.21673225), (6.14797099, 46.21701196), (6.14772844, 46.21662037), (6.15107018, 46.21678819), (6.15117798, 46.21676955), (6.15090848, 46.21681306), (6.14565334, 46.22002649), (6.14539282, 46.22012594), (6.14585097, 46.21997055), (6.14899507, 46.22299735), (6.14877947, 46.22281712), (6.1498305, 46.22039941), (6.14967779, 46.22036212), (6.1499922, 46.22049264), (6.150908, 46.216858), (6.150014, 46.220692), (6.147192, 46.215836), (6.150399, 46.215218), (6.147551, 46.220047), (6.147649, 46.220135), (6.14738, 46.217491), (6.14798, 46.216881), (6.149259, 46.222023), (6.14544, 46.2201), (6.145832, 46.219986), (6.149205, 46.222569), (6.150032, 46.220501), (6.149672, 46.220371), (6.149865, 46.214954), (6.1490149, 46.2223895), (6.1477965, 46.2203492), (6.1495471, 46.2147354), (6.1503958, 46.2151449), (6.1471882, 46.2158323), (6.1456074, 46.2213497), (6.1468508, 46.2176638)]" }, "geometry": { "type": "Polygon", "coordinates": [ [ [ 6.148687312574584, 46.214369007131936 ], [ 6.145066562572375, 46.217420784000325 ], [ 6.145535117229238, 46.221883754459043 ], [ 6.149624202971343, 46.223294879110391 ], [ 6.153244736048611, 46.220243268343118 ], [ 6.152776400295966, 46.215780366816205 ], [ 6.148687312574584, 46.214369007131936 ] ] ] } },
{ "type": "Feature", "properties": { "id": "887a8dca59fffff", "center": "(46.22962784436475, 6.13058295312907)", "polygon": "[(6.126961898701264, 46.232679597592046), (6.131051819874434, 46.234090472982274), (6.134672735470011, 46.23103880049004), (6.134203946788413, 46.226576086374614), (6.130114023447549, 46.22516497588648), (6.126492890943221, 46.228216814604494)]", "points": "[(6.13107368, 46.23062887), (6.13069639, 46.23042381), (6.13143301, 46.23080908), (6.13393931, 46.23099551), (6.13386744, 46.23127514), (6.13412795, 46.23079044), (6.12783974, 46.22867759), (6.12755228, 46.22867138), (6.12760618, 46.22880188), (6.12844162, 46.22868381), (6.129646, 46.229542), (6.129704, 46.229794), (6.129747, 46.229656), (6.130236, 46.230152), (6.129688, 46.229706), (6.127527, 46.228725), (6.129535, 46.230145), (6.133717, 46.231159), (6.130739, 46.230476), (6.133831, 46.2313), (6.133807, 46.231339), (6.134059, 46.231033), (6.1298639, 46.2278866)]" }, "geometry": { "type": "Polygon", "coordinates": [ [ [ 6.130114023447549, 46.225164975886479 ], [ 6.126492890943221, 46.228216814604494 ], [ 6.126961898701264, 46.232679597592046 ], [ 6.131051819874434, 46.234090472982274 ], [ 6.134672735470011, 46.23103880049004 ], [ 6.134203946788413, 46.226576086374614 ], [ 6.130114023447549, 46.225164975886479 ] ] ] } },
{ "type": "Feature", "properties": { "id": "887a8dcad9fffff", "center": "(46.17701614552573, 6.152648618020619)", "polygon": "[(6.149027445338597, 46.18006852825781), (6.153117380187046, 46.18148104881343), (6.156738413733868, 46.17842874671157), (6.156269729331359, 46.17396375832755), (6.1521797928146915, 46.17255100284761), (6.148558542356021, 46.17560347066877)]", "points": "[(6.15271409, 46.17581749), (6.15283088, 46.17591701), (6.1525524, 46.1757304), (6.149083, 46.175728), (6.149045, 46.175697), (6.148966, 46.175739), (6.152782, 46.175934)]" }, "geometry": { "type": "Polygon", "coordinates": [ [ [ 6.152179792814692, 46.172551002847612 ], [ 6.148558542356021, 46.175603470668769 ], [ 6.149027445338597, 46.180068528257813 ], [ 6.153117380187046, 46.181481048813431 ], [ 6.156738413733868, 46.178428746711567 ], [ 6.156269729331359, 46.173963758327552 ], [ 6.152179792814692, 46.172551002847612 ] ] ] } },
{ "type": "Feature", "properties": { "id": "887a8dc16dfffff", "center": "(46.2253945341629, 6.118311927118454)", "polygon": "[(6.1146904563009326, 46.22844652959879), (6.118781216894078, 46.229857625904366), (6.122402548932868, 46.22680571120522), (6.121933337259245, 46.22234253398742), (6.11784257445267, 46.220931202568416), (6.114221025520412, 46.223983283473444)]", "points": "[(6.11714081, 46.22186621), (6.11713183, 46.2218227), (6.119171, 46.22158652), (6.11923388, 46.22150573), (6.12177, 46.226635), (6.117799, 46.222229), (6.1174891, 46.2218327)]" }, "geometry": { "type": "Polygon", "coordinates": [ [ [ 6.11784257445267, 46.220931202568416 ], [ 6.114221025520412, 46.223983283473444 ], [ 6.114690456300933, 46.228446529598791 ], [ 6.118781216894078, 46.229857625904366 ], [ 6.122402548932868, 46.226805711205223 ], [ 6.121933337259245, 46.222342533987423 ], [ 6.11784257445267, 46.220931202568416 ] ] ] } },
{ "type": "Feature", "properties": { "id": "887a8dca37fffff", "center": "(46.225657823088056, 6.181392174486955)", "polygon": "[(6.177772536862246, 46.22870895440207), (6.181859523507548, 46.23011964443806), (6.185479022005213, 46.227068593815794), (6.1850117508075995, 46.22260668703569), (6.180924762332787, 46.221195762018006), (6.177305046872356, 46.22424697875494)]", "points": "[(6.18055289, 46.22157409), (6.1814236, 46.22296)]" }, "geometry": { "type": "Polygon", "coordinates": [ [ [ 6.180924762332787, 46.221195762018006 ], [ 6.177305046872356, 46.224246978754941 ], [ 6.177772536862246, 46.228708954402073 ], [ 6.181859523507548, 46.230119644438062 ], [ 6.185479022005213, 46.227068593815794 ], [ 6.185011750807599, 46.222606687035693 ], [ 6.180924762332787, 46.221195762018006 ] ] ] } },
{ "type": "Feature", "properties": { "id": "887a8dc12dfffff", "center": "(46.214598005108634, 6.13688726943149)", "polygon": "[(6.133266180572015, 46.21764993869318), (6.137356106009196, 46.219061284254494), (6.1409770559498345, 46.21600943137511), (6.140508297350288, 46.21154606684601), (6.136418369888147, 46.21013448623624), (6.132797203037761, 46.21318650519683)]", "points": "[(6.1392214, 46.21646497), (6.1390058, 46.21653335), (6.13936513, 46.21643389), (6.13401117, 46.2148302), (6.13417287, 46.2147121), (6.13408304, 46.21496074), (6.13787393, 46.21256755), (6.13799969, 46.2123189), (6.13749663, 46.21295917), (6.13613119, 46.21733517), (6.13658035, 46.21773919), (6.13679595, 46.21700574), (6.13578983, 46.21705547), (6.13558322, 46.21763352), (6.137433, 46.216831), (6.139453, 46.213634), (6.134479, 46.214741), (6.139257, 46.213318), (6.136268, 46.217491), (6.137527, 46.216808), (6.1334721, 46.2151683), (6.1354675, 46.2141172), (6.1341607, 46.2161133), (6.1340986, 46.2128543), (6.1398214, 46.2152604), (6.1374893, 46.2113011), (6.1381163, 46.2166923), (6.1330256, 46.2150717), (6.1347766, 46.2135708), (6.1391882, 46.2131908), (6.1364578, 46.2135714), (6.1385629, 46.2112438), (6.1375131, 46.2109299)]" }, "geometry": { "type": "Polygon", "coordinates": [ [ [ 6.136418369888147, 46.210134486236242 ], [ 6.132797203037761, 46.21318650519683 ], [ 6.133266180572015, 46.217649938693178 ], [ 6.137356106009196, 46.219061284254494 ], [ 6.140977055949834, 46.216009431375113 ], [ 6.140508297350288, 46.211546066846012 ], [ 6.136418369888147, 46.210134486236242 ] ] ] } },
{ "type": "Feature", "properties": { "id": "887a8dca57fffff", "center": "(46.22634648515123, 6.1460036088895516)", "polygon": "[(6.142382953861539, 46.22939808644834), (6.146472037553043, 46.23080897604204), (6.150092553652074, 46.22775745546334), (6.149624202971343, 46.22329487911039), (6.145535117229238, 46.22188375445904), (6.141914384205728, 46.22493544121112)]", "points": "[(6.14771048, 46.22389231), (6.14755776, 46.22329567), (6.14855489, 46.22328946), (6.14462926, 46.2234324), (6.14464722, 46.22347591), (6.14438671, 46.22332053), (6.148527, 46.223995), (6.147347, 46.223431), (6.148344, 46.223766), (6.147234, 46.223988), (6.148618, 46.223244), (6.147542, 46.223297), (6.1484331, 46.2236673)]" }, "geometry": { "type": "Polygon", "coordinates": [ [ [ 6.145535117229238, 46.221883754459043 ], [ 6.141914384205728, 46.224935441211123 ], [ 6.142382953861539, 46.229398086448342 ], [ 6.146472037553043, 46.230808976042042 ], [ 6.150092553652074, 46.22775745546334 ], [ 6.149624202971343, 46.223294879110391 ], [ 6.145535117229238, 46.221883754459043 ] ] ] } },
{ "type": "Feature", "properties": { "id": "887a8dc10dfffff", "center": "(46.20448742725724, 6.120055861515833)", "polygon": "[(6.116434139117399, 46.207539769015284), (6.120525324808418, 46.20895156354891), (6.124146908346601, 46.20589930249108), (6.123677523068083, 46.20143508087727), (6.119586335319293, 46.2000230512843), (6.115964534894045, 46.20307547835726)]", "points": "[(6.11803014, 46.20627639), (6.11759895, 46.20628261), (6.11847032, 46.20634478), (6.12248579, 46.20640695), (6.12219832, 46.20676752), (6.12272833, 46.20607745), (6.119523, 46.206615), (6.119524, 46.206711), (6.1230235, 46.2034541), (6.1200501, 46.2068473), (6.123687, 46.204516), (6.1207051, 46.2042837), (6.123333, 46.2051589)]" }, "geometry": { "type": "Polygon", "coordinates": [ [ [ 6.119586335319293, 46.200023051284298 ], [ 6.115964534894045, 46.203075478357263 ], [ 6.116434139117399, 46.207539769015284 ], [ 6.120525324808418, 46.208951563548908 ], [ 6.124146908346601, 46.205899302491083 ], [ 6.123677523068083, 46.201435080877268 ], [ 6.119586335319293, 46.200023051284298 ] ] ] } },
{ "type": "Feature", "properties": { "id": "887a8dcad7fffff", "center": "(46.173736817858284, 6.168069533907804)", "polygon": "[(6.164448762436899, 46.17678904827648), (6.168537858985037, 46.17820158275355), (6.172158491224215, 46.17514943294891), (6.171690243829782, 46.17068458299306), (6.167601145730227, 46.169271813632), (6.163980296563766, 46.172324129103544)]", "points": "[(6.167743, 46.174725)]" }, "geometry": { "type": "Polygon", "coordinates": [ [ [ 6.167601145730227, 46.169271813632001 ], [ 6.163980296563766, 46.172324129103544 ], [ 6.164448762436899, 46.176789048276483 ], [ 6.168537858985037, 46.178201582753552 ], [ 6.172158491224215, 46.175149432948913 ], [ 6.171690243829782, 46.170684582993061 ], [ 6.167601145730227, 46.169271813632001 ] ] ] } }
]
}
