{
"type": "FeatureCollection",
"name": "stops",
"crs": { "type": "name", "properties": { "name": "urn:ogc:def:crs:OGC:1.3:CRS84" } },
"features": [
{ "type": "Feature", "properties": { "stop_id": "8503331:0:M", "stop_code": "SONN02", "stop_name": "Grand-Saconnex, Sonnex", "stop_desc": null, "stop_lat": 46.22710533, "stop_lon": 6.12229714, "zone_id": null, "stop_url": null, "location_type": 0, "parent_station": "Parent8503331", "active": true }, "geometry": { "type": "Point", "coordinates": [ 6.12229714, 46.22710533 ] } },
{ "type": "Feature", "properties": { "stop_id": "8503331:0:N", "stop_code": null, "stop_name": "Grand-Saconnex, Sonnex", "stop_desc": null, "stop_lat": 46.22751549, "stop_lon": 6.12294393, "zone_id": null, "stop_url": null, "location_type": 0, "parent_station": "Parent8503331", "active": true }, "geometry": { "type": "Point", "coordinates": [ 6.12294393, 46.22751549 ] } },
{ "type": "Feature", "properties": { "stop_id": "8503332", "stop_code": null, "stop_name": "Genève, Pédiatrie", "stop_desc": null, "stop_lat": 46.18991725, "stop_lon": 6.14880642, "zone_id": null, "stop_url": null, "location_type": 0, "parent_station": "Parent8503332", "active": true }, "geometry": { "type": "Point", "coordinates": [ 6.14880642, 46.18991725 ] } },
{ "type": "Feature", "properties": { "stop_id": "8503332:0:F", "stop_code": null, "stop_name": "Genève, Pédiatrie", "stop_desc": null, "stop_lat": 46.18979287, "stop_lon": 6.14872557, "zone_id": null, "stop_url": null, "location_type": 0, "parent_station": "Parent8503332", "active": true }, "geometry": { "type": "Point", "coordinates": [ 6.14872557, 46.18979287 ] } },
{ "type": "Feature", "properties": { "stop_id": "8503332:0:G", "stop_code": null, "stop_name": "Genève, Pédiatrie", "stop_desc": null, "stop_lat": 46.19004162, "stop_lon": 6.14886032, "zone_id": null, "stop_url": null, "location_type": 0, "parent_station": "Parent8503332", "active": true }, "geometry": { "type": "Point", "coordinates": [ 6.14886032, 46.19004162 ] } },
{ "type": "Feature", "properties": { "stop_id": "8503333", "stop_code": null, "stop_name": "Genève, Aubépine", "stop_desc": null, "stop_lat": 46.1872742, "stop_lon": 6.14741403, "zone_id": null, "stop_url": null, "location_type": 0, "parent_station": "Parent8503333", "active": true }, "geometry": { "type": "Point", "coordinates": [ 6.14741403, 46.1872742 ] } },
{ "type": "Feature", "properties": { "stop_id": "8503333:0:A", "stop_code": null, "stop_name": "Genève, Aubépine", "stop_desc": null, "stop_lat": 46.18729908, "stop_lon": 6.14718047, "zone_id": null, "stop_url": null, "location_type": 0, "parent_station": "Parent8503333", "active": true }, "geometry": { "type": "Point", "coordinates": [ 6.14718047, 46.18729908 ] } },
{ "type": "Feature", "properties": { "stop_id": "8503333:0:I", "stop_code": "AUBE98", "stop_name": "Genève, Aubépine", "stop_desc": null, "stop_lat": 46.18726799, "stop_lon": 6.14769251, "zone_id": null, "stop_url": null, "location_type": 0, "parent_station": "Parent8503333", "active": true }, "geometry": { "type": "Point", "coordinates": [ 6.14769251, 46.18726799 ] } },
{ "type": "Feature", "properties": { "stop_id": "8507347", "stop_code": "GAEV02", "stop_name": "Genève-Eaux-Vives, gare/Vadier", "stop_desc": null, "stop_lat": 46.20288807, "stop_lon": 6.16991683, "zone_id": null, "stop_url": null, "location_type": 0, "parent_station": "Parent8507347", "active": true }, "geometry": { "type": "Point", "coordinates": [ 6.16991683, 46.20288807 ] } },
{ "type": "Feature", "properties": { "stop_id": "8507347:0:G", "stop_code": "GEVV02", "stop_name": "Genève-Eaux-Vives, gare/Vadier", "stop_desc": null, "stop_lat": 46.20278859, "stop_lon": 6.16962937, "zone_id": null, "stop_url": null, "location_type": 0, "parent_station": "Parent8507347", "active": true }, "geometry": { "type": "Point", "coordinates": [ 6.16962937, 46.20278859 ] } },
{ "type": "Feature", "properties": { "stop_id": "8507347:0:H", "stop_code": "CUIS99", "stop_name": "Genève-Eaux-Vives, gare/Vadier", "stop_desc": null, "stop_lat": 46.2029005, "stop_lon": 6.17014141, "zone_id": null, "stop_url": null, "location_type": 0, "parent_station": "Parent8507347", "active": true }, "geometry": { "type": "Point", "coordinates": [ 6.17014141, 46.2029005 ] } },
{ "type": "Feature", "properties": { "stop_id": "8507355", "stop_code": null, "stop_name": "Cologny, Pré-Picot", "stop_desc": null, "stop_lat": 46.20384552, "stop_lon": 6.17531571, "zone_id": null, "stop_url": null, "location_type": 0, "parent_station": "Parent8507355", "active": true }, "geometry": { "type": "Point", "coordinates": [ 6.17531571, 46.20384552 ] } },
{ "type": "Feature", "properties": { "stop_id": "8507355:0:O", "stop_code": null, "stop_name": "Cologny, Pré-Picot", "stop_desc": null, "stop_lat": 46.2037647, "stop_lon": 6.17554927, "zone_id": null, "stop_url": null, "location_type": 0, "parent_station": "Parent8507355", "active": true }, "geometry": { "type": "Point", "coordinates": [ 6.17554927, 46.2037647 ] } },
{ "type": "Feature", "properties": { "stop_id": "8507355:0:P", "stop_code": "PRPI01", "stop_name": "Cologny, Pré-Picot", "stop_desc": null, "stop_lat": 46.20391391, "stop_lon": 6.17506418, "zone_id": null, "stop_url": null, "location_type": 0, "parent_station": "Parent8507355", "active": true }, "geometry": { "type": "Point", "coordinates": [ 6.17506418, 46.20391391 ] } },
{ "type": "Feature", "properties": { "stop_id": "8510678:0:J", "stop_code": "COCE00", "stop_name": "Chêne-Bougeries, Conches école", "stop_desc": null, "stop_lat": 46.18917721, "stop_lon": 6.17783099, "zone_id": null, "stop_url": null, "location_type": 0, "parent_station": "Parent8510678", "active": true }, "geometry": { "type": "Point", "coordinates": [ 6.17783099, 46.18917721 ] } },
{ "type": "Feature", "properties": { "stop_id": "8510678:0:K", "stop_code": null, "stop_name": "Chêne-Bougeries, Conches école", "stop_desc": null, "stop_lat": 46.18940108, "stop_lon": 6.17757946, "zone_id": null, "stop_url": null, "location_type": 0, "parent_station": "Parent8510678", "active": true }, "geometry": { "type": "Point", "coordinates": [ 6.17757946, 46.18940108 ] } },
{ "type": "Feature", "properties": { "stop_id": "8510679:0:S", "stop_code": null, "stop_name": "Chêne-Bougeries, Vert-Pré", "stop_desc": null, "stop_lat": 46.18728664, "stop_lon": 6.17689674, "zone_id": null, "stop_url": null, "location_type": 0, "parent_station": "Parent8510679", "active": true }, "geometry": { "type": "Point", "coordinates": [ 6.17689674, 46.18728664 ] } },
{ "type": "Feature", "properties": { "stop_id": "8510679:0:T", "stop_code": null, "stop_name": "Chêne-Bougeries, Vert-Pré", "stop_desc": null, "stop_lat": 46.18686996, "stop_lon": 6.17639369, "zone_id": null, "stop_url": null, "location_type": 0, "parent_station": "Parent8510679", "active": true }, "geometry": { "type": "Point", "coordinates": [ 6.17639369, 46.18686996 ] } },
{ "type": "Feature", "properties": { "stop_id": "8511186", "stop_code": "JOPO00", "stop_name": "Genève, Pointe de la Jonction", "stop_desc": null, "stop_lat": 46.20122802, "stop_lon": 6.12609701, "zone_id": null, "stop_url": null, "location_type": 0, "parent_station": "Parent8511186", "active": true }, "geometry": { "type": "Point", "coordinates": [ 6.12609701, 46.20122802 ] } },
{ "type": "Feature", "properties": { "stop_id": "8511186:0:P", "stop_code": null, "stop_name": "Genève, Pointe de la Jonction", "stop_desc": null, "stop_lat": 46.20122802, "stop_lon": 6.12609701, "zone_id": null, "stop_url": null, "location_type": 0, "parent_station": "Parent8511186", "active": true }, "geometry": { "type": "Point", "coordinates": [ 6.12609701, 46.20122802 ] } },
{ "type": "Feature", "properties": { "stop_id": "8511187", "stop_code": null, "stop_name": "Genève, Tour de Champel", "stop_desc": null, "stop_lat": 46.18813865, "stop_lon": 6.15154628, "zone_id": null, "stop_url": null, "location_type": 0, "parent_station": "Parent8511187", "active": true }, "geometry": { "type": "Point", "coordinates": [ 6.15154628, 46.18813865 ] } },
{ "type": "Feature", "properties": { "stop_id": "8511187:0:A", "stop_code": "CHTO00", "stop_name": "Genève, Tour de Champel", "stop_desc": null, "stop_lat": 46.18871701, "stop_lon": 6.15193256, "zone_id": null, "stop_url": null, "location_type": 0, "parent_station": "Parent8511187", "active": true }, "geometry": { "type": "Point", "coordinates": [ 6.15193256, 46.18871701 ] } },
{ "type": "Feature", "properties": { "stop_id": "8511616", "stop_code": "ARIA00", "stop_name": "Genève, Ariana", "stop_desc": null, "stop_lat": 46.22498613, "stop_lon": 6.13631086, "zone_id": null, "stop_url": null, "location_type": 0, "parent_station": "Parent8511616", "active": true }, "geometry": { "type": "Point", "coordinates": [ 6.13631086, 46.22498613 ] } },
{ "type": "Feature", "properties": { "stop_id": "8511616:0:Q", "stop_code": "APIA07", "stop_name": "Genève, Ariana", "stop_desc": null, "stop_lat": 46.22492398, "stop_lon": 6.13653544, "zone_id": null, "stop_url": null, "location_type": 0, "parent_station": "Parent8511616", "active": true }, "geometry": { "type": "Point", "coordinates": [ 6.13653544, 46.22492398 ] } },
{ "type": "Feature", "properties": { "stop_id": "8511616:0:R", "stop_code": "ARIA01", "stop_name": "Genève, Ariana", "stop_desc": null, "stop_lat": 46.22499856, "stop_lon": 6.1358617, "zone_id": null, "stop_url": null, "location_type": 0, "parent_station": "Parent8511616", "active": true }, "geometry": { "type": "Point", "coordinates": [ 6.1358617, 46.22499856 ] } },
{ "type": "Feature", "properties": { "stop_id": "8511617:0:M", "stop_code": "CHCQ00", "stop_name": "Genève, Chausse-Coq", "stop_desc": null, "stop_lat": 46.19958036, "stop_lon": 6.14835727, "zone_id": null, "stop_url": null, "location_type": 0, "parent_station": "Parent8511617", "active": true }, "geometry": { "type": "Point", "coordinates": [ 6.14835727, 46.19958036 ] } },
{ "type": "Feature", "properties": { "stop_id": "8511618:0:H", "stop_code": "SLEG00", "stop_name": "Genève, Saint-Léger", "stop_desc": null, "stop_lat": 46.19842386, "stop_lon": 6.14749488, "zone_id": null, "stop_url": null, "location_type": 0, "parent_station": "Parent8511618", "active": true }, "geometry": { "type": "Point", "coordinates": [ 6.14749488, 46.19842386 ] } },
{ "type": "Feature", "properties": { "stop_id": "8511619", "stop_code": null, "stop_name": "Vessy, Bochère", "stop_desc": null, "stop_lat": 46.17913284, "stop_lon": 6.16476949, "zone_id": null, "stop_url": null, "location_type": 0, "parent_station": "Parent8511619", "active": true }, "geometry": { "type": "Point", "coordinates": [ 6.16476949, 46.17913284 ] } },
{ "type": "Feature", "properties": { "stop_id": "8511619:0:J", "stop_code": null, "stop_name": "Vessy, Bochère", "stop_desc": null, "stop_lat": 46.17913284, "stop_lon": 6.16469762, "zone_id": null, "stop_url": null, "location_type": 0, "parent_station": "Parent8511619", "active": true }, "geometry": { "type": "Point", "coordinates": [ 6.16469762, 46.17913284 ] } },
{ "type": "Feature", "properties": { "stop_id": "8511619:0:K", "stop_code": null, "stop_name": "Vessy, Bochère", "stop_desc": null, "stop_lat": 46.17913284, "stop_lon": 6.16484135, "zone_id": null, "stop_url": null, "location_type": 0, "parent_station": "Parent8511619", "active": true }, "geometry": { "type": "Point", "coordinates": [ 6.16484135, 46.17913284 ] } },
{ "type": "Feature", "properties": { "stop_id": "8511620", "stop_code": null, "stop_name": "Vessy, Grands-Esserts", "stop_desc": null, "stop_lat": 46.17602898, "stop_lon": 6.16215539, "zone_id": null, "stop_url": null, "location_type": 0, "parent_station": "Parent8511620", "active": true }, "geometry": { "type": "Point", "coordinates": [ 6.16215539, 46.17602898 ] } },
{ "type": "Feature", "properties": { "stop_id": "8511620:0:L", "stop_code": "VEGE01", "stop_name": "Vessy, Grands-Esserts", "stop_desc": null, "stop_lat": 46.17629645, "stop_lon": 6.16231708, "zone_id": null, "stop_url": null, "location_type": 0, "parent_station": "Parent8511620", "active": true }, "geometry": { "type": "Point", "coordinates": [ 6.16231708, 46.17629645 ] } },
{ "type": "Feature", "properties": { "stop_id": "8511620:0:M", "stop_code": null, "stop_name": "Vessy, Grands-Esserts", "stop_desc": null, "stop_lat": 46.17630267, "stop_lon": 6.1624698, "zone_id": null, "stop_url": null, "location_type": 0, "parent_station": "Parent8511620", "active": true }, "geometry": { "type": "Point", "coordinates": [ 6.1624698, 46.17630267 ] } },
{ "type": "Feature", "properties": { "stop_id": "8511620:0:N", "stop_code": null, "stop_name": "Vessy, Grands-Esserts", "stop_desc": null, "stop_lat": 46.17572418, "stop_lon": 6.16294591, "zone_id": null, "stop_url": null, "location_type": 0, "parent_station": "Parent8511620", "active": true }, "geometry": { "type": "Point", "coordinates": [ 6.16294591, 46.17572418 ] } },
{ "type": "Feature", "properties": { "stop_id": "8511620:0:O", "stop_code": "VGES03", "stop_name": "Vessy, Grands-Esserts", "stop_desc": null, "stop_lat": 46.17620937, "stop_lon": 6.16149063, "zone_id": null, "stop_url": null, "location_type": 0, "parent_station": "Parent8511620", "active": true }, "geometry": { "type": "Point", "coordinates": [ 6.16149063, 46.17620937 ] } },
{ "type": "Feature", "properties": { "stop_id": "8511621", "stop_code": null, "stop_name": "Genève, Bains des Pâquis", "stop_desc": null, "stop_lat": 46.2113243, "stop_lon": 6.1525524, "zone_id": null, "stop_url": null, "location_type": 0, "parent_station": "Parent8511621", "active": true }, "geometry": { "type": "Point", "coordinates": [ 6.1525524, 46.2113243 ] } },
{ "type": "Feature", "properties": { "stop_id": "8511621:0:A", "stop_code": "BPAQ00", "stop_name": "Genève, Bains des Pâquis", "stop_desc": null, "stop_lat": 46.21197079, "stop_lon": 6.15275003, "zone_id": null, "stop_url": null, "location_type": 0, "parent_station": "Parent8511621", "active": true }, "geometry": { "type": "Point", "coordinates": [ 6.15275003, 46.21197079 ] } },
{ "type": "Feature", "properties": { "stop_id": "8511621:0:B", "stop_code": "BPAQ01", "stop_name": "Genève, Bains des Pâquis", "stop_desc": null, "stop_lat": 46.21075861, "stop_lon": 6.15184273, "zone_id": null, "stop_url": null, "location_type": 0, "parent_station": "Parent8511621", "active": true }, "geometry": { "type": "Point", "coordinates": [ 6.15184273, 46.21075861 ] } },
{ "type": "Feature", "properties": { "stop_id": "8511628", "stop_code": "REPO01", "stop_name": "Chambésy, Le Reposoir", "stop_desc": null, "stop_lat": 46.23222589, "stop_lon": 6.14942626, "zone_id": null, "stop_url": null, "location_type": 0, "parent_station": "Parent8511628", "active": true }, "geometry": { "type": "Point", "coordinates": [ 6.14942626, 46.23222589 ] } },
{ "type": "Feature", "properties": { "stop_id": "8511628:0:S", "stop_code": "REPO00", "stop_name": "Chambésy, Le Reposoir", "stop_desc": null, "stop_lat": 46.23151749, "stop_lon": 6.14956101, "zone_id": null, "stop_url": null, "location_type": 0, "parent_station": "Parent8511628", "active": true }, "geometry": { "type": "Point", "coordinates": [ 6.14956101, 46.23151749 ] } },
{ "type": "Feature", "properties": { "stop_id": "8511628:0:T", "stop_code": null, "stop_name": "Chambésy, Le Reposoir", "stop_desc": null, "stop_lat": 46.23219482, "stop_lon": 6.14931846, "zone_id": null, "stop_url": null, "location_type": 0, "parent_station": "Parent8511628", "active": true }, "geometry": { "type": "Point", "coordinates": [ 6.14931846, 46.23219482 ] } },
{ "type": "Feature", "properties": { "stop_id": "8511665", "stop_code": null, "stop_name": "Grand-Saconnex, Morillons", "stop_desc": null, "stop_lat": 46.23062887, "stop_lon": 6.13107368, "zone_id": null, "stop_url": null, "location_type": 0, "parent_station": "Parent8511665", "active": true }, "geometry": { "type": "Point", "coordinates": [ 6.13107368, 46.23062887 ] } },
{ "type": "Feature", "properties": { "stop_id": "8511665:0:S", "stop_code": "GSMO00", "stop_name": "Grand-Saconnex, Morillons", "stop_desc": null, "stop_lat": 46.23042381, "stop_lon": 6.13069639, "zone_id": null, "stop_url": null, "location_type": 0, "parent_station": "Parent8511665", "active": true }, "geometry": { "type": "Point", "coordinates": [ 6.13069639, 46.23042381 ] } },
{ "type": "Feature", "properties": { "stop_id": "8511665:0:T", "stop_code": "GSMO01", "stop_name": "Grand-Saconnex, Morillons", "stop_desc": null, "stop_lat": 46.23080908, "stop_lon": 6.13143301, "zone_id": null, "stop_url": null, "location_type": 0, "parent_station": "Parent8511665", "active": true }, "geometry": { "type": "Point", "coordinates": [ 6.13143301, 46.23080908 ] } },
{ "type": "Feature", "properties": { "stop_id": "8512112", "stop_code": "VECS00", "stop_name": "Vessy, Centre sportif", "stop_desc": null, "stop_lat": 46.18354886, "stop_lon": 6.16498508, "zone_id": null, "stop_url": null, "location_type": 0, "parent_station": "Parent8512112", "active": true }, "geometry": { "type": "Point", "coordinates": [ 6.16498508, 46.18354886 ] } },
{ "type": "Feature", "properties": { "stop_id": "8512112:0:J", "stop_code": null, "stop_name": "Vessy, Centre sportif", "stop_desc": null, "stop_lat": 46.18361727, "stop_lon": 6.16512881, "zone_id": null, "stop_url": null, "location_type": 0, "parent_station": "Parent8512112", "active": true }, "geometry": { "type": "Point", "coordinates": [ 6.16512881, 46.18361727 ] } },
{ "type": "Feature", "properties": { "stop_id": "8512112:0:K", "stop_code": "VECS01", "stop_name": "Vessy, Centre sportif", "stop_desc": null, "stop_lat": 46.18342447, "stop_lon": 6.16477847, "zone_id": null, "stop_url": null, "location_type": 0, "parent_station": "Parent8512112", "active": true }, "geometry": { "type": "Point", "coordinates": [ 6.16477847, 46.18342447 ] } },
{ "type": "Feature", "properties": { "stop_id": "8587037", "stop_code": null, "stop_name": "Carouge GE, Tours", "stop_desc": null, "stop_lat": 46.18350532, "stop_lon": 6.13531373, "zone_id": null, "stop_url": null, "location_type": 0, "parent_station": "Parent8587037", "active": true }, "geometry": { "type": "Point", "coordinates": [ 6.13531373, 46.18350532 ] } },
{ "type": "Feature", "properties": { "stop_id": "8587037:0:G", "stop_code": "TCAR00", "stop_name": "Carouge GE, Tours", "stop_desc": null, "stop_lat": 46.18365459, "stop_lon": 6.13584373, "zone_id": null, "stop_url": null, "location_type": 0, "parent_station": "Parent8587037", "active": true }, "geometry": { "type": "Point", "coordinates": [ 6.13584373, 46.18365459 ] } },
{ "type": "Feature", "properties": { "stop_id": "8587037:0:H", "stop_code": null, "stop_name": "Carouge GE, Tours", "stop_desc": null, "stop_lat": 46.18351776, "stop_lon": 6.13584373, "zone_id": null, "stop_url": null, "location_type": 0, "parent_station": "Parent8587037", "active": true }, "geometry": { "type": "Point", "coordinates": [ 6.13584373, 46.18351776 ] } },
{ "type": "Feature", "properties": { "stop_id": "8587037:0:I", "stop_code": "TCAR04", "stop_name": "Carouge GE, Tours", "stop_desc": null, "stop_lat": 46.183213, "stop_lon": 6.13565509, "zone_id": null, "stop_url": null, "location_type": 0, "parent_station": "Parent8587037", "active": true }, "geometry": { "type": "Point", "coordinates": [ 6.13565509, 46.183213 ] } },
{ "type": "Feature", "properties": { "stop_id": "8587037:0:J", "stop_code": "TCAR02", "stop_name": "Carouge GE, Tours", "stop_desc": null, "stop_lat": 46.18326276, "stop_lon": 6.13508017, "zone_id": null, "stop_url": null, "location_type": 0, "parent_station": "Parent8587037", "active": true }, "geometry": { "type": "Point", "coordinates": [ 6.13508017, 46.18326276 ] } },
{ "type": "Feature", "properties": { "stop_id": "8587037:0:K", "stop_code": "TCAR01", "stop_name": "Carouge GE, Tours", "stop_desc": null, "stop_lat": 46.18257239, "stop_lon": 6.13617611, "zone_id": null, "stop_url": null, "location_type": 0, "parent_station": "Parent8587037", "active": true }, "geometry": { "type": "Point", "coordinates": [ 6.13617611, 46.18257239 ] } },
{ "type": "Feature", "properties": { "stop_id": "8587046", "stop_code": null, "stop_name": "Cologny, Chemin des Fours", "stop_desc": null, "stop_lat": 46.21748435, "stop_lon": 6.18322088, "zone_id": null, "stop_url": null, "location_type": 0, "parent_station": "Parent8587046", "active": true }, "geometry": { "type": "Point", "coordinates": [ 6.18322088, 46.21748435 ] } },
{ "type": "Feature", "properties": { "stop_id": "8587046:0:V", "stop_code": null, "stop_name": "Cologny, Chemin des Fours", "stop_desc": null, "stop_lat": 46.21753407, "stop_lon": 6.18342749, "zone_id": null, "stop_url": null, "location_type": 0, "parent_station": "Parent8587046", "active": true }, "geometry": { "type": "Point", "coordinates": [ 6.18342749, 46.21753407 ] } },
{ "type": "Feature", "properties": { "stop_id": "8587046:0:W", "stop_code": null, "stop_name": "Cologny, Chemin des Fours", "stop_desc": null, "stop_lat": 46.2173849, "stop_lon": 6.18298732, "zone_id": null, "stop_url": null, "location_type": 0, "parent_station": "Parent8587046", "active": true }, "geometry": { "type": "Point", "coordinates": [ 6.18298732, 46.2173849 ] } },
{ "type": "Feature", "properties": { "stop_id": "8587047", "stop_code": "CCOLST", "stop_name": "Cologny, croisée", "stop_desc": null, "stop_lat": 46.21234998, "stop_lon": 6.18421801, "zone_id": null, "stop_url": null, "location_type": 0, "parent_station": "Parent8587047", "active": true }, "geometry": { "type": "Point", "coordinates": [ 6.18421801, 46.21234998 ] } },
{ "type": "Feature", "properties": { "stop_id": "8587047:0:I", "stop_code": "CCOL00", "stop_name": "Cologny, croisée", "stop_desc": null, "stop_lat": 46.21267944, "stop_lon": 6.18377784, "zone_id": null, "stop_url": null, "location_type": 0, "parent_station": "Parent8587047", "active": true }, "geometry": { "type": "Point", "coordinates": [ 6.18377784, 46.21267944 ] } },
{ "type": "Feature", "properties": { "stop_id": "8587047:0:J", "stop_code": "CCOL01", "stop_name": "Cologny, croisée", "stop_desc": null, "stop_lat": 46.21247431, "stop_lon": 6.18456835, "zone_id": null, "stop_url": null, "location_type": 0, "parent_station": "Parent8587047", "active": true }, "geometry": { "type": "Point", "coordinates": [ 6.18456835, 46.21247431 ] } },
{ "type": "Feature", "properties": { "stop_id": "8587047:0:K", "stop_code": "CCOL02", "stop_name": "Cologny, croisée", "stop_desc": null, "stop_lat": 46.2120516, "stop_lon": 6.18344546, "zone_id": null, "stop_url": null, "location_type": 0, "parent_station": "Parent8587047", "active": true }, "geometry": { "type": "Point", "coordinates": [ 6.18344546, 46.2120516 ] } },
{ "type": "Feature", "properties": { "stop_id": "8587056", "stop_code": null, "stop_name": "Chêne-Bougeries, Malagnou", "stop_desc": null, "stop_lat": 46.19330637, "stop_lon": 6.17664521, "zone_id": null, "stop_url": null, "location_type": 0, "parent_station": "Parent8587056", "active": true }, "geometry": { "type": "Point", "coordinates": [ 6.17664521, 46.19330637 ] } },
{ "type": "Feature", "properties": { "stop_id": "8587056:0:Y", "stop_code": null, "stop_name": "Chêne-Bougeries, Malagnou", "stop_desc": null, "stop_lat": 46.19339965, "stop_lon": 6.17659131, "zone_id": null, "stop_url": null, "location_type": 0, "parent_station": "Parent8587056", "active": true }, "geometry": { "type": "Point", "coordinates": [ 6.17659131, 46.19339965 ] } },
{ "type": "Feature", "properties": { "stop_id": "8587056:0:Z", "stop_code": "MALA02", "stop_name": "Chêne-Bougeries, Malagnou", "stop_desc": null, "stop_lat": 46.19327528, "stop_lon": 6.17709437, "zone_id": null, "stop_url": null, "location_type": 0, "parent_station": "Parent8587056", "active": true }, "geometry": { "type": "Point", "coordinates": [ 6.17709437, 46.19327528 ] } },
{ "type": "Feature", "properties": { "stop_id": "8587057", "stop_code": null, "stop_name": "Genève, gare Cornavin", "stop_desc": null, "stop_lat": 46.20973289, "stop_lon": 6.14243737, "zone_id": null, "stop_url": null, "location_type": 0, "parent_station": "Parent8587057", "active": true }, "geometry": { "type": "Point", "coordinates": [ 6.14243737, 46.20973289 ] } },
{ "type": "Feature", "properties": { "stop_id": "8587057:0:A", "stop_code": null, "stop_name": "Genève, gare Cornavin", "stop_desc": null, "stop_lat": 46.20965207, "stop_lon": 6.14232957, "zone_id": null, "stop_url": null, "location_type": 0, "parent_station": "Parent8587057", "active": true }, "geometry": { "type": "Point", "coordinates": [ 6.14232957, 46.20965207 ] } },
{ "type": "Feature", "properties": { "stop_id": "8587057:0:B", "stop_code": "CVIN01", "stop_name": "Genève, gare Cornavin", "stop_desc": null, "stop_lat": 46.21009966, "stop_lon": 6.14283263, "zone_id": null, "stop_url": null, "location_type": 0, "parent_station": "Parent8587057", "active": true }, "geometry": { "type": "Point", "coordinates": [ 6.14283263, 46.21009966 ] } },
{ "type": "Feature", "properties": { "stop_id": "8587057:0:C", "stop_code": "CVIN02", "stop_name": "Genève, gare Cornavin", "stop_desc": null, "stop_lat": 46.21046022, "stop_lon": 6.14324585, "zone_id": null, "stop_url": null, "location_type": 0, "parent_station": "Parent8587057", "active": true }, "geometry": { "type": "Point", "coordinates": [ 6.14324585, 46.21046022 ] } },
{ "type": "Feature", "properties": { "stop_id": "8587057:0:D", "stop_code": "CVIN15", "stop_name": "Genève, gare Cornavin", "stop_desc": null, "stop_lat": 46.20989452, "stop_lon": 6.14294941, "zone_id": null, "stop_url": null, "location_type": 0, "parent_station": "Parent8587057", "active": true }, "geometry": { "type": "Point", "coordinates": [ 6.14294941, 46.20989452 ] } },
{ "type": "Feature", "properties": { "stop_id": "8587057:0:E", "stop_code": "CVIN14", "stop_name": "Genève, gare Cornavin", "stop_desc": null, "stop_lat": 46.21039805, "stop_lon": 6.14363213, "zone_id": null, "stop_url": null, "location_type": 0, "parent_station": "Parent8587057", "active": true }, "geometry": { "type": "Point", "coordinates": [ 6.14363213, 46.21039805 ] } },
{ "type": "Feature", "properties": { "stop_id": "8587057:0:F", "stop_code": null, "stop_name": "Genève, gare Cornavin", "stop_desc": null, "stop_lat": 46.20939719, "stop_lon": 6.14230262, "zone_id": null, "stop_url": null, "location_type": 0, "parent_station": "Parent8587057", "active": true }, "geometry": { "type": "Point", "coordinates": [ 6.14230262, 46.20939719 ] } },
{ "type": "Feature", "properties": { "stop_id": "8587057:0:G", "stop_code": "CVIN05", "stop_name": "Genève, gare Cornavin", "stop_desc": null, "stop_lat": 46.2093599, "stop_lon": 6.14223974, "zone_id": null, "stop_url": null, "location_type": 0, "parent_station": "Parent8587057", "active": true }, "geometry": { "type": "Point", "coordinates": [ 6.14223974, 46.2093599 ] } },
{ "type": "Feature", "properties": { "stop_id": "8587057:0:H", "stop_code": "CVIN04", "stop_name": "Genève, gare Cornavin", "stop_desc": null, "stop_lat": 46.20991938, "stop_lon": 6.1414582, "zone_id": null, "stop_url": null, "location_type": 0, "parent_station": "Parent8587057", "active": true }, "geometry": { "type": "Point", "coordinates": [ 6.1414582, 46.20991938 ] } },
{ "type": "Feature", "properties": { "stop_id": "8587057:0:I", "stop_code": null, "stop_name": "Genève, gare Cornavin", "stop_desc": null, "stop_lat": 46.20957747, "stop_lon": 6.14184448, "zone_id": null, "stop_url": null, "location_type": 0, "parent_station": "Parent8587057", "active": true }, "geometry": { "type": "Point", "coordinates": [ 6.14184448, 46.20957747 ] } },
{ "type": "Feature", "properties": { "stop_id": "8587057:0:J", "stop_code": "CVIN03", "stop_name": "Genève, gare Cornavin", "stop_desc": null, "stop_lat": 46.21051616, "stop_lon": 6.14153905, "zone_id": null, "stop_url": null, "location_type": 0, "parent_station": "Parent8587057", "active": true }, "geometry": { "type": "Point", "coordinates": [ 6.14153905, 46.21051616 ] } },
{ "type": "Feature", "properties": { "stop_id": "8587057:0:K", "stop_code": "CVIN18", "stop_name": "Genève, gare Cornavin", "stop_desc": null, "stop_lat": 46.20888743, "stop_lon": 6.14020955, "zone_id": null, "stop_url": null, "location_type": 0, "parent_station": "Parent8587057", "active": true }, "geometry": { "type": "Point", "coordinates": [ 6.14020955, 46.20888743 ] } },
{ "type": "Feature", "properties": { "stop_id": "8587057:0:L", "stop_code": "CVIN09", "stop_name": "Genève, gare Cornavin", "stop_desc": null, "stop_lat": 46.2089123, "stop_lon": 6.13979632, "zone_id": null, "stop_url": null, "location_type": 0, "parent_station": "Parent8587057", "active": true }, "geometry": { "type": "Point", "coordinates": [ 6.13979632, 46.2089123 ] } },
{ "type": "Feature", "properties": { "stop_id": "8587058", "stop_code": null, "stop_name": "Genève, Nations", "stop_desc": null, "stop_lat": 46.22230127, "stop_lon": 6.13914055, "zone_id": null, "stop_url": null, "location_type": 0, "parent_station": "Parent8587058", "active": true }, "geometry": { "type": "Point", "coordinates": [ 6.13914055, 46.22230127 ] } },
{ "type": "Feature", "properties": { "stop_id": "8587058:0:A", "stop_code": null, "stop_name": "Genève, Nations", "stop_desc": null, "stop_lat": 46.22236342, "stop_lon": 6.13894292, "zone_id": null, "stop_url": null, "location_type": 0, "parent_station": "Parent8587058", "active": true }, "geometry": { "type": "Point", "coordinates": [ 6.13894292, 46.22236342 ] } },
{ "type": "Feature", "properties": { "stop_id": "8587058:0:C", "stop_code": null, "stop_name": "Genève, Nations", "stop_desc": null, "stop_lat": 46.22216453, "stop_lon": 6.13902377, "zone_id": null, "stop_url": null, "location_type": 0, "parent_station": "Parent8587058", "active": true }, "geometry": { "type": "Point", "coordinates": [ 6.13902377, 46.22216453 ] } },
{ "type": "Feature", "properties": { "stop_id": "8587058:0:D", "stop_code": null, "stop_name": "Genève, Nations", "stop_desc": null, "stop_lat": 46.22214589, "stop_lon": 6.13908665, "zone_id": null, "stop_url": null, "location_type": 0, "parent_station": "Parent8587058", "active": true }, "geometry": { "type": "Point", "coordinates": [ 6.13908665, 46.22214589 ] } },
{ "type": "Feature", "properties": { "stop_id": "8587058:0:E", "stop_code": "NATI10", "stop_name": "Genève, Nations", "stop_desc": null, "stop_lat": 46.22200294, "stop_lon": 6.13920343, "zone_id": null, "stop_url": null, "location_type": 0, "parent_station": "Parent8587058", "active": true }, "geometry": { "type": "Point", "coordinates": [ 6.13920343, 46.22200294 ] } },
{ "type": "Feature", "properties": { "stop_id": "8587058:0:F", "stop_code": "NATI11", "stop_name": "Genève, Nations", "stop_desc": null, "stop_lat": 46.22176676, "stop_lon": 6.13907767, "zone_id": null, "stop_url": null, "location_type": 0, "parent_station": "Parent8587058", "active": true }, "geometry": { "type": "Point", "coordinates": [ 6.13907767, 46.22176676 ] } },
{ "type": "Feature", "properties": { "stop_id": "8587058:0:G", "stop_code": "NATI12", "stop_name": "Genève, Nations", "stop_desc": null, "stop_lat": 46.2226866, "stop_lon": 6.13971547, "zone_id": null, "stop_url": null, "location_type": 0, "parent_station": "Parent8587058", "active": true }, "geometry": { "type": "Point", "coordinates": [ 6.13971547, 46.2226866 ] } },
{ "type": "Feature", "properties": { "stop_id": "8587058:0:H", "stop_code": "NATI18", "stop_name": "Genève, Nations", "stop_desc": null, "stop_lat": 46.22278604, "stop_lon": 6.1401826, "zone_id": null, "stop_url": null, "location_type": 0, "parent_station": "Parent8587058", "active": true }, "geometry": { "type": "Point", "coordinates": [ 6.1401826, 46.22278604 ] } },
{ "type": "Feature", "properties": { "stop_id": "8587058:0:I", "stop_code": "NATI19", "stop_name": "Genève, Nations", "stop_desc": null, "stop_lat": 46.22173569, "stop_lon": 6.13782003, "zone_id": null, "stop_url": null, "location_type": 0, "parent_station": "Parent8587058", "active": true }, "geometry": { "type": "Point", "coordinates": [ 6.13782003, 46.22173569 ] } },
{ "type": "Feature", "properties": { "stop_id": "8587058:0:J", "stop_code": "NATI20", "stop_name": "Genève, Nations", "stop_desc": null, "stop_lat": 46.22266796, "stop_lon": 6.13818834, "zone_id": null, "stop_url": null, "location_type": 0, "parent_station": "Parent8587058", "active": true }, "geometry": { "type": "Point", "coordinates": [ 6.13818834, 46.22266796 ] } },
{ "type": "Feature", "properties": { "stop_id": "8587058:0:K", "stop_code": "NATI23", "stop_name": "Genève, Nations", "stop_desc": null, "stop_lat": 46.22398553, "stop_lon": 6.13745172, "zone_id": null, "stop_url": null, "location_type": 0, "parent_station": "Parent8587058", "active": true }, "geometry": { "type": "Point", "coordinates": [ 6.13745172, 46.22398553 ] } },
{ "type": "Feature", "properties": { "stop_id": "8587058:0:M", "stop_code": "NATI21", "stop_name": "Genève, Nations", "stop_desc": null, "stop_lat": 46.22236342, "stop_lon": 6.13768528, "zone_id": null, "stop_url": null, "location_type": 0, "parent_station": "Parent8587058", "active": true }, "geometry": { "type": "Point", "coordinates": [ 6.13768528, 46.22236342 ] } },
{ "type": "Feature", "properties": { "stop_id": "8587058:0:Y", "stop_code": null, "stop_name": "Genève, Nations", "stop_desc": null, "stop_lat": 46.22109552, "stop_lon": 6.14123363, "zone_id": null, "stop_url": null, "location_type": 0, "parent_station": "Parent8587058", "active": true }, "geometry": { "type": "Point", "coordinates": [ 6.14123363, 46.22109552 ] } },
{ "type": "Feature", "properties": { "stop_id": "8587058:0:Z", "stop_code": null, "stop_name": "Genève, Nations", "stop_desc": null, "stop_lat": 46.22091528, "stop_lon": 6.1416738, "zone_id": null, "stop_url": null, "location_type": 0, "parent_station": "Parent8587058", "active": true }, "geometry": { "type": "Point", "coordinates": [ 6.1416738, 46.22091528 ] } },
{ "type": "Feature", "properties": { "stop_id": "8587059", "stop_code": "PLGE00", "stop_name": "Genève, Plage", "stop_desc": null, "stop_lat": 46.21158538, "stop_lon": 6.17237822, "zone_id": null, "stop_url": null, "location_type": 0, "parent_station": "Parent8587059", "active": true }, "geometry": { "type": "Point", "coordinates": [ 6.17237822, 46.21158538 ] } },
{ "type": "Feature", "properties": { "stop_id": "8587059:0:A", "stop_code": "PLGE03", "stop_name": "Genève, Plage", "stop_desc": null, "stop_lat": 46.21134916, "stop_lon": 6.17179431, "zone_id": null, "stop_url": null, "location_type": 0, "parent_station": "Parent8587059", "active": true }, "geometry": { "type": "Point", "coordinates": [ 6.17179431, 46.21134916 ] } },
{ "type": "Feature", "properties": { "stop_id": "8587059:0:B", "stop_code": "PLGE01", "stop_name": "Genève, Plage", "stop_desc": null, "stop_lat": 46.21154187, "stop_lon": 6.17213567, "zone_id": null, "stop_url": null, "location_type": 0, "parent_station": "Parent8587059", "active": true }, "geometry": { "type": "Point", "coordinates": [ 6.17213567, 46.21154187 ] } },
{ "type": "Feature", "properties": { "stop_id": "8587059:0:D", "stop_code": "PLGE98", "stop_name": "Genève, Plage", "stop_desc": null, "stop_lat": 46.21140511, "stop_lon": 6.17192906, "zone_id": null, "stop_url": null, "location_type": 0, "parent_station": "Parent8587059", "active": true }, "geometry": { "type": "Point", "coordinates": [ 6.17192906, 46.21140511 ] } },
{ "type": "Feature", "properties": { "stop_id": "8587061", "stop_code": null, "stop_name": "Genève, Rive", "stop_desc": null, "stop_lat": 46.2018622, "stop_lon": 6.15281291, "zone_id": null, "stop_url": null, "location_type": 0, "parent_station": "Parent8587061", "active": true }, "geometry": { "type": "Point", "coordinates": [ 6.15281291, 46.2018622 ] } },
{ "type": "Feature", "properties": { "stop_id": "8587061:0:A", "stop_code": null, "stop_name": "Genève, Rive", "stop_desc": null, "stop_lat": 46.2016819, "stop_lon": 6.15272308, "zone_id": null, "stop_url": null, "location_type": 0, "parent_station": "Parent8587061", "active": true }, "geometry": { "type": "Point", "coordinates": [ 6.15272308, 46.2016819 ] } },
{ "type": "Feature", "properties": { "stop_id": "8587061:0:B", "stop_code": null, "stop_name": "Genève, Rive", "stop_desc": null, "stop_lat": 46.2017192, "stop_lon": 6.15286681, "zone_id": null, "stop_url": null, "location_type": 0, "parent_station": "Parent8587061", "active": true }, "geometry": { "type": "Point", "coordinates": [ 6.15286681, 46.2017192 ] } },
{ "type": "Feature", "properties": { "stop_id": "8587061:0:C", "stop_code": null, "stop_name": "Genève, Rive", "stop_desc": null, "stop_lat": 46.20190572, "stop_lon": 6.15225595, "zone_id": null, "stop_url": null, "location_type": 0, "parent_station": "Parent8587061", "active": true }, "geometry": { "type": "Point", "coordinates": [ 6.15225595, 46.20190572 ] } },
{ "type": "Feature", "properties": { "stop_id": "8587061:0:D", "stop_code": "RIVE02", "stop_name": "Genève, Rive", "stop_desc": null, "stop_lat": 46.20191816, "stop_lon": 6.1524446, "zone_id": null, "stop_url": null, "location_type": 0, "parent_station": "Parent8587061", "active": true }, "geometry": { "type": "Point", "coordinates": [ 6.1524446, 46.20191816 ] } },
{ "type": "Feature", "properties": { "stop_id": "8587061:0:E", "stop_code": null, "stop_name": "Genève, Rive", "stop_desc": null, "stop_lat": 46.20165703, "stop_lon": 6.15206731, "zone_id": null, "stop_url": null, "location_type": 0, "parent_station": "Parent8587061", "active": true }, "geometry": { "type": "Point", "coordinates": [ 6.15206731, 46.20165703 ] } },
{ "type": "Feature", "properties": { "stop_id": "8587061:0:F", "stop_code": "RIVE10", "stop_name": "Genève, Rive", "stop_desc": null, "stop_lat": 46.20163216, "stop_lon": 6.15185171, "zone_id": null, "stop_url": null, "location_type": 0, "parent_station": "Parent8587061", "active": true }, "geometry": { "type": "Point", "coordinates": [ 6.15185171, 46.20163216 ] } },
{ "type": "Feature", "properties": { "stop_id": "8587061:0:G", "stop_code": null, "stop_name": "Genève, Rive", "stop_desc": null, "stop_lat": 46.20143942, "stop_lon": 6.15349563, "zone_id": null, "stop_url": null, "location_type": 0, "parent_station": "Parent8587061", "active": true }, "geometry": { "type": "Point", "coordinates": [ 6.15349563, 46.20143942 ] } },
{ "type": "Feature", "properties": { "stop_id": "8587061:0:H", "stop_code": "RIVE05", "stop_name": "Genève, Rive", "stop_desc": null, "stop_lat": 46.20150159, "stop_lon": 6.1535136, "zone_id": null, "stop_url": null, "location_type": 0, "parent_station": "Parent8587061", "active": true }, "geometry": { "type": "Point", "coordinates": [ 6.1535136, 46.20150159 ] } },
{ "type": "Feature", "properties": { "stop_id": "8587061:0:I", "stop_code": "RIVE04", "stop_name": "Genève, Rive", "stop_desc": null, "stop_lat": 46.2020052, "stop_lon": 6.15350461, "zone_id": null, "stop_url": null, "location_type": 0, "parent_station": "Parent8587061", "active": true }, "geometry": { "type": "Point", "coordinates": [ 6.15350461, 46.2020052 ] } },
{ "type": "Feature", "properties": { "stop_id": "8587061:0:J", "stop_code": "RIVE03", "stop_name": "Genève, Rive", "stop_desc": null, "stop_lat": 46.20263937, "stop_lon": 6.1539358, "zone_id": null, "stop_url": null, "location_type": 0, "parent_station": "Parent8587061", "active": true }, "geometry": { "type": "Point", "coordinates": [ 6.1539358, 46.20263937 ] } },
{ "type": "Feature", "properties": { "stop_id": "8587061:0:K", "stop_code": "FATI00", "stop_name": "Genève, Rive", "stop_desc": null, "stop_lat": 46.20282589, "stop_lon": 6.15355851, "zone_id": null, "stop_url": null, "location_type": 0, "parent_station": "Parent8587061", "active": true }, "geometry": { "type": "Point", "coordinates": [ 6.15355851, 46.20282589 ] } },
{ "type": "Feature", "properties": { "stop_id": "8587062", "stop_code": null, "stop_name": "Genève, Jonction", "stop_desc": null, "stop_lat": 46.20078658, "stop_lon": 6.12969027, "zone_id": null, "stop_url": null, "location_type": 0, "parent_station": "Parent8587062", "active": true }, "geometry": { "type": "Point", "coordinates": [ 6.12969027, 46.20078658 ] } },
{ "type": "Feature", "properties": { "stop_id": "8587062:0:A", "stop_code": null, "stop_name": "Genève, Jonction", "stop_desc": null, "stop_lat": 46.2006871, "stop_lon": 6.12946569, "zone_id": null, "stop_url": null, "location_type": 0, "parent_station": "Parent8587062", "active": true }, "geometry": { "type": "Point", "coordinates": [ 6.12946569, 46.2006871 ] } },
{ "type": "Feature", "properties": { "stop_id": "8587062:0:B", "stop_code": "JOCT01", "stop_name": "Genève, Jonction", "stop_desc": null, "stop_lat": 46.20101663, "stop_lon": 6.13003163, "zone_id": null, "stop_url": null, "location_type": 0, "parent_station": "Parent8587062", "active": true }, "geometry": { "type": "Point", "coordinates": [ 6.13003163, 46.20101663 ] } },
{ "type": "Feature", "properties": { "stop_id": "8587062:0:C", "stop_code": "JOCT08", "stop_name": "Genève, Jonction", "stop_desc": null, "stop_lat": 46.20046327, "stop_lon": 6.12978909, "zone_id": null, "stop_url": null, "location_type": 0, "parent_station": "Parent8587062", "active": true }, "geometry": { "type": "Point", "coordinates": [ 6.12978909, 46.20046327 ] } },
{ "type": "Feature", "properties": { "stop_id": "8587062:0:D", "stop_code": "JOCT07", "stop_name": "Genève, Jonction", "stop_desc": null, "stop_lat": 46.20029539, "stop_lon": 6.12944773, "zone_id": null, "stop_url": null, "location_type": 0, "parent_station": "Parent8587062", "active": true }, "geometry": { "type": "Point", "coordinates": [ 6.12944773, 46.20029539 ] } },
{ "type": "Feature", "properties": { "stop_id": "8587062:0:E", "stop_code": "JOCT02", "stop_name": "Genève, Jonction", "stop_desc": null, "stop_lat": 46.20120937, "stop_lon": 6.13094792, "zone_id": null, "stop_url": null, "location_type": 0, "parent_station": "Parent8587062", "active": true }, "geometry": { "type": "Point", "coordinates": [ 6.13094792, 46.20120937 ] } },
{ "type": "Feature", "properties": { "stop_id": "8587062:0:G", "stop_code": "JOCT05", "stop_name": "Genève, Jonction", "stop_desc": null, "stop_lat": 46.2012902, "stop_lon": 6.12951959, "zone_id": null, "stop_url": null, "location_type": 0, "parent_station": "Parent8587062", "active": true }, "geometry": { "type": "Point", "coordinates": [ 6.12951959, 46.2012902 ] } },
{ "type": "Feature", "properties": { "stop_id": "8587082", "stop_code": null, "stop_name": "Petit-Lancy, place", "stop_desc": null, "stop_lat": 46.19039609, "stop_lon": 6.1193327, "zone_id": null, "stop_url": null, "location_type": 0, "parent_station": "Parent8587082", "active": true }, "geometry": { "type": "Point", "coordinates": [ 6.1193327, 46.19039609 ] } },
{ "type": "Feature", "properties": { "stop_id": "8587082:0:S", "stop_code": "PTLA00", "stop_name": "Petit-Lancy, place", "stop_desc": null, "stop_lat": 46.19019087, "stop_lon": 6.11900931, "zone_id": null, "stop_url": null, "location_type": 0, "parent_station": "Parent8587082", "active": true }, "geometry": { "type": "Point", "coordinates": [ 6.11900931, 46.19019087 ] } },
{ "type": "Feature", "properties": { "stop_id": "8587082:0:T", "stop_code": "PTLA01", "stop_name": "Petit-Lancy, place", "stop_desc": null, "stop_lat": 46.19055777, "stop_lon": 6.11962016, "zone_id": null, "stop_url": null, "location_type": 0, "parent_station": "Parent8587082", "active": true }, "geometry": { "type": "Point", "coordinates": [ 6.11962016, 46.19055777 ] } },
{ "type": "Feature", "properties": { "stop_id": "8587082:0:U", "stop_code": "PTLA02", "stop_name": "Petit-Lancy, place", "stop_desc": null, "stop_lat": 46.1898675, "stop_lon": 6.1208239, "zone_id": null, "stop_url": null, "location_type": 0, "parent_station": "Parent8587082", "active": true }, "geometry": { "type": "Point", "coordinates": [ 6.1208239, 46.1898675 ] } },
{ "type": "Feature", "properties": { "stop_id": "8587384", "stop_code": "GRDL06", "stop_name": "Chêne-Bougeries, Gradelle", "stop_desc": null, "stop_lat": 46.20497082, "stop_lon": 6.18047204, "zone_id": null, "stop_url": null, "location_type": 0, "parent_station": "Parent8587384", "active": true }, "geometry": { "type": "Point", "coordinates": [ 6.18047204, 46.20497082 ] } },
{ "type": "Feature", "properties": { "stop_id": "8587384:0:A", "stop_code": "GRDL00", "stop_name": "Chêne-Bougeries, Gradelle", "stop_desc": null, "stop_lat": 46.20537493, "stop_lon": 6.17875625, "zone_id": null, "stop_url": null, "location_type": 0, "parent_station": "Parent8587384", "active": true }, "geometry": { "type": "Point", "coordinates": [ 6.17875625, 46.20537493 ] } },
{ "type": "Feature", "properties": { "stop_id": "8587384:0:B", "stop_code": "GRDL01", "stop_name": "Chêne-Bougeries, Gradelle", "stop_desc": null, "stop_lat": 46.20592203, "stop_lon": 6.18084933, "zone_id": null, "stop_url": null, "location_type": 0, "parent_station": "Parent8587384", "active": true }, "geometry": { "type": "Point", "coordinates": [ 6.18084933, 46.20592203 ] } },
{ "type": "Feature", "properties": { "stop_id": "8587384:0:C", "stop_code": null, "stop_name": "Chêne-Bougeries, Gradelle", "stop_desc": null, "stop_lat": 46.20576038, "stop_lon": 6.18096611, "zone_id": null, "stop_url": null, "location_type": 0, "parent_station": "Parent8587384", "active": true }, "geometry": { "type": "Point", "coordinates": [ 6.18096611, 46.20576038 ] } },
{ "type": "Feature", "properties": { "stop_id": "8587384:0:D", "stop_code": "GRDL03", "stop_name": "Chêne-Bougeries, Gradelle", "stop_desc": null, "stop_lat": 46.20605258, "stop_lon": 6.17938508, "zone_id": null, "stop_url": null, "location_type": 0, "parent_station": "Parent8587384", "active": true }, "geometry": { "type": "Point", "coordinates": [ 6.17938508, 46.20605258 ] } },
{ "type": "Feature", "properties": { "stop_id": "8587384:0:S", "stop_code": null, "stop_name": "Chêne-Bougeries, Gradelle", "stop_desc": null, "stop_lat": 46.20499569, "stop_lon": 6.18033729, "zone_id": null, "stop_url": null, "location_type": 0, "parent_station": "Parent8587384", "active": true }, "geometry": { "type": "Point", "coordinates": [ 6.18033729, 46.20499569 ] } },
{ "type": "Feature", "properties": { "stop_id": "8587384:0:T", "stop_code": null, "stop_name": "Chêne-Bougeries, Gradelle", "stop_desc": null, "stop_lat": 46.20489622, "stop_lon": 6.18062475, "zone_id": null, "stop_url": null, "location_type": 0, "parent_station": "Parent8587384", "active": true }, "geometry": { "type": "Point", "coordinates": [ 6.18062475, 46.20489622 ] } },
{ "type": "Feature", "properties": { "stop_id": "8587384:0:Y", "stop_code": "GRDL99", "stop_name": "Chêne-Bougeries, Gradelle", "stop_desc": null, "stop_lat": 46.2056547, "stop_lon": 6.17785794, "zone_id": null, "stop_url": null, "location_type": 0, "parent_station": "Parent8587384", "active": true }, "geometry": { "type": "Point", "coordinates": [ 6.17785794, 46.2056547 ] } },
{ "type": "Feature", "properties": { "stop_id": "8587385", "stop_code": "CYMA00", "stop_name": "Cologny, mairie", "stop_desc": null, "stop_lat": 46.21932415, "stop_lon": 6.18518819, "zone_id": null, "stop_url": null, "location_type": 0, "parent_station": "Parent8587385", "active": true }, "geometry": { "type": "Point", "coordinates": [ 6.18518819, 46.21932415 ] } },
{ "type": "Feature", "properties": { "stop_id": "8587385:0:X", "stop_code": null, "stop_name": "Cologny, mairie", "stop_desc": null, "stop_lat": 46.21925578, "stop_lon": 6.18519718, "zone_id": null, "stop_url": null, "location_type": 0, "parent_station": "Parent8587385", "active": true }, "geometry": { "type": "Point", "coordinates": [ 6.18519718, 46.21925578 ] } },
{ "type": "Feature", "properties": { "stop_id": "8587385:0:Y", "stop_code": null, "stop_name": "Cologny, mairie", "stop_desc": null, "stop_lat": 46.21925578, "stop_lon": 6.18498158, "zone_id": null, "stop_url": null, "location_type": 0, "parent_station": "Parent8587385", "active": true }, "geometry": { "type": "Point", "coordinates": [ 6.18498158, 46.21925578 ] } },
{ "type": "Feature", "properties": { "stop_id": "8587387", "stop_code": null, "stop_name": "Genève, Bel-Air", "stop_desc": null, "stop_lat": 46.20472836, "stop_lon": 6.14304822, "zone_id": null, "stop_url": null, "location_type": 0, "parent_station": "Parent8587387", "active": true }, "geometry": { "type": "Point", "coordinates": [ 6.14304822, 46.20472836 ] } },
{ "type": "Feature", "properties": { "stop_id": "8587387:0:A", "stop_code": "DBAI00", "stop_name": "Genève, Bel-Air", "stop_desc": null, "stop_lat": 46.20487135, "stop_lon": 6.14346145, "zone_id": null, "stop_url": null, "location_type": 0, "parent_station": "Parent8587387", "active": true }, "geometry": { "type": "Point", "coordinates": [ 6.14346145, 46.20487135 ] } },
{ "type": "Feature", "properties": { "stop_id": "8587387:0:B", "stop_code": "BERE02", "stop_name": "Genève, Bel-Air", "stop_desc": null, "stop_lat": 46.20452941, "stop_lon": 6.14345246, "zone_id": null, "stop_url": null, "location_type": 0, "parent_station": "Parent8587387", "active": true }, "geometry": { "type": "Point", "coordinates": [ 6.14345246, 46.20452941 ] } },
{ "type": "Feature", "properties": { "stop_id": "8587387:0:C", "stop_code": "BAIR00", "stop_name": "Genève, Bel-Air", "stop_desc": null, "stop_lat": 46.20506408, "stop_lon": 6.14297636, "zone_id": null, "stop_url": null, "location_type": 0, "parent_station": "Parent8587387", "active": true }, "geometry": { "type": "Point", "coordinates": [ 6.14297636, 46.20506408 ] } },
{ "type": "Feature", "properties": { "stop_id": "8587387:0:D", "stop_code": "BAIR04", "stop_name": "Genève, Bel-Air", "stop_desc": null, "stop_lat": 46.2042372, "stop_lon": 6.14206008, "zone_id": null, "stop_url": null, "location_type": 0, "parent_station": "Parent8587387", "active": true }, "geometry": { "type": "Point", "coordinates": [ 6.14206008, 46.2042372 ] } },
{ "type": "Feature", "properties": { "stop_id": "8587387:0:E", "stop_code": null, "stop_name": "Genève, Bel-Air", "stop_desc": null, "stop_lat": 46.20391391, "stop_lon": 6.14383874, "zone_id": null, "stop_url": null, "location_type": 0, "parent_station": "Parent8587387", "active": true }, "geometry": { "type": "Point", "coordinates": [ 6.14383874, 46.20391391 ] } },
{ "type": "Feature", "properties": { "stop_id": "8587387:0:F", "stop_code": "BACI00", "stop_name": "Genève, Bel-Air", "stop_desc": null, "stop_lat": 46.20365901, "stop_lon": 6.14464722, "zone_id": null, "stop_url": null, "location_type": 0, "parent_station": "Parent8587387", "active": true }, "geometry": { "type": "Point", "coordinates": [ 6.14464722, 46.20365901 ] } },
{ "type": "Feature", "properties": { "stop_id": "8587387:0:G", "stop_code": "BAIR07", "stop_name": "Genève, Bel-Air", "stop_desc": null, "stop_lat": 46.20332949, "stop_lon": 6.14251822, "zone_id": null, "stop_url": null, "location_type": 0, "parent_station": "Parent8587387", "active": true }, "geometry": { "type": "Point", "coordinates": [ 6.14251822, 46.20332949 ] } },
{ "type": "Feature", "properties": { "stop_id": "8587387:0:Z", "stop_code": "BACI01", "stop_name": "Genève, Bel-Air", "stop_desc": null, "stop_lat": 46.20392635, "stop_lon": 6.14373992, "zone_id": null, "stop_url": null, "location_type": 0, "parent_station": "Parent8587387", "active": true }, "geometry": { "type": "Point", "coordinates": [ 6.14373992, 46.20392635 ] } },
{ "type": "Feature", "properties": { "stop_id": "8587418", "stop_code": null, "stop_name": "Petit-Lancy, Les Esserts", "stop_desc": null, "stop_lat": 46.18809512, "stop_lon": 6.11309839, "zone_id": null, "stop_url": null, "location_type": 0, "parent_station": "Parent8587418", "active": true }, "geometry": { "type": "Point", "coordinates": [ 6.11309839, 46.18809512 ] } },
{ "type": "Feature", "properties": { "stop_id": "8587418:0:A", "stop_code": "ESRT01", "stop_name": "Petit-Lancy, Les Esserts", "stop_desc": null, "stop_lat": 46.18817596, "stop_lon": 6.1134667, "zone_id": null, "stop_url": null, "location_type": 0, "parent_station": "Parent8587418", "active": true }, "geometry": { "type": "Point", "coordinates": [ 6.1134667, 46.18817596 ] } },
{ "type": "Feature", "properties": { "stop_id": "8587418:0:B", "stop_code": "ESRT00", "stop_name": "Petit-Lancy, Les Esserts", "stop_desc": null, "stop_lat": 46.18798939, "stop_lon": 6.11260432, "zone_id": null, "stop_url": null, "location_type": 0, "parent_station": "Parent8587418", "active": true }, "geometry": { "type": "Point", "coordinates": [ 6.11260432, 46.18798939 ] } },
{ "type": "Feature", "properties": { "stop_id": "8587418:0:C", "stop_code": "ESRT05", "stop_name": "Petit-Lancy, Les Esserts", "stop_desc": null, "stop_lat": 46.1887792, "stop_lon": 6.11229889, "zone_id": null, "stop_url": null, "location_type": 0, "parent_station": "Parent8587418", "active": true }, "geometry": { "type": "Point", "coordinates": [ 6.11229889, 46.1887792 ] } },
{ "type": "Feature", "properties": { "stop_id": "8587418:0:D", "stop_code": "ESRT06", "stop_name": "Petit-Lancy, Les Esserts", "stop_desc": null, "stop_lat": 46.18917099, "stop_lon": 6.1120294, "zone_id": null, "stop_url": null, "location_type": 0, "parent_station": "Parent8587418", "active": true }, "geometry": { "type": "Point", "coordinates": [ 6.1120294, 46.18917099 ] } },
{ "type": "Feature", "properties": { "stop_id": "8587418:0:E", "stop_code": "ESRT03", "stop_name": "Petit-Lancy, Les Esserts", "stop_desc": null, "stop_lat": 46.18856154, "stop_lon": 6.11345772, "zone_id": null, "stop_url": null, "location_type": 0, "parent_station": "Parent8587418", "active": true }, "geometry": { "type": "Point", "coordinates": [ 6.11345772, 46.18856154 ] } },
{ "type": "Feature", "properties": { "stop_id": "8587418:0:F", "stop_code": "ESRT04", "stop_name": "Petit-Lancy, Les Esserts", "stop_desc": null, "stop_lat": 46.18826925, "stop_lon": 6.11464349, "zone_id": null, "stop_url": null, "location_type": 0, "parent_station": "Parent8587418", "active": true }, "geometry": { "type": "Point", "coordinates": [ 6.11464349, 46.18826925 ] } },
{ "type": "Feature", "properties": { "stop_id": "8587437", "stop_code": "CRGE00", "stop_name": "Carouge GE, Rondeau", "stop_desc": null, "stop_lat": 46.1798668, "stop_lon": 6.13839495, "zone_id": null, "stop_url": null, "location_type": 0, "parent_station": "Parent8587437", "active": true }, "geometry": { "type": "Point", "coordinates": [ 6.13839495, 46.1798668 ] } },
{ "type": "Feature", "properties": { "stop_id": "8587437:0:10000", "stop_code": "CRGE03", "stop_name": "Carouge GE, Rondeau", "stop_desc": null, "stop_lat": 46.17963666, "stop_lon": 6.13883512, "zone_id": null, "stop_url": null, "location_type": 0, "parent_station": "Parent8587437", "active": true }, "geometry": { "type": "Point", "coordinates": [ 6.13883512, 46.17963666 ] } },
{ "type": "Feature", "properties": { "stop_id": "8587437:0:10002", "stop_code": null, "stop_name": "Carouge GE, Rondeau", "stop_desc": null, "stop_lat": 46.17951848, "stop_lon": 6.1384758, "zone_id": null, "stop_url": null, "location_type": 0, "parent_station": "Parent8587437", "active": true }, "geometry": { "type": "Point", "coordinates": [ 6.1384758, 46.17951848 ] } },
{ "type": "Feature", "properties": { "stop_id": "8587437:0:A", "stop_code": "CRGE01", "stop_name": "Carouge GE, Rondeau", "stop_desc": null, "stop_lat": 46.1796491, "stop_lon": 6.13802664, "zone_id": null, "stop_url": null, "location_type": 0, "parent_station": "Parent8587437", "active": true }, "geometry": { "type": "Point", "coordinates": [ 6.13802664, 46.1796491 ] } },
{ "type": "Feature", "properties": { "stop_id": "8587437:0:B", "stop_code": null, "stop_name": "Carouge GE, Rondeau", "stop_desc": null, "stop_lat": 46.1798357, "stop_lon": 6.1385836, "zone_id": null, "stop_url": null, "location_type": 0, "parent_station": "Parent8587437", "active": true }, "geometry": { "type": "Point", "coordinates": [ 6.1385836, 46.1798357 ] } },
{ "type": "Feature", "properties": { "stop_id": "8587437:0:C", "stop_code": "CRGE02", "stop_name": "Carouge GE, Rondeau", "stop_desc": null, "stop_lat": 46.17935676, "stop_lon": 6.13902377, "zone_id": null, "stop_url": null, "location_type": 0, "parent_station": "Parent8587437", "active": true }, "geometry": { "type": "Point", "coordinates": [ 6.13902377, 46.17935676 ] } },
{ "type": "Feature", "properties": { "stop_id": "8587437:0:D", "stop_code": "CRGE04", "stop_name": "Carouge GE, Rondeau", "stop_desc": null, "stop_lat": 46.18063806, "stop_lon": 6.13822427, "zone_id": null, "stop_url": null, "location_type": 0, "parent_station": "Parent8587437", "active": true }, "geometry": { "type": "Point", "coordinates": [ 6.13822427, 46.18063806 ] } },
{ "type": "Feature", "properties": { "stop_id": "8587437:0:E", "stop_code": null, "stop_name": "Carouge GE, Rondeau", "stop_desc": null, "stop_lat": 46.18063806, "stop_lon": 6.13822427, "zone_id": null, "stop_url": null, "location_type": 0, "parent_station": "Parent8587437", "active": true }, "geometry": { "type": "Point", "coordinates": [ 6.13822427, 46.18063806 ] } },
{ "type": "Feature", "properties": { "stop_id": "8587437:0:V", "stop_code": null, "stop_name": "Carouge GE, Rondeau", "stop_desc": null, "stop_lat": 46.17970508, "stop_lon": 6.13797274, "zone_id": null, "stop_url": null, "location_type": 0, "parent_station": "Parent8587437", "active": true }, "geometry": { "type": "Point", "coordinates": [ 6.13797274, 46.17970508 ] } },
{ "type": "Feature", "properties": { "stop_id": "8587437:0:W", "stop_code": "CRGE98", "stop_name": "Carouge GE, Rondeau", "stop_desc": null, "stop_lat": 46.18050744, "stop_lon": 6.13848478, "zone_id": null, "stop_url": null, "location_type": 0, "parent_station": "Parent8587437", "active": true }, "geometry": { "type": "Point", "coordinates": [ 6.13848478, 46.18050744 ] } },
{ "type": "Feature", "properties": { "stop_id": "8587437:0:Y", "stop_code": "CRGE07", "stop_name": "Carouge GE, Rondeau", "stop_desc": null, "stop_lat": 46.17937542, "stop_lon": 6.13864648, "zone_id": null, "stop_url": null, "location_type": 0, "parent_station": "Parent8587437", "active": true }, "geometry": { "type": "Point", "coordinates": [ 6.13864648, 46.17937542 ] } },
{ "type": "Feature", "properties": { "stop_id": "8587437:0:Z", "stop_code": null, "stop_name": "Carouge GE, Rondeau", "stop_desc": null, "stop_lat": 46.17966154, "stop_lon": 6.13869139, "zone_id": null, "stop_url": null, "location_type": 0, "parent_station": "Parent8587437", "active": true }, "geometry": { "type": "Point", "coordinates": [ 6.13869139, 46.17966154 ] } },
{ "type": "Feature", "properties": { "stop_id": "8587900", "stop_code": null, "stop_name": "Chêne-Bougeries, Conches place", "stop_desc": null, "stop_lat": 46.18440092, "stop_lon": 6.17413891, "zone_id": null, "stop_url": null, "location_type": 0, "parent_station": "Parent8587900", "active": true }, "geometry": { "type": "Point", "coordinates": [ 6.17413891, 46.18440092 ] } },
{ "type": "Feature", "properties": { "stop_id": "8587900:0:D", "stop_code": "COCH00", "stop_name": "Chêne-Bougeries, Conches place", "stop_desc": null, "stop_lat": 46.18465591, "stop_lon": 6.17381552, "zone_id": null, "stop_url": null, "location_type": 0, "parent_station": "Parent8587900", "active": true }, "geometry": { "type": "Point", "coordinates": [ 6.17381552, 46.18465591 ] } },
{ "type": "Feature", "properties": { "stop_id": "8587900:0:E", "stop_code": "COCH01", "stop_name": "Chêne-Bougeries, Conches place", "stop_desc": null, "stop_lat": 46.18413971, "stop_lon": 6.17443536, "zone_id": null, "stop_url": null, "location_type": 0, "parent_station": "Parent8587900", "active": true }, "geometry": { "type": "Point", "coordinates": [ 6.17443536, 46.18413971 ] } },
{ "type": "Feature", "properties": { "stop_id": "8587902", "stop_code": null, "stop_name": "Grand-Lancy, Mairie de Lancy", "stop_desc": null, "stop_lat": 46.18408995, "stop_lon": 6.12183002, "zone_id": null, "stop_url": null, "location_type": 0, "parent_station": "Parent8587902", "active": true }, "geometry": { "type": "Point", "coordinates": [ 6.12183002, 46.18408995 ] } },
{ "type": "Feature", "properties": { "stop_id": "8587902:0:Q", "stop_code": "LAMA00", "stop_name": "Grand-Lancy, Mairie de Lancy", "stop_desc": null, "stop_lat": 46.18392203, "stop_lon": 6.12165934, "zone_id": null, "stop_url": null, "location_type": 0, "parent_station": "Parent8587902", "active": true }, "geometry": { "type": "Point", "coordinates": [ 6.12165934, 46.18392203 ] } },
{ "type": "Feature", "properties": { "stop_id": "8587902:0:R", "stop_code": "LAMA01", "stop_name": "Grand-Lancy, Mairie de Lancy", "stop_desc": null, "stop_lat": 46.18426409, "stop_lon": 6.12199171, "zone_id": null, "stop_url": null, "location_type": 0, "parent_station": "Parent8587902", "active": true }, "geometry": { "type": "Point", "coordinates": [ 6.12199171, 46.18426409 ] } },
{ "type": "Feature", "properties": { "stop_id": "8587904", "stop_code": null, "stop_name": "Genève, OMS-BIT", "stop_desc": null, "stop_lat": 46.23099551, "stop_lon": 6.13393931, "zone_id": null, "stop_url": null, "location_type": 0, "parent_station": "Parent8587904", "active": true }, "geometry": { "type": "Point", "coordinates": [ 6.13393931, 46.23099551 ] } },
{ "type": "Feature", "properties": { "stop_id": "8587904:0:L", "stop_code": "BIT01", "stop_name": "Genève, OMS-BIT", "stop_desc": null, "stop_lat": 46.23127514, "stop_lon": 6.13386744, "zone_id": null, "stop_url": null, "location_type": 0, "parent_station": "Parent8587904", "active": true }, "geometry": { "type": "Point", "coordinates": [ 6.13386744, 46.23127514 ] } },
{ "type": "Feature", "properties": { "stop_id": "8587904:0:M", "stop_code": "OMSB01", "stop_name": "Genève, OMS-BIT", "stop_desc": null, "stop_lat": 46.23079044, "stop_lon": 6.13412795, "zone_id": null, "stop_url": null, "location_type": 0, "parent_station": "Parent8587904", "active": true }, "geometry": { "type": "Point", "coordinates": [ 6.13412795, 46.23079044 ] } },
{ "type": "Feature", "properties": { "stop_id": "8587907", "stop_code": "PLPA00", "stop_name": "Genève, Plainpalais", "stop_desc": null, "stop_lat": 46.19803836, "stop_lon": 6.14281466, "zone_id": null, "stop_url": null, "location_type": 0, "parent_station": "Parent8587907", "active": true }, "geometry": { "type": "Point", "coordinates": [ 6.14281466, 46.19803836 ] } },
{ "type": "Feature", "properties": { "stop_id": "8587907:0:A", "stop_code": "PLPA07", "stop_name": "Genève, Plainpalais", "stop_desc": null, "stop_lat": 46.19828085, "stop_lon": 6.14194329, "zone_id": null, "stop_url": null, "location_type": 0, "parent_station": "Parent8587907", "active": true }, "geometry": { "type": "Point", "coordinates": [ 6.14194329, 46.19828085 ] } },
{ "type": "Feature", "properties": { "stop_id": "8587907:0:B", "stop_code": "PLPA03", "stop_name": "Genève, Plainpalais", "stop_desc": null, "stop_lat": 46.19864149, "stop_lon": 6.14204211, "zone_id": null, "stop_url": null, "location_type": 0, "parent_station": "Parent8587907", "active": true }, "geometry": { "type": "Point", "coordinates": [ 6.14204211, 46.19864149 ] } },
{ "type": "Feature", "properties": { "stop_id": "8587907:0:C", "stop_code": null, "stop_name": "Genève, Plainpalais", "stop_desc": null, "stop_lat": 46.19808188, "stop_lon": 6.14285958, "zone_id": null, "stop_url": null, "location_type": 0, "parent_station": "Parent8587907", "active": true }, "geometry": { "type": "Point", "coordinates": [ 6.14285958, 46.19808188 ] } },
{ "type": "Feature", "properties": { "stop_id": "8587907:0:D", "stop_code": "PLPA01", "stop_name": "Genève, Plainpalais", "stop_desc": null, "stop_lat": 46.19764663, "stop_lon": 6.14296737, "zone_id": null, "stop_url": null, "location_type": 0, "parent_station": "Parent8587907", "active": true }, "geometry": { "type": "Point", "coordinates": [ 6.14296737, 46.19764663 ] } },
{ "type": "Feature", "properties": { "stop_id": "8587907:0:E", "stop_code": null, "stop_name": "Genève, Plainpalais", "stop_desc": null, "stop_lat": 46.1980881, "stop_lon": 6.14304822, "zone_id": null, "stop_url": null, "location_type": 0, "parent_station": "Parent8587907", "active": true }, "geometry": { "type": "Point", "coordinates": [ 6.14304822, 46.1980881 ] } },
{ "type": "Feature", "properties": { "stop_id": "8587907:0:F", "stop_code": "PLPA04", "stop_name": "Genève, Plainpalais", "stop_desc": null, "stop_lat": 46.19768394, "stop_lon": 6.14356026, "zone_id": null, "stop_url": null, "location_type": 0, "parent_station": "Parent8587907", "active": true }, "geometry": { "type": "Point", "coordinates": [ 6.14356026, 46.19768394 ] } },
{ "type": "Feature", "properties": { "stop_id": "8587907:0:T", "stop_code": null, "stop_name": "Genève, Plainpalais", "stop_desc": null, "stop_lat": 46.1980881, "stop_lon": 6.14306619, "zone_id": null, "stop_url": null, "location_type": 0, "parent_station": "Parent8587907", "active": true }, "geometry": { "type": "Point", "coordinates": [ 6.14306619, 46.1980881 ] } },
{ "type": "Feature", "properties": { "stop_id": "8587907:0:Y", "stop_code": null, "stop_name": "Genève, Plainpalais", "stop_desc": null, "stop_lat": 46.19718651, "stop_lon": 6.14302127, "zone_id": null, "stop_url": null, "location_type": 0, "parent_station": "Parent8587907", "active": true }, "geometry": { "type": "Point", "coordinates": [ 6.14302127, 46.19718651 ] } },
{ "type": "Feature", "properties": { "stop_id": "8588196", "stop_code": null, "stop_name": "Genève, Appia", "stop_desc": null, "stop_lat": 46.22655223, "stop_lon": 6.13728104, "zone_id": null, "stop_url": null, "location_type": 0, "parent_station": "Parent8588196", "active": true }, "geometry": { "type": "Point", "coordinates": [ 6.13728104, 46.22655223 ] } },
{ "type": "Feature", "properties": { "stop_id": "8588196:0:M", "stop_code": "APIA00", "stop_name": "Genève, Appia", "stop_desc": null, "stop_lat": 46.22659574, "stop_lon": 6.13684985, "zone_id": null, "stop_url": null, "location_type": 0, "parent_station": "Parent8588196", "active": true }, "geometry": { "type": "Point", "coordinates": [ 6.13684985, 46.22659574 ] } },
{ "type": "Feature", "properties": { "stop_id": "8588196:0:N", "stop_code": "APIA99", "stop_name": "Genève, Appia", "stop_desc": null, "stop_lat": 46.22684432, "stop_lon": 6.13674205, "zone_id": null, "stop_url": null, "location_type": 0, "parent_station": "Parent8588196", "active": true }, "geometry": { "type": "Point", "coordinates": [ 6.13674205, 46.22684432 ] } },
{ "type": "Feature", "properties": { "stop_id": "8588196:0:O", "stop_code": "APIA03", "stop_name": "Genève, Appia", "stop_desc": null, "stop_lat": 46.22761492, "stop_lon": 6.13802664, "zone_id": null, "stop_url": null, "location_type": 0, "parent_station": "Parent8588196", "active": true }, "geometry": { "type": "Point", "coordinates": [ 6.13802664, 46.22761492 ] } },
{ "type": "Feature", "properties": { "stop_id": "8588196:0:P", "stop_code": "APIA02", "stop_name": "Genève, Appia", "stop_desc": null, "stop_lat": 46.22788215, "stop_lon": 6.13840393, "zone_id": null, "stop_url": null, "location_type": 0, "parent_station": "Parent8588196", "active": true }, "geometry": { "type": "Point", "coordinates": [ 6.13840393, 46.22788215 ] } },
{ "type": "Feature", "properties": { "stop_id": "8588802", "stop_code": null, "stop_name": "Grand-Lancy, Stade de Genève", "stop_desc": null, "stop_lat": 46.17943762, "stop_lon": 6.12881891, "zone_id": null, "stop_url": null, "location_type": 0, "parent_station": "Parent8588802", "active": true }, "geometry": { "type": "Point", "coordinates": [ 6.12881891, 46.17943762 ] } },
{ "type": "Feature", "properties": { "stop_id": "8588802:0:T", "stop_code": "STGE05", "stop_name": "Grand-Lancy, Stade de Genève", "stop_desc": null, "stop_lat": 46.18152749, "stop_lon": 6.1289806, "zone_id": null, "stop_url": null, "location_type": 0, "parent_station": "Parent8588802", "active": true }, "geometry": { "type": "Point", "coordinates": [ 6.1289806, 46.18152749 ] } },
{ "type": "Feature", "properties": { "stop_id": "8588802:0:U", "stop_code": "STGE07", "stop_name": "Grand-Lancy, Stade de Genève", "stop_desc": null, "stop_lat": 46.18004095, "stop_lon": 6.12856738, "zone_id": null, "stop_url": null, "location_type": 0, "parent_station": "Parent8588802", "active": true }, "geometry": { "type": "Point", "coordinates": [ 6.12856738, 46.18004095 ] } },
{ "type": "Feature", "properties": { "stop_id": "8588802:0:W", "stop_code": "RMDA00", "stop_name": "Grand-Lancy, Stade de Genève", "stop_desc": null, "stop_lat": 46.17861036, "stop_lon": 6.1286123, "zone_id": null, "stop_url": null, "location_type": 0, "parent_station": "Parent8588802", "active": true }, "geometry": { "type": "Point", "coordinates": [ 6.1286123, 46.17861036 ] } },
{ "type": "Feature", "properties": { "stop_id": "8588802:0:X", "stop_code": "STGE01", "stop_name": "Grand-Lancy, Stade de Genève", "stop_desc": null, "stop_lat": 46.17975484, "stop_lon": 6.12960044, "zone_id": null, "stop_url": null, "location_type": 0, "parent_station": "Parent8588802", "active": true }, "geometry": { "type": "Point", "coordinates": [ 6.12960044, 46.17975484 ] } },
{ "type": "Feature", "properties": { "stop_id": "8588802:0:Y", "stop_code": "STGE03", "stop_name": "Grand-Lancy, Stade de Genève", "stop_desc": null, "stop_lat": 46.18019645, "stop_lon": 6.1289806, "zone_id": null, "stop_url": null, "location_type": 0, "parent_station": "Parent8588802", "active": true }, "geometry": { "type": "Point", "coordinates": [ 6.1289806, 46.18019645 ] } },
{ "type": "Feature", "properties": { "stop_id": "8588802:0:Z", "stop_code": "STGE06", "stop_name": "Grand-Lancy, Stade de Genève", "stop_desc": null, "stop_lat": 46.17889026, "stop_lon": 6.12859433, "zone_id": null, "stop_url": null, "location_type": 0, "parent_station": "Parent8588802", "active": true }, "geometry": { "type": "Point", "coordinates": [ 6.12859433, 46.17889026 ] } },
{ "type": "Feature", "properties": { "stop_id": "8589098", "stop_code": "LAPR01", "stop_name": "Lancy-Pont-Rouge, gare", "stop_desc": null, "stop_lat": 46.18810133, "stop_lon": 6.12463276, "zone_id": null, "stop_url": null, "location_type": 0, "parent_station": "Parent8589098", "active": true }, "geometry": { "type": "Point", "coordinates": [ 6.12463276, 46.18810133 ] } },
{ "type": "Feature", "properties": { "stop_id": "8589098:0:A", "stop_code": "LAPRST", "stop_name": "Lancy-Pont-Rouge, gare", "stop_desc": null, "stop_lat": 46.18805158, "stop_lon": 6.12459683, "zone_id": null, "stop_url": null, "location_type": 0, "parent_station": "Parent8589098", "active": true }, "geometry": { "type": "Point", "coordinates": [ 6.12459683, 46.18805158 ] } },
{ "type": "Feature", "properties": { "stop_id": "8589098:0:B", "stop_code": null, "stop_name": "Lancy-Pont-Rouge, gare", "stop_desc": null, "stop_lat": 46.18807646, "stop_lon": 6.12466869, "zone_id": null, "stop_url": null, "location_type": 0, "parent_station": "Parent8589098", "active": true }, "geometry": { "type": "Point", "coordinates": [ 6.12466869, 46.18807646 ] } },
{ "type": "Feature", "properties": { "stop_id": "8589098:0:C", "stop_code": "LAPR05", "stop_name": "Lancy-Pont-Rouge, gare", "stop_desc": null, "stop_lat": 46.18849313, "stop_lon": 6.12390512, "zone_id": null, "stop_url": null, "location_type": 0, "parent_station": "Parent8589098", "active": true }, "geometry": { "type": "Point", "coordinates": [ 6.12390512, 46.18849313 ] } },
{ "type": "Feature", "properties": { "stop_id": "8589098:0:D", "stop_code": "LAPR04", "stop_name": "Lancy-Pont-Rouge, gare", "stop_desc": null, "stop_lat": 46.18818218, "stop_lon": 6.12430937, "zone_id": null, "stop_url": null, "location_type": 0, "parent_station": "Parent8589098", "active": true }, "geometry": { "type": "Point", "coordinates": [ 6.12430937, 46.18818218 ] } },
{ "type": "Feature", "properties": { "stop_id": "8592667", "stop_code": null, "stop_name": "Carouge GE, Gavard", "stop_desc": null, "stop_lat": 46.1853587, "stop_lon": 6.13566407, "zone_id": null, "stop_url": null, "location_type": 0, "parent_station": "Parent8592667", "active": true }, "geometry": { "type": "Point", "coordinates": [ 6.13566407, 46.1853587 ] } },
{ "type": "Feature", "properties": { "stop_id": "8592667:0:L", "stop_code": "GAVA01", "stop_name": "Carouge GE, Gavard", "stop_desc": null, "stop_lat": 46.18575051, "stop_lon": 6.13585272, "zone_id": null, "stop_url": null, "location_type": 0, "parent_station": "Parent8592667", "active": true }, "geometry": { "type": "Point", "coordinates": [ 6.13585272, 46.18575051 ] } },
{ "type": "Feature", "properties": { "stop_id": "8592667:0:M", "stop_code": null, "stop_name": "Carouge GE, Gavard", "stop_desc": null, "stop_lat": 46.18470567, "stop_lon": 6.13546644, "zone_id": null, "stop_url": null, "location_type": 0, "parent_station": "Parent8592667", "active": true }, "geometry": { "type": "Point", "coordinates": [ 6.13546644, 46.18470567 ] } },
{ "type": "Feature", "properties": { "stop_id": "8592668", "stop_code": null, "stop_name": "Carouge GE, Ancienne", "stop_desc": null, "stop_lat": 46.1812165, "stop_lon": 6.14082938, "zone_id": null, "stop_url": null, "location_type": 0, "parent_station": "Parent8592668", "active": true }, "geometry": { "type": "Point", "coordinates": [ 6.14082938, 46.1812165 ] } },
{ "type": "Feature", "properties": { "stop_id": "8592668:0:O", "stop_code": null, "stop_name": "Carouge GE, Ancienne", "stop_desc": null, "stop_lat": 46.18140309, "stop_lon": 6.1409282, "zone_id": null, "stop_url": null, "location_type": 0, "parent_station": "Parent8592668", "active": true }, "geometry": { "type": "Point", "coordinates": [ 6.1409282, 46.18140309 ] } },
{ "type": "Feature", "properties": { "stop_id": "8592668:0:P", "stop_code": null, "stop_name": "Carouge GE, Ancienne", "stop_desc": null, "stop_lat": 46.18106101, "stop_lon": 6.14068565, "zone_id": null, "stop_url": null, "location_type": 0, "parent_station": "Parent8592668", "active": true }, "geometry": { "type": "Point", "coordinates": [ 6.14068565, 46.18106101 ] } },
{ "type": "Feature", "properties": { "stop_id": "8592668:0:Z", "stop_code": "ANCI99", "stop_name": "Carouge GE, Ancienne", "stop_desc": null, "stop_lat": 46.18102991, "stop_lon": 6.14008378, "zone_id": null, "stop_url": null, "location_type": 0, "parent_station": "Parent8592668", "active": true }, "geometry": { "type": "Point", "coordinates": [ 6.14008378, 46.18102991 ] } },
{ "type": "Feature", "properties": { "stop_id": "8592669", "stop_code": null, "stop_name": "Carouge GE, Armes", "stop_desc": null, "stop_lat": 46.18680155, "stop_lon": 6.14020955, "zone_id": null, "stop_url": null, "location_type": 0, "parent_station": "Parent8592669", "active": true }, "geometry": { "type": "Point", "coordinates": [ 6.14020955, 46.18680155 ] } },
{ "type": "Feature", "properties": { "stop_id": "8592669:0:A", "stop_code": "ARME96", "stop_name": "Carouge GE, Armes", "stop_desc": null, "stop_lat": 46.18691972, "stop_lon": 6.14064074, "zone_id": null, "stop_url": null, "location_type": 0, "parent_station": "Parent8592669", "active": true }, "geometry": { "type": "Point", "coordinates": [ 6.14064074, 46.18691972 ] } },
{ "type": "Feature", "properties": { "stop_id": "8592669:0:B", "stop_code": null, "stop_name": "Carouge GE, Armes", "stop_desc": null, "stop_lat": 46.18674558, "stop_lon": 6.14009276, "zone_id": null, "stop_url": null, "location_type": 0, "parent_station": "Parent8592669", "active": true }, "geometry": { "type": "Point", "coordinates": [ 6.14009276, 46.18674558 ] } },
{ "type": "Feature", "properties": { "stop_id": "8592669:0:C", "stop_code": "ARME02", "stop_name": "Carouge GE, Armes", "stop_desc": null, "stop_lat": 46.18672071, "stop_lon": 6.13990412, "zone_id": null, "stop_url": null, "location_type": 0, "parent_station": "Parent8592669", "active": true }, "geometry": { "type": "Point", "coordinates": [ 6.13990412, 46.18672071 ] } },
{ "type": "Feature", "properties": { "stop_id": "8592670", "stop_code": null, "stop_name": "Grand-Lancy, De-Staël", "stop_desc": null, "stop_lat": 46.17613473, "stop_lon": 6.13265471, "zone_id": null, "stop_url": null, "location_type": 0, "parent_station": "Parent8592670", "active": true }, "geometry": { "type": "Point", "coordinates": [ 6.13265471, 46.17613473 ] } },
{ "type": "Feature", "properties": { "stop_id": "8592670:0:J", "stop_code": null, "stop_name": "Grand-Lancy, De-Staël", "stop_desc": null, "stop_lat": 46.17609118, "stop_lon": 6.13267268, "zone_id": null, "stop_url": null, "location_type": 0, "parent_station": "Parent8592670", "active": true }, "geometry": { "type": "Point", "coordinates": [ 6.13267268, 46.17609118 ] } },
{ "type": "Feature", "properties": { "stop_id": "8592670:0:K", "stop_code": "STAL01", "stop_name": "Grand-Lancy, De-Staël", "stop_desc": null, "stop_lat": 46.17583615, "stop_lon": 6.13216064, "zone_id": null, "stop_url": null, "location_type": 0, "parent_station": "Parent8592670", "active": true }, "geometry": { "type": "Point", "coordinates": [ 6.13216064, 46.17583615 ] } },
{ "type": "Feature", "properties": { "stop_id": "8592670:0:L", "stop_code": null, "stop_name": "Grand-Lancy, De-Staël", "stop_desc": null, "stop_lat": 46.17606008, "stop_lon": 6.1327176, "zone_id": null, "stop_url": null, "location_type": 0, "parent_station": "Parent8592670", "active": true }, "geometry": { "type": "Point", "coordinates": [ 6.1327176, 46.17606008 ] } },
{ "type": "Feature", "properties": { "stop_id": "8592670:0:Y", "stop_code": null, "stop_name": "Grand-Lancy, De-Staël", "stop_desc": null, "stop_lat": 46.17571796, "stop_lon": 6.13178335, "zone_id": null, "stop_url": null, "location_type": 0, "parent_station": "Parent8592670", "active": true }, "geometry": { "type": "Point", "coordinates": [ 6.13178335, 46.17571796 ] } },
{ "type": "Feature", "properties": { "stop_id": "8592670:0:Z", "stop_code": "STAL04", "stop_name": "Grand-Lancy, De-Staël", "stop_desc": null, "stop_lat": 46.17578017, "stop_lon": 6.13172047, "zone_id": null, "stop_url": null, "location_type": 0, "parent_station": "Parent8592670", "active": true }, "geometry": { "type": "Point", "coordinates": [ 6.13172047, 46.17578017 ] } },
{ "type": "Feature", "properties": { "stop_id": "8592673", "stop_code": null, "stop_name": "Carouge GE, Fillion", "stop_desc": null, "stop_lat": 46.17791371, "stop_lon": 6.14505147, "zone_id": null, "stop_url": null, "location_type": 0, "parent_station": "Parent8592673", "active": true }, "geometry": { "type": "Point", "coordinates": [ 6.14505147, 46.17791371 ] } },
{ "type": "Feature", "properties": { "stop_id": "8592673:0:R", "stop_code": null, "stop_name": "Carouge GE, Fillion", "stop_desc": null, "stop_lat": 46.17797591, "stop_lon": 6.14488079, "zone_id": null, "stop_url": null, "location_type": 0, "parent_station": "Parent8592673", "active": true }, "geometry": { "type": "Point", "coordinates": [ 6.14488079, 46.17797591 ] } },
{ "type": "Feature", "properties": { "stop_id": "8592673:0:S", "stop_code": null, "stop_name": "Carouge GE, Fillion", "stop_desc": null, "stop_lat": 46.17787639, "stop_lon": 6.1451952, "zone_id": null, "stop_url": null, "location_type": 0, "parent_station": "Parent8592673", "active": true }, "geometry": { "type": "Point", "coordinates": [ 6.1451952, 46.17787639 ] } },
{ "type": "Feature", "properties": { "stop_id": "8592674", "stop_code": null, "stop_name": "Carouge GE, Fontenette", "stop_desc": null, "stop_lat": 46.18515346, "stop_lon": 6.14622826, "zone_id": null, "stop_url": null, "location_type": 0, "parent_station": "Parent8592674", "active": true }, "geometry": { "type": "Point", "coordinates": [ 6.14622826, 46.18515346 ] } },
{ "type": "Feature", "properties": { "stop_id": "8592674:0:J", "stop_code": "FONT00", "stop_name": "Carouge GE, Fontenette", "stop_desc": null, "stop_lat": 46.18443202, "stop_lon": 6.14586893, "zone_id": null, "stop_url": null, "location_type": 0, "parent_station": "Parent8592674", "active": true }, "geometry": { "type": "Point", "coordinates": [ 6.14586893, 46.18443202 ] } },
{ "type": "Feature", "properties": { "stop_id": "8592674:0:K", "stop_code": null, "stop_name": "Carouge GE, Fontenette", "stop_desc": null, "stop_lat": 46.18550174, "stop_lon": 6.14470112, "zone_id": null, "stop_url": null, "location_type": 0, "parent_station": "Parent8592674", "active": true }, "geometry": { "type": "Point", "coordinates": [ 6.14470112, 46.18550174 ] } },
{ "type": "Feature", "properties": { "stop_id": "8592674:0:L", "stop_code": null, "stop_name": "Carouge GE, Fontenette", "stop_desc": null, "stop_lat": 46.1861361, "stop_lon": 6.14650674, "zone_id": null, "stop_url": null, "location_type": 0, "parent_station": "Parent8592674", "active": true }, "geometry": { "type": "Point", "coordinates": [ 6.14650674, 46.1861361 ] } },
{ "type": "Feature", "properties": { "stop_id": "8592674:0:M", "stop_code": "FONT02", "stop_name": "Carouge GE, Fontenette", "stop_desc": null, "stop_lat": 46.18628536, "stop_lon": 6.14665945, "zone_id": null, "stop_url": null, "location_type": 0, "parent_station": "Parent8592674", "active": true }, "geometry": { "type": "Point", "coordinates": [ 6.14665945, 46.18628536 ] } },
{ "type": "Feature", "properties": { "stop_id": "8592675", "stop_code": null, "stop_name": "Carouge GE, Grange-Collomb", "stop_desc": null, "stop_lat": 46.17550025, "stop_lon": 6.1382063, "zone_id": null, "stop_url": null, "location_type": 0, "parent_station": "Parent8592675", "active": true }, "geometry": { "type": "Point", "coordinates": [ 6.1382063, 46.17550025 ] } },
{ "type": "Feature", "properties": { "stop_id": "8592675:0:M", "stop_code": null, "stop_name": "Carouge GE, Grange-Collomb", "stop_desc": null, "stop_lat": 46.17562466, "stop_lon": 6.13808952, "zone_id": null, "stop_url": null, "location_type": 0, "parent_station": "Parent8592675", "active": true }, "geometry": { "type": "Point", "coordinates": [ 6.13808952, 46.17562466 ] } },
{ "type": "Feature", "properties": { "stop_id": "8592675:0:N", "stop_code": null, "stop_name": "Carouge GE, Grange-Collomb", "stop_desc": null, "stop_lat": 46.17567442, "stop_lon": 6.13827817, "zone_id": null, "stop_url": null, "location_type": 0, "parent_station": "Parent8592675", "active": true }, "geometry": { "type": "Point", "coordinates": [ 6.13827817, 46.17567442 ] } },
{ "type": "Feature", "properties": { "stop_id": "8592676", "stop_code": null, "stop_name": "Vessy, Vüy", "stop_desc": null, "stop_lat": 46.17632756, "stop_lon": 6.14799794, "zone_id": null, "stop_url": null, "location_type": 0, "parent_station": "Parent8592676", "active": true }, "geometry": { "type": "Point", "coordinates": [ 6.14799794, 46.17632756 ] } },
{ "type": "Feature", "properties": { "stop_id": "8592676:0:T", "stop_code": "JVUY00", "stop_name": "Vessy, Vüy", "stop_desc": null, "stop_lat": 46.17620937, "stop_lon": 6.1482854, "zone_id": null, "stop_url": null, "location_type": 0, "parent_station": "Parent8592676", "active": true }, "geometry": { "type": "Point", "coordinates": [ 6.1482854, 46.17620937 ] } },
{ "type": "Feature", "properties": { "stop_id": "8592676:0:U", "stop_code": "JVUY01", "stop_name": "Vessy, Vüy", "stop_desc": null, "stop_lat": 46.17647684, "stop_lon": 6.14771048, "zone_id": null, "stop_url": null, "location_type": 0, "parent_station": "Parent8592676", "active": true }, "geometry": { "type": "Point", "coordinates": [ 6.14771048, 46.17647684 ] } },
{ "type": "Feature", "properties": { "stop_id": "8592677", "stop_code": "CAMA00", "stop_name": "Carouge GE, Marché", "stop_desc": null, "stop_lat": 46.18391581, "stop_lon": 6.14074853, "zone_id": null, "stop_url": null, "location_type": 0, "parent_station": "Parent8592677", "active": true }, "geometry": { "type": "Point", "coordinates": [ 6.14074853, 46.18391581 ] } },
{ "type": "Feature", "properties": { "stop_id": "8592677:0:D", "stop_code": null, "stop_name": "Carouge GE, Marché", "stop_desc": null, "stop_lat": 46.18390337, "stop_lon": 6.14078447, "zone_id": null, "stop_url": null, "location_type": 0, "parent_station": "Parent8592677", "active": true }, "geometry": { "type": "Point", "coordinates": [ 6.14078447, 46.18390337 ] } },
{ "type": "Feature", "properties": { "stop_id": "8592677:0:E", "stop_code": "CAMA01", "stop_name": "Carouge GE, Marché", "stop_desc": null, "stop_lat": 46.18431385, "stop_lon": 6.14039819, "zone_id": null, "stop_url": null, "location_type": 0, "parent_station": "Parent8592677", "active": true }, "geometry": { "type": "Point", "coordinates": [ 6.14039819, 46.18431385 ] } },
{ "type": "Feature", "properties": { "stop_id": "8592677:0:F", "stop_code": "MRCH02", "stop_name": "Carouge GE, Marché", "stop_desc": null, "stop_lat": 46.18326898, "stop_lon": 6.14100905, "zone_id": null, "stop_url": null, "location_type": 0, "parent_station": "Parent8592677", "active": true }, "geometry": { "type": "Point", "coordinates": [ 6.14100905, 46.18326898 ] } },
{ "type": "Feature", "properties": { "stop_id": "8592677:0:X", "stop_code": "MRCH97", "stop_name": "Carouge GE, Marché", "stop_desc": null, "stop_lat": 46.1827652, "stop_lon": 6.13782003, "zone_id": null, "stop_url": null, "location_type": 0, "parent_station": "Parent8592677", "active": true }, "geometry": { "type": "Point", "coordinates": [ 6.13782003, 46.1827652 ] } },
{ "type": "Feature", "properties": { "stop_id": "8592677:0:Y", "stop_code": "CAMA96", "stop_name": "Carouge GE, Marché", "stop_desc": null, "stop_lat": 46.18323788, "stop_lon": 6.13786494, "zone_id": null, "stop_url": null, "location_type": 0, "parent_station": "Parent8592677", "active": true }, "geometry": { "type": "Point", "coordinates": [ 6.13786494, 46.18323788 ] } },
{ "type": "Feature", "properties": { "stop_id": "8592678", "stop_code": null, "stop_name": "Carouge GE, Moraines", "stop_desc": null, "stop_lat": 46.18227385, "stop_lon": 6.14444959, "zone_id": null, "stop_url": null, "location_type": 0, "parent_station": "Parent8592678", "active": true }, "geometry": { "type": "Point", "coordinates": [ 6.14444959, 46.18227385 ] } },
{ "type": "Feature", "properties": { "stop_id": "8592678:0:N", "stop_code": "MRNE00", "stop_name": "Carouge GE, Moraines", "stop_desc": null, "stop_lat": 46.18243556, "stop_lon": 6.14381179, "zone_id": null, "stop_url": null, "location_type": 0, "parent_station": "Parent8592678", "active": true }, "geometry": { "type": "Point", "coordinates": [ 6.14381179, 46.18243556 ] } },
{ "type": "Feature", "properties": { "stop_id": "8592678:0:Y", "stop_code": "MRNE99", "stop_name": "Carouge GE, Moraines", "stop_desc": null, "stop_lat": 46.18182603, "stop_lon": 6.14462027, "zone_id": null, "stop_url": null, "location_type": 0, "parent_station": "Parent8592678", "active": true }, "geometry": { "type": "Point", "coordinates": [ 6.14462027, 46.18182603 ] } },
{ "type": "Feature", "properties": { "stop_id": "8592679", "stop_code": "ETOI03", "stop_name": "Lancy-Pont-Rouge, gare/Etoile", "stop_desc": null, "stop_lat": 46.18758516, "stop_lon": 6.12762415, "zone_id": null, "stop_url": null, "location_type": 0, "parent_station": "Parent8592679", "active": true }, "geometry": { "type": "Point", "coordinates": [ 6.12762415, 46.18758516 ] } },
{ "type": "Feature", "properties": { "stop_id": "8592679:0:F", "stop_code": "ETOI02", "stop_name": "Lancy-Pont-Rouge, gare/Etoile", "stop_desc": null, "stop_lat": 46.1875665, "stop_lon": 6.12686956, "zone_id": null, "stop_url": null, "location_type": 0, "parent_station": "Parent8592679", "active": true }, "geometry": { "type": "Point", "coordinates": [ 6.12686956, 46.1875665 ] } },
{ "type": "Feature", "properties": { "stop_id": "8592679:0:G", "stop_code": null, "stop_name": "Lancy-Pont-Rouge, gare/Etoile", "stop_desc": null, "stop_lat": 46.18755406, "stop_lon": 6.12761517, "zone_id": null, "stop_url": null, "location_type": 0, "parent_station": "Parent8592679", "active": true }, "geometry": { "type": "Point", "coordinates": [ 6.12761517, 46.18755406 ] } },
{ "type": "Feature", "properties": { "stop_id": "8592679:0:H", "stop_code": "ETOI00", "stop_name": "Lancy-Pont-Rouge, gare/Etoile", "stop_desc": null, "stop_lat": 46.18700057, "stop_lon": 6.12787568, "zone_id": null, "stop_url": null, "location_type": 0, "parent_station": "Parent8592679", "active": true }, "geometry": { "type": "Point", "coordinates": [ 6.12787568, 46.18700057 ] } },
{ "type": "Feature", "properties": { "stop_id": "8592679:0:I", "stop_code": "ETOI01", "stop_name": "Lancy-Pont-Rouge, gare/Etoile", "stop_desc": null, "stop_lat": 46.18740481, "stop_lon": 6.12837873, "zone_id": null, "stop_url": null, "location_type": 0, "parent_station": "Parent8592679", "active": true }, "geometry": { "type": "Point", "coordinates": [ 6.12837873, 46.18740481 ] } },
{ "type": "Feature", "properties": { "stop_id": "8592680", "stop_code": null, "stop_name": "Carouge GE, Rue des Mouettes", "stop_desc": null, "stop_lat": 46.18863616, "stop_lon": 6.13710137, "zone_id": null, "stop_url": null, "location_type": 0, "parent_station": "Parent8592680", "active": true }, "geometry": { "type": "Point", "coordinates": [ 6.13710137, 46.18863616 ] } },
{ "type": "Feature", "properties": { "stop_id": "8592680:0:T", "stop_code": "RMOU00", "stop_name": "Carouge GE, Rue des Mouettes", "stop_desc": null, "stop_lat": 46.18831278, "stop_lon": 6.13668815, "zone_id": null, "stop_url": null, "location_type": 0, "parent_station": "Parent8592680", "active": true }, "geometry": { "type": "Point", "coordinates": [ 6.13668815, 46.18831278 ] } },
{ "type": "Feature", "properties": { "stop_id": "8592680:0:U", "stop_code": "RMOU01", "stop_name": "Carouge GE, Rue des Mouettes", "stop_desc": null, "stop_lat": 46.18902795, "stop_lon": 6.13693968, "zone_id": null, "stop_url": null, "location_type": 0, "parent_station": "Parent8592680", "active": true }, "geometry": { "type": "Point", "coordinates": [ 6.13693968, 46.18902795 ] } },
{ "type": "Feature", "properties": { "stop_id": "8592682", "stop_code": null, "stop_name": "Carouge GE, Val-d'Arve", "stop_desc": null, "stop_lat": 46.18462482, "stop_lon": 6.15013593, "zone_id": null, "stop_url": null, "location_type": 0, "parent_station": "Parent8592682", "active": true }, "geometry": { "type": "Point", "coordinates": [ 6.15013593, 46.18462482 ] } },
{ "type": "Feature", "properties": { "stop_id": "8592682:0:L", "stop_code": null, "stop_name": "Carouge GE, Val-d'Arve", "stop_desc": null, "stop_lat": 46.18455019, "stop_lon": 6.15033356, "zone_id": null, "stop_url": null, "location_type": 0, "parent_station": "Parent8592682", "active": true }, "geometry": { "type": "Point", "coordinates": [ 6.15033356, 46.18455019 ] } },
{ "type": "Feature", "properties": { "stop_id": "8592682:0:M", "stop_code": "VARV01", "stop_name": "Carouge GE, Val-d'Arve", "stop_desc": null, "stop_lat": 46.18474299, "stop_lon": 6.14983949, "zone_id": null, "stop_url": null, "location_type": 0, "parent_station": "Parent8592682", "active": true }, "geometry": { "type": "Point", "coordinates": [ 6.14983949, 46.18474299 ] } },
{ "type": "Feature", "properties": { "stop_id": "8592691", "stop_code": null, "stop_name": "Chêne-Bougeries, C.-Florissant", "stop_desc": null, "stop_lat": 46.18710629, "stop_lon": 6.17016836, "zone_id": null, "stop_url": null, "location_type": 0, "parent_station": "Parent8592691", "active": true }, "geometry": { "type": "Point", "coordinates": [ 6.17016836, 46.18710629 ] } },
{ "type": "Feature", "properties": { "stop_id": "8592691:0:X", "stop_code": "CFLO00", "stop_name": "Chêne-Bougeries, C.-Florissant", "stop_desc": null, "stop_lat": 46.18686996, "stop_lon": 6.17027616, "zone_id": null, "stop_url": null, "location_type": 0, "parent_station": "Parent8592691", "active": true }, "geometry": { "type": "Point", "coordinates": [ 6.17027616, 46.18686996 ] } },
{ "type": "Feature", "properties": { "stop_id": "8592691:0:Y", "stop_code": "CFLO01", "stop_name": "Chêne-Bougeries, C.-Florissant", "stop_desc": null, "stop_lat": 46.18736749, "stop_lon": 6.17003361, "zone_id": null, "stop_url": null, "location_type": 0, "parent_station": "Parent8592691", "active": true }, "geometry": { "type": "Point", "coordinates": [ 6.17003361, 46.18736749 ] } },
{ "type": "Feature", "properties": { "stop_id": "8592692", "stop_code": null, "stop_name": "Chêne-Bougeries, Calandrini", "stop_desc": null, "stop_lat": 46.18294556, "stop_lon": 6.1783071, "zone_id": null, "stop_url": null, "location_type": 0, "parent_station": "Parent8592692", "active": true }, "geometry": { "type": "Point", "coordinates": [ 6.1783071, 46.18294556 ] } },
{ "type": "Feature", "properties": { "stop_id": "8592692:0:F", "stop_code": "CLDR00", "stop_name": "Chêne-Bougeries, Calandrini", "stop_desc": null, "stop_lat": 46.18277763, "stop_lon": 6.17873829, "zone_id": null, "stop_url": null, "location_type": 0, "parent_station": "Parent8592692", "active": true }, "geometry": { "type": "Point", "coordinates": [ 6.17873829, 46.18277763 ] } },
{ "type": "Feature", "properties": { "stop_id": "8592692:0:G", "stop_code": "CLDR01", "stop_name": "Chêne-Bougeries, Calandrini", "stop_desc": null, "stop_lat": 46.18309483, "stop_lon": 6.17779506, "zone_id": null, "stop_url": null, "location_type": 0, "parent_station": "Parent8592692", "active": true }, "geometry": { "type": "Point", "coordinates": [ 6.17779506, 46.18309483 ] } },
{ "type": "Feature", "properties": { "stop_id": "8592694", "stop_code": null, "stop_name": "Chêne-Bougeries, Grangettes", "stop_desc": null, "stop_lat": 46.19883424, "stop_lon": 6.18036424, "zone_id": null, "stop_url": null, "location_type": 0, "parent_station": "Parent8592694", "active": true }, "geometry": { "type": "Point", "coordinates": [ 6.18036424, 46.19883424 ] } },
{ "type": "Feature", "properties": { "stop_id": "8592694:0:Q", "stop_code": null, "stop_name": "Chêne-Bougeries, Grangettes", "stop_desc": null, "stop_lat": 46.19880937, "stop_lon": 6.1806517, "zone_id": null, "stop_url": null, "location_type": 0, "parent_station": "Parent8592694", "active": true }, "geometry": { "type": "Point", "coordinates": [ 6.1806517, 46.19880937 ] } },
{ "type": "Feature", "properties": { "stop_id": "8592694:0:R", "stop_code": "GRAN01", "stop_name": "Chêne-Bougeries, Grangettes", "stop_desc": null, "stop_lat": 46.19891507, "stop_lon": 6.18008576, "zone_id": null, "stop_url": null, "location_type": 0, "parent_station": "Parent8592694", "active": true }, "geometry": { "type": "Point", "coordinates": [ 6.18008576, 46.19891507 ] } },
{ "type": "Feature", "properties": { "stop_id": "8592694:0:S", "stop_code": "GRAN02", "stop_name": "Chêne-Bougeries, Grangettes", "stop_desc": null, "stop_lat": 46.19855444, "stop_lon": 6.18264596, "zone_id": null, "stop_url": null, "location_type": 0, "parent_station": "Parent8592694", "active": true }, "geometry": { "type": "Point", "coordinates": [ 6.18264596, 46.19855444 ] } },
{ "type": "Feature", "properties": { "stop_id": "8592695", "stop_code": null, "stop_name": "Chêne-Bougeries, Fourches", "stop_desc": null, "stop_lat": 46.20432424, "stop_lon": 6.19079368, "zone_id": null, "stop_url": null, "location_type": 0, "parent_station": "Parent8592695", "active": true }, "geometry": { "type": "Point", "coordinates": [ 6.19079368, 46.20432424 ] } },
{ "type": "Feature", "properties": { "stop_id": "8592695:0:Z", "stop_code": null, "stop_name": "Chêne-Bougeries, Fourches", "stop_desc": null, "stop_lat": 46.20420612, "stop_lon": 6.19103622, "zone_id": null, "stop_url": null, "location_type": 0, "parent_station": "Parent8592695", "active": true }, "geometry": { "type": "Point", "coordinates": [ 6.19103622, 46.20420612 ] } },
{ "type": "Feature", "properties": { "stop_id": "8592698", "stop_code": null, "stop_name": "Chêne-Bougeries, Parc Stagni", "stop_desc": null, "stop_lat": 46.19577501, "stop_lon": 6.1866794, "zone_id": null, "stop_url": null, "location_type": 0, "parent_station": "Parent8592698", "active": true }, "geometry": { "type": "Point", "coordinates": [ 6.1866794, 46.19577501 ] } },
{ "type": "Feature", "properties": { "stop_id": "8592698:0:U", "stop_code": "PSTA00", "stop_name": "Chêne-Bougeries, Parc Stagni", "stop_desc": null, "stop_lat": 46.19558225, "stop_lon": 6.18660753, "zone_id": null, "stop_url": null, "location_type": 0, "parent_station": "Parent8592698", "active": true }, "geometry": { "type": "Point", "coordinates": [ 6.18660753, 46.19558225 ] } },
{ "type": "Feature", "properties": { "stop_id": "8592698:0:V", "stop_code": "PSTA01", "stop_name": "Chêne-Bougeries, Parc Stagni", "stop_desc": null, "stop_lat": 46.19593668, "stop_lon": 6.18674228, "zone_id": null, "stop_url": null, "location_type": 0, "parent_station": "Parent8592698", "active": true }, "geometry": { "type": "Point", "coordinates": [ 6.18674228, 46.19593668 ] } },
{ "type": "Feature", "properties": { "stop_id": "8592699:0:W", "stop_code": "CHNE02", "stop_name": "Chêne-Bougeries, village", "stop_desc": null, "stop_lat": 46.19757202, "stop_lon": 6.19009299, "zone_id": null, "stop_url": null, "location_type": 0, "parent_station": "Parent8592699", "active": true }, "geometry": { "type": "Point", "coordinates": [ 6.19009299, 46.19757202 ] } },
{ "type": "Feature", "properties": { "stop_id": "8592699:0:X", "stop_code": null, "stop_name": "Chêne-Bougeries, village", "stop_desc": null, "stop_lat": 46.19752849, "stop_lon": 6.18984147, "zone_id": null, "stop_url": null, "location_type": 0, "parent_station": "Parent8592699", "active": true }, "geometry": { "type": "Point", "coordinates": [ 6.18984147, 46.19752849 ] } },
{ "type": "Feature", "properties": { "stop_id": "8592701", "stop_code": null, "stop_name": "Chêne-Bougeries, Vallon", "stop_desc": null, "stop_lat": 46.19210621, "stop_lon": 6.18189137, "zone_id": null, "stop_url": null, "location_type": 0, "parent_station": "Parent8592701", "active": true }, "geometry": { "type": "Point", "coordinates": [ 6.18189137, 46.19210621 ] } },
{ "type": "Feature", "properties": { "stop_id": "8592701:0:H", "stop_code": "VLON02", "stop_name": "Chêne-Bougeries, Vallon", "stop_desc": null, "stop_lat": 46.19290217, "stop_lon": 6.18317597, "zone_id": null, "stop_url": null, "location_type": 0, "parent_station": "Parent8592701", "active": true }, "geometry": { "type": "Point", "coordinates": [ 6.18317597, 46.19290217 ] } },
{ "type": "Feature", "properties": { "stop_id": "8592701:0:I", "stop_code": "VLON01", "stop_name": "Chêne-Bougeries, Vallon", "stop_desc": null, "stop_lat": 46.19242957, "stop_lon": 6.18162188, "zone_id": null, "stop_url": null, "location_type": 0, "parent_station": "Parent8592701", "active": true }, "geometry": { "type": "Point", "coordinates": [ 6.18162188, 46.19242957 ] } },
{ "type": "Feature", "properties": { "stop_id": "8592701:0:J", "stop_code": "VLON00", "stop_name": "Chêne-Bougeries, Vallon", "stop_desc": null, "stop_lat": 46.19187612, "stop_lon": 6.18203511, "zone_id": null, "stop_url": null, "location_type": 0, "parent_station": "Parent8592701", "active": true }, "geometry": { "type": "Point", "coordinates": [ 6.18203511, 46.19187612 ] } },
{ "type": "Feature", "properties": { "stop_id": "8592702", "stop_code": null, "stop_name": "Chêne-Bougeries, Villette", "stop_desc": null, "stop_lat": 46.18161456, "stop_lon": 6.18158595, "zone_id": null, "stop_url": null, "location_type": 0, "parent_station": "Parent8592702", "active": true }, "geometry": { "type": "Point", "coordinates": [ 6.18158595, 46.18161456 ] } },
{ "type": "Feature", "properties": { "stop_id": "8592702:0:H", "stop_code": null, "stop_name": "Chêne-Bougeries, Villette", "stop_desc": null, "stop_lat": 46.18148395, "stop_lon": 6.1816668, "zone_id": null, "stop_url": null, "location_type": 0, "parent_station": "Parent8592702", "active": true }, "geometry": { "type": "Point", "coordinates": [ 6.1816668, 46.18148395 ] } },
{ "type": "Feature", "properties": { "stop_id": "8592702:0:I", "stop_code": null, "stop_name": "Chêne-Bougeries, Villette", "stop_desc": null, "stop_lat": 46.18168298, "stop_lon": 6.181559, "zone_id": null, "stop_url": null, "location_type": 0, "parent_station": "Parent8592702", "active": true }, "geometry": { "type": "Point", "coordinates": [ 6.181559, 46.18168298 ] } },
{ "type": "Feature", "properties": { "stop_id": "8592703", "stop_code": "CEPR00", "stop_name": "Chêne-Bougeries,Ch.de l'Eperon", "stop_desc": null, "stop_lat": 46.20403825, "stop_lon": 6.18702974, "zone_id": null, "stop_url": null, "location_type": 0, "parent_station": "Parent8592703", "active": true }, "geometry": { "type": "Point", "coordinates": [ 6.18702974, 46.20403825 ] } },
{ "type": "Feature", "properties": { "stop_id": "8592703:0:G", "stop_code": null, "stop_name": "Chêne-Bougeries,Ch.de l'Eperon", "stop_desc": null, "stop_lat": 46.20431181, "stop_lon": 6.18671533, "zone_id": null, "stop_url": null, "location_type": 0, "parent_station": "Parent8592703", "active": true }, "geometry": { "type": "Point", "coordinates": [ 6.18671533, 46.20431181 ] } },
{ "type": "Feature", "properties": { "stop_id": "8592703:0:H", "stop_code": "CEPR01", "stop_name": "Chêne-Bougeries,Ch.de l'Eperon", "stop_desc": null, "stop_lat": 46.20377092, "stop_lon": 6.18735313, "zone_id": null, "stop_url": null, "location_type": 0, "parent_station": "Parent8592703", "active": true }, "geometry": { "type": "Point", "coordinates": [ 6.18735313, 46.20377092 ] } },
{ "type": "Feature", "properties": { "stop_id": "8592703:0:Y", "stop_code": "CEPR99", "stop_name": "Chêne-Bougeries,Ch.de l'Eperon", "stop_desc": null, "stop_lat": 46.20480296, "stop_lon": 6.18567328, "zone_id": null, "stop_url": null, "location_type": 0, "parent_station": "Parent8592703", "active": true }, "geometry": { "type": "Point", "coordinates": [ 6.18567328, 46.20480296 ] } },
{ "type": "Feature", "properties": { "stop_id": "8592704", "stop_code": null, "stop_name": "Chêne-Bougeries,Coll.Claparède", "stop_desc": null, "stop_lat": 46.19015356, "stop_lon": 6.18658956, "zone_id": null, "stop_url": null, "location_type": 0, "parent_station": "Parent8592704", "active": true }, "geometry": { "type": "Point", "coordinates": [ 6.18658956, 46.19015356 ] } },
{ "type": "Feature", "properties": { "stop_id": "8592704:0:F", "stop_code": null, "stop_name": "Chêne-Bougeries,Coll.Claparède", "stop_desc": null, "stop_lat": 46.19010381, "stop_lon": 6.18676024, "zone_id": null, "stop_url": null, "location_type": 0, "parent_station": "Parent8592704", "active": true }, "geometry": { "type": "Point", "coordinates": [ 6.18676024, 46.19010381 ] } },
{ "type": "Feature", "properties": { "stop_id": "8592704:0:G", "stop_code": null, "stop_name": "Chêne-Bougeries,Coll.Claparède", "stop_desc": null, "stop_lat": 46.19022196, "stop_lon": 6.18640092, "zone_id": null, "stop_url": null, "location_type": 0, "parent_station": "Parent8592704", "active": true }, "geometry": { "type": "Point", "coordinates": [ 6.18640092, 46.19022196 ] } },
{ "type": "Feature", "properties": { "stop_id": "8592706", "stop_code": null, "stop_name": "Chêne-Bougeries,Grange-Falquet", "stop_desc": null, "stop_lat": 46.19827463, "stop_lon": 6.18563735, "zone_id": null, "stop_url": null, "location_type": 0, "parent_station": "Parent8592706", "active": true }, "geometry": { "type": "Point", "coordinates": [ 6.18563735, 46.19827463 ] } },
{ "type": "Feature", "properties": { "stop_id": "8592706:0:X", "stop_code": null, "stop_name": "Chêne-Bougeries,Grange-Falquet", "stop_desc": null, "stop_lat": 46.19821246, "stop_lon": 6.18568227, "zone_id": null, "stop_url": null, "location_type": 0, "parent_station": "Parent8592706", "active": true }, "geometry": { "type": "Point", "coordinates": [ 6.18568227, 46.19821246 ] } },
{ "type": "Feature", "properties": { "stop_id": "8592706:0:Y", "stop_code": "GFAQ00", "stop_name": "Chêne-Bougeries,Grange-Falquet", "stop_desc": null, "stop_lat": 46.19820624, "stop_lon": 6.18598769, "zone_id": null, "stop_url": null, "location_type": 0, "parent_station": "Parent8592706", "active": true }, "geometry": { "type": "Point", "coordinates": [ 6.18598769, 46.19820624 ] } },
{ "type": "Feature", "properties": { "stop_id": "8592706:0:Z", "stop_code": "GFAQ01", "stop_name": "Chêne-Bougeries,Grange-Falquet", "stop_desc": null, "stop_lat": 46.1983679, "stop_lon": 6.18537684, "zone_id": null, "stop_url": null, "location_type": 0, "parent_station": "Parent8592706", "active": true }, "geometry": { "type": "Point", "coordinates": [ 6.18537684, 46.1983679 ] } },
{ "type": "Feature", "properties": { "stop_id": "8592713", "stop_code": null, "stop_name": "Chêne-Bourg, Place Favre", "stop_desc": null, "stop_lat": 46.19540814, "stop_lon": 6.19273404, "zone_id": null, "stop_url": null, "location_type": 0, "parent_station": "Parent8592713", "active": true }, "geometry": { "type": "Point", "coordinates": [ 6.19273404, 46.19540814 ] } },
{ "type": "Feature", "properties": { "stop_id": "8592713:0:H", "stop_code": "FAVR01", "stop_name": "Chêne-Bourg, Place Favre", "stop_desc": null, "stop_lat": 46.19565687, "stop_lon": 6.19198844, "zone_id": null, "stop_url": null, "location_type": 0, "parent_station": "Parent8592713", "active": true }, "geometry": { "type": "Point", "coordinates": [ 6.19198844, 46.19565687 ] } },
{ "type": "Feature", "properties": { "stop_id": "8592713:0:I", "stop_code": "FAVR00", "stop_name": "Chêne-Bourg, Place Favre", "stop_desc": null, "stop_lat": 46.1953584, "stop_lon": 6.19250946, "zone_id": null, "stop_url": null, "location_type": 0, "parent_station": "Parent8592713", "active": true }, "geometry": { "type": "Point", "coordinates": [ 6.19250946, 46.1953584 ] } },
{ "type": "Feature", "properties": { "stop_id": "8592713:0:J", "stop_code": null, "stop_name": "Chêne-Bourg, Place Favre", "stop_desc": null, "stop_lat": 46.19557603, "stop_lon": 6.19294065, "zone_id": null, "stop_url": null, "location_type": 0, "parent_station": "Parent8592713", "active": true }, "geometry": { "type": "Point", "coordinates": [ 6.19294065, 46.19557603 ] } },
{ "type": "Feature", "properties": { "stop_id": "8592713:0:K", "stop_code": "FAVR03", "stop_name": "Chêne-Bourg, Place Favre", "stop_desc": null, "stop_lat": 46.19558225, "stop_lon": 6.1931293, "zone_id": null, "stop_url": null, "location_type": 0, "parent_station": "Parent8592713", "active": true }, "geometry": { "type": "Point", "coordinates": [ 6.1931293, 46.19558225 ] } },
{ "type": "Feature", "properties": { "stop_id": "8592713:0:L", "stop_code": "FAVR04", "stop_name": "Chêne-Bourg, Place Favre", "stop_desc": null, "stop_lat": 46.1957688, "stop_lon": 6.19328201, "zone_id": null, "stop_url": null, "location_type": 0, "parent_station": "Parent8592713", "active": true }, "geometry": { "type": "Point", "coordinates": [ 6.19328201, 46.1957688 ] } },
{ "type": "Feature", "properties": { "stop_id": "8592713:0:Z", "stop_code": null, "stop_name": "Chêne-Bourg, Place Favre", "stop_desc": null, "stop_lat": 46.19548898, "stop_lon": 6.19200641, "zone_id": null, "stop_url": null, "location_type": 0, "parent_station": "Parent8592713", "active": true }, "geometry": { "type": "Point", "coordinates": [ 6.19200641, 46.19548898 ] } },
{ "type": "Feature", "properties": { "stop_id": "8592716:0:P", "stop_code": "STRC98", "stop_name": "Chêne-Bourg, Stade Trois-Chêne", "stop_desc": null, "stop_lat": 46.19200049, "stop_lon": 6.19206929, "zone_id": null, "stop_url": null, "location_type": 0, "parent_station": "Parent8592716", "active": true }, "geometry": { "type": "Point", "coordinates": [ 6.19206929, 46.19200049 ] } },
{ "type": "Feature", "properties": { "stop_id": "8592742", "stop_code": null, "stop_name": "Cologny, Chemin du Righi", "stop_desc": null, "stop_lat": 46.21618526, "stop_lon": 6.17651047, "zone_id": null, "stop_url": null, "location_type": 0, "parent_station": "Parent8592742", "active": true }, "geometry": { "type": "Point", "coordinates": [ 6.17651047, 46.21618526 ] } },
{ "type": "Feature", "properties": { "stop_id": "8592742:0:E", "stop_code": "CRIG00", "stop_name": "Cologny, Chemin du Righi", "stop_desc": null, "stop_lat": 46.21639038, "stop_lon": 6.17677996, "zone_id": null, "stop_url": null, "location_type": 0, "parent_station": "Parent8592742", "active": true }, "geometry": { "type": "Point", "coordinates": [ 6.17677996, 46.21639038 ] } },
{ "type": "Feature", "properties": { "stop_id": "8592742:0:F", "stop_code": "CRIG01", "stop_name": "Cologny, Chemin du Righi", "stop_desc": null, "stop_lat": 46.21594285, "stop_lon": 6.17628589, "zone_id": null, "stop_url": null, "location_type": 0, "parent_station": "Parent8592742", "active": true }, "geometry": { "type": "Point", "coordinates": [ 6.17628589, 46.21594285 ] } },
{ "type": "Feature", "properties": { "stop_id": "8592743", "stop_code": null, "stop_name": "Cologny, Clos du Môlan", "stop_desc": null, "stop_lat": 46.20526302, "stop_lon": 6.18354428, "zone_id": null, "stop_url": null, "location_type": 0, "parent_station": "Parent8592743", "active": true }, "geometry": { "type": "Point", "coordinates": [ 6.18354428, 46.20526302 ] } },
{ "type": "Feature", "properties": { "stop_id": "8592743:0:E", "stop_code": null, "stop_name": "Cologny, Clos du Môlan", "stop_desc": null, "stop_lat": 46.20533763, "stop_lon": 6.1833736, "zone_id": null, "stop_url": null, "location_type": 0, "parent_station": "Parent8592743", "active": true }, "geometry": { "type": "Point", "coordinates": [ 6.1833736, 46.20533763 ] } },
{ "type": "Feature", "properties": { "stop_id": "8592743:0:F", "stop_code": null, "stop_name": "Cologny, Clos du Môlan", "stop_desc": null, "stop_lat": 46.20513868, "stop_lon": 6.18389462, "zone_id": null, "stop_url": null, "location_type": 0, "parent_station": "Parent8592743", "active": true }, "geometry": { "type": "Point", "coordinates": [ 6.18389462, 46.20513868 ] } },
{ "type": "Feature", "properties": { "stop_id": "8592744", "stop_code": null, "stop_name": "Cologny, Falquets", "stop_desc": null, "stop_lat": 46.2132016, "stop_lon": 6.18649973, "zone_id": null, "stop_url": null, "location_type": 0, "parent_station": "Parent8592744", "active": true }, "geometry": { "type": "Point", "coordinates": [ 6.18649973, 46.2132016 ] } },
{ "type": "Feature", "properties": { "stop_id": "8592744:0:L", "stop_code": null, "stop_name": "Cologny, Falquets", "stop_desc": null, "stop_lat": 46.21318917, "stop_lon": 6.1865177, "zone_id": null, "stop_url": null, "location_type": 0, "parent_station": "Parent8592744", "active": true }, "geometry": { "type": "Point", "coordinates": [ 6.1865177, 46.21318917 ] } },
{ "type": "Feature", "properties": { "stop_id": "8592744:0:M", "stop_code": null, "stop_name": "Cologny, Falquets", "stop_desc": null, "stop_lat": 46.21328241, "stop_lon": 6.18642787, "zone_id": null, "stop_url": null, "location_type": 0, "parent_station": "Parent8592744", "active": true }, "geometry": { "type": "Point", "coordinates": [ 6.18642787, 46.21328241 ] } },
{ "type": "Feature", "properties": { "stop_id": "8592746", "stop_code": null, "stop_name": "Cologny, Frontenex", "stop_desc": null, "stop_lat": 46.20616449, "stop_lon": 6.17563012, "zone_id": null, "stop_url": null, "location_type": 0, "parent_station": "Parent8592746", "active": true }, "geometry": { "type": "Point", "coordinates": [ 6.17563012, 46.20616449 ] } },
{ "type": "Feature", "properties": { "stop_id": "8592746:0:A", "stop_code": "PRPI99", "stop_name": "Cologny, Frontenex", "stop_desc": null, "stop_lat": 46.20640073, "stop_lon": 6.1755313, "zone_id": null, "stop_url": null, "location_type": 0, "parent_station": "Parent8592746", "active": true }, "geometry": { "type": "Point", "coordinates": [ 6.1755313, 46.20640073 ] } },
{ "type": "Feature", "properties": { "stop_id": "8592746:0:B", "stop_code": "FRON01", "stop_name": "Cologny, Frontenex", "stop_desc": null, "stop_lat": 46.20592203, "stop_lon": 6.17573792, "zone_id": null, "stop_url": null, "location_type": 0, "parent_station": "Parent8592746", "active": true }, "geometry": { "type": "Point", "coordinates": [ 6.17573792, 46.20592203 ] } },
{ "type": "Feature", "properties": { "stop_id": "8592748", "stop_code": null, "stop_name": "Cologny, Le-Fort", "stop_desc": null, "stop_lat": 46.2090988, "stop_lon": 6.18069662, "zone_id": null, "stop_url": null, "location_type": 0, "parent_station": "Parent8592748", "active": true }, "geometry": { "type": "Point", "coordinates": [ 6.18069662, 46.2090988 ] } },
{ "type": "Feature", "properties": { "stop_id": "8592748:0:G", "stop_code": null, "stop_name": "Cologny, Le-Fort", "stop_desc": null, "stop_lat": 46.20903042, "stop_lon": 6.18063373, "zone_id": null, "stop_url": null, "location_type": 0, "parent_station": "Parent8592748", "active": true }, "geometry": { "type": "Point", "coordinates": [ 6.18063373, 46.20903042 ] } },
{ "type": "Feature", "properties": { "stop_id": "8592748:0:H", "stop_code": "LFOR01", "stop_name": "Cologny, Le-Fort", "stop_desc": null, "stop_lat": 46.20890608, "stop_lon": 6.18038221, "zone_id": null, "stop_url": null, "location_type": 0, "parent_station": "Parent8592748", "active": true }, "geometry": { "type": "Point", "coordinates": [ 6.18038221, 46.20890608 ] } },
{ "type": "Feature", "properties": { "stop_id": "8592749", "stop_code": null, "stop_name": "Cologny, Montalègre", "stop_desc": null, "stop_lat": 46.22140007, "stop_lon": 6.18031034, "zone_id": null, "stop_url": null, "location_type": 0, "parent_station": "Parent8592749", "active": true }, "geometry": { "type": "Point", "coordinates": [ 6.18031034, 46.22140007 ] } },
{ "type": "Feature", "properties": { "stop_id": "8592749:0:G", "stop_code": "MGRE00", "stop_name": "Cologny, Montalègre", "stop_desc": null, "stop_lat": 46.22157409, "stop_lon": 6.18055289, "zone_id": null, "stop_url": null, "location_type": 0, "parent_station": "Parent8592749", "active": true }, "geometry": { "type": "Point", "coordinates": [ 6.18055289, 46.22157409 ] } },
{ "type": "Feature", "properties": { "stop_id": "8592749:0:H", "stop_code": "MGRE01", "stop_name": "Cologny, Montalègre", "stop_desc": null, "stop_lat": 46.22119497, "stop_lon": 6.18009474, "zone_id": null, "stop_url": null, "location_type": 0, "parent_station": "Parent8592749", "active": true }, "geometry": { "type": "Point", "coordinates": [ 6.18009474, 46.22119497 ] } },
{ "type": "Feature", "properties": { "stop_id": "8592752", "stop_code": "CYTE00", "stop_name": "Cologny, temple", "stop_desc": null, "stop_lat": 46.21618526, "stop_lon": 6.18137035, "zone_id": null, "stop_url": null, "location_type": 0, "parent_station": "Parent8592752", "active": true }, "geometry": { "type": "Point", "coordinates": [ 6.18137035, 46.21618526 ] } },
{ "type": "Feature", "properties": { "stop_id": "8592752:0:T", "stop_code": null, "stop_name": "Cologny, temple", "stop_desc": null, "stop_lat": 46.21605473, "stop_lon": 6.18130747, "zone_id": null, "stop_url": null, "location_type": 0, "parent_station": "Parent8592752", "active": true }, "geometry": { "type": "Point", "coordinates": [ 6.18130747, 46.21605473 ] } },
{ "type": "Feature", "properties": { "stop_id": "8592752:0:U", "stop_code": "CYTE01", "stop_name": "Cologny, temple", "stop_desc": null, "stop_lat": 46.21634066, "stop_lon": 6.18152307, "zone_id": null, "stop_url": null, "location_type": 0, "parent_station": "Parent8592752", "active": true }, "geometry": { "type": "Point", "coordinates": [ 6.18152307, 46.21634066 ] } },
{ "type": "Feature", "properties": { "stop_id": "8592773", "stop_code": null, "stop_name": "Genève, 31-Décembre", "stop_desc": null, "stop_lat": 46.20170055, "stop_lon": 6.16211946, "zone_id": null, "stop_url": null, "location_type": 0, "parent_station": "Parent8592773", "active": true }, "geometry": { "type": "Point", "coordinates": [ 6.16211946, 46.20170055 ] } },
{ "type": "Feature", "properties": { "stop_id": "8592773:0:M", "stop_code": null, "stop_name": "Genève, 31-Décembre", "stop_desc": null, "stop_lat": 46.20167568, "stop_lon": 6.16187691, "zone_id": null, "stop_url": null, "location_type": 0, "parent_station": "Parent8592773", "active": true }, "geometry": { "type": "Point", "coordinates": [ 6.16187691, 46.20167568 ] } },
{ "type": "Feature", "properties": { "stop_id": "8592773:0:N", "stop_code": null, "stop_name": "Genève, 31-Décembre", "stop_desc": null, "stop_lat": 46.20168811, "stop_lon": 6.1623081, "zone_id": null, "stop_url": null, "location_type": 0, "parent_station": "Parent8592773", "active": true }, "geometry": { "type": "Point", "coordinates": [ 6.1623081, 46.20168811 ] } },
{ "type": "Feature", "properties": { "stop_id": "8592774", "stop_code": null, "stop_name": "Genève, Acacias", "stop_desc": null, "stop_lat": 46.192641, "stop_lon": 6.13829613, "zone_id": null, "stop_url": null, "location_type": 0, "parent_station": "Parent8592774", "active": true }, "geometry": { "type": "Point", "coordinates": [ 6.13829613, 46.192641 ] } },
{ "type": "Feature", "properties": { "stop_id": "8592774:0:E", "stop_code": null, "stop_name": "Genève, Acacias", "stop_desc": null, "stop_lat": 46.1925726, "stop_lon": 6.13804461, "zone_id": null, "stop_url": null, "location_type": 0, "parent_station": "Parent8592774", "active": true }, "geometry": { "type": "Point", "coordinates": [ 6.13804461, 46.1925726 ] } },
{ "type": "Feature", "properties": { "stop_id": "8592774:0:F", "stop_code": "ACAC01", "stop_name": "Genève, Acacias", "stop_desc": null, "stop_lat": 46.19274671, "stop_lon": 6.13851173, "zone_id": null, "stop_url": null, "location_type": 0, "parent_station": "Parent8592774", "active": true }, "geometry": { "type": "Point", "coordinates": [ 6.13851173, 46.19274671 ] } },
{ "type": "Feature", "properties": { "stop_id": "8592776", "stop_code": null, "stop_name": "Genève, Gos", "stop_desc": null, "stop_lat": 46.18790233, "stop_lon": 6.1547353, "zone_id": null, "stop_url": null, "location_type": 0, "parent_station": "Parent8592776", "active": true }, "geometry": { "type": "Point", "coordinates": [ 6.1547353, 46.18790233 ] } },
{ "type": "Feature", "properties": { "stop_id": "8592776:0:Q", "stop_code": null, "stop_name": "Genève, Gos", "stop_desc": null, "stop_lat": 46.18817596, "stop_lon": 6.15513056, "zone_id": null, "stop_url": null, "location_type": 0, "parent_station": "Parent8592776", "active": true }, "geometry": { "type": "Point", "coordinates": [ 6.15513056, 46.18817596 ] } },
{ "type": "Feature", "properties": { "stop_id": "8592776:0:R", "stop_code": "GOS01", "stop_name": "Genève, Gos", "stop_desc": null, "stop_lat": 46.18811377, "stop_lon": 6.15429513, "zone_id": null, "stop_url": null, "location_type": 0, "parent_station": "Parent8592776", "active": true }, "geometry": { "type": "Point", "coordinates": [ 6.15429513, 46.18811377 ] } },
{ "type": "Feature", "properties": { "stop_id": "8592777", "stop_code": null, "stop_name": "Genève, Alpes", "stop_desc": null, "stop_lat": 46.2090242, "stop_lon": 6.14718946, "zone_id": null, "stop_url": null, "location_type": 0, "parent_station": "Parent8592777", "active": true }, "geometry": { "type": "Point", "coordinates": [ 6.14718946, 46.2090242 ] } },
{ "type": "Feature", "properties": { "stop_id": "8592777:0:O", "stop_code": null, "stop_name": "Genève, Alpes", "stop_desc": null, "stop_lat": 46.20903663, "stop_lon": 6.14715352, "zone_id": null, "stop_url": null, "location_type": 0, "parent_station": "Parent8592777", "active": true }, "geometry": { "type": "Point", "coordinates": [ 6.14715352, 46.20903663 ] } },
{ "type": "Feature", "properties": { "stop_id": "8592778", "stop_code": null, "stop_name": "Genève, Amandolier", "stop_desc": null, "stop_lat": 46.20000938, "stop_lon": 6.16768003, "zone_id": null, "stop_url": null, "location_type": 0, "parent_station": "Parent8592778", "active": true }, "geometry": { "type": "Point", "coordinates": [ 6.16768003, 46.20000938 ] } },
{ "type": "Feature", "properties": { "stop_id": "8592778:0:I", "stop_code": null, "stop_name": "Genève, Amandolier", "stop_desc": null, "stop_lat": 46.2000529, "stop_lon": 6.16764409, "zone_id": null, "stop_url": null, "location_type": 0, "parent_station": "Parent8592778", "active": true }, "geometry": { "type": "Point", "coordinates": [ 6.16764409, 46.2000529 ] } },
{ "type": "Feature", "properties": { "stop_id": "8592778:0:J", "stop_code": "AMDO00", "stop_name": "Genève, Amandolier", "stop_desc": null, "stop_lat": 46.20000938, "stop_lon": 6.16839868, "zone_id": null, "stop_url": null, "location_type": 0, "parent_station": "Parent8592778", "active": true }, "geometry": { "type": "Point", "coordinates": [ 6.16839868, 46.20000938 ] } },
{ "type": "Feature", "properties": { "stop_id": "8592778:0:K", "stop_code": "AMDO02", "stop_name": "Genève, Amandolier", "stop_desc": null, "stop_lat": 46.1996301, "stop_lon": 6.16743748, "zone_id": null, "stop_url": null, "location_type": 0, "parent_station": "Parent8592778", "active": true }, "geometry": { "type": "Point", "coordinates": [ 6.16743748, 46.1996301 ] } },
{ "type": "Feature", "properties": { "stop_id": "8592778:0:L", "stop_code": "AMDO03", "stop_name": "Genève, Amandolier", "stop_desc": null, "stop_lat": 46.19947466, "stop_lon": 6.16731172, "zone_id": null, "stop_url": null, "location_type": 0, "parent_station": "Parent8592778", "active": true }, "geometry": { "type": "Point", "coordinates": [ 6.16731172, 46.19947466 ] } },
{ "type": "Feature", "properties": { "stop_id": "8592779", "stop_code": null, "stop_name": "Genève, Athénée", "stop_desc": null, "stop_lat": 46.1981565, "stop_lon": 6.1489232, "zone_id": null, "stop_url": null, "location_type": 0, "parent_station": "Parent8592779", "active": true }, "geometry": { "type": "Point", "coordinates": [ 6.1489232, 46.1981565 ] } },
{ "type": "Feature", "properties": { "stop_id": "8592779:0:I", "stop_code": null, "stop_name": "Genève, Athénée", "stop_desc": null, "stop_lat": 46.19818137, "stop_lon": 6.14869863, "zone_id": null, "stop_url": null, "location_type": 0, "parent_station": "Parent8592779", "active": true }, "geometry": { "type": "Point", "coordinates": [ 6.14869863, 46.19818137 ] } },
{ "type": "Feature", "properties": { "stop_id": "8592779:0:J", "stop_code": null, "stop_name": "Genève, Athénée", "stop_desc": null, "stop_lat": 46.19837412, "stop_lon": 6.14860879, "zone_id": null, "stop_url": null, "location_type": 0, "parent_station": "Parent8592779", "active": true }, "geometry": { "type": "Point", "coordinates": [ 6.14860879, 46.19837412 ] } },
{ "type": "Feature", "properties": { "stop_id": "8592779:0:K", "stop_code": null, "stop_name": "Genève, Athénée", "stop_desc": null, "stop_lat": 46.1982622, "stop_lon": 6.14909388, "zone_id": null, "stop_url": null, "location_type": 0, "parent_station": "Parent8592779", "active": true }, "geometry": { "type": "Point", "coordinates": [ 6.14909388, 46.1982622 ] } },
{ "type": "Feature", "properties": { "stop_id": "8592779:0:L", "stop_code": "ATHE04", "stop_name": "Genève, Athénée", "stop_desc": null, "stop_lat": 46.19836168, "stop_lon": 6.14956999, "zone_id": null, "stop_url": null, "location_type": 0, "parent_station": "Parent8592779", "active": true }, "geometry": { "type": "Point", "coordinates": [ 6.14956999, 46.19836168 ] } },
{ "type": "Feature", "properties": { "stop_id": "8592779:0:O", "stop_code": "ATHE00", "stop_name": "Genève, Athénée", "stop_desc": null, "stop_lat": 46.19846117, "stop_lon": 6.14878846, "zone_id": null, "stop_url": null, "location_type": 0, "parent_station": "Parent8592779", "active": true }, "geometry": { "type": "Point", "coordinates": [ 6.14878846, 46.19846117 ] } },
{ "type": "Feature", "properties": { "stop_id": "8592780", "stop_code": null, "stop_name": "Genève, Augustins", "stop_desc": null, "stop_lat": 46.19183881, "stop_lon": 6.14400044, "zone_id": null, "stop_url": null, "location_type": 0, "parent_station": "Parent8592780", "active": true }, "geometry": { "type": "Point", "coordinates": [ 6.14400044, 46.19183881 ] } },
{ "type": "Feature", "properties": { "stop_id": "8592780:0:E", "stop_code": "AUGS98", "stop_name": "Genève, Augustins", "stop_desc": null, "stop_lat": 46.19172688, "stop_lon": 6.1425811, "zone_id": null, "stop_url": null, "location_type": 0, "parent_station": "Parent8592780", "active": true }, "geometry": { "type": "Point", "coordinates": [ 6.1425811, 46.19172688 ] } },
{ "type": "Feature", "properties": { "stop_id": "8592780:0:F", "stop_code": "AUGS97", "stop_name": "Genève, Augustins", "stop_desc": null, "stop_lat": 46.1919694, "stop_lon": 6.14285958, "zone_id": null, "stop_url": null, "location_type": 0, "parent_station": "Parent8592780", "active": true }, "geometry": { "type": "Point", "coordinates": [ 6.14285958, 46.1919694 ] } },
{ "type": "Feature", "properties": { "stop_id": "8592780:0:W", "stop_code": null, "stop_name": "Genève, Augustins", "stop_desc": null, "stop_lat": 46.19178284, "stop_lon": 6.14382976, "zone_id": null, "stop_url": null, "location_type": 0, "parent_station": "Parent8592780", "active": true }, "geometry": { "type": "Point", "coordinates": [ 6.14382976, 46.19178284 ] } },
{ "type": "Feature", "properties": { "stop_id": "8592780:0:X", "stop_code": "AUGS00", "stop_name": "Genève, Augustins", "stop_desc": null, "stop_lat": 46.19219327, "stop_lon": 6.14392857, "zone_id": null, "stop_url": null, "location_type": 0, "parent_station": "Parent8592780", "active": true }, "geometry": { "type": "Point", "coordinates": [ 6.14392857, 46.19219327 ] } },
{ "type": "Feature", "properties": { "stop_id": "8592780:0:Y", "stop_code": "AUGS04", "stop_name": "Genève, Augustins", "stop_desc": null, "stop_lat": 46.19170822, "stop_lon": 6.14326382, "zone_id": null, "stop_url": null, "location_type": 0, "parent_station": "Parent8592780", "active": true }, "geometry": { "type": "Point", "coordinates": [ 6.14326382, 46.19170822 ] } },
{ "type": "Feature", "properties": { "stop_id": "8592780:0:Z", "stop_code": "AUGS02", "stop_name": "Genève, Augustins", "stop_desc": null, "stop_lat": 46.19166469, "stop_lon": 6.14438671, "zone_id": null, "stop_url": null, "location_type": 0, "parent_station": "Parent8592780", "active": true }, "geometry": { "type": "Point", "coordinates": [ 6.14438671, 46.19166469 ] } },
{ "type": "Feature", "properties": { "stop_id": "8592782", "stop_code": null, "stop_name": "Genève, Bains", "stop_desc": null, "stop_lat": 46.19974824, "stop_lon": 6.13754155, "zone_id": null, "stop_url": null, "location_type": 0, "parent_station": "Parent8592782", "active": true }, "geometry": { "type": "Point", "coordinates": [ 6.13754155, 46.19974824 ] } },
{ "type": "Feature", "properties": { "stop_id": "8592782:0:X", "stop_code": null, "stop_name": "Genève, Bains", "stop_desc": null, "stop_lat": 46.19983529, "stop_lon": 6.1376224, "zone_id": null, "stop_url": null, "location_type": 0, "parent_station": "Parent8592782", "active": true }, "geometry": { "type": "Point", "coordinates": [ 6.1376224, 46.19983529 ] } },
{ "type": "Feature", "properties": { "stop_id": "8592785", "stop_code": null, "stop_name": "Genève, Baulacre", "stop_desc": null, "stop_lat": 46.21646497, "stop_lon": 6.1392214, "zone_id": null, "stop_url": null, "location_type": 0, "parent_station": "Parent8592785", "active": true }, "geometry": { "type": "Point", "coordinates": [ 6.1392214, 46.21646497 ] } },
{ "type": "Feature", "properties": { "stop_id": "8592785:0:Y", "stop_code": "BCRE00", "stop_name": "Genève, Baulacre", "stop_desc": null, "stop_lat": 46.21653335, "stop_lon": 6.1390058, "zone_id": null, "stop_url": null, "location_type": 0, "parent_station": "Parent8592785", "active": true }, "geometry": { "type": "Point", "coordinates": [ 6.1390058, 46.21653335 ] } },
{ "type": "Feature", "properties": { "stop_id": "8592785:0:Z", "stop_code": null, "stop_name": "Genève, Baulacre", "stop_desc": null, "stop_lat": 46.21643389, "stop_lon": 6.13936513, "zone_id": null, "stop_url": null, "location_type": 0, "parent_station": "Parent8592785", "active": true }, "geometry": { "type": "Point", "coordinates": [ 6.13936513, 46.21643389 ] } },
{ "type": "Feature", "properties": { "stop_id": "8592786", "stop_code": null, "stop_name": "Genève, Beau-Séjour", "stop_desc": null, "stop_lat": 46.18878542, "stop_lon": 6.15045932, "zone_id": null, "stop_url": null, "location_type": 0, "parent_station": "Parent8592786", "active": true }, "geometry": { "type": "Point", "coordinates": [ 6.15045932, 46.18878542 ] } },
{ "type": "Feature", "properties": { "stop_id": "8592786:0:H", "stop_code": null, "stop_name": "Genève, Beau-Séjour", "stop_desc": null, "stop_lat": 46.18876676, "stop_lon": 6.15046831, "zone_id": null, "stop_url": null, "location_type": 0, "parent_station": "Parent8592786", "active": true }, "geometry": { "type": "Point", "coordinates": [ 6.15046831, 46.18876676 ] } },
{ "type": "Feature", "properties": { "stop_id": "8592789", "stop_code": null, "stop_name": "Genève, Blanche", "stop_desc": null, "stop_lat": 46.18882273, "stop_lon": 6.14303924, "zone_id": null, "stop_url": null, "location_type": 0, "parent_station": "Parent8592789", "active": true }, "geometry": { "type": "Point", "coordinates": [ 6.14303924, 46.18882273 ] } },
{ "type": "Feature", "properties": { "stop_id": "8592789:0:D", "stop_code": "BLAN00", "stop_name": "Genève, Blanche", "stop_desc": null, "stop_lat": 46.18919586, "stop_lon": 6.14315602, "zone_id": null, "stop_url": null, "location_type": 0, "parent_station": "Parent8592789", "active": true }, "geometry": { "type": "Point", "coordinates": [ 6.14315602, 46.18919586 ] } },
{ "type": "Feature", "properties": { "stop_id": "8592789:0:E", "stop_code": null, "stop_name": "Genève, Blanche", "stop_desc": null, "stop_lat": 46.1887481, "stop_lon": 6.14294042, "zone_id": null, "stop_url": null, "location_type": 0, "parent_station": "Parent8592789", "active": true }, "geometry": { "type": "Point", "coordinates": [ 6.14294042, 46.1887481 ] } },
{ "type": "Feature", "properties": { "stop_id": "8592789:0:N", "stop_code": "BLAN99", "stop_name": "Genève, Blanche", "stop_desc": null, "stop_lat": 46.18859263, "stop_lon": 6.1423116, "zone_id": null, "stop_url": null, "location_type": 0, "parent_station": "Parent8592789", "active": true }, "geometry": { "type": "Point", "coordinates": [ 6.1423116, 46.18859263 ] } },
{ "type": "Feature", "properties": { "stop_id": "8592789:0:P", "stop_code": "BLAN98", "stop_name": "Genève, Blanche", "stop_desc": null, "stop_lat": 46.18954412, "stop_lon": 6.14335365, "zone_id": null, "stop_url": null, "location_type": 0, "parent_station": "Parent8592789", "active": true }, "geometry": { "type": "Point", "coordinates": [ 6.14335365, 46.18954412 ] } },
{ "type": "Feature", "properties": { "stop_id": "8592791", "stop_code": null, "stop_name": "Vernier, Bouchet", "stop_desc": null, "stop_lat": 46.21642768, "stop_lon": 6.11808404, "zone_id": null, "stop_url": null, "location_type": 0, "parent_station": "Parent8592791", "active": true }, "geometry": { "type": "Point", "coordinates": [ 6.11808404, 46.21642768 ] } },
{ "type": "Feature", "properties": { "stop_id": "8592791:0:A", "stop_code": "BOHT02", "stop_name": "Vernier, Bouchet", "stop_desc": null, "stop_lat": 46.21627228, "stop_lon": 6.11838048, "zone_id": null, "stop_url": null, "location_type": 0, "parent_station": "Parent8592791", "active": true }, "geometry": { "type": "Point", "coordinates": [ 6.11838048, 46.21627228 ] } },
{ "type": "Feature", "properties": { "stop_id": "8592791:0:B", "stop_code": "BOHT01", "stop_name": "Vernier, Bouchet", "stop_desc": null, "stop_lat": 46.21652092, "stop_lon": 6.1176798, "zone_id": null, "stop_url": null, "location_type": 0, "parent_station": "Parent8592791", "active": true }, "geometry": { "type": "Point", "coordinates": [ 6.1176798, 46.21652092 ] } },
{ "type": "Feature", "properties": { "stop_id": "8592791:0:C", "stop_code": "BOHT00", "stop_name": "Vernier, Bouchet", "stop_desc": null, "stop_lat": 46.21667009, "stop_lon": 6.11791336, "zone_id": null, "stop_url": null, "location_type": 0, "parent_station": "Parent8592791", "active": true }, "geometry": { "type": "Point", "coordinates": [ 6.11791336, 46.21667009 ] } },
{ "type": "Feature", "properties": { "stop_id": "8592791:0:D", "stop_code": "BOHT03", "stop_name": "Vernier, Bouchet", "stop_desc": null, "stop_lat": 46.21681927, "stop_lon": 6.11713183, "zone_id": null, "stop_url": null, "location_type": 0, "parent_station": "Parent8592791", "active": true }, "geometry": { "type": "Point", "coordinates": [ 6.11713183, 46.21681927 ] } },
{ "type": "Feature", "properties": { "stop_id": "8592791:0:E", "stop_code": "BOHT04", "stop_name": "Vernier, Bouchet", "stop_desc": null, "stop_lat": 46.21587447, "stop_lon": 6.11845235, "zone_id": null, "stop_url": null, "location_type": 0, "parent_station": "Parent8592791", "active": true }, "geometry": { "type": "Point", "coordinates": [ 6.11845235, 46.21587447 ] } },
{ "type": "Feature", "properties": { "stop_id": "8592791:0:F", "stop_code": "BOHT05", "stop_name": "Vernier, Bouchet", "stop_desc": null, "stop_lat": 46.21652092, "stop_lon": 6.11928778, "zone_id": null, "stop_url": null, "location_type": 0, "parent_station": "Parent8592791", "active": true }, "geometry": { "type": "Point", "coordinates": [ 6.11928778, 46.21652092 ] } },
{ "type": "Feature", "properties": { "stop_id": "8592792:0:Q", "stop_code": null, "stop_name": "Genève, Bourg-de-Four", "stop_desc": null, "stop_lat": 46.20013995, "stop_lon": 6.14852795, "zone_id": null, "stop_url": null, "location_type": 0, "parent_station": "Parent8592792", "active": true }, "geometry": { "type": "Point", "coordinates": [ 6.14852795, 46.20013995 ] } },
{ "type": "Feature", "properties": { "stop_id": "8592793", "stop_code": null, "stop_name": "Genève, Bout-du-Monde", "stop_desc": null, "stop_lat": 46.18188201, "stop_lon": 6.15731347, "zone_id": null, "stop_url": null, "location_type": 0, "parent_station": "Parent8592793", "active": true }, "geometry": { "type": "Point", "coordinates": [ 6.15731347, 46.18188201 ] } },
{ "type": "Feature", "properties": { "stop_id": "8592793:0:A", "stop_code": "BMON00", "stop_name": "Genève, Bout-du-Monde", "stop_desc": null, "stop_lat": 46.18190067, "stop_lon": 6.15707991, "zone_id": null, "stop_url": null, "location_type": 0, "parent_station": "Parent8592793", "active": true }, "geometry": { "type": "Point", "coordinates": [ 6.15707991, 46.18190067 ] } },
{ "type": "Feature", "properties": { "stop_id": "8592793:0:B", "stop_code": "BMON01", "stop_name": "Genève, Bout-du-Monde", "stop_desc": null, "stop_lat": 46.18231116, "stop_lon": 6.15670261, "zone_id": null, "stop_url": null, "location_type": 0, "parent_station": "Parent8592793", "active": true }, "geometry": { "type": "Point", "coordinates": [ 6.15670261, 46.18231116 ] } },
{ "type": "Feature", "properties": { "stop_id": "8592793:0:C", "stop_code": null, "stop_name": "Genève, Bout-du-Monde", "stop_desc": null, "stop_lat": 46.1812165, "stop_lon": 6.15860704, "zone_id": null, "stop_url": null, "location_type": 0, "parent_station": "Parent8592793", "active": true }, "geometry": { "type": "Point", "coordinates": [ 6.15860704, 46.1812165 ] } },
{ "type": "Feature", "properties": { "stop_id": "8592794", "stop_code": null, "stop_name": "Genève, Bovy-Lysberg", "stop_desc": null, "stop_lat": 46.20238446, "stop_lon": 6.14294042, "zone_id": null, "stop_url": null, "location_type": 0, "parent_station": "Parent8592794", "active": true }, "geometry": { "type": "Point", "coordinates": [ 6.14294042, 46.20238446 ] } },
{ "type": "Feature", "properties": { "stop_id": "8592794:0:U", "stop_code": null, "stop_name": "Genève, Bovy-Lysberg", "stop_desc": null, "stop_lat": 46.20238446, "stop_lon": 6.14294042, "zone_id": null, "stop_url": null, "location_type": 0, "parent_station": "Parent8592794", "active": true }, "geometry": { "type": "Point", "coordinates": [ 6.14294042, 46.20238446 ] } },
{ "type": "Feature", "properties": { "stop_id": "8592795", "stop_code": null, "stop_name": "Genève, Butini", "stop_desc": null, "stop_lat": 46.21673225, "stop_lon": 6.14790811, "zone_id": null, "stop_url": null, "location_type": 0, "parent_station": "Parent8592795", "active": true }, "geometry": { "type": "Point", "coordinates": [ 6.14790811, 46.21673225 ] } },
{ "type": "Feature", "properties": { "stop_id": "8592795:0:C", "stop_code": "BTNI00", "stop_name": "Genève, Butini", "stop_desc": null, "stop_lat": 46.21701196, "stop_lon": 6.14797099, "zone_id": null, "stop_url": null, "location_type": 0, "parent_station": "Parent8592795", "active": true }, "geometry": { "type": "Point", "coordinates": [ 6.14797099, 46.21701196 ] } },
{ "type": "Feature", "properties": { "stop_id": "8592795:0:D", "stop_code": null, "stop_name": "Genève, Butini", "stop_desc": null, "stop_lat": 46.21662037, "stop_lon": 6.14772844, "zone_id": null, "stop_url": null, "location_type": 0, "parent_station": "Parent8592795", "active": true }, "geometry": { "type": "Point", "coordinates": [ 6.14772844, 46.21662037 ] } },
{ "type": "Feature", "properties": { "stop_id": "8592796", "stop_code": null, "stop_name": "Genève, Calas", "stop_desc": null, "stop_lat": 46.18996078, "stop_lon": 6.15247155, "zone_id": null, "stop_url": null, "location_type": 0, "parent_station": "Parent8592796", "active": true }, "geometry": { "type": "Point", "coordinates": [ 6.15247155, 46.18996078 ] } },
{ "type": "Feature", "properties": { "stop_id": "8592796:0:V", "stop_code": null, "stop_name": "Genève, Calas", "stop_desc": null, "stop_lat": 46.18971203, "stop_lon": 6.1522829, "zone_id": null, "stop_url": null, "location_type": 0, "parent_station": "Parent8592796", "active": true }, "geometry": { "type": "Point", "coordinates": [ 6.1522829, 46.18971203 ] } },
{ "type": "Feature", "properties": { "stop_id": "8592796:0:W", "stop_code": "CALA01", "stop_name": "Genève, Calas", "stop_desc": null, "stop_lat": 46.19017221, "stop_lon": 6.1526063, "zone_id": null, "stop_url": null, "location_type": 0, "parent_station": "Parent8592796", "active": true }, "geometry": { "type": "Point", "coordinates": [ 6.1526063, 46.19017221 ] } },
{ "type": "Feature", "properties": { "stop_id": "8592797", "stop_code": null, "stop_name": "Genève, Camille-Martin", "stop_desc": null, "stop_lat": 46.20627639, "stop_lon": 6.11803014, "zone_id": null, "stop_url": null, "location_type": 0, "parent_station": "Parent8592797", "active": true }, "geometry": { "type": "Point", "coordinates": [ 6.11803014, 46.20627639 ] } },
{ "type": "Feature", "properties": { "stop_id": "8592797:0:P", "stop_code": "CMAR00", "stop_name": "Genève, Camille-Martin", "stop_desc": null, "stop_lat": 46.20628261, "stop_lon": 6.11759895, "zone_id": null, "stop_url": null, "location_type": 0, "parent_station": "Parent8592797", "active": true }, "geometry": { "type": "Point", "coordinates": [ 6.11759895, 46.20628261 ] } },
{ "type": "Feature", "properties": { "stop_id": "8592797:0:Q", "stop_code": "CMAR01", "stop_name": "Genève, Camille-Martin", "stop_desc": null, "stop_lat": 46.20634478, "stop_lon": 6.11847032, "zone_id": null, "stop_url": null, "location_type": 0, "parent_station": "Parent8592797", "active": true }, "geometry": { "type": "Point", "coordinates": [ 6.11847032, 46.20634478 ] } },
{ "type": "Feature", "properties": { "stop_id": "8592798", "stop_code": null, "stop_name": "Genève, Canonnière", "stop_desc": null, "stop_lat": 46.2148302, "stop_lon": 6.13401117, "zone_id": null, "stop_url": null, "location_type": 0, "parent_station": "Parent8592798", "active": true }, "geometry": { "type": "Point", "coordinates": [ 6.13401117, 46.2148302 ] } },
{ "type": "Feature", "properties": { "stop_id": "8592798:0:H", "stop_code": null, "stop_name": "Genève, Canonnière", "stop_desc": null, "stop_lat": 46.2147121, "stop_lon": 6.13417287, "zone_id": null, "stop_url": null, "location_type": 0, "parent_station": "Parent8592798", "active": true }, "geometry": { "type": "Point", "coordinates": [ 6.13417287, 46.2147121 ] } },
{ "type": "Feature", "properties": { "stop_id": "8592798:0:I", "stop_code": "CANO01", "stop_name": "Genève, Canonnière", "stop_desc": null, "stop_lat": 46.21496074, "stop_lon": 6.13408304, "zone_id": null, "stop_url": null, "location_type": 0, "parent_station": "Parent8592798", "active": true }, "geometry": { "type": "Point", "coordinates": [ 6.13408304, 46.21496074 ] } },
{ "type": "Feature", "properties": { "stop_id": "8592799:0:V", "stop_code": null, "stop_name": "Genève, Cathédrale", "stop_desc": null, "stop_lat": 46.20146429, "stop_lon": 6.14781828, "zone_id": null, "stop_url": null, "location_type": 0, "parent_station": "Parent8592799", "active": true }, "geometry": { "type": "Point", "coordinates": [ 6.14781828, 46.20146429 ] } },
{ "type": "Feature", "properties": { "stop_id": "8592801", "stop_code": null, "stop_name": "Genève, Chantepoulet", "stop_desc": null, "stop_lat": 46.20815387, "stop_lon": 6.14355128, "zone_id": null, "stop_url": null, "location_type": 0, "parent_station": "Parent8592801", "active": true }, "geometry": { "type": "Point", "coordinates": [ 6.14355128, 46.20815387 ] } },
{ "type": "Feature", "properties": { "stop_id": "8592801:0:Q", "stop_code": null, "stop_name": "Genève, Chantepoulet", "stop_desc": null, "stop_lat": 46.20815387, "stop_lon": 6.14363213, "zone_id": null, "stop_url": null, "location_type": 0, "parent_station": "Parent8592801", "active": true }, "geometry": { "type": "Point", "coordinates": [ 6.14363213, 46.20815387 ] } },
{ "type": "Feature", "properties": { "stop_id": "8592802", "stop_code": null, "stop_name": "Genève, Charmilles", "stop_desc": null, "stop_lat": 46.2082782, "stop_lon": 6.12733669, "zone_id": null, "stop_url": null, "location_type": 0, "parent_station": "Parent8592802", "active": true }, "geometry": { "type": "Point", "coordinates": [ 6.12733669, 46.2082782 ] } },
{ "type": "Feature", "properties": { "stop_id": "8592802:0:U", "stop_code": "CHRM00", "stop_name": "Genève, Charmilles", "stop_desc": null, "stop_lat": 46.20848957, "stop_lon": 6.12784873, "zone_id": null, "stop_url": null, "location_type": 0, "parent_station": "Parent8592802", "active": true }, "geometry": { "type": "Point", "coordinates": [ 6.12784873, 46.20848957 ] } },
{ "type": "Feature", "properties": { "stop_id": "8592802:0:V", "stop_code": "CHRM01", "stop_name": "Genève, Charmilles", "stop_desc": null, "stop_lat": 46.20832794, "stop_lon": 6.12822602, "zone_id": null, "stop_url": null, "location_type": 0, "parent_station": "Parent8592802", "active": true }, "geometry": { "type": "Point", "coordinates": [ 6.12822602, 46.20832794 ] } },
{ "type": "Feature", "properties": { "stop_id": "8592802:0:W", "stop_code": "CHRM02", "stop_name": "Genève, Charmilles", "stop_desc": null, "stop_lat": 46.20765653, "stop_lon": 6.12717499, "zone_id": null, "stop_url": null, "location_type": 0, "parent_station": "Parent8592802", "active": true }, "geometry": { "type": "Point", "coordinates": [ 6.12717499, 46.20765653 ] } },
{ "type": "Feature", "properties": { "stop_id": "8592802:0:X", "stop_code": "CHRM03", "stop_name": "Genève, Charmilles", "stop_desc": null, "stop_lat": 46.20772491, "stop_lon": 6.12740855, "zone_id": null, "stop_url": null, "location_type": 0, "parent_station": "Parent8592802", "active": true }, "geometry": { "type": "Point", "coordinates": [ 6.12740855, 46.20772491 ] } },
{ "type": "Feature", "properties": { "stop_id": "8592803", "stop_code": "CBRI00", "stop_name": "Genève, De-Chateaubriand", "stop_desc": null, "stop_lat": 46.21678819, "stop_lon": 6.15107018, "zone_id": null, "stop_url": null, "location_type": 0, "parent_station": "Parent8592803", "active": true }, "geometry": { "type": "Point", "coordinates": [ 6.15107018, 46.21678819 ] } },
{ "type": "Feature", "properties": { "stop_id": "8592803:0:E", "stop_code": null, "stop_name": "Genève, De-Chateaubriand", "stop_desc": null, "stop_lat": 46.21676955, "stop_lon": 6.15117798, "zone_id": null, "stop_url": null, "location_type": 0, "parent_station": "Parent8592803", "active": true }, "geometry": { "type": "Point", "coordinates": [ 6.15117798, 46.21676955 ] } },
{ "type": "Feature", "properties": { "stop_id": "8592803:0:F", "stop_code": null, "stop_name": "Genève, De-Chateaubriand", "stop_desc": null, "stop_lat": 46.21681306, "stop_lon": 6.15090848, "zone_id": null, "stop_url": null, "location_type": 0, "parent_station": "Parent8592803", "active": true }, "geometry": { "type": "Point", "coordinates": [ 6.15090848, 46.21681306 ] } },
{ "type": "Feature", "properties": { "stop_id": "8592804", "stop_code": null, "stop_name": "Genève, Cirque", "stop_desc": null, "stop_lat": 46.20108502, "stop_lon": 6.14032633, "zone_id": null, "stop_url": null, "location_type": 0, "parent_station": "Parent8592804", "active": true }, "geometry": { "type": "Point", "coordinates": [ 6.14032633, 46.20108502 ] } },
{ "type": "Feature", "properties": { "stop_id": "8592804:0:P", "stop_code": "CIRQ01", "stop_name": "Genève, Cirque", "stop_desc": null, "stop_lat": 46.20080523, "stop_lon": 6.1406048, "zone_id": null, "stop_url": null, "location_type": 0, "parent_station": "Parent8592804", "active": true }, "geometry": { "type": "Point", "coordinates": [ 6.1406048, 46.20080523 ] } },
{ "type": "Feature", "properties": { "stop_id": "8592804:0:Q", "stop_code": "CIRQ02", "stop_name": "Genève, Cirque", "stop_desc": null, "stop_lat": 46.20035135, "stop_lon": 6.14083837, "zone_id": null, "stop_url": null, "location_type": 0, "parent_station": "Parent8592804", "active": true }, "geometry": { "type": "Point", "coordinates": [ 6.14083837, 46.20035135 ] } },
{ "type": "Feature", "properties": { "stop_id": "8592804:0:R", "stop_code": "CIRQ00", "stop_name": "Genève, Cirque", "stop_desc": null, "stop_lat": 46.20075549, "stop_lon": 6.139967, "zone_id": null, "stop_url": null, "location_type": 0, "parent_station": "Parent8592804", "active": true }, "geometry": { "type": "Point", "coordinates": [ 6.139967, 46.20075549 ] } },
{ "type": "Feature", "properties": { "stop_id": "8592804:0:S", "stop_code": "CIRQ04", "stop_name": "Genève, Cirque", "stop_desc": null, "stop_lat": 46.20129641, "stop_lon": 6.139967, "zone_id": null, "stop_url": null, "location_type": 0, "parent_station": "Parent8592804", "active": true }, "geometry": { "type": "Point", "coordinates": [ 6.139967, 46.20129641 ] } },
{ "type": "Feature", "properties": { "stop_id": "8592804:0:T", "stop_code": "CIRQ03", "stop_name": "Genève, Cirque", "stop_desc": null, "stop_lat": 46.20145185, "stop_lon": 6.13948191, "zone_id": null, "stop_url": null, "location_type": 0, "parent_station": "Parent8592804", "active": true }, "geometry": { "type": "Point", "coordinates": [ 6.13948191, 46.20145185 ] } },
{ "type": "Feature", "properties": { "stop_id": "8592805", "stop_code": null, "stop_name": "Genève, Place Claparède", "stop_desc": null, "stop_lat": 46.19570661, "stop_lon": 6.15072882, "zone_id": null, "stop_url": null, "location_type": 0, "parent_station": "Parent8592805", "active": true }, "geometry": { "type": "Point", "coordinates": [ 6.15072882, 46.19570661 ] } },
{ "type": "Feature", "properties": { "stop_id": "8592805:0:N", "stop_code": "CLAP00", "stop_name": "Genève, Place Claparède", "stop_desc": null, "stop_lat": 46.19552629, "stop_lon": 6.15076475, "zone_id": null, "stop_url": null, "location_type": 0, "parent_station": "Parent8592805", "active": true }, "geometry": { "type": "Point", "coordinates": [ 6.15076475, 46.19552629 ] } },
{ "type": "Feature", "properties": { "stop_id": "8592805:0:O", "stop_code": "CLAP01", "stop_name": "Genève, Place Claparède", "stop_desc": null, "stop_lat": 46.1963906, "stop_lon": 6.15039644, "zone_id": null, "stop_url": null, "location_type": 0, "parent_station": "Parent8592805", "active": true }, "geometry": { "type": "Point", "coordinates": [ 6.15039644, 46.1963906 ] } },
{ "type": "Feature", "properties": { "stop_id": "8592805:0:P", "stop_code": "CLAP02", "stop_name": "Genève, Place Claparède", "stop_desc": null, "stop_lat": 46.19505993, "stop_lon": 6.15116001, "zone_id": null, "stop_url": null, "location_type": 0, "parent_station": "Parent8592805", "active": true }, "geometry": { "type": "Point", "coordinates": [ 6.15116001, 46.19505993 ] } },
{ "type": "Feature", "properties": { "stop_id": "8592806", "stop_code": null, "stop_name": "Genève, Clinique Générale", "stop_desc": null, "stop_lat": 46.19001675, "stop_lon": 6.16140979, "zone_id": null, "stop_url": null, "location_type": 0, "parent_station": "Parent8592806", "active": true }, "geometry": { "type": "Point", "coordinates": [ 6.16140979, 46.19001675 ] } },
{ "type": "Feature", "properties": { "stop_id": "8592806:0:M", "stop_code": "BSOL00", "stop_name": "Genève, Clinique Générale", "stop_desc": null, "stop_lat": 46.19020331, "stop_lon": 6.16175115, "zone_id": null, "stop_url": null, "location_type": 0, "parent_station": "Parent8592806", "active": true }, "geometry": { "type": "Point", "coordinates": [ 6.16175115, 46.19020331 ] } },
{ "type": "Feature", "properties": { "stop_id": "8592806:0:N", "stop_code": "BSOL01", "stop_name": "Genève, Clinique Générale", "stop_desc": null, "stop_lat": 46.18978665, "stop_lon": 6.16095165, "zone_id": null, "stop_url": null, "location_type": 0, "parent_station": "Parent8592806", "active": true }, "geometry": { "type": "Point", "coordinates": [ 6.16095165, 46.18978665 ] } },
{ "type": "Feature", "properties": { "stop_id": "8592808", "stop_code": null, "stop_name": "Genève, Colladon", "stop_desc": null, "stop_lat": 46.22310301, "stop_lon": 6.12345597, "zone_id": null, "stop_url": null, "location_type": 0, "parent_station": "Parent8592808", "active": true }, "geometry": { "type": "Point", "coordinates": [ 6.12345597, 46.22310301 ] } },
{ "type": "Feature", "properties": { "stop_id": "8592808:0:C", "stop_code": "CODN99", "stop_name": "Genève, Colladon", "stop_desc": null, "stop_lat": 46.22296006, "stop_lon": 6.12376139, "zone_id": null, "stop_url": null, "location_type": 0, "parent_station": "Parent8592808", "active": true }, "geometry": { "type": "Point", "coordinates": [ 6.12376139, 46.22296006 ] } },
{ "type": "Feature", "properties": { "stop_id": "8592808:0:D", "stop_code": "CODN01", "stop_name": "Genève, Colladon", "stop_desc": null, "stop_lat": 46.22327081, "stop_lon": 6.12314156, "zone_id": null, "stop_url": null, "location_type": 0, "parent_station": "Parent8592808", "active": true }, "geometry": { "type": "Point", "coordinates": [ 6.12314156, 46.22327081 ] } },
{ "type": "Feature", "properties": { "stop_id": "8592809", "stop_code": null, "stop_name": "Genève, Collège Rousseau", "stop_desc": null, "stop_lat": 46.21818671, "stop_lon": 6.12108441, "zone_id": null, "stop_url": null, "location_type": 0, "parent_station": "Parent8592809", "active": true }, "geometry": { "type": "Point", "coordinates": [ 6.12108441, 46.21818671 ] } },
{ "type": "Feature", "properties": { "stop_id": "8592809:0:G", "stop_code": "ROUS00", "stop_name": "Genève, Collège Rousseau", "stop_desc": null, "stop_lat": 46.21799403, "stop_lon": 6.12080594, "zone_id": null, "stop_url": null, "location_type": 0, "parent_station": "Parent8592809", "active": true }, "geometry": { "type": "Point", "coordinates": [ 6.12080594, 46.21799403 ] } },
{ "type": "Feature", "properties": { "stop_id": "8592809:0:H", "stop_code": "ROUS01", "stop_name": "Genève, Collège Rousseau", "stop_desc": null, "stop_lat": 46.21829859, "stop_lon": 6.12132696, "zone_id": null, "stop_url": null, "location_type": 0, "parent_station": "Parent8592809", "active": true }, "geometry": { "type": "Point", "coordinates": [ 6.12132696, 46.21829859 ] } },
{ "type": "Feature", "properties": { "stop_id": "8592810", "stop_code": null, "stop_name": "Genève, Contamines", "stop_desc": null, "stop_lat": 46.19601752, "stop_lon": 6.15616363, "zone_id": null, "stop_url": null, "location_type": 0, "parent_station": "Parent8592810", "active": true }, "geometry": { "type": "Point", "coordinates": [ 6.15616363, 46.19601752 ] } },
{ "type": "Feature", "properties": { "stop_id": "8592810:0:O", "stop_code": "CTMI03", "stop_name": "Genève, Contamines", "stop_desc": null, "stop_lat": 46.19583098, "stop_lon": 6.15593006, "zone_id": null, "stop_url": null, "location_type": 0, "parent_station": "Parent8592810", "active": true }, "geometry": { "type": "Point", "coordinates": [ 6.15593006, 46.19583098 ] } },
{ "type": "Feature", "properties": { "stop_id": "8592810:0:P", "stop_code": null, "stop_name": "Genève, Contamines", "stop_desc": null, "stop_lat": 46.19630355, "stop_lon": 6.15534616, "zone_id": null, "stop_url": null, "location_type": 0, "parent_station": "Parent8592810", "active": true }, "geometry": { "type": "Point", "coordinates": [ 6.15534616, 46.19630355 ] } },
{ "type": "Feature", "properties": { "stop_id": "8592810:0:Q", "stop_code": "CTMI00", "stop_name": "Genève, Contamines", "stop_desc": null, "stop_lat": 46.1963222, "stop_lon": 6.15633431, "zone_id": null, "stop_url": null, "location_type": 0, "parent_station": "Parent8592810", "active": true }, "geometry": { "type": "Point", "coordinates": [ 6.15633431, 46.1963222 ] } },
{ "type": "Feature", "properties": { "stop_id": "8592810:0:R", "stop_code": "CTMI01", "stop_name": "Genève, Contamines", "stop_desc": null, "stop_lat": 46.19575636, "stop_lon": 6.15633431, "zone_id": null, "stop_url": null, "location_type": 0, "parent_station": "Parent8592810", "active": true }, "geometry": { "type": "Point", "coordinates": [ 6.15633431, 46.19575636 ] } },
{ "type": "Feature", "properties": { "stop_id": "8592811", "stop_code": null, "stop_name": "Genève, Contrat-Social", "stop_desc": null, "stop_lat": 46.20640695, "stop_lon": 6.12248579, "zone_id": null, "stop_url": null, "location_type": 0, "parent_station": "Parent8592811", "active": true }, "geometry": { "type": "Point", "coordinates": [ 6.12248579, 46.20640695 ] } },
{ "type": "Feature", "properties": { "stop_id": "8592811:0:M", "stop_code": "SOCI00", "stop_name": "Genève, Contrat-Social", "stop_desc": null, "stop_lat": 46.20676752, "stop_lon": 6.12219832, "zone_id": null, "stop_url": null, "location_type": 0, "parent_station": "Parent8592811", "active": true }, "geometry": { "type": "Point", "coordinates": [ 6.12219832, 46.20676752 ] } },
{ "type": "Feature", "properties": { "stop_id": "8592811:0:N", "stop_code": "SOCI01", "stop_name": "Genève, Contrat-Social", "stop_desc": null, "stop_lat": 46.20607745, "stop_lon": 6.12272833, "zone_id": null, "stop_url": null, "location_type": 0, "parent_station": "Parent8592811", "active": true }, "geometry": { "type": "Point", "coordinates": [ 6.12272833, 46.20607745 ] } },
{ "type": "Feature", "properties": { "stop_id": "8592812", "stop_code": null, "stop_name": "Genève, Coutance", "stop_desc": null, "stop_lat": 46.20744516, "stop_lon": 6.14219482, "zone_id": null, "stop_url": null, "location_type": 0, "parent_station": "Parent8592812", "active": true }, "geometry": { "type": "Point", "coordinates": [ 6.14219482, 46.20744516 ] } },
{ "type": "Feature", "properties": { "stop_id": "8592812:0:W", "stop_code": null, "stop_name": "Genève, Coutance", "stop_desc": null, "stop_lat": 46.20725244, "stop_lon": 6.14192533, "zone_id": null, "stop_url": null, "location_type": 0, "parent_station": "Parent8592812", "active": true }, "geometry": { "type": "Point", "coordinates": [ 6.14192533, 46.20725244 ] } },
{ "type": "Feature", "properties": { "stop_id": "8592812:0:X", "stop_code": null, "stop_name": "Genève, Coutance", "stop_desc": null, "stop_lat": 46.20760058, "stop_lon": 6.1423655, "zone_id": null, "stop_url": null, "location_type": 0, "parent_station": "Parent8592812", "active": true }, "geometry": { "type": "Point", "coordinates": [ 6.1423655, 46.20760058 ] } },
{ "type": "Feature", "properties": { "stop_id": "8592812:0:Y", "stop_code": null, "stop_name": "Genève, Coutance", "stop_desc": null, "stop_lat": 46.20725244, "stop_lon": 6.14200618, "zone_id": null, "stop_url": null, "location_type": 0, "parent_station": "Parent8592812", "active": true }, "geometry": { "type": "Point", "coordinates": [ 6.14200618, 46.20725244 ] } },
{ "type": "Feature", "properties": { "stop_id": "8592812:0:Z", "stop_code": null, "stop_name": "Genève, Coutance", "stop_desc": null, "stop_lat": 46.20761301, "stop_lon": 6.14229364, "zone_id": null, "stop_url": null, "location_type": 0, "parent_station": "Parent8592812", "active": true }, "geometry": { "type": "Point", "coordinates": [ 6.14229364, 46.20761301 ] } },
{ "type": "Feature", "properties": { "stop_id": "8592813", "stop_code": null, "stop_name": "Genève, Crêts-de-Champel", "stop_desc": null, "stop_lat": 46.18716226, "stop_lon": 6.15891247, "zone_id": null, "stop_url": null, "location_type": 0, "parent_station": "Parent8592813", "active": true }, "geometry": { "type": "Point", "coordinates": [ 6.15891247, 46.18716226 ] } },
{ "type": "Feature", "properties": { "stop_id": "8592813:0:S", "stop_code": "CCHA00", "stop_name": "Genève, Crêts-de-Champel", "stop_desc": null, "stop_lat": 46.18707519, "stop_lon": 6.1592718, "zone_id": null, "stop_url": null, "location_type": 0, "parent_station": "Parent8592813", "active": true }, "geometry": { "type": "Point", "coordinates": [ 6.1592718, 46.18707519 ] } },
{ "type": "Feature", "properties": { "stop_id": "8592813:0:T", "stop_code": null, "stop_name": "Genève, Crêts-de-Champel", "stop_desc": null, "stop_lat": 46.18707519, "stop_lon": 6.15868789, "zone_id": null, "stop_url": null, "location_type": 0, "parent_station": "Parent8592813", "active": true }, "geometry": { "type": "Point", "coordinates": [ 6.15868789, 46.18707519 ] } },
{ "type": "Feature", "properties": { "stop_id": "8592813:0:U", "stop_code": "CCHA02", "stop_name": "Genève, Crêts-de-Champel", "stop_desc": null, "stop_lat": 46.18723689, "stop_lon": 6.15856213, "zone_id": null, "stop_url": null, "location_type": 0, "parent_station": "Parent8592813", "active": true }, "geometry": { "type": "Point", "coordinates": [ 6.15856213, 46.18723689 ] } },
{ "type": "Feature", "properties": { "stop_id": "8592816", "stop_code": null, "stop_name": "Genève, Délices", "stop_desc": null, "stop_lat": 46.20542467, "stop_lon": 6.13222352, "zone_id": null, "stop_url": null, "location_type": 0, "parent_station": "Parent8592816", "active": true }, "geometry": { "type": "Point", "coordinates": [ 6.13222352, 46.20542467 ] } },
{ "type": "Feature", "properties": { "stop_id": "8592816:0:G", "stop_code": null, "stop_name": "Genève, Délices", "stop_desc": null, "stop_lat": 46.20538115, "stop_lon": 6.13199894, "zone_id": null, "stop_url": null, "location_type": 0, "parent_station": "Parent8592816", "active": true }, "geometry": { "type": "Point", "coordinates": [ 6.13199894, 46.20538115 ] } },
{ "type": "Feature", "properties": { "stop_id": "8592816:0:H", "stop_code": null, "stop_name": "Genève, Délices", "stop_desc": null, "stop_lat": 46.20532519, "stop_lon": 6.13230437, "zone_id": null, "stop_url": null, "location_type": 0, "parent_station": "Parent8592816", "active": true }, "geometry": { "type": "Point", "coordinates": [ 6.13230437, 46.20532519 ] } },
{ "type": "Feature", "properties": { "stop_id": "8592816:0:I", "stop_code": "DELC02", "stop_name": "Genève, Délices", "stop_desc": null, "stop_lat": 46.20597176, "stop_lon": 6.13195403, "zone_id": null, "stop_url": null, "location_type": 0, "parent_station": "Parent8592816", "active": true }, "geometry": { "type": "Point", "coordinates": [ 6.13195403, 46.20597176 ] } },
{ "type": "Feature", "properties": { "stop_id": "8592816:0:J", "stop_code": "DELC03", "stop_name": "Genève, Délices", "stop_desc": null, "stop_lat": 46.2052195, "stop_lon": 6.13190013, "zone_id": null, "stop_url": null, "location_type": 0, "parent_station": "Parent8592816", "active": true }, "geometry": { "type": "Point", "coordinates": [ 6.13190013, 46.2052195 ] } },
{ "type": "Feature", "properties": { "stop_id": "8592818", "stop_code": null, "stop_name": "Genève, Dôle", "stop_desc": null, "stop_lat": 46.20874445, "stop_lon": 6.1314869, "zone_id": null, "stop_url": null, "location_type": 0, "parent_station": "Parent8592818", "active": true }, "geometry": { "type": "Point", "coordinates": [ 6.1314869, 46.20874445 ] } },
{ "type": "Feature", "properties": { "stop_id": "8592818:0:R", "stop_code": null, "stop_name": "Genève, Dôle", "stop_desc": null, "stop_lat": 46.20882527, "stop_lon": 6.13140606, "zone_id": null, "stop_url": null, "location_type": 0, "parent_station": "Parent8592818", "active": true }, "geometry": { "type": "Point", "coordinates": [ 6.13140606, 46.20882527 ] } },
{ "type": "Feature", "properties": { "stop_id": "8592818:0:S", "stop_code": null, "stop_name": "Genève, Dôle", "stop_desc": null, "stop_lat": 46.2086885, "stop_lon": 6.13161267, "zone_id": null, "stop_url": null, "location_type": 0, "parent_station": "Parent8592818", "active": true }, "geometry": { "type": "Point", "coordinates": [ 6.13161267, 46.2086885 ] } },
{ "type": "Feature", "properties": { "stop_id": "8592819", "stop_code": null, "stop_name": "Genève, Ecole-de-Médecine", "stop_desc": null, "stop_lat": 46.19760932, "stop_lon": 6.13930225, "zone_id": null, "stop_url": null, "location_type": 0, "parent_station": "Parent8592819", "active": true }, "geometry": { "type": "Point", "coordinates": [ 6.13930225, 46.19760932 ] } },
{ "type": "Feature", "properties": { "stop_id": "8592819:0:L", "stop_code": null, "stop_name": "Genève, Ecole-de-Médecine", "stop_desc": null, "stop_lat": 46.19759067, "stop_lon": 6.13930225, "zone_id": null, "stop_url": null, "location_type": 0, "parent_station": "Parent8592819", "active": true }, "geometry": { "type": "Point", "coordinates": [ 6.13930225, 46.19759067 ] } },
{ "type": "Feature", "properties": { "stop_id": "8592819:0:M", "stop_code": "EMED02", "stop_name": "Genève, Ecole-de-Médecine", "stop_desc": null, "stop_lat": 46.19710567, "stop_lon": 6.13755053, "zone_id": null, "stop_url": null, "location_type": 0, "parent_station": "Parent8592819", "active": true }, "geometry": { "type": "Point", "coordinates": [ 6.13755053, 46.19710567 ] } },
{ "type": "Feature", "properties": { "stop_id": "8592820:0:E", "stop_code": null, "stop_name": "Genève, Eglise Russe", "stop_desc": null, "stop_lat": 46.19841764, "stop_lon": 6.15277698, "zone_id": null, "stop_url": null, "location_type": 0, "parent_station": "Parent8592820", "active": true }, "geometry": { "type": "Point", "coordinates": [ 6.15277698, 46.19841764 ] } },
{ "type": "Feature", "properties": { "stop_id": "8592822", "stop_code": null, "stop_name": "Genève, Epinettes", "stop_desc": null, "stop_lat": 46.19073812, "stop_lon": 6.13596051, "zone_id": null, "stop_url": null, "location_type": 0, "parent_station": "Parent8592822", "active": true }, "geometry": { "type": "Point", "coordinates": [ 6.13596051, 46.19073812 ] } },
{ "type": "Feature", "properties": { "stop_id": "8592822:0:J", "stop_code": "EPIN02", "stop_name": "Genève, Epinettes", "stop_desc": null, "stop_lat": 46.19063862, "stop_lon": 6.13672408, "zone_id": null, "stop_url": null, "location_type": 0, "parent_station": "Parent8592822", "active": true }, "geometry": { "type": "Point", "coordinates": [ 6.13672408, 46.19063862 ] } },
{ "type": "Feature", "properties": { "stop_id": "8592822:0:K", "stop_code": "EPIN03", "stop_name": "Genève, Epinettes", "stop_desc": null, "stop_lat": 46.19066349, "stop_lon": 6.13534966, "zone_id": null, "stop_url": null, "location_type": 0, "parent_station": "Parent8592822", "active": true }, "geometry": { "type": "Point", "coordinates": [ 6.13534966, 46.19066349 ] } },
{ "type": "Feature", "properties": { "stop_id": "8592823", "stop_code": null, "stop_name": "Genève, Florence", "stop_desc": null, "stop_lat": 46.19410854, "stop_lon": 6.17201889, "zone_id": null, "stop_url": null, "location_type": 0, "parent_station": "Parent8592823", "active": true }, "geometry": { "type": "Point", "coordinates": [ 6.17201889, 46.19410854 ] } },
{ "type": "Feature", "properties": { "stop_id": "8592823:0:V", "stop_code": null, "stop_name": "Genève, Florence", "stop_desc": null, "stop_lat": 46.19412719, "stop_lon": 6.17205482, "zone_id": null, "stop_url": null, "location_type": 0, "parent_station": "Parent8592823", "active": true }, "geometry": { "type": "Point", "coordinates": [ 6.17205482, 46.19412719 ] } },
{ "type": "Feature", "properties": { "stop_id": "8592823:0:W", "stop_code": null, "stop_name": "Genève, Florence", "stop_desc": null, "stop_lat": 46.19406501, "stop_lon": 6.17189313, "zone_id": null, "stop_url": null, "location_type": 0, "parent_station": "Parent8592823", "active": true }, "geometry": { "type": "Point", "coordinates": [ 6.17189313, 46.19406501 ] } },
{ "type": "Feature", "properties": { "stop_id": "8592824", "stop_code": null, "stop_name": "Genève, Florissant", "stop_desc": null, "stop_lat": 46.19696266, "stop_lon": 6.15373817, "zone_id": null, "stop_url": null, "location_type": 0, "parent_station": "Parent8592824", "active": true }, "geometry": { "type": "Point", "coordinates": [ 6.15373817, 46.19696266 ] } },
{ "type": "Feature", "properties": { "stop_id": "8592824:0:S", "stop_code": "FLRI00", "stop_name": "Genève, Florissant", "stop_desc": null, "stop_lat": 46.19724247, "stop_lon": 6.15384597, "zone_id": null, "stop_url": null, "location_type": 0, "parent_station": "Parent8592824", "active": true }, "geometry": { "type": "Point", "coordinates": [ 6.15384597, 46.19724247 ] } },
{ "type": "Feature", "properties": { "stop_id": "8592824:0:T", "stop_code": "FLRI01", "stop_name": "Genève, Florissant", "stop_desc": null, "stop_lat": 46.19664554, "stop_lon": 6.15405258, "zone_id": null, "stop_url": null, "location_type": 0, "parent_station": "Parent8592824", "active": true }, "geometry": { "type": "Point", "coordinates": [ 6.15405258, 46.19664554 ] } },
{ "type": "Feature", "properties": { "stop_id": "8592825", "stop_code": null, "stop_name": "Genève, Maison de la Paix", "stop_desc": null, "stop_lat": 46.22002649, "stop_lon": 6.14565334, "zone_id": null, "stop_url": null, "location_type": 0, "parent_station": "Parent8592825", "active": true }, "geometry": { "type": "Point", "coordinates": [ 6.14565334, 46.22002649 ] } },
{ "type": "Feature", "properties": { "stop_id": "8592825:0:W", "stop_code": "MAPA00", "stop_name": "Genève, Maison de la Paix", "stop_desc": null, "stop_lat": 46.22012594, "stop_lon": 6.14539282, "zone_id": null, "stop_url": null, "location_type": 0, "parent_station": "Parent8592825", "active": true }, "geometry": { "type": "Point", "coordinates": [ 6.14539282, 46.22012594 ] } },
{ "type": "Feature", "properties": { "stop_id": "8592825:0:X", "stop_code": null, "stop_name": "Genève, Maison de la Paix", "stop_desc": null, "stop_lat": 46.21997055, "stop_lon": 6.14585097, "zone_id": null, "stop_url": null, "location_type": 0, "parent_station": "Parent8592825", "active": true }, "geometry": { "type": "Point", "coordinates": [ 6.14585097, 46.21997055 ] } },
{ "type": "Feature", "properties": { "stop_id": "8592826", "stop_code": null, "stop_name": "Genève, Franchises", "stop_desc": null, "stop_lat": 46.21315809, "stop_lon": 6.11937761, "zone_id": null, "stop_url": null, "location_type": 0, "parent_station": "Parent8592826", "active": true }, "geometry": { "type": "Point", "coordinates": [ 6.11937761, 46.21315809 ] } },
{ "type": "Feature", "properties": { "stop_id": "8592826:0:I", "stop_code": null, "stop_name": "Genève, Franchises", "stop_desc": null, "stop_lat": 46.21325755, "stop_lon": 6.11935066, "zone_id": null, "stop_url": null, "location_type": 0, "parent_station": "Parent8592826", "active": true }, "geometry": { "type": "Point", "coordinates": [ 6.11935066, 46.21325755 ] } },
{ "type": "Feature", "properties": { "stop_id": "8592826:0:J", "stop_code": null, "stop_name": "Genève, Franchises", "stop_desc": null, "stop_lat": 46.2130462, "stop_lon": 6.11937761, "zone_id": null, "stop_url": null, "location_type": 0, "parent_station": "Parent8592826", "active": true }, "geometry": { "type": "Point", "coordinates": [ 6.11937761, 46.2130462 ] } },
{ "type": "Feature", "properties": { "stop_id": "8592829", "stop_code": "GAEV03", "stop_name": "Genève-Eaux-Vives, gare", "stop_desc": null, "stop_lat": 46.20008399, "stop_lon": 6.16452694, "zone_id": null, "stop_url": null, "location_type": 0, "parent_station": "Parent8592829", "active": true }, "geometry": { "type": "Point", "coordinates": [ 6.16452694, 46.20008399 ] } },
{ "type": "Feature", "properties": { "stop_id": "8592829:0:10000", "stop_code": "GAEV99", "stop_name": "Genève-Eaux-Vives, gare", "stop_desc": null, "stop_lat": 46.19859174, "stop_lon": 6.16327828, "zone_id": null, "stop_url": null, "location_type": 0, "parent_station": "Parent8592829", "active": true }, "geometry": { "type": "Point", "coordinates": [ 6.16327828, 46.19859174 ] } },
{ "type": "Feature", "properties": { "stop_id": "8592829:0:A", "stop_code": "GAEV98", "stop_name": "Genève-Eaux-Vives, gare", "stop_desc": null, "stop_lat": 46.20013373, "stop_lon": 6.16394304, "zone_id": null, "stop_url": null, "location_type": 0, "parent_station": "Parent8592829", "active": true }, "geometry": { "type": "Point", "coordinates": [ 6.16394304, 46.20013373 ] } },
{ "type": "Feature", "properties": { "stop_id": "8592829:0:B", "stop_code": null, "stop_name": "Genève-Eaux-Vives, gare", "stop_desc": null, "stop_lat": 46.20009021, "stop_lon": 6.16478745, "zone_id": null, "stop_url": null, "location_type": 0, "parent_station": "Parent8592829", "active": true }, "geometry": { "type": "Point", "coordinates": [ 6.16478745, 46.20009021 ] } },
{ "type": "Feature", "properties": { "stop_id": "8592829:0:C", "stop_code": "GAEV00", "stop_name": "Genève-Eaux-Vives, gare", "stop_desc": null, "stop_lat": 46.20048192, "stop_lon": 6.16558695, "zone_id": null, "stop_url": null, "location_type": 0, "parent_station": "Parent8592829", "active": true }, "geometry": { "type": "Point", "coordinates": [ 6.16558695, 46.20048192 ] } },
{ "type": "Feature", "properties": { "stop_id": "8592830", "stop_code": null, "stop_name": "Genève, Gautier", "stop_desc": null, "stop_lat": 46.21351862, "stop_lon": 6.15049526, "zone_id": null, "stop_url": null, "location_type": 0, "parent_station": "Parent8592830", "active": true }, "geometry": { "type": "Point", "coordinates": [ 6.15049526, 46.21351862 ] } },
{ "type": "Feature", "properties": { "stop_id": "8592830:0:Q", "stop_code": null, "stop_name": "Genève, Gautier", "stop_desc": null, "stop_lat": 46.21358078, "stop_lon": 6.15059407, "zone_id": null, "stop_url": null, "location_type": 0, "parent_station": "Parent8592830", "active": true }, "geometry": { "type": "Point", "coordinates": [ 6.15059407, 46.21358078 ] } },
{ "type": "Feature", "properties": { "stop_id": "8592830:0:R", "stop_code": null, "stop_name": "Genève, Gautier", "stop_desc": null, "stop_lat": 46.21344403, "stop_lon": 6.15039644, "zone_id": null, "stop_url": null, "location_type": 0, "parent_station": "Parent8592830", "active": true }, "geometry": { "type": "Point", "coordinates": [ 6.15039644, 46.21344403 ] } },
{ "type": "Feature", "properties": { "stop_id": "8592831", "stop_code": null, "stop_name": "Genève, Goulart", "stop_desc": null, "stop_lat": 46.20753841, "stop_lon": 6.14144922, "zone_id": null, "stop_url": null, "location_type": 0, "parent_station": "Parent8592831", "active": true }, "geometry": { "type": "Point", "coordinates": [ 6.14144922, 46.20753841 ] } },
{ "type": "Feature", "properties": { "stop_id": "8592831:0:S", "stop_code": null, "stop_name": "Genève, Goulart", "stop_desc": null, "stop_lat": 46.20761301, "stop_lon": 6.14153007, "zone_id": null, "stop_url": null, "location_type": 0, "parent_station": "Parent8592831", "active": true }, "geometry": { "type": "Point", "coordinates": [ 6.14153007, 46.20761301 ] } },
{ "type": "Feature", "properties": { "stop_id": "8592832", "stop_code": null, "stop_name": "Genève, Grand-Pré", "stop_desc": null, "stop_lat": 46.21604852, "stop_lon": 6.13067842, "zone_id": null, "stop_url": null, "location_type": 0, "parent_station": "Parent8592832", "active": true }, "geometry": { "type": "Point", "coordinates": [ 6.13067842, 46.21604852 ] } },
{ "type": "Feature", "properties": { "stop_id": "8592832:0:E", "stop_code": "GPRE00", "stop_name": "Genève, Grand-Pré", "stop_desc": null, "stop_lat": 46.21550152, "stop_lon": 6.13048079, "zone_id": null, "stop_url": null, "location_type": 0, "parent_station": "Parent8592832", "active": true }, "geometry": { "type": "Point", "coordinates": [ 6.13048079, 46.21550152 ] } },
{ "type": "Feature", "properties": { "stop_id": "8592832:0:F", "stop_code": "GPRE97", "stop_name": "Genève, Grand-Pré", "stop_desc": null, "stop_lat": 46.21624121, "stop_lon": 6.13029215, "zone_id": null, "stop_url": null, "location_type": 0, "parent_station": "Parent8592832", "active": true }, "geometry": { "type": "Point", "coordinates": [ 6.13029215, 46.21624121 ] } },
{ "type": "Feature", "properties": { "stop_id": "8592832:0:G", "stop_code": null, "stop_name": "Genève, Grand-Pré", "stop_desc": null, "stop_lat": 46.21654578, "stop_lon": 6.13130724, "zone_id": null, "stop_url": null, "location_type": 0, "parent_station": "Parent8592832", "active": true }, "geometry": { "type": "Point", "coordinates": [ 6.13130724, 46.21654578 ] } },
{ "type": "Feature", "properties": { "stop_id": "8592833", "stop_code": null, "stop_name": "Chêne-Bougeries, Grange-Canal", "stop_desc": null, "stop_lat": 46.19961145, "stop_lon": 6.17466892, "zone_id": null, "stop_url": null, "location_type": 0, "parent_station": "Parent8592833", "active": true }, "geometry": { "type": "Point", "coordinates": [ 6.17466892, 46.19961145 ] } },
{ "type": "Feature", "properties": { "stop_id": "8592833:0:M", "stop_code": null, "stop_name": "Chêne-Bougeries, Grange-Canal", "stop_desc": null, "stop_lat": 46.1995244, "stop_lon": 6.17492045, "zone_id": null, "stop_url": null, "location_type": 0, "parent_station": "Parent8592833", "active": true }, "geometry": { "type": "Point", "coordinates": [ 6.17492045, 46.1995244 ] } },
{ "type": "Feature", "properties": { "stop_id": "8592833:0:N", "stop_code": "GCAN01", "stop_name": "Chêne-Bougeries, Grange-Canal", "stop_desc": null, "stop_lat": 46.19967985, "stop_lon": 6.17439943, "zone_id": null, "stop_url": null, "location_type": 0, "parent_station": "Parent8592833", "active": true }, "geometry": { "type": "Point", "coordinates": [ 6.17439943, 46.19967985 ] } },
{ "type": "Feature", "properties": { "stop_id": "8592834", "stop_code": null, "stop_name": "Genève, Grottes", "stop_desc": null, "stop_lat": 46.21256755, "stop_lon": 6.13787393, "zone_id": null, "stop_url": null, "location_type": 0, "parent_station": "Parent8592834", "active": true }, "geometry": { "type": "Point", "coordinates": [ 6.13787393, 46.21256755 ] } },
{ "type": "Feature", "properties": { "stop_id": "8592834:0:V", "stop_code": "GROT00", "stop_name": "Genève, Grottes", "stop_desc": null, "stop_lat": 46.2123189, "stop_lon": 6.13799969, "zone_id": null, "stop_url": null, "location_type": 0, "parent_station": "Parent8592834", "active": true }, "geometry": { "type": "Point", "coordinates": [ 6.13799969, 46.2123189 ] } },
{ "type": "Feature", "properties": { "stop_id": "8592834:0:W", "stop_code": "GROT01", "stop_name": "Genève, Grottes", "stop_desc": null, "stop_lat": 46.21295917, "stop_lon": 6.13749663, "zone_id": null, "stop_url": null, "location_type": 0, "parent_station": "Parent8592834", "active": true }, "geometry": { "type": "Point", "coordinates": [ 6.13749663, 46.21295917 ] } },
{ "type": "Feature", "properties": { "stop_id": "8592835", "stop_code": null, "stop_name": "Genève, Guye", "stop_desc": null, "stop_lat": 46.20888122, "stop_lon": 6.12352783, "zone_id": null, "stop_url": null, "location_type": 0, "parent_station": "Parent8592835", "active": true }, "geometry": { "type": "Point", "coordinates": [ 6.12352783, 46.20888122 ] } },
{ "type": "Feature", "properties": { "stop_id": "8592835:0:G", "stop_code": null, "stop_name": "Genève, Guye", "stop_desc": null, "stop_lat": 46.20894338, "stop_lon": 6.1234919, "zone_id": null, "stop_url": null, "location_type": 0, "parent_station": "Parent8592835", "active": true }, "geometry": { "type": "Point", "coordinates": [ 6.1234919, 46.20894338 ] } },
{ "type": "Feature", "properties": { "stop_id": "8592835:0:H", "stop_code": null, "stop_name": "Genève, Guye", "stop_desc": null, "stop_lat": 46.20878797, "stop_lon": 6.12358173, "zone_id": null, "stop_url": null, "location_type": 0, "parent_station": "Parent8592835", "active": true }, "geometry": { "type": "Point", "coordinates": [ 6.12358173, 46.20878797 ] } },
{ "type": "Feature", "properties": { "stop_id": "8592837", "stop_code": null, "stop_name": "Genève, Hôpital", "stop_desc": null, "stop_lat": 46.19459978, "stop_lon": 6.14901304, "zone_id": null, "stop_url": null, "location_type": 0, "parent_station": "Parent8592837", "active": true }, "geometry": { "type": "Point", "coordinates": [ 6.14901304, 46.19459978 ] } },
{ "type": "Feature", "properties": { "stop_id": "8592837:0:I", "stop_code": "HOPI03", "stop_name": "Genève, Hôpital", "stop_desc": null, "stop_lat": 46.19473658, "stop_lon": 6.14945321, "zone_id": null, "stop_url": null, "location_type": 0, "parent_station": "Parent8592837", "active": true }, "geometry": { "type": "Point", "coordinates": [ 6.14945321, 46.19473658 ] } },
{ "type": "Feature", "properties": { "stop_id": "8592837:0:J", "stop_code": "HOPI00", "stop_name": "Genève, Hôpital", "stop_desc": null, "stop_lat": 46.19502884, "stop_lon": 6.14882439, "zone_id": null, "stop_url": null, "location_type": 0, "parent_station": "Parent8592837", "active": true }, "geometry": { "type": "Point", "coordinates": [ 6.14882439, 46.19502884 ] } },
{ "type": "Feature", "properties": { "stop_id": "8592837:0:K", "stop_code": null, "stop_name": "Genève, Hôpital", "stop_desc": null, "stop_lat": 46.19465574, "stop_lon": 6.14893219, "zone_id": null, "stop_url": null, "location_type": 0, "parent_station": "Parent8592837", "active": true }, "geometry": { "type": "Point", "coordinates": [ 6.14893219, 46.19465574 ] } },
{ "type": "Feature", "properties": { "stop_id": "8592837:0:L", "stop_code": "HOPI04", "stop_name": "Genève, Hôpital", "stop_desc": null, "stop_lat": 46.19400904, "stop_lon": 6.14821353, "zone_id": null, "stop_url": null, "location_type": 0, "parent_station": "Parent8592837", "active": true }, "geometry": { "type": "Point", "coordinates": [ 6.14821353, 46.19400904 ] } },
{ "type": "Feature", "properties": { "stop_id": "8592837:0:M", "stop_code": "HOPI02", "stop_name": "Genève, Hôpital", "stop_desc": null, "stop_lat": 46.19427643, "stop_lon": 6.14880642, "zone_id": null, "stop_url": null, "location_type": 0, "parent_station": "Parent8592837", "active": true }, "geometry": { "type": "Point", "coordinates": [ 6.14880642, 46.19427643 ] } },
{ "type": "Feature", "properties": { "stop_id": "8592838:0:O", "stop_code": "HVIL00", "stop_name": "Genève, Hôtel-de-Ville", "stop_desc": null, "stop_lat": 46.20105393, "stop_lon": 6.14656063, "zone_id": null, "stop_url": null, "location_type": 0, "parent_station": "Parent8592838", "active": true }, "geometry": { "type": "Point", "coordinates": [ 6.14656063, 46.20105393 ] } },
{ "type": "Feature", "properties": { "stop_id": "8592839", "stop_code": null, "stop_name": "Genève, Industrielle", "stop_desc": null, "stop_lat": 46.19037121, "stop_lon": 6.13383151, "zone_id": null, "stop_url": null, "location_type": 0, "parent_station": "Parent8592839", "active": true }, "geometry": { "type": "Point", "coordinates": [ 6.13383151, 46.19037121 ] } },
{ "type": "Feature", "properties": { "stop_id": "8592839:0:P", "stop_code": null, "stop_name": "Genève, Industrielle", "stop_desc": null, "stop_lat": 46.19028415, "stop_lon": 6.13359795, "zone_id": null, "stop_url": null, "location_type": 0, "parent_station": "Parent8592839", "active": true }, "geometry": { "type": "Point", "coordinates": [ 6.13359795, 46.19028415 ] } },
{ "type": "Feature", "properties": { "stop_id": "8592839:0:Q", "stop_code": null, "stop_name": "Genève, Industrielle", "stop_desc": null, "stop_lat": 46.19045828, "stop_lon": 6.13406507, "zone_id": null, "stop_url": null, "location_type": 0, "parent_station": "Parent8592839", "active": true }, "geometry": { "type": "Point", "coordinates": [ 6.13406507, 46.19045828 ] } },
{ "type": "Feature", "properties": { "stop_id": "8592840", "stop_code": null, "stop_name": "Genève, Intercontinental", "stop_desc": null, "stop_lat": 46.22437707, "stop_lon": 6.13380456, "zone_id": null, "stop_url": null, "location_type": 0, "parent_station": "Parent8592840", "active": true }, "geometry": { "type": "Point", "coordinates": [ 6.13380456, 46.22437707 ] } },
{ "type": "Feature", "properties": { "stop_id": "8592840:0:K", "stop_code": "INTR04", "stop_name": "Genève, Intercontinental", "stop_desc": null, "stop_lat": 46.2240539, "stop_lon": 6.13278048, "zone_id": null, "stop_url": null, "location_type": 0, "parent_station": "Parent8592840", "active": true }, "geometry": { "type": "Point", "coordinates": [ 6.13278048, 46.2240539 ] } },
{ "type": "Feature", "properties": { "stop_id": "8592840:0:L", "stop_code": "INTR03", "stop_name": "Genève, Intercontinental", "stop_desc": null, "stop_lat": 46.22427142, "stop_lon": 6.13349015, "zone_id": null, "stop_url": null, "location_type": 0, "parent_station": "Parent8592840", "active": true }, "geometry": { "type": "Point", "coordinates": [ 6.13349015, 46.22427142 ] } },
{ "type": "Feature", "properties": { "stop_id": "8592840:0:S", "stop_code": "INTR98", "stop_name": "Genève, Intercontinental", "stop_desc": null, "stop_lat": 46.22481211, "stop_lon": 6.13340032, "zone_id": null, "stop_url": null, "location_type": 0, "parent_station": "Parent8592840", "active": true }, "geometry": { "type": "Point", "coordinates": [ 6.13340032, 46.22481211 ] } },
{ "type": "Feature", "properties": { "stop_id": "8592840:0:T", "stop_code": "INTR01", "stop_name": "Genève, Intercontinental", "stop_desc": null, "stop_lat": 46.22369343, "stop_lon": 6.13488254, "zone_id": null, "stop_url": null, "location_type": 0, "parent_station": "Parent8592840", "active": true }, "geometry": { "type": "Point", "coordinates": [ 6.13488254, 46.22369343 ] } },
{ "type": "Feature", "properties": { "stop_id": "8592841", "stop_code": null, "stop_name": "Genève, Mercier", "stop_desc": null, "stop_lat": 46.20686699, "stop_lon": 6.13953581, "zone_id": null, "stop_url": null, "location_type": 0, "parent_station": "Parent8592841", "active": true }, "geometry": { "type": "Point", "coordinates": [ 6.13953581, 46.20686699 ] } },
{ "type": "Feature", "properties": { "stop_id": "8592841:0:A", "stop_code": null, "stop_name": "Genève, Mercier", "stop_desc": null, "stop_lat": 46.20725244, "stop_lon": 6.13958971, "zone_id": null, "stop_url": null, "location_type": 0, "parent_station": "Parent8592841", "active": true }, "geometry": { "type": "Point", "coordinates": [ 6.13958971, 46.20725244 ] } },
{ "type": "Feature", "properties": { "stop_id": "8592841:0:T", "stop_code": "ISAM00", "stop_name": "Genève, Mercier", "stop_desc": null, "stop_lat": 46.20680483, "stop_lon": 6.13904174, "zone_id": null, "stop_url": null, "location_type": 0, "parent_station": "Parent8592841", "active": true }, "geometry": { "type": "Point", "coordinates": [ 6.13904174, 46.20680483 ] } },
{ "type": "Feature", "properties": { "stop_id": "8592841:0:U", "stop_code": "ISAM01", "stop_name": "Genève, Mercier", "stop_desc": null, "stop_lat": 46.20650642, "stop_lon": 6.13998497, "zone_id": null, "stop_url": null, "location_type": 0, "parent_station": "Parent8592841", "active": true }, "geometry": { "type": "Point", "coordinates": [ 6.13998497, 46.20650642 ] } },
{ "type": "Feature", "properties": { "stop_id": "8592841:0:V", "stop_code": "ISAM99", "stop_name": "Genève, Mercier", "stop_desc": null, "stop_lat": 46.20717162, "stop_lon": 6.13949089, "zone_id": null, "stop_url": null, "location_type": 0, "parent_station": "Parent8592841", "active": true }, "geometry": { "type": "Point", "coordinates": [ 6.13949089, 46.20717162 ] } },
{ "type": "Feature", "properties": { "stop_id": "8592842", "stop_code": "JPTH00", "stop_name": "Carouge GE, Pictet-Thellusson", "stop_desc": null, "stop_lat": 46.18891601, "stop_lon": 6.13101978, "zone_id": null, "stop_url": null, "location_type": 0, "parent_station": "Parent8592842", "active": true }, "geometry": { "type": "Point", "coordinates": [ 6.13101978, 46.18891601 ] } },
{ "type": "Feature", "properties": { "stop_id": "8592842:0:N", "stop_code": null, "stop_name": "Carouge GE, Pictet-Thellusson", "stop_desc": null, "stop_lat": 46.18884761, "stop_lon": 6.13076825, "zone_id": null, "stop_url": null, "location_type": 0, "parent_station": "Parent8592842", "active": true }, "geometry": { "type": "Point", "coordinates": [ 6.13076825, 46.18884761 ] } },
{ "type": "Feature", "properties": { "stop_id": "8592842:0:O", "stop_code": null, "stop_name": "Carouge GE, Pictet-Thellusson", "stop_desc": null, "stop_lat": 46.18902174, "stop_lon": 6.13123538, "zone_id": null, "stop_url": null, "location_type": 0, "parent_station": "Parent8592842", "active": true }, "geometry": { "type": "Point", "coordinates": [ 6.13123538, 46.18902174 ] } },
{ "type": "Feature", "properties": { "stop_id": "8592843", "stop_code": null, "stop_name": "Genève, Jardin Botanique", "stop_desc": null, "stop_lat": 46.22389231, "stop_lon": 6.14771048, "zone_id": null, "stop_url": null, "location_type": 0, "parent_station": "Parent8592843", "active": true }, "geometry": { "type": "Point", "coordinates": [ 6.14771048, 46.22389231 ] } },
{ "type": "Feature", "properties": { "stop_id": "8592843:0:O", "stop_code": null, "stop_name": "Genève, Jardin Botanique", "stop_desc": null, "stop_lat": 46.22299735, "stop_lon": 6.14899507, "zone_id": null, "stop_url": null, "location_type": 0, "parent_station": "Parent8592843", "active": true }, "geometry": { "type": "Point", "coordinates": [ 6.14899507, 46.22299735 ] } },
{ "type": "Feature", "properties": { "stop_id": "8592843:0:P", "stop_code": "JARB00", "stop_name": "Genève, Jardin Botanique", "stop_desc": null, "stop_lat": 46.22329567, "stop_lon": 6.14755776, "zone_id": null, "stop_url": null, "location_type": 0, "parent_station": "Parent8592843", "active": true }, "geometry": { "type": "Point", "coordinates": [ 6.14755776, 46.22329567 ] } },
{ "type": "Feature", "properties": { "stop_id": "8592843:0:U", "stop_code": "JARB02", "stop_name": "Genève, Jardin Botanique", "stop_desc": null, "stop_lat": 46.22281712, "stop_lon": 6.14877947, "zone_id": null, "stop_url": null, "location_type": 0, "parent_station": "Parent8592843", "active": true }, "geometry": { "type": "Point", "coordinates": [ 6.14877947, 46.22281712 ] } },
{ "type": "Feature", "properties": { "stop_id": "8592843:0:V", "stop_code": "JARB04", "stop_name": "Genève, Jardin Botanique", "stop_desc": null, "stop_lat": 46.22328946, "stop_lon": 6.14855489, "zone_id": null, "stop_url": null, "location_type": 0, "parent_station": "Parent8592843", "active": true }, "geometry": { "type": "Point", "coordinates": [ 6.14855489, 46.22328946 ] } },
{ "type": "Feature", "properties": { "stop_id": "8592844", "stop_code": null, "stop_name": "Genève, Jean-Jacques", "stop_desc": null, "stop_lat": 46.20430559, "stop_lon": 6.12520768, "zone_id": null, "stop_url": null, "location_type": 0, "parent_station": "Parent8592844", "active": true }, "geometry": { "type": "Point", "coordinates": [ 6.12520768, 46.20430559 ] } },
{ "type": "Feature", "properties": { "stop_id": "8592844:0:K", "stop_code": null, "stop_name": "Genève, Jean-Jacques", "stop_desc": null, "stop_lat": 46.20435533, "stop_lon": 6.12508192, "zone_id": null, "stop_url": null, "location_type": 0, "parent_station": "Parent8592844", "active": true }, "geometry": { "type": "Point", "coordinates": [ 6.12508192, 46.20435533 ] } },
{ "type": "Feature", "properties": { "stop_id": "8592844:0:L", "stop_code": null, "stop_name": "Genève, Jean-Jacques", "stop_desc": null, "stop_lat": 46.20429316, "stop_lon": 6.12534243, "zone_id": null, "stop_url": null, "location_type": 0, "parent_station": "Parent8592844", "active": true }, "geometry": { "type": "Point", "coordinates": [ 6.12534243, 46.20429316 ] } },
{ "type": "Feature", "properties": { "stop_id": "8592845", "stop_code": null, "stop_name": "Genève, Joli-Mont", "stop_desc": null, "stop_lat": 46.22186621, "stop_lon": 6.11714081, "zone_id": null, "stop_url": null, "location_type": 0, "parent_station": "Parent8592845", "active": true }, "geometry": { "type": "Point", "coordinates": [ 6.11714081, 46.22186621 ] } },
{ "type": "Feature", "properties": { "stop_id": "8592845:0:E", "stop_code": null, "stop_name": "Genève, Joli-Mont", "stop_desc": null, "stop_lat": 46.2218227, "stop_lon": 6.11713183, "zone_id": null, "stop_url": null, "location_type": 0, "parent_station": "Parent8592845", "active": true }, "geometry": { "type": "Point", "coordinates": [ 6.11713183, 46.2218227 ] } },
{ "type": "Feature", "properties": { "stop_id": "8592846", "stop_code": null, "stop_name": "Genève, Krieg", "stop_desc": null, "stop_lat": 46.19376653, "stop_lon": 6.16079893, "zone_id": null, "stop_url": null, "location_type": 0, "parent_station": "Parent8592846", "active": true }, "geometry": { "type": "Point", "coordinates": [ 6.16079893, 46.19376653 ] } },
{ "type": "Feature", "properties": { "stop_id": "8592846:0:S", "stop_code": null, "stop_name": "Genève, Krieg", "stop_desc": null, "stop_lat": 46.193723, "stop_lon": 6.16078995, "zone_id": null, "stop_url": null, "location_type": 0, "parent_station": "Parent8592846", "active": true }, "geometry": { "type": "Point", "coordinates": [ 6.16078995, 46.193723 ] } },
{ "type": "Feature", "properties": { "stop_id": "8592846:0:T", "stop_code": null, "stop_name": "Genève, Krieg", "stop_desc": null, "stop_lat": 46.19387846, "stop_lon": 6.16084385, "zone_id": null, "stop_url": null, "location_type": 0, "parent_station": "Parent8592846", "active": true }, "geometry": { "type": "Point", "coordinates": [ 6.16084385, 46.19387846 ] } },
{ "type": "Feature", "properties": { "stop_id": "8592847", "stop_code": null, "stop_name": "Genève, La Fenêtre", "stop_desc": null, "stop_lat": 46.2300261, "stop_lon": 6.13873631, "zone_id": null, "stop_url": null, "location_type": 0, "parent_station": "Parent8592847", "active": true }, "geometry": { "type": "Point", "coordinates": [ 6.13873631, 46.2300261 ] } },
{ "type": "Feature", "properties": { "stop_id": "8592847:0:V", "stop_code": null, "stop_name": "Genève, La Fenêtre", "stop_desc": null, "stop_lat": 46.23008202, "stop_lon": 6.13873631, "zone_id": null, "stop_url": null, "location_type": 0, "parent_station": "Parent8592847", "active": true }, "geometry": { "type": "Point", "coordinates": [ 6.13873631, 46.23008202 ] } },
{ "type": "Feature", "properties": { "stop_id": "8592847:0:W", "stop_code": null, "stop_name": "Genève, La Fenêtre", "stop_desc": null, "stop_lat": 46.23004474, "stop_lon": 6.13867343, "zone_id": null, "stop_url": null, "location_type": 0, "parent_station": "Parent8592847", "active": true }, "geometry": { "type": "Point", "coordinates": [ 6.13867343, 46.23004474 ] } },
{ "type": "Feature", "properties": { "stop_id": "8592848", "stop_code": null, "stop_name": "Genève, Lombard", "stop_desc": null, "stop_lat": 46.19552007, "stop_lon": 6.14720742, "zone_id": null, "stop_url": null, "location_type": 0, "parent_station": "Parent8592848", "active": true }, "geometry": { "type": "Point", "coordinates": [ 6.14720742, 46.19552007 ] } },
{ "type": "Feature", "properties": { "stop_id": "8592848:0:U", "stop_code": null, "stop_name": "Genève, Lombard", "stop_desc": null, "stop_lat": 46.19557603, "stop_lon": 6.1472164, "zone_id": null, "stop_url": null, "location_type": 0, "parent_station": "Parent8592848", "active": true }, "geometry": { "type": "Point", "coordinates": [ 6.1472164, 46.19557603 ] } },
{ "type": "Feature", "properties": { "stop_id": "8592849", "stop_code": null, "stop_name": "Genève, Aubert", "stop_desc": null, "stop_lat": 46.19243579, "stop_lon": 6.16365557, "zone_id": null, "stop_url": null, "location_type": 0, "parent_station": "Parent8592849", "active": true }, "geometry": { "type": "Point", "coordinates": [ 6.16365557, 46.19243579 ] } },
{ "type": "Feature", "properties": { "stop_id": "8592849:0:I", "stop_code": null, "stop_name": "Genève, Aubert", "stop_desc": null, "stop_lat": 46.19242335, "stop_lon": 6.16369151, "zone_id": null, "stop_url": null, "location_type": 0, "parent_station": "Parent8592849", "active": true }, "geometry": { "type": "Point", "coordinates": [ 6.16369151, 46.19242335 ] } },
{ "type": "Feature", "properties": { "stop_id": "8592849:0:J", "stop_code": null, "stop_name": "Genève, Aubert", "stop_desc": null, "stop_lat": 46.19259125, "stop_lon": 6.16370947, "zone_id": null, "stop_url": null, "location_type": 0, "parent_station": "Parent8592849", "active": true }, "geometry": { "type": "Point", "coordinates": [ 6.16370947, 46.19259125 ] } },
{ "type": "Feature", "properties": { "stop_id": "8592849:0:K", "stop_code": null, "stop_name": "Genève, Aubert", "stop_desc": null, "stop_lat": 46.191901, "stop_lon": 6.16365557, "zone_id": null, "stop_url": null, "location_type": 0, "parent_station": "Parent8592849", "active": true }, "geometry": { "type": "Point", "coordinates": [ 6.16365557, 46.191901 ] } },
{ "type": "Feature", "properties": { "stop_id": "8592849:0:L", "stop_code": "LAUB03", "stop_name": "Genève, Aubert", "stop_desc": null, "stop_lat": 46.1920689, "stop_lon": 6.16357473, "zone_id": null, "stop_url": null, "location_type": 0, "parent_station": "Parent8592849", "active": true }, "geometry": { "type": "Point", "coordinates": [ 6.16357473, 46.1920689 ] } },
{ "type": "Feature", "properties": { "stop_id": "8592850", "stop_code": null, "stop_name": "Genève, Lyon", "stop_desc": null, "stop_lat": 46.20980749, "stop_lon": 6.13830512, "zone_id": null, "stop_url": null, "location_type": 0, "parent_station": "Parent8592850", "active": true }, "geometry": { "type": "Point", "coordinates": [ 6.13830512, 46.20980749 ] } },
{ "type": "Feature", "properties": { "stop_id": "8592850:0:M", "stop_code": null, "stop_name": "Genève, Lyon", "stop_desc": null, "stop_lat": 46.20966451, "stop_lon": 6.1385297, "zone_id": null, "stop_url": null, "location_type": 0, "parent_station": "Parent8592850", "active": true }, "geometry": { "type": "Point", "coordinates": [ 6.1385297, 46.20966451 ] } },
{ "type": "Feature", "properties": { "stop_id": "8592850:0:N", "stop_code": "LYON01", "stop_name": "Genève, Lyon", "stop_desc": null, "stop_lat": 46.21003128, "stop_lon": 6.13784698, "zone_id": null, "stop_url": null, "location_type": 0, "parent_station": "Parent8592850", "active": true }, "geometry": { "type": "Point", "coordinates": [ 6.13784698, 46.21003128 ] } },
{ "type": "Feature", "properties": { "stop_id": "8592851", "stop_code": null, "stop_name": "Genève, Musée art et histoire", "stop_desc": null, "stop_lat": 46.1996301, "stop_lon": 6.15114204, "zone_id": null, "stop_url": null, "location_type": 0, "parent_station": "Parent8592851", "active": true }, "geometry": { "type": "Point", "coordinates": [ 6.15114204, 46.1996301 ] } },
{ "type": "Feature", "properties": { "stop_id": "8592851:0:N", "stop_code": "JADA00", "stop_name": "Genève, Musée art et histoire", "stop_desc": null, "stop_lat": 46.19986016, "stop_lon": 6.15165408, "zone_id": null, "stop_url": null, "location_type": 0, "parent_station": "Parent8592851", "active": true }, "geometry": { "type": "Point", "coordinates": [ 6.15165408, 46.19986016 ] } },
{ "type": "Feature", "properties": { "stop_id": "8592851:0:O", "stop_code": "JADA01", "stop_name": "Genève, Musée art et histoire", "stop_desc": null, "stop_lat": 46.19940005, "stop_lon": 6.15069289, "zone_id": null, "stop_url": null, "location_type": 0, "parent_station": "Parent8592851", "active": true }, "geometry": { "type": "Point", "coordinates": [ 6.15069289, 46.19940005 ] } },
{ "type": "Feature", "properties": { "stop_id": "8592852", "stop_code": null, "stop_name": "Genève, Maison des Parlements", "stop_desc": null, "stop_lat": 46.22586862, "stop_lon": 6.12385122, "zone_id": null, "stop_url": null, "location_type": 0, "parent_station": "Parent8592852", "active": true }, "geometry": { "type": "Point", "coordinates": [ 6.12385122, 46.22586862 ] } },
{ "type": "Feature", "properties": { "stop_id": "8592852:0:E", "stop_code": null, "stop_name": "Genève, Maison des Parlements", "stop_desc": null, "stop_lat": 46.2257754, "stop_lon": 6.12386919, "zone_id": null, "stop_url": null, "location_type": 0, "parent_station": "Parent8592852", "active": true }, "geometry": { "type": "Point", "coordinates": [ 6.12386919, 46.2257754 ] } },
{ "type": "Feature", "properties": { "stop_id": "8592852:0:F", "stop_code": null, "stop_name": "Genève, Maison des Parlements", "stop_desc": null, "stop_lat": 46.22596806, "stop_lon": 6.12382427, "zone_id": null, "stop_url": null, "location_type": 0, "parent_station": "Parent8592852", "active": true }, "geometry": { "type": "Point", "coordinates": [ 6.12382427, 46.22596806 ] } },
{ "type": "Feature", "properties": { "stop_id": "8592853", "stop_code": null, "stop_name": "Genève, Maternité-Pédiatrie", "stop_desc": null, "stop_lat": 46.19116098, "stop_lon": 6.14597673, "zone_id": null, "stop_url": null, "location_type": 0, "parent_station": "Parent8592853", "active": true }, "geometry": { "type": "Point", "coordinates": [ 6.14597673, 46.19116098 ] } },
{ "type": "Feature", "properties": { "stop_id": "8592853:0:R", "stop_code": null, "stop_name": "Genève, Maternité-Pédiatrie", "stop_desc": null, "stop_lat": 46.19126048, "stop_lon": 6.14600368, "zone_id": null, "stop_url": null, "location_type": 0, "parent_station": "Parent8592853", "active": true }, "geometry": { "type": "Point", "coordinates": [ 6.14600368, 46.19126048 ] } },
{ "type": "Feature", "properties": { "stop_id": "8592853:0:S", "stop_code": null, "stop_name": "Genève, Maternité-Pédiatrie", "stop_desc": null, "stop_lat": 46.19134132, "stop_lon": 6.14614741, "zone_id": null, "stop_url": null, "location_type": 0, "parent_station": "Parent8592853", "active": true }, "geometry": { "type": "Point", "coordinates": [ 6.14614741, 46.19134132 ] } },
{ "type": "Feature", "properties": { "stop_id": "8592854", "stop_code": null, "stop_name": "Genève, Merle-d'Aubigné", "stop_desc": null, "stop_lat": 46.20668049, "stop_lon": 6.16189488, "zone_id": null, "stop_url": null, "location_type": 0, "parent_station": "Parent8592854", "active": true }, "geometry": { "type": "Point", "coordinates": [ 6.16189488, 46.20668049 ] } },
{ "type": "Feature", "properties": { "stop_id": "8592854:0:G", "stop_code": null, "stop_name": "Genève, Merle-d'Aubigné", "stop_desc": null, "stop_lat": 46.20663075, "stop_lon": 6.16186793, "zone_id": null, "stop_url": null, "location_type": 0, "parent_station": "Parent8592854", "active": true }, "geometry": { "type": "Point", "coordinates": [ 6.16186793, 46.20663075 ] } },
{ "type": "Feature", "properties": { "stop_id": "8592854:0:H", "stop_code": "AUBI01", "stop_name": "Genève, Merle-d'Aubigné", "stop_desc": null, "stop_lat": 46.20636964, "stop_lon": 6.1617242, "zone_id": null, "stop_url": null, "location_type": 0, "parent_station": "Parent8592854", "active": true }, "geometry": { "type": "Point", "coordinates": [ 6.1617242, 46.20636964 ] } },
{ "type": "Feature", "properties": { "stop_id": "8592855", "stop_code": null, "stop_name": "Genève, Mervelet", "stop_desc": null, "stop_lat": 46.21952926, "stop_lon": 6.12290799, "zone_id": null, "stop_url": null, "location_type": 0, "parent_station": "Parent8592855", "active": true }, "geometry": { "type": "Point", "coordinates": [ 6.12290799, 46.21952926 ] } },
{ "type": "Feature", "properties": { "stop_id": "8592855:0:R", "stop_code": null, "stop_name": "Genève, Mervelet", "stop_desc": null, "stop_lat": 46.21948575, "stop_lon": 6.12271935, "zone_id": null, "stop_url": null, "location_type": 0, "parent_station": "Parent8592855", "active": true }, "geometry": { "type": "Point", "coordinates": [ 6.12271935, 46.21948575 ] } },
{ "type": "Feature", "properties": { "stop_id": "8592855:0:S", "stop_code": null, "stop_name": "Genève, Mervelet", "stop_desc": null, "stop_lat": 46.2195852, "stop_lon": 6.12307867, "zone_id": null, "stop_url": null, "location_type": 0, "parent_station": "Parent8592855", "active": true }, "geometry": { "type": "Point", "coordinates": [ 6.12307867, 46.2195852 ] } },
{ "type": "Feature", "properties": { "stop_id": "8592856", "stop_code": null, "stop_name": "Genève, Métropole", "stop_desc": null, "stop_lat": 46.20339788, "stop_lon": 6.15151934, "zone_id": null, "stop_url": null, "location_type": 0, "parent_station": "Parent8592856", "active": true }, "geometry": { "type": "Point", "coordinates": [ 6.15151934, 46.20339788 ] } },
{ "type": "Feature", "properties": { "stop_id": "8592856:0:M", "stop_code": null, "stop_name": "Genève, Métropole", "stop_desc": null, "stop_lat": 46.20337301, "stop_lon": 6.15151035, "zone_id": null, "stop_url": null, "location_type": 0, "parent_station": "Parent8592856", "active": true }, "geometry": { "type": "Point", "coordinates": [ 6.15151035, 46.20337301 ] } },
{ "type": "Feature", "properties": { "stop_id": "8592856:0:N", "stop_code": "METR01", "stop_name": "Genève, Métropole", "stop_desc": null, "stop_lat": 46.20337301, "stop_lon": 6.15094441, "zone_id": null, "stop_url": null, "location_type": 0, "parent_station": "Parent8592856", "active": true }, "geometry": { "type": "Point", "coordinates": [ 6.15094441, 46.20337301 ] } },
{ "type": "Feature", "properties": { "stop_id": "8592858", "stop_code": null, "stop_name": "Genève, Miléant", "stop_desc": null, "stop_lat": 46.2046724, "stop_lon": 6.12772296, "zone_id": null, "stop_url": null, "location_type": 0, "parent_station": "Parent8592858", "active": true }, "geometry": { "type": "Point", "coordinates": [ 6.12772296, 46.2046724 ] } },
{ "type": "Feature", "properties": { "stop_id": "8592858:0:A", "stop_code": null, "stop_name": "Genève, Miléant", "stop_desc": null, "stop_lat": 46.20469105, "stop_lon": 6.12757923, "zone_id": null, "stop_url": null, "location_type": 0, "parent_station": "Parent8592858", "active": true }, "geometry": { "type": "Point", "coordinates": [ 6.12757923, 46.20469105 ] } },
{ "type": "Feature", "properties": { "stop_id": "8592858:0:B", "stop_code": "MILE01", "stop_name": "Genève, Miléant", "stop_desc": null, "stop_lat": 46.20469105, "stop_lon": 6.12801941, "zone_id": null, "stop_url": null, "location_type": 0, "parent_station": "Parent8592858", "active": true }, "geometry": { "type": "Point", "coordinates": [ 6.12801941, 46.20469105 ] } },
{ "type": "Feature", "properties": { "stop_id": "8592860", "stop_code": null, "stop_name": "Genève, Miremont", "stop_desc": null, "stop_lat": 46.1893389, "stop_lon": 6.15637922, "zone_id": null, "stop_url": null, "location_type": 0, "parent_station": "Parent8592860", "active": true }, "geometry": { "type": "Point", "coordinates": [ 6.15637922, 46.1893389 ] } },
{ "type": "Feature", "properties": { "stop_id": "8592860:0:O", "stop_code": "MIRE00", "stop_name": "Genève, Miremont", "stop_desc": null, "stop_lat": 46.18906527, "stop_lon": 6.15667566, "zone_id": null, "stop_url": null, "location_type": 0, "parent_station": "Parent8592860", "active": true }, "geometry": { "type": "Point", "coordinates": [ 6.15667566, 46.18906527 ] } },
{ "type": "Feature", "properties": { "stop_id": "8592860:0:P", "stop_code": null, "stop_name": "Genève, Miremont", "stop_desc": null, "stop_lat": 46.18894089, "stop_lon": 6.15575938, "zone_id": null, "stop_url": null, "location_type": 0, "parent_station": "Parent8592860", "active": true }, "geometry": { "type": "Point", "coordinates": [ 6.15575938, 46.18894089 ] } },
{ "type": "Feature", "properties": { "stop_id": "8592861", "stop_code": null, "stop_name": "Genève, Moillebeau", "stop_desc": null, "stop_lat": 46.22040563, "stop_lon": 6.12945671, "zone_id": null, "stop_url": null, "location_type": 0, "parent_station": "Parent8592861", "active": true }, "geometry": { "type": "Point", "coordinates": [ 6.12945671, 46.22040563 ] } },
{ "type": "Feature", "properties": { "stop_id": "8592861:0:Y", "stop_code": "MLBA00", "stop_name": "Genève, Moillebeau", "stop_desc": null, "stop_lat": 46.22028132, "stop_lon": 6.1291423, "zone_id": null, "stop_url": null, "location_type": 0, "parent_station": "Parent8592861", "active": true }, "geometry": { "type": "Point", "coordinates": [ 6.1291423, 46.22028132 ] } },
{ "type": "Feature", "properties": { "stop_id": "8592861:0:Z", "stop_code": "MLBA01", "stop_name": "Genève, Moillebeau", "stop_desc": null, "stop_lat": 46.22057344, "stop_lon": 6.12971722, "zone_id": null, "stop_url": null, "location_type": 0, "parent_station": "Parent8592861", "active": true }, "geometry": { "type": "Point", "coordinates": [ 6.12971722, 46.22057344 ] } },
{ "type": "Feature", "properties": { "stop_id": "8592862", "stop_code": null, "stop_name": "Genève, Molard", "stop_desc": null, "stop_lat": 46.20311189, "stop_lon": 6.14718047, "zone_id": null, "stop_url": null, "location_type": 0, "parent_station": "Parent8592862", "active": true }, "geometry": { "type": "Point", "coordinates": [ 6.14718047, 46.20311189 ] } },
{ "type": "Feature", "properties": { "stop_id": "8592862:0:W", "stop_code": null, "stop_name": "Genève, Molard", "stop_desc": null, "stop_lat": 46.20398852, "stop_lon": 6.14850998, "zone_id": null, "stop_url": null, "location_type": 0, "parent_station": "Parent8592862", "active": true }, "geometry": { "type": "Point", "coordinates": [ 6.14850998, 46.20398852 ] } },
{ "type": "Feature", "properties": { "stop_id": "8592862:0:X", "stop_code": "MLRD01", "stop_name": "Genève, Molard", "stop_desc": null, "stop_lat": 46.20409421, "stop_lon": 6.1483932, "zone_id": null, "stop_url": null, "location_type": 0, "parent_station": "Parent8592862", "active": true }, "geometry": { "type": "Point", "coordinates": [ 6.1483932, 46.20409421 ] } },
{ "type": "Feature", "properties": { "stop_id": "8592862:0:Y", "stop_code": null, "stop_name": "Genève, Molard", "stop_desc": null, "stop_lat": 46.20301863, "stop_lon": 6.14740505, "zone_id": null, "stop_url": null, "location_type": 0, "parent_station": "Parent8592862", "active": true }, "geometry": { "type": "Point", "coordinates": [ 6.14740505, 46.20301863 ] } },
{ "type": "Feature", "properties": { "stop_id": "8592862:0:Z", "stop_code": "MLRD04", "stop_name": "Genève, Molard", "stop_desc": null, "stop_lat": 46.20320515, "stop_lon": 6.14692894, "zone_id": null, "stop_url": null, "location_type": 0, "parent_station": "Parent8592862", "active": true }, "geometry": { "type": "Point", "coordinates": [ 6.14692894, 46.20320515 ] } },
{ "type": "Feature", "properties": { "stop_id": "8592863", "stop_code": null, "stop_name": "Genève, Môle", "stop_desc": null, "stop_lat": 46.21315187, "stop_lon": 6.14549164, "zone_id": null, "stop_url": null, "location_type": 0, "parent_station": "Parent8592863", "active": true }, "geometry": { "type": "Point", "coordinates": [ 6.14549164, 46.21315187 ] } },
{ "type": "Feature", "properties": { "stop_id": "8592863:0:S", "stop_code": "MOLE00", "stop_name": "Genève, Môle", "stop_desc": null, "stop_lat": 46.2133943, "stop_lon": 6.14557249, "zone_id": null, "stop_url": null, "location_type": 0, "parent_station": "Parent8592863", "active": true }, "geometry": { "type": "Point", "coordinates": [ 6.14557249, 46.2133943 ] } },
{ "type": "Feature", "properties": { "stop_id": "8592863:0:Z", "stop_code": "ROYA00", "stop_name": "Genève, Môle", "stop_desc": null, "stop_lat": 46.21312079, "stop_lon": 6.14530299, "zone_id": null, "stop_url": null, "location_type": 0, "parent_station": "Parent8592863", "active": true }, "geometry": { "type": "Point", "coordinates": [ 6.14530299, 46.21312079 ] } },
{ "type": "Feature", "properties": { "stop_id": "8592864", "stop_code": null, "stop_name": "Genève, Mont-Blanc", "stop_desc": null, "stop_lat": 46.20734569, "stop_lon": 6.14699183, "zone_id": null, "stop_url": null, "location_type": 0, "parent_station": "Parent8592864", "active": true }, "geometry": { "type": "Point", "coordinates": [ 6.14699183, 46.20734569 ] } },
{ "type": "Feature", "properties": { "stop_id": "8592864:0:G", "stop_code": "MTBL00", "stop_name": "Genève, Mont-Blanc", "stop_desc": null, "stop_lat": 46.20703485, "stop_lon": 6.14735115, "zone_id": null, "stop_url": null, "location_type": 0, "parent_station": "Parent8592864", "active": true }, "geometry": { "type": "Point", "coordinates": [ 6.14735115, 46.20703485 ] } },
{ "type": "Feature", "properties": { "stop_id": "8592864:0:H", "stop_code": "MTBL01", "stop_name": "Genève, Mont-Blanc", "stop_desc": null, "stop_lat": 46.20760679, "stop_lon": 6.14665047, "zone_id": null, "stop_url": null, "location_type": 0, "parent_station": "Parent8592864", "active": true }, "geometry": { "type": "Point", "coordinates": [ 6.14665047, 46.20760679 ] } },
{ "type": "Feature", "properties": { "stop_id": "8592865", "stop_code": "GEVB01", "stop_name": "Genève-Eaux-Vives, gare/Bloch", "stop_desc": null, "stop_lat": 46.20303106, "stop_lon": 6.16627866, "zone_id": null, "stop_url": null, "location_type": 0, "parent_station": "Parent8592865", "active": true }, "geometry": { "type": "Point", "coordinates": [ 6.16627866, 46.20303106 ] } },
{ "type": "Feature", "properties": { "stop_id": "8592865:0:E", "stop_code": null, "stop_name": "Genève-Eaux-Vives, gare/Bloch", "stop_desc": null, "stop_lat": 46.20296889, "stop_lon": 6.16627866, "zone_id": null, "stop_url": null, "location_type": 0, "parent_station": "Parent8592865", "active": true }, "geometry": { "type": "Point", "coordinates": [ 6.16627866, 46.20296889 ] } },
{ "type": "Feature", "properties": { "stop_id": "8592865:0:F", "stop_code": null, "stop_name": "Genève-Eaux-Vives, gare/Bloch", "stop_desc": null, "stop_lat": 46.2030435, "stop_lon": 6.16610798, "zone_id": null, "stop_url": null, "location_type": 0, "parent_station": "Parent8592865", "active": true }, "geometry": { "type": "Point", "coordinates": [ 6.16610798, 46.2030435 ] } },
{ "type": "Feature", "properties": { "stop_id": "8592866", "stop_code": null, "stop_name": "Genève, Monthoux", "stop_desc": null, "stop_lat": 46.21047887, "stop_lon": 6.148501, "zone_id": null, "stop_url": null, "location_type": 0, "parent_station": "Parent8592866", "active": true }, "geometry": { "type": "Point", "coordinates": [ 6.148501, 46.21047887 ] } },
{ "type": "Feature", "properties": { "stop_id": "8592866:0:U", "stop_code": null, "stop_name": "Genève, Monthoux", "stop_desc": null, "stop_lat": 46.21053481, "stop_lon": 6.14837523, "zone_id": null, "stop_url": null, "location_type": 0, "parent_station": "Parent8592866", "active": true }, "geometry": { "type": "Point", "coordinates": [ 6.14837523, 46.21053481 ] } },
{ "type": "Feature", "properties": { "stop_id": "8592866:0:V", "stop_code": null, "stop_name": "Genève, Monthoux", "stop_desc": null, "stop_lat": 46.21019291, "stop_lon": 6.14830337, "zone_id": null, "stop_url": null, "location_type": 0, "parent_station": "Parent8592866", "active": true }, "geometry": { "type": "Point", "coordinates": [ 6.14830337, 46.21019291 ] } },
{ "type": "Feature", "properties": { "stop_id": "8592867", "stop_code": null, "stop_name": "Genève, Motta", "stop_desc": null, "stop_lat": 46.21944224, "stop_lon": 6.13473881, "zone_id": null, "stop_url": null, "location_type": 0, "parent_station": "Parent8592867", "active": true }, "geometry": { "type": "Point", "coordinates": [ 6.13473881, 46.21944224 ] } },
{ "type": "Feature", "properties": { "stop_id": "8592867:0:M", "stop_code": "MTTA00", "stop_name": "Genève, Motta", "stop_desc": null, "stop_lat": 46.21992705, "stop_lon": 6.13521491, "zone_id": null, "stop_url": null, "location_type": 0, "parent_station": "Parent8592867", "active": true }, "geometry": { "type": "Point", "coordinates": [ 6.13521491, 46.21992705 ] } },
{ "type": "Feature", "properties": { "stop_id": "8592867:0:N", "stop_code": "MTTA01", "stop_name": "Genève, Motta", "stop_desc": null, "stop_lat": 46.21901959, "stop_lon": 6.13427168, "zone_id": null, "stop_url": null, "location_type": 0, "parent_station": "Parent8592867", "active": true }, "geometry": { "type": "Point", "coordinates": [ 6.13427168, 46.21901959 ] } },
{ "type": "Feature", "properties": { "stop_id": "8592868", "stop_code": null, "stop_name": "Genève, Musée d'ethnographie", "stop_desc": null, "stop_lat": 46.1978083, "stop_lon": 6.13626594, "zone_id": null, "stop_url": null, "location_type": 0, "parent_station": "Parent8592868", "active": true }, "geometry": { "type": "Point", "coordinates": [ 6.13626594, 46.1978083 ] } },
{ "type": "Feature", "properties": { "stop_id": "8592868:0:J", "stop_code": "MUET01", "stop_name": "Genève, Musée d'ethnographie", "stop_desc": null, "stop_lat": 46.19794509, "stop_lon": 6.13640967, "zone_id": null, "stop_url": null, "location_type": 0, "parent_station": "Parent8592868", "active": true }, "geometry": { "type": "Point", "coordinates": [ 6.13640967, 46.19794509 ] } },
{ "type": "Feature", "properties": { "stop_id": "8592868:0:K", "stop_code": "MUET02", "stop_name": "Genève, Musée d'ethnographie", "stop_desc": null, "stop_lat": 46.19783317, "stop_lon": 6.13603238, "zone_id": null, "stop_url": null, "location_type": 0, "parent_station": "Parent8592868", "active": true }, "geometry": { "type": "Point", "coordinates": [ 6.13603238, 46.19783317 ] } },
{ "type": "Feature", "properties": { "stop_id": "8592869", "stop_code": null, "stop_name": "Genève, Musée Voltaire", "stop_desc": null, "stop_lat": 46.20717784, "stop_lon": 6.13390337, "zone_id": null, "stop_url": null, "location_type": 0, "parent_station": "Parent8592869", "active": true }, "geometry": { "type": "Point", "coordinates": [ 6.13390337, 46.20717784 ] } },
{ "type": "Feature", "properties": { "stop_id": "8592869:0:E", "stop_code": "MUVO00", "stop_name": "Genève, Musée Voltaire", "stop_desc": null, "stop_lat": 46.20696646, "stop_lon": 6.13358896, "zone_id": null, "stop_url": null, "location_type": 0, "parent_station": "Parent8592869", "active": true }, "geometry": { "type": "Point", "coordinates": [ 6.13358896, 46.20696646 ] } },
{ "type": "Feature", "properties": { "stop_id": "8592869:0:F", "stop_code": "MUVO01", "stop_name": "Genève, Musée Voltaire", "stop_desc": null, "stop_lat": 46.20735812, "stop_lon": 6.13418185, "zone_id": null, "stop_url": null, "location_type": 0, "parent_station": "Parent8592869", "active": true }, "geometry": { "type": "Point", "coordinates": [ 6.13418185, 46.20735812 ] } },
{ "type": "Feature", "properties": { "stop_id": "8592870", "stop_code": null, "stop_name": "Genève, Muséum", "stop_desc": null, "stop_lat": 46.19852335, "stop_lon": 6.15730449, "zone_id": null, "stop_url": null, "location_type": 0, "parent_station": "Parent8592870", "active": true }, "geometry": { "type": "Point", "coordinates": [ 6.15730449, 46.19852335 ] } },
{ "type": "Feature", "properties": { "stop_id": "8592870:0:A", "stop_code": null, "stop_name": "Genève, Muséum", "stop_desc": null, "stop_lat": 46.19860418, "stop_lon": 6.15734042, "zone_id": null, "stop_url": null, "location_type": 0, "parent_station": "Parent8592870", "active": true }, "geometry": { "type": "Point", "coordinates": [ 6.15734042, 46.19860418 ] } },
{ "type": "Feature", "properties": { "stop_id": "8592870:0:B", "stop_code": null, "stop_name": "Genève, Muséum", "stop_desc": null, "stop_lat": 46.19846739, "stop_lon": 6.15725957, "zone_id": null, "stop_url": null, "location_type": 0, "parent_station": "Parent8592870", "active": true }, "geometry": { "type": "Point", "coordinates": [ 6.15725957, 46.19846739 ] } },
{ "type": "Feature", "properties": { "stop_id": "8592870:0:C", "stop_code": "MUSE02", "stop_name": "Genève, Muséum", "stop_desc": null, "stop_lat": 46.19838034, "stop_lon": 6.1583106, "zone_id": null, "stop_url": null, "location_type": 0, "parent_station": "Parent8592870", "active": true }, "geometry": { "type": "Point", "coordinates": [ 6.1583106, 46.19838034 ] } },
{ "type": "Feature", "properties": { "stop_id": "8592870:0:D", "stop_code": "MUSE03", "stop_name": "Genève, Muséum", "stop_desc": null, "stop_lat": 46.19816271, "stop_lon": 6.15864298, "zone_id": null, "stop_url": null, "location_type": 0, "parent_station": "Parent8592870", "active": true }, "geometry": { "type": "Point", "coordinates": [ 6.15864298, 46.19816271 ] } },
{ "type": "Feature", "properties": { "stop_id": "8592871", "stop_code": null, "stop_name": "Genève, Navigation", "stop_desc": null, "stop_lat": 46.21188998, "stop_lon": 6.14964186, "zone_id": null, "stop_url": null, "location_type": 0, "parent_station": "Parent8592871", "active": true }, "geometry": { "type": "Point", "coordinates": [ 6.14964186, 46.21188998 ] } },
{ "type": "Feature", "properties": { "stop_id": "8592871:0:M", "stop_code": null, "stop_name": "Genève, Navigation", "stop_desc": null, "stop_lat": 46.21195214, "stop_lon": 6.14965084, "zone_id": null, "stop_url": null, "location_type": 0, "parent_station": "Parent8592871", "active": true }, "geometry": { "type": "Point", "coordinates": [ 6.14965084, 46.21195214 ] } },
{ "type": "Feature", "properties": { "stop_id": "8592871:0:N", "stop_code": null, "stop_name": "Genève, Navigation", "stop_desc": null, "stop_lat": 46.21182782, "stop_lon": 6.14947118, "zone_id": null, "stop_url": null, "location_type": 0, "parent_station": "Parent8592871", "active": true }, "geometry": { "type": "Point", "coordinates": [ 6.14947118, 46.21182782 ] } },
{ "type": "Feature", "properties": { "stop_id": "8592873", "stop_code": null, "stop_name": "Genève, Ormeaux", "stop_desc": null, "stop_lat": 46.2060215, "stop_lon": 6.13652645, "zone_id": null, "stop_url": null, "location_type": 0, "parent_station": "Parent8592873", "active": true }, "geometry": { "type": "Point", "coordinates": [ 6.13652645, 46.2060215 ] } },
{ "type": "Feature", "properties": { "stop_id": "8592873:0:C", "stop_code": null, "stop_name": "Genève, Ormeaux", "stop_desc": null, "stop_lat": 46.20612097, "stop_lon": 6.13652645, "zone_id": null, "stop_url": null, "location_type": 0, "parent_station": "Parent8592873", "active": true }, "geometry": { "type": "Point", "coordinates": [ 6.13652645, 46.20612097 ] } },
{ "type": "Feature", "properties": { "stop_id": "8592873:0:D", "stop_code": null, "stop_name": "Genève, Ormeaux", "stop_desc": null, "stop_lat": 46.20597176, "stop_lon": 6.13639171, "zone_id": null, "stop_url": null, "location_type": 0, "parent_station": "Parent8592873", "active": true }, "geometry": { "type": "Point", "coordinates": [ 6.13639171, 46.20597176 ] } },
{ "type": "Feature", "properties": { "stop_id": "8592874", "stop_code": null, "stop_name": "Genève, Palladium", "stop_desc": null, "stop_lat": 46.20301863, "stop_lon": 6.13356201, "zone_id": null, "stop_url": null, "location_type": 0, "parent_station": "Parent8592874", "active": true }, "geometry": { "type": "Point", "coordinates": [ 6.13356201, 46.20301863 ] } },
{ "type": "Feature", "properties": { "stop_id": "8592874:0:R", "stop_code": "PLDI00", "stop_name": "Genève, Palladium", "stop_desc": null, "stop_lat": 46.20295646, "stop_lon": 6.13313082, "zone_id": null, "stop_url": null, "location_type": 0, "parent_station": "Parent8592874", "active": true }, "geometry": { "type": "Point", "coordinates": [ 6.13313082, 46.20295646 ] } },
{ "type": "Feature", "properties": { "stop_id": "8592874:0:S", "stop_code": "PLDI01", "stop_name": "Genève, Palladium", "stop_desc": null, "stop_lat": 46.20303106, "stop_lon": 6.13391236, "zone_id": null, "stop_url": null, "location_type": 0, "parent_station": "Parent8592874", "active": true }, "geometry": { "type": "Point", "coordinates": [ 6.13391236, 46.20303106 ] } },
{ "type": "Feature", "properties": { "stop_id": "8592876", "stop_code": null, "stop_name": "Genève, Parc Plage Eaux-Vives", "stop_desc": null, "stop_lat": 46.20937233, "stop_lon": 6.16746443, "zone_id": null, "stop_url": null, "location_type": 0, "parent_station": "Parent8592876", "active": true }, "geometry": { "type": "Point", "coordinates": [ 6.16746443, 46.20937233 ] } },
{ "type": "Feature", "properties": { "stop_id": "8592876:0:E", "stop_code": null, "stop_name": "Genève, Parc Plage Eaux-Vives", "stop_desc": null, "stop_lat": 46.20952153, "stop_lon": 6.16773393, "zone_id": null, "stop_url": null, "location_type": 0, "parent_station": "Parent8592876", "active": true }, "geometry": { "type": "Point", "coordinates": [ 6.16773393, 46.20952153 ] } },
{ "type": "Feature", "properties": { "stop_id": "8592876:0:F", "stop_code": "PARC01", "stop_name": "Genève, Parc Plage Eaux-Vives", "stop_desc": null, "stop_lat": 46.2092107, "stop_lon": 6.16720392, "zone_id": null, "stop_url": null, "location_type": 0, "parent_station": "Parent8592876", "active": true }, "geometry": { "type": "Point", "coordinates": [ 6.16720392, 46.2092107 ] } },
{ "type": "Feature", "properties": { "stop_id": "8592876:0:J", "stop_code": "PARC02", "stop_name": "Genève, Parc Plage Eaux-Vives", "stop_desc": null, "stop_lat": 46.20964586, "stop_lon": 6.16793156, "zone_id": null, "stop_url": null, "location_type": 0, "parent_station": "Parent8592876", "active": true }, "geometry": { "type": "Point", "coordinates": [ 6.16793156, 46.20964586 ] } },
{ "type": "Feature", "properties": { "stop_id": "8592878", "stop_code": null, "stop_name": "Genève-Champel, gare/Peschier", "stop_desc": null, "stop_lat": 46.19377896, "stop_lon": 6.15385495, "zone_id": null, "stop_url": null, "location_type": 0, "parent_station": "Parent8592878", "active": true }, "geometry": { "type": "Point", "coordinates": [ 6.15385495, 46.19377896 ] } },
{ "type": "Feature", "properties": { "stop_id": "8592878:0:C", "stop_code": "GCHP02", "stop_name": "Genève-Champel, gare/Peschier", "stop_desc": null, "stop_lat": 46.19408366, "stop_lon": 6.15433106, "zone_id": null, "stop_url": null, "location_type": 0, "parent_station": "Parent8592878", "active": true }, "geometry": { "type": "Point", "coordinates": [ 6.15433106, 46.19408366 ] } },
{ "type": "Feature", "properties": { "stop_id": "8592878:0:D", "stop_code": "GCHP01", "stop_name": "Genève-Champel, gare/Peschier", "stop_desc": null, "stop_lat": 46.19412097, "stop_lon": 6.15309139, "zone_id": null, "stop_url": null, "location_type": 0, "parent_station": "Parent8592878", "active": true }, "geometry": { "type": "Point", "coordinates": [ 6.15309139, 46.19412097 ] } },
{ "type": "Feature", "properties": { "stop_id": "8592879:0:G", "stop_code": "PEPA00", "stop_name": "Genève,Conservatoire populaire", "stop_desc": null, "stop_lat": 46.19765907, "stop_lon": 6.15171696, "zone_id": null, "stop_url": null, "location_type": 0, "parent_station": "Parent8592879", "active": true }, "geometry": { "type": "Point", "coordinates": [ 6.15171696, 46.19765907 ] } },
{ "type": "Feature", "properties": { "stop_id": "8592880", "stop_code": null, "stop_name": "Genève, Petit-Saconnex", "stop_desc": null, "stop_lat": 46.22300357, "stop_lon": 6.12849551, "zone_id": null, "stop_url": null, "location_type": 0, "parent_station": "Parent8592880", "active": true }, "geometry": { "type": "Point", "coordinates": [ 6.12849551, 46.22300357 ] } },
{ "type": "Feature", "properties": { "stop_id": "8592880:0:U", "stop_code": "PSAC03", "stop_name": "Genève, Petit-Saconnex", "stop_desc": null, "stop_lat": 46.22269903, "stop_lon": 6.12967231, "zone_id": null, "stop_url": null, "location_type": 0, "parent_station": "Parent8592880", "active": true }, "geometry": { "type": "Point", "coordinates": [ 6.12967231, 46.22269903 ] } },
{ "type": "Feature", "properties": { "stop_id": "8592880:0:V", "stop_code": null, "stop_name": "Genève, Petit-Saconnex", "stop_desc": null, "stop_lat": 46.22294763, "stop_lon": 6.13040893, "zone_id": null, "stop_url": null, "location_type": 0, "parent_station": "Parent8592880", "active": true }, "geometry": { "type": "Point", "coordinates": [ 6.13040893, 46.22294763 ] } },
{ "type": "Feature", "properties": { "stop_id": "8592880:0:W", "stop_code": null, "stop_name": "Genève, Petit-Saconnex", "stop_desc": null, "stop_lat": 46.22290413, "stop_lon": 6.12860331, "zone_id": null, "stop_url": null, "location_type": 0, "parent_station": "Parent8592880", "active": true }, "geometry": { "type": "Point", "coordinates": [ 6.12860331, 46.22290413 ] } },
{ "type": "Feature", "properties": { "stop_id": "8592880:0:X", "stop_code": null, "stop_name": "Genève, Petit-Saconnex", "stop_desc": null, "stop_lat": 46.22310301, "stop_lon": 6.12841467, "zone_id": null, "stop_url": null, "location_type": 0, "parent_station": "Parent8592880", "active": true }, "geometry": { "type": "Point", "coordinates": [ 6.12841467, 46.22310301 ] } },
{ "type": "Feature", "properties": { "stop_id": "8592880:0:Y", "stop_code": null, "stop_name": "Genève, Petit-Saconnex", "stop_desc": null, "stop_lat": 46.2219035, "stop_lon": 6.12541429, "zone_id": null, "stop_url": null, "location_type": 0, "parent_station": "Parent8592880", "active": true }, "geometry": { "type": "Point", "coordinates": [ 6.12541429, 46.2219035 ] } },
{ "type": "Feature", "properties": { "stop_id": "8592880:0:Z", "stop_code": "PSAC96", "stop_name": "Genève, Petit-Saconnex", "stop_desc": null, "stop_lat": 46.2219035, "stop_lon": 6.12554006, "zone_id": null, "stop_url": null, "location_type": 0, "parent_station": "Parent8592880", "active": true }, "geometry": { "type": "Point", "coordinates": [ 6.12554006, 46.2219035 ] } },
{ "type": "Feature", "properties": { "stop_id": "8592881", "stop_code": null, "stop_name": "Genève, Philosophes", "stop_desc": null, "stop_lat": 46.19672016, "stop_lon": 6.14619233, "zone_id": null, "stop_url": null, "location_type": 0, "parent_station": "Parent8592881", "active": true }, "geometry": { "type": "Point", "coordinates": [ 6.14619233, 46.19672016 ] } },
{ "type": "Feature", "properties": { "stop_id": "8592881:0:V", "stop_code": null, "stop_name": "Genève, Philosophes", "stop_desc": null, "stop_lat": 46.19669529, "stop_lon": 6.14615639, "zone_id": null, "stop_url": null, "location_type": 0, "parent_station": "Parent8592881", "active": true }, "geometry": { "type": "Point", "coordinates": [ 6.14615639, 46.19669529 ] } },
{ "type": "Feature", "properties": { "stop_id": "8592883", "stop_code": null, "stop_name": "Genève, Place des Eaux-Vives", "stop_desc": null, "stop_lat": 46.2022912, "stop_lon": 6.15601091, "zone_id": null, "stop_url": null, "location_type": 0, "parent_station": "Parent8592883", "active": true }, "geometry": { "type": "Point", "coordinates": [ 6.15601091, 46.2022912 ] } },
{ "type": "Feature", "properties": { "stop_id": "8592883:0:O", "stop_code": null, "stop_name": "Genève, Place des Eaux-Vives", "stop_desc": null, "stop_lat": 46.20255855, "stop_lon": 6.15541802, "zone_id": null, "stop_url": null, "location_type": 0, "parent_station": "Parent8592883", "active": true }, "geometry": { "type": "Point", "coordinates": [ 6.15541802, 46.20255855 ] } },
{ "type": "Feature", "properties": { "stop_id": "8592883:0:P", "stop_code": "PLEV01", "stop_name": "Genève, Place des Eaux-Vives", "stop_desc": null, "stop_lat": 46.20235959, "stop_lon": 6.15578633, "zone_id": null, "stop_url": null, "location_type": 0, "parent_station": "Parent8592883", "active": true }, "geometry": { "type": "Point", "coordinates": [ 6.15578633, 46.20235959 ] } },
{ "type": "Feature", "properties": { "stop_id": "8592883:0:Q", "stop_code": "PLEV02", "stop_name": "Genève, Place des Eaux-Vives", "stop_desc": null, "stop_lat": 46.20232229, "stop_lon": 6.15658583, "zone_id": null, "stop_url": null, "location_type": 0, "parent_station": "Parent8592883", "active": true }, "geometry": { "type": "Point", "coordinates": [ 6.15658583, 46.20232229 ] } },
{ "type": "Feature", "properties": { "stop_id": "8592883:0:R", "stop_code": "PLEV03", "stop_name": "Genève, Place des Eaux-Vives", "stop_desc": null, "stop_lat": 46.20179381, "stop_lon": 6.15578633, "zone_id": null, "stop_url": null, "location_type": 0, "parent_station": "Parent8592883", "active": true }, "geometry": { "type": "Point", "coordinates": [ 6.15578633, 46.20179381 ] } },
{ "type": "Feature", "properties": { "stop_id": "8592883:0:S", "stop_code": "PLEV04", "stop_name": "Genève, Place des Eaux-Vives", "stop_desc": null, "stop_lat": 46.20175029, "stop_lon": 6.15690923, "zone_id": null, "stop_url": null, "location_type": 0, "parent_station": "Parent8592883", "active": true }, "geometry": { "type": "Point", "coordinates": [ 6.15690923, 46.20175029 ] } },
{ "type": "Feature", "properties": { "stop_id": "8592883:0:Z", "stop_code": "PLEV00", "stop_name": "Genève, Place des Eaux-Vives", "stop_desc": null, "stop_lat": 46.20250259, "stop_lon": 6.15555277, "zone_id": null, "stop_url": null, "location_type": 0, "parent_station": "Parent8592883", "active": true }, "geometry": { "type": "Point", "coordinates": [ 6.15555277, 46.20250259 ] } },
{ "type": "Feature", "properties": { "stop_id": "8592885", "stop_code": null, "stop_name": "Genève, Place de Neuve", "stop_desc": null, "stop_lat": 46.20119693, "stop_lon": 6.1441801, "zone_id": null, "stop_url": null, "location_type": 0, "parent_station": "Parent8592885", "active": true }, "geometry": { "type": "Point", "coordinates": [ 6.1441801, 46.20119693 ] } },
{ "type": "Feature", "properties": { "stop_id": "8592885:0:I", "stop_code": "PNEV02", "stop_name": "Genève, Place de Neuve", "stop_desc": null, "stop_lat": 46.20099176, "stop_lon": 6.14385671, "zone_id": null, "stop_url": null, "location_type": 0, "parent_station": "Parent8592885", "active": true }, "geometry": { "type": "Point", "coordinates": [ 6.14385671, 46.20099176 ] } },
{ "type": "Feature", "properties": { "stop_id": "8592885:0:J", "stop_code": "PNEV03", "stop_name": "Genève, Place de Neuve", "stop_desc": null, "stop_lat": 46.2006871, "stop_lon": 6.14329975, "zone_id": null, "stop_url": null, "location_type": 0, "parent_station": "Parent8592885", "active": true }, "geometry": { "type": "Point", "coordinates": [ 6.14329975, 46.2006871 ] } },
{ "type": "Feature", "properties": { "stop_id": "8592885:0:L", "stop_code": "PNEV00", "stop_name": "Genève, Place de Neuve", "stop_desc": null, "stop_lat": 46.20096689, "stop_lon": 6.14464722, "zone_id": null, "stop_url": null, "location_type": 0, "parent_station": "Parent8592885", "active": true }, "geometry": { "type": "Point", "coordinates": [ 6.14464722, 46.20096689 ] } },
{ "type": "Feature", "properties": { "stop_id": "8592885:0:M", "stop_code": null, "stop_name": "Genève, Place de Neuve", "stop_desc": null, "stop_lat": 46.20126533, "stop_lon": 6.14424298, "zone_id": null, "stop_url": null, "location_type": 0, "parent_station": "Parent8592885", "active": true }, "geometry": { "type": "Point", "coordinates": [ 6.14424298, 46.20126533 ] } },
{ "type": "Feature", "properties": { "stop_id": "8592885:0:N", "stop_code": "PNEF00", "stop_name": "Genève, Place de Neuve", "stop_desc": null, "stop_lat": 46.20152646, "stop_lon": 6.14399145, "zone_id": null, "stop_url": null, "location_type": 0, "parent_station": "Parent8592885", "active": true }, "geometry": { "type": "Point", "coordinates": [ 6.14399145, 46.20152646 ] } },
{ "type": "Feature", "properties": { "stop_id": "8592886", "stop_code": "GCHG98", "stop_name": "Genève-Champel, gare", "stop_desc": null, "stop_lat": 46.19216217, "stop_lon": 6.15327105, "zone_id": null, "stop_url": null, "location_type": 0, "parent_station": "Parent8592886", "active": true }, "geometry": { "type": "Point", "coordinates": [ 6.15327105, 46.19216217 ] } },
{ "type": "Feature", "properties": { "stop_id": "8592886:0:A", "stop_code": null, "stop_name": "Genève-Champel, gare", "stop_desc": null, "stop_lat": 46.19224302, "stop_lon": 6.15336088, "zone_id": null, "stop_url": null, "location_type": 0, "parent_station": "Parent8592886", "active": true }, "geometry": { "type": "Point", "coordinates": [ 6.15336088, 46.19224302 ] } },
{ "type": "Feature", "properties": { "stop_id": "8592886:0:B", "stop_code": "GCHG99", "stop_name": "Genève-Champel, gare", "stop_desc": null, "stop_lat": 46.19192587, "stop_lon": 6.15307342, "zone_id": null, "stop_url": null, "location_type": 0, "parent_station": "Parent8592886", "active": true }, "geometry": { "type": "Point", "coordinates": [ 6.15307342, 46.19192587 ] } },
{ "type": "Feature", "properties": { "stop_id": "8592887", "stop_code": null, "stop_name": "Genève, Pont-d'Arve", "stop_desc": null, "stop_lat": 46.19489825, "stop_lon": 6.14342551, "zone_id": null, "stop_url": null, "location_type": 0, "parent_station": "Parent8592887", "active": true }, "geometry": { "type": "Point", "coordinates": [ 6.14342551, 46.19489825 ] } },
{ "type": "Feature", "properties": { "stop_id": "8592887:0:R", "stop_code": null, "stop_name": "Genève, Pont-d'Arve", "stop_desc": null, "stop_lat": 46.19500396, "stop_lon": 6.14342551, "zone_id": null, "stop_url": null, "location_type": 0, "parent_station": "Parent8592887", "active": true }, "geometry": { "type": "Point", "coordinates": [ 6.14342551, 46.19500396 ] } },
{ "type": "Feature", "properties": { "stop_id": "8592887:0:S", "stop_code": "PTAR01", "stop_name": "Genève, Pont-d'Arve", "stop_desc": null, "stop_lat": 46.1945376, "stop_lon": 6.14345246, "zone_id": null, "stop_url": null, "location_type": 0, "parent_station": "Parent8592887", "active": true }, "geometry": { "type": "Point", "coordinates": [ 6.14345246, 46.1945376 ] } },
{ "type": "Feature", "properties": { "stop_id": "8592887:0:T", "stop_code": "PTAR02", "stop_name": "Genève, Pont-d'Arve", "stop_desc": null, "stop_lat": 46.19502262, "stop_lon": 6.14301229, "zone_id": null, "stop_url": null, "location_type": 0, "parent_station": "Parent8592887", "active": true }, "geometry": { "type": "Point", "coordinates": [ 6.14301229, 46.19502262 ] } },
{ "type": "Feature", "properties": { "stop_id": "8592888", "stop_code": null, "stop_name": "Genève, poste", "stop_desc": null, "stop_lat": 46.21293431, "stop_lon": 6.14123363, "zone_id": null, "stop_url": null, "location_type": 0, "parent_station": "Parent8592888", "active": true }, "geometry": { "type": "Point", "coordinates": [ 6.14123363, 46.21293431 ] } },
{ "type": "Feature", "properties": { "stop_id": "8592888:0:T", "stop_code": "POST00", "stop_name": "Genève, poste", "stop_desc": null, "stop_lat": 46.21338808, "stop_lon": 6.14135939, "zone_id": null, "stop_url": null, "location_type": 0, "parent_station": "Parent8592888", "active": true }, "geometry": { "type": "Point", "coordinates": [ 6.14135939, 46.21338808 ] } },
{ "type": "Feature", "properties": { "stop_id": "8592888:0:U", "stop_code": "POST01", "stop_name": "Genève, poste", "stop_desc": null, "stop_lat": 46.21266079, "stop_lon": 6.14111684, "zone_id": null, "stop_url": null, "location_type": 0, "parent_station": "Parent8592888", "active": true }, "geometry": { "type": "Point", "coordinates": [ 6.14111684, 46.21266079 ] } },
{ "type": "Feature", "properties": { "stop_id": "8592889", "stop_code": null, "stop_name": "Genève, Poterie", "stop_desc": null, "stop_lat": 46.21179052, "stop_lon": 6.13358896, "zone_id": null, "stop_url": null, "location_type": 0, "parent_station": "Parent8592889", "active": true }, "geometry": { "type": "Point", "coordinates": [ 6.13358896, 46.21179052 ] } },
{ "type": "Feature", "properties": { "stop_id": "8592889:0:X", "stop_code": "POTE00", "stop_name": "Genève, Poterie", "stop_desc": null, "stop_lat": 46.21161025, "stop_lon": 6.13393931, "zone_id": null, "stop_url": null, "location_type": 0, "parent_station": "Parent8592889", "active": true }, "geometry": { "type": "Point", "coordinates": [ 6.13393931, 46.21161025 ] } },
{ "type": "Feature", "properties": { "stop_id": "8592889:0:Y", "stop_code": "POTE01", "stop_name": "Genève, Poterie", "stop_desc": null, "stop_lat": 46.21198322, "stop_lon": 6.13326557, "zone_id": null, "stop_url": null, "location_type": 0, "parent_station": "Parent8592889", "active": true }, "geometry": { "type": "Point", "coordinates": [ 6.13326557, 46.21198322 ] } },
{ "type": "Feature", "properties": { "stop_id": "8592890", "stop_code": null, "stop_name": "Genève, Prairie", "stop_desc": null, "stop_lat": 46.20849579, "stop_lon": 6.13574492, "zone_id": null, "stop_url": null, "location_type": 0, "parent_station": "Parent8592890", "active": true }, "geometry": { "type": "Point", "coordinates": [ 6.13574492, 46.20849579 ] } },
{ "type": "Feature", "properties": { "stop_id": "8592890:0:O", "stop_code": "PRRI00", "stop_name": "Genève, Prairie", "stop_desc": null, "stop_lat": 46.20851444, "stop_lon": 6.13551136, "zone_id": null, "stop_url": null, "location_type": 0, "parent_station": "Parent8592890", "active": true }, "geometry": { "type": "Point", "coordinates": [ 6.13551136, 46.20851444 ] } },
{ "type": "Feature", "properties": { "stop_id": "8592890:0:P", "stop_code": null, "stop_name": "Genève, Prairie", "stop_desc": null, "stop_lat": 46.20851444, "stop_lon": 6.13599645, "zone_id": null, "stop_url": null, "location_type": 0, "parent_station": "Parent8592890", "active": true }, "geometry": { "type": "Point", "coordinates": [ 6.13599645, 46.20851444 ] } },
{ "type": "Feature", "properties": { "stop_id": "8592891", "stop_code": null, "stop_name": "Genève, Queue-d'Arve", "stop_desc": null, "stop_lat": 46.19606726, "stop_lon": 6.12880992, "zone_id": null, "stop_url": null, "location_type": 0, "parent_station": "Parent8592891", "active": true }, "geometry": { "type": "Point", "coordinates": [ 6.12880992, 46.19606726 ] } },
{ "type": "Feature", "properties": { "stop_id": "8592891:0:V", "stop_code": "QARV00", "stop_name": "Genève, Queue-d'Arve", "stop_desc": null, "stop_lat": 46.19536462, "stop_lon": 6.13004062, "zone_id": null, "stop_url": null, "location_type": 0, "parent_station": "Parent8592891", "active": true }, "geometry": { "type": "Point", "coordinates": [ 6.13004062, 46.19536462 ] } },
{ "type": "Feature", "properties": { "stop_id": "8592891:0:W", "stop_code": "QARV01", "stop_name": "Genève, Queue-d'Arve", "stop_desc": null, "stop_lat": 46.19588072, "stop_lon": 6.12943875, "zone_id": null, "stop_url": null, "location_type": 0, "parent_station": "Parent8592891", "active": true }, "geometry": { "type": "Point", "coordinates": [ 6.12943875, 46.19588072 ] } },
{ "type": "Feature", "properties": { "stop_id": "8592891:0:X", "stop_code": "QARV02", "stop_name": "Genève, Queue-d'Arve", "stop_desc": null, "stop_lat": 46.19627246, "stop_lon": 6.128235, "zone_id": null, "stop_url": null, "location_type": 0, "parent_station": "Parent8592891", "active": true }, "geometry": { "type": "Point", "coordinates": [ 6.128235, 46.19627246 ] } },
{ "type": "Feature", "properties": { "stop_id": "8592891:0:Y", "stop_code": "QARV03", "stop_name": "Genève, Queue-d'Arve", "stop_desc": null, "stop_lat": 46.19588694, "stop_lon": 6.12792958, "zone_id": null, "stop_url": null, "location_type": 0, "parent_station": "Parent8592891", "active": true }, "geometry": { "type": "Point", "coordinates": [ 6.12792958, 46.19588694 ] } },
{ "type": "Feature", "properties": { "stop_id": "8592892", "stop_code": null, "stop_name": "Genève, Reverdin", "stop_desc": null, "stop_lat": 46.19024062, "stop_lon": 6.15037847, "zone_id": null, "stop_url": null, "location_type": 0, "parent_station": "Parent8592892", "active": true }, "geometry": { "type": "Point", "coordinates": [ 6.15037847, 46.19024062 ] } },
{ "type": "Feature", "properties": { "stop_id": "8592892:0:C", "stop_code": null, "stop_name": "Genève, Reverdin", "stop_desc": null, "stop_lat": 46.19017221, "stop_lon": 6.15035153, "zone_id": null, "stop_url": null, "location_type": 0, "parent_station": "Parent8592892", "active": true }, "geometry": { "type": "Point", "coordinates": [ 6.15035153, 46.19017221 ] } },
{ "type": "Feature", "properties": { "stop_id": "8592893", "stop_code": null, "stop_name": "Genève, Riant-Parc", "stop_desc": null, "stop_lat": 46.22158652, "stop_lon": 6.119171, "zone_id": null, "stop_url": null, "location_type": 0, "parent_station": "Parent8592893", "active": true }, "geometry": { "type": "Point", "coordinates": [ 6.119171, 46.22158652 ] } },
{ "type": "Feature", "properties": { "stop_id": "8592893:0:F", "stop_code": null, "stop_name": "Genève, Riant-Parc", "stop_desc": null, "stop_lat": 46.22150573, "stop_lon": 6.11923388, "zone_id": null, "stop_url": null, "location_type": 0, "parent_station": "Parent8592893", "active": true }, "geometry": { "type": "Point", "coordinates": [ 6.11923388, 46.22150573 ] } },
{ "type": "Feature", "properties": { "stop_id": "8592894", "stop_code": null, "stop_name": "Genève, Rieu", "stop_desc": null, "stop_lat": 46.19626002, "stop_lon": 6.16610798, "zone_id": null, "stop_url": null, "location_type": 0, "parent_station": "Parent8592894", "active": true }, "geometry": { "type": "Point", "coordinates": [ 6.16610798, 46.19626002 ] } },
{ "type": "Feature", "properties": { "stop_id": "8592894:0:10000", "stop_code": null, "stop_name": "Genève, Rieu", "stop_desc": null, "stop_lat": 46.19516564, "stop_lon": 6.16471559, "zone_id": null, "stop_url": null, "location_type": 0, "parent_station": "Parent8592894", "active": true }, "geometry": { "type": "Point", "coordinates": [ 6.16471559, 46.19516564 ] } },
{ "type": "Feature", "properties": { "stop_id": "8592894:0:O", "stop_code": "RIEU00", "stop_name": "Genève, Rieu", "stop_desc": null, "stop_lat": 46.19619162, "stop_lon": 6.16666493, "zone_id": null, "stop_url": null, "location_type": 0, "parent_station": "Parent8592894", "active": true }, "geometry": { "type": "Point", "coordinates": [ 6.16666493, 46.19619162 ] } },
{ "type": "Feature", "properties": { "stop_id": "8592894:0:P", "stop_code": "RIEU01", "stop_name": "Genève, Rieu", "stop_desc": null, "stop_lat": 46.1960113, "stop_lon": 6.1667907, "zone_id": null, "stop_url": null, "location_type": 0, "parent_station": "Parent8592894", "active": true }, "geometry": { "type": "Point", "coordinates": [ 6.1667907, 46.1960113 ] } },
{ "type": "Feature", "properties": { "stop_id": "8592894:0:Q", "stop_code": null, "stop_name": "Genève, Rieu", "stop_desc": null, "stop_lat": 46.19537705, "stop_lon": 6.16565882, "zone_id": null, "stop_url": null, "location_type": 0, "parent_station": "Parent8592894", "active": true }, "geometry": { "type": "Point", "coordinates": [ 6.16565882, 46.19537705 ] } },
{ "type": "Feature", "properties": { "stop_id": "8592894:0:R", "stop_code": "RIEU03", "stop_name": "Genève, Rieu", "stop_desc": null, "stop_lat": 46.19530865, "stop_lon": 6.16542526, "zone_id": null, "stop_url": null, "location_type": 0, "parent_station": "Parent8592894", "active": true }, "geometry": { "type": "Point", "coordinates": [ 6.16542526, 46.19530865 ] } },
{ "type": "Feature", "properties": { "stop_id": "8592895", "stop_code": "RIGO00", "stop_name": "Genève-Sécheron, gare", "stop_desc": null, "stop_lat": 46.2234324, "stop_lon": 6.14462926, "zone_id": null, "stop_url": null, "location_type": 0, "parent_station": "Parent8592895", "active": true }, "geometry": { "type": "Point", "coordinates": [ 6.14462926, 46.2234324 ] } },
{ "type": "Feature", "properties": { "stop_id": "8592895:0:K", "stop_code": null, "stop_name": "Genève-Sécheron, gare", "stop_desc": null, "stop_lat": 46.22347591, "stop_lon": 6.14464722, "zone_id": null, "stop_url": null, "location_type": 0, "parent_station": "Parent8592895", "active": true }, "geometry": { "type": "Point", "coordinates": [ 6.14464722, 46.22347591 ] } },
{ "type": "Feature", "properties": { "stop_id": "8592895:0:L", "stop_code": "RIGO01", "stop_name": "Genève-Sécheron, gare", "stop_desc": null, "stop_lat": 46.22332053, "stop_lon": 6.14438671, "zone_id": null, "stop_url": null, "location_type": 0, "parent_station": "Parent8592895", "active": true }, "geometry": { "type": "Point", "coordinates": [ 6.14438671, 46.22332053 ] } },
{ "type": "Feature", "properties": { "stop_id": "8592898", "stop_code": "GCHH03", "stop_name": "Genève-Champel, gare/Hôpital", "stop_desc": null, "stop_lat": 46.19316335, "stop_lon": 6.1505761, "zone_id": null, "stop_url": null, "location_type": 0, "parent_station": "Parent8592898", "active": true }, "geometry": { "type": "Point", "coordinates": [ 6.1505761, 46.19316335 ] } },
{ "type": "Feature", "properties": { "stop_id": "8592898:0:E", "stop_code": null, "stop_name": "Genève-Champel, gare/Hôpital", "stop_desc": null, "stop_lat": 46.19326906, "stop_lon": 6.15071085, "zone_id": null, "stop_url": null, "location_type": 0, "parent_station": "Parent8592898", "active": true }, "geometry": { "type": "Point", "coordinates": [ 6.15071085, 46.19326906 ] } },
{ "type": "Feature", "properties": { "stop_id": "8592898:0:F", "stop_code": null, "stop_name": "Genève-Champel, gare/Hôpital", "stop_desc": null, "stop_lat": 46.19315091, "stop_lon": 6.15049526, "zone_id": null, "stop_url": null, "location_type": 0, "parent_station": "Parent8592898", "active": true }, "geometry": { "type": "Point", "coordinates": [ 6.15049526, 46.19315091 ] } },
{ "type": "Feature", "properties": { "stop_id": "8592898:0:G", "stop_code": "ROSE00", "stop_name": "Genève-Champel, gare/Hôpital", "stop_desc": null, "stop_lat": 46.19257881, "stop_lon": 6.15043237, "zone_id": null, "stop_url": null, "location_type": 0, "parent_station": "Parent8592898", "active": true }, "geometry": { "type": "Point", "coordinates": [ 6.15043237, 46.19257881 ] } },
{ "type": "Feature", "properties": { "stop_id": "8592898:0:H", "stop_code": "MISE99", "stop_name": "Genève-Champel, gare/Hôpital", "stop_desc": null, "stop_lat": 46.19333746, "stop_lon": 6.15185171, "zone_id": null, "stop_url": null, "location_type": 0, "parent_station": "Parent8592898", "active": true }, "geometry": { "type": "Point", "coordinates": [ 6.15185171, 46.19333746 ] } },
{ "type": "Feature", "properties": { "stop_id": "8592900", "stop_code": null, "stop_name": "Genève, Rue du Lac", "stop_desc": null, "stop_lat": 46.2038393, "stop_lon": 6.15801415, "zone_id": null, "stop_url": null, "location_type": 0, "parent_station": "Parent8592900", "active": true }, "geometry": { "type": "Point", "coordinates": [ 6.15801415, 46.2038393 ] } },
{ "type": "Feature", "properties": { "stop_id": "8592900:0:T", "stop_code": "RLAC00", "stop_name": "Genève, Rue du Lac", "stop_desc": null, "stop_lat": 46.20352223, "stop_lon": 6.15748415, "zone_id": null, "stop_url": null, "location_type": 0, "parent_station": "Parent8592900", "active": true }, "geometry": { "type": "Point", "coordinates": [ 6.15748415, 46.20352223 ] } },
{ "type": "Feature", "properties": { "stop_id": "8592900:0:U", "stop_code": "RLAC01", "stop_name": "Genève, Rue du Lac", "stop_desc": null, "stop_lat": 46.20410664, "stop_lon": 6.15854416, "zone_id": null, "stop_url": null, "location_type": 0, "parent_station": "Parent8592900", "active": true }, "geometry": { "type": "Point", "coordinates": [ 6.15854416, 46.20410664 ] } },
{ "type": "Feature", "properties": { "stop_id": "8592902", "stop_code": null, "stop_name": "Genève, Perle du Lac", "stop_desc": null, "stop_lat": 46.22039941, "stop_lon": 6.1498305, "zone_id": null, "stop_url": null, "location_type": 0, "parent_station": "Parent8592902", "active": true }, "geometry": { "type": "Point", "coordinates": [ 6.1498305, 46.22039941 ] } },
{ "type": "Feature", "properties": { "stop_id": "8592902:0:Y", "stop_code": null, "stop_name": "Genève, Perle du Lac", "stop_desc": null, "stop_lat": 46.22036212, "stop_lon": 6.14967779, "zone_id": null, "stop_url": null, "location_type": 0, "parent_station": "Parent8592902", "active": true }, "geometry": { "type": "Point", "coordinates": [ 6.14967779, 46.22036212 ] } },
{ "type": "Feature", "properties": { "stop_id": "8592902:0:Z", "stop_code": null, "stop_name": "Genève, Perle du Lac", "stop_desc": null, "stop_lat": 46.22049264, "stop_lon": 6.1499922, "zone_id": null, "stop_url": null, "location_type": 0, "parent_station": "Parent8592902", "active": true }, "geometry": { "type": "Point", "coordinates": [ 6.1499922, 46.22049264 ] } },
{ "type": "Feature", "properties": { "stop_id": "8592903", "stop_code": null, "stop_name": "Genève, Servette", "stop_desc": null, "stop_lat": 46.21357457, "stop_lon": 6.12987892, "zone_id": null, "stop_url": null, "location_type": 0, "parent_station": "Parent8592903", "active": true }, "geometry": { "type": "Point", "coordinates": [ 6.12987892, 46.21357457 ] } },
{ "type": "Feature", "properties": { "stop_id": "8592903:0:A", "stop_code": "SERV00", "stop_name": "Genève, Servette", "stop_desc": null, "stop_lat": 46.21322025, "stop_lon": 6.13053469, "zone_id": null, "stop_url": null, "location_type": 0, "parent_station": "Parent8592903", "active": true }, "geometry": { "type": "Point", "coordinates": [ 6.13053469, 46.21322025 ] } },
{ "type": "Feature", "properties": { "stop_id": "8592903:0:B", "stop_code": null, "stop_name": "Genève, Servette", "stop_desc": null, "stop_lat": 46.21361186, "stop_lon": 6.1298879, "zone_id": null, "stop_url": null, "location_type": 0, "parent_station": "Parent8592903", "active": true }, "geometry": { "type": "Point", "coordinates": [ 6.1298879, 46.21361186 ] } },
{ "type": "Feature", "properties": { "stop_id": "8592903:0:C", "stop_code": "SERV03", "stop_name": "Genève, Servette", "stop_desc": null, "stop_lat": 46.2139724, "stop_lon": 6.13000468, "zone_id": null, "stop_url": null, "location_type": 0, "parent_station": "Parent8592903", "active": true }, "geometry": { "type": "Point", "coordinates": [ 6.13000468, 46.2139724 ] } },
{ "type": "Feature", "properties": { "stop_id": "8592903:0:D", "stop_code": "SERV02", "stop_name": "Genève, Servette", "stop_desc": null, "stop_lat": 46.21346889, "stop_lon": 6.1290884, "zone_id": null, "stop_url": null, "location_type": 0, "parent_station": "Parent8592903", "active": true }, "geometry": { "type": "Point", "coordinates": [ 6.1290884, 46.21346889 ] } },
{ "type": "Feature", "properties": { "stop_id": "8592904", "stop_code": null, "stop_name": "Genève, Seujet", "stop_desc": null, "stop_lat": 46.20395121, "stop_lon": 6.1323403, "zone_id": null, "stop_url": null, "location_type": 0, "parent_station": "Parent8592904", "active": true }, "geometry": { "type": "Point", "coordinates": [ 6.1323403, 46.20395121 ] } },
{ "type": "Feature", "properties": { "stop_id": "8592904:0:P", "stop_code": null, "stop_name": "Genève, Seujet", "stop_desc": null, "stop_lat": 46.20391391, "stop_lon": 6.13213369, "zone_id": null, "stop_url": null, "location_type": 0, "parent_station": "Parent8592904", "active": true }, "geometry": { "type": "Point", "coordinates": [ 6.13213369, 46.20391391 ] } },
{ "type": "Feature", "properties": { "stop_id": "8592904:0:Q", "stop_code": null, "stop_name": "Genève, Seujet", "stop_desc": null, "stop_lat": 46.20396987, "stop_lon": 6.13251098, "zone_id": null, "stop_url": null, "location_type": 0, "parent_station": "Parent8592904", "active": true }, "geometry": { "type": "Point", "coordinates": [ 6.13251098, 46.20396987 ] } },
{ "type": "Feature", "properties": { "stop_id": "8592905", "stop_code": "SIMO00", "stop_name": "Genève, Collège Sismondi", "stop_desc": null, "stop_lat": 46.22100229, "stop_lon": 6.14144024, "zone_id": null, "stop_url": null, "location_type": 0, "parent_station": "Parent8592905", "active": true }, "geometry": { "type": "Point", "coordinates": [ 6.14144024, 46.22100229 ] } },
{ "type": "Feature", "properties": { "stop_id": "8592905:0:Q", "stop_code": "NATI96", "stop_name": "Genève, Collège Sismondi", "stop_desc": null, "stop_lat": 46.22109552, "stop_lon": 6.14123363, "zone_id": null, "stop_url": null, "location_type": 0, "parent_station": "Parent8592905", "active": true }, "geometry": { "type": "Point", "coordinates": [ 6.14123363, 46.22109552 ] } },
{ "type": "Feature", "properties": { "stop_id": "8592905:0:R", "stop_code": null, "stop_name": "Genève, Collège Sismondi", "stop_desc": null, "stop_lat": 46.22091528, "stop_lon": 6.1416738, "zone_id": null, "stop_url": null, "location_type": 0, "parent_station": "Parent8592905", "active": true }, "geometry": { "type": "Point", "coordinates": [ 6.1416738, 46.22091528 ] } },
{ "type": "Feature", "properties": { "stop_id": "8592906", "stop_code": null, "stop_name": "Genève, Stand", "stop_desc": null, "stop_lat": 46.20369009, "stop_lon": 6.13988615, "zone_id": null, "stop_url": null, "location_type": 0, "parent_station": "Parent8592906", "active": true }, "geometry": { "type": "Point", "coordinates": [ 6.13988615, 46.20369009 ] } },
{ "type": "Feature", "properties": { "stop_id": "8592906:0:H", "stop_code": null, "stop_name": "Genève, Stand", "stop_desc": null, "stop_lat": 46.20364035, "stop_lon": 6.13985022, "zone_id": null, "stop_url": null, "location_type": 0, "parent_station": "Parent8592906", "active": true }, "geometry": { "type": "Point", "coordinates": [ 6.13985022, 46.20364035 ] } },
{ "type": "Feature", "properties": { "stop_id": "8592906:0:I", "stop_code": "STND02", "stop_name": "Genève, Stand", "stop_desc": null, "stop_lat": 46.20397608, "stop_lon": 6.13994903, "zone_id": null, "stop_url": null, "location_type": 0, "parent_station": "Parent8592906", "active": true }, "geometry": { "type": "Point", "coordinates": [ 6.13994903, 46.20397608 ] } },
{ "type": "Feature", "properties": { "stop_id": "8592906:0:J", "stop_code": "SNDT01", "stop_name": "Genève, Stand", "stop_desc": null, "stop_lat": 46.20359683, "stop_lon": 6.14105396, "zone_id": null, "stop_url": null, "location_type": 0, "parent_station": "Parent8592906", "active": true }, "geometry": { "type": "Point", "coordinates": [ 6.14105396, 46.20359683 ] } },
{ "type": "Feature", "properties": { "stop_id": "8592906:0:K", "stop_code": null, "stop_name": "Genève, Stand", "stop_desc": null, "stop_lat": 46.20410664, "stop_lon": 6.14022751, "zone_id": null, "stop_url": null, "location_type": 0, "parent_station": "Parent8592906", "active": true }, "geometry": { "type": "Point", "coordinates": [ 6.14022751, 46.20410664 ] } },
{ "type": "Feature", "properties": { "stop_id": "8592906:0:L", "stop_code": null, "stop_name": "Genève, Stand", "stop_desc": null, "stop_lat": 46.20417503, "stop_lon": 6.14033531, "zone_id": null, "stop_url": null, "location_type": 0, "parent_station": "Parent8592906", "active": true }, "geometry": { "type": "Point", "coordinates": [ 6.14033531, 46.20417503 ] } },
{ "type": "Feature", "properties": { "stop_id": "8592906:0:W", "stop_code": null, "stop_name": "Genève, Stand", "stop_desc": null, "stop_lat": 46.20369009, "stop_lon": 6.13988615, "zone_id": null, "stop_url": null, "location_type": 0, "parent_station": "Parent8592906", "active": true }, "geometry": { "type": "Point", "coordinates": [ 6.13988615, 46.20369009 ] } },
{ "type": "Feature", "properties": { "stop_id": "8592906:0:Y", "stop_code": "SNTD03", "stop_name": "Genève, Stand", "stop_desc": null, "stop_lat": 46.20416882, "stop_lon": 6.14028141, "zone_id": null, "stop_url": null, "location_type": 0, "parent_station": "Parent8592906", "active": true }, "geometry": { "type": "Point", "coordinates": [ 6.14028141, 46.20416882 ] } },
{ "type": "Feature", "properties": { "stop_id": "8592907:0:M", "stop_code": null, "stop_name": "Genève, Saint-Antoine", "stop_desc": null, "stop_lat": 46.19992855, "stop_lon": 6.15094441, "zone_id": null, "stop_url": null, "location_type": 0, "parent_station": "Parent8592907", "active": true }, "geometry": { "type": "Point", "coordinates": [ 6.15094441, 46.19992855 ] } },
{ "type": "Feature", "properties": { "stop_id": "8592908", "stop_code": null, "stop_name": "Genève, Sainte-Clotilde", "stop_desc": null, "stop_lat": 46.19981042, "stop_lon": 6.13282539, "zone_id": null, "stop_url": null, "location_type": 0, "parent_station": "Parent8592908", "active": true }, "geometry": { "type": "Point", "coordinates": [ 6.13282539, 46.19981042 ] } },
{ "type": "Feature", "properties": { "stop_id": "8592908:0:G", "stop_code": null, "stop_name": "Genève, Sainte-Clotilde", "stop_desc": null, "stop_lat": 46.19987881, "stop_lon": 6.13262776, "zone_id": null, "stop_url": null, "location_type": 0, "parent_station": "Parent8592908", "active": true }, "geometry": { "type": "Point", "coordinates": [ 6.13262776, 46.19987881 ] } },
{ "type": "Feature", "properties": { "stop_id": "8592908:0:H", "stop_code": "SCLO01", "stop_name": "Genève, Sainte-Clotilde", "stop_desc": null, "stop_lat": 46.19928191, "stop_lon": 6.1334632, "zone_id": null, "stop_url": null, "location_type": 0, "parent_station": "Parent8592908", "active": true }, "geometry": { "type": "Point", "coordinates": [ 6.1334632, 46.19928191 ] } },
{ "type": "Feature", "properties": { "stop_id": "8592909:0:P", "stop_code": "TACO00", "stop_name": "Genève, Taconnerie", "stop_desc": null, "stop_lat": 46.20083632, "stop_lon": 6.14819557, "zone_id": null, "stop_url": null, "location_type": 0, "parent_station": "Parent8592909", "active": true }, "geometry": { "type": "Point", "coordinates": [ 6.14819557, 46.20083632 ] } },
{ "type": "Feature", "properties": { "stop_id": "8592910", "stop_code": null, "stop_name": "Genève, Terrassière", "stop_desc": null, "stop_lat": 46.2010788, "stop_lon": 6.15641515, "zone_id": null, "stop_url": null, "location_type": 0, "parent_station": "Parent8592910", "active": true }, "geometry": { "type": "Point", "coordinates": [ 6.15641515, 46.2010788 ] } },
{ "type": "Feature", "properties": { "stop_id": "8592910:0:T", "stop_code": null, "stop_name": "Genève, Terrassière", "stop_desc": null, "stop_lat": 46.20098554, "stop_lon": 6.15647804, "zone_id": null, "stop_url": null, "location_type": 0, "parent_station": "Parent8592910", "active": true }, "geometry": { "type": "Point", "coordinates": [ 6.15647804, 46.20098554 ] } },
{ "type": "Feature", "properties": { "stop_id": "8592910:0:U", "stop_code": "TRSI01", "stop_name": "Genève, Terrassière", "stop_desc": null, "stop_lat": 46.20114719, "stop_lon": 6.15590311, "zone_id": null, "stop_url": null, "location_type": 0, "parent_station": "Parent8592910", "active": true }, "geometry": { "type": "Point", "coordinates": [ 6.15590311, 46.20114719 ] } },
{ "type": "Feature", "properties": { "stop_id": "8592910:0:V", "stop_code": "TRSI99", "stop_name": "Genève, Terrassière", "stop_desc": null, "stop_lat": 46.20073062, "stop_lon": 6.15520243, "zone_id": null, "stop_url": null, "location_type": 0, "parent_station": "Parent8592910", "active": true }, "geometry": { "type": "Point", "coordinates": [ 6.15520243, 46.20073062 ] } },
{ "type": "Feature", "properties": { "stop_id": "8592910:0:W", "stop_code": "TRSI98", "stop_name": "Genève, Terrassière", "stop_desc": null, "stop_lat": 46.20096689, "stop_lon": 6.15574142, "zone_id": null, "stop_url": null, "location_type": 0, "parent_station": "Parent8592910", "active": true }, "geometry": { "type": "Point", "coordinates": [ 6.15574142, 46.20096689 ] } },
{ "type": "Feature", "properties": { "stop_id": "8592911", "stop_code": null, "stop_name": "Genève, Tourelle", "stop_desc": null, "stop_lat": 46.22421548, "stop_lon": 6.12706719, "zone_id": null, "stop_url": null, "location_type": 0, "parent_station": "Parent8592911", "active": true }, "geometry": { "type": "Point", "coordinates": [ 6.12706719, 46.22421548 ] } },
{ "type": "Feature", "properties": { "stop_id": "8592911:0:A", "stop_code": null, "stop_name": "Genève, Tourelle", "stop_desc": null, "stop_lat": 46.22410983, "stop_lon": 6.12714804, "zone_id": null, "stop_url": null, "location_type": 0, "parent_station": "Parent8592911", "active": true }, "geometry": { "type": "Point", "coordinates": [ 6.12714804, 46.22410983 ] } },
{ "type": "Feature", "properties": { "stop_id": "8592911:0:B", "stop_code": null, "stop_name": "Genève, Tourelle", "stop_desc": null, "stop_lat": 46.22430249, "stop_lon": 6.12700431, "zone_id": null, "stop_url": null, "location_type": 0, "parent_station": "Parent8592911", "active": true }, "geometry": { "type": "Point", "coordinates": [ 6.12700431, 46.22430249 ] } },
{ "type": "Feature", "properties": { "stop_id": "8592912", "stop_code": null, "stop_name": "Genève, Tranchées", "stop_desc": null, "stop_lat": 46.19852957, "stop_lon": 6.15551684, "zone_id": null, "stop_url": null, "location_type": 0, "parent_station": "Parent8592912", "active": true }, "geometry": { "type": "Point", "coordinates": [ 6.15551684, 46.19852957 ] } },
{ "type": "Feature", "properties": { "stop_id": "8592912:0:F", "stop_code": null, "stop_name": "Genève, Tranchées", "stop_desc": null, "stop_lat": 46.19846117, "stop_lon": 6.15543599, "zone_id": null, "stop_url": null, "location_type": 0, "parent_station": "Parent8592912", "active": true }, "geometry": { "type": "Point", "coordinates": [ 6.15543599, 46.19846117 ] } },
{ "type": "Feature", "properties": { "stop_id": "8592913", "stop_code": null, "stop_name": "Genève, Trembley", "stop_desc": null, "stop_lat": 46.21803754, "stop_lon": 6.12620481, "zone_id": null, "stop_url": null, "location_type": 0, "parent_station": "Parent8592913", "active": true }, "geometry": { "type": "Point", "coordinates": [ 6.12620481, 46.21803754 ] } },
{ "type": "Feature", "properties": { "stop_id": "8592913:0:I", "stop_code": null, "stop_name": "Genève, Trembley", "stop_desc": null, "stop_lat": 46.21831724, "stop_lon": 6.12561192, "zone_id": null, "stop_url": null, "location_type": 0, "parent_station": "Parent8592913", "active": true }, "geometry": { "type": "Point", "coordinates": [ 6.12561192, 46.21831724 ] } },
{ "type": "Feature", "properties": { "stop_id": "8592913:0:J", "stop_code": null, "stop_name": "Genève, Trembley", "stop_desc": null, "stop_lat": 46.21763352, "stop_lon": 6.12651024, "zone_id": null, "stop_url": null, "location_type": 0, "parent_station": "Parent8592913", "active": true }, "geometry": { "type": "Point", "coordinates": [ 6.12651024, 46.21763352 ] } },
{ "type": "Feature", "properties": { "stop_id": "8592913:0:K", "stop_code": "TRMB00", "stop_name": "Genève, Trembley", "stop_desc": null, "stop_lat": 46.21777648, "stop_lon": 6.12657312, "zone_id": null, "stop_url": null, "location_type": 0, "parent_station": "Parent8592913", "active": true }, "geometry": { "type": "Point", "coordinates": [ 6.12657312, 46.21777648 ] } },
{ "type": "Feature", "properties": { "stop_id": "8592913:0:L", "stop_code": "TRMB02", "stop_name": "Genève, Trembley", "stop_desc": null, "stop_lat": 46.2183794, "stop_lon": 6.12571972, "zone_id": null, "stop_url": null, "location_type": 0, "parent_station": "Parent8592913", "active": true }, "geometry": { "type": "Point", "coordinates": [ 6.12571972, 46.2183794 ] } },
{ "type": "Feature", "properties": { "stop_id": "8592915", "stop_code": null, "stop_name": "Genève, Uni-Mail", "stop_desc": null, "stop_lat": 46.19511589, "stop_lon": 6.14093718, "zone_id": null, "stop_url": null, "location_type": 0, "parent_station": "Parent8592915", "active": true }, "geometry": { "type": "Point", "coordinates": [ 6.14093718, 46.19511589 ] } },
{ "type": "Feature", "properties": { "stop_id": "8592915:0:N", "stop_code": null, "stop_name": "Genève, Uni-Mail", "stop_desc": null, "stop_lat": 46.19521538, "stop_lon": 6.14091023, "zone_id": null, "stop_url": null, "location_type": 0, "parent_station": "Parent8592915", "active": true }, "geometry": { "type": "Point", "coordinates": [ 6.14091023, 46.19521538 ] } },
{ "type": "Feature", "properties": { "stop_id": "8592915:0:O", "stop_code": "UNIM01", "stop_name": "Genève, Uni-Mail", "stop_desc": null, "stop_lat": 46.19455003, "stop_lon": 6.14086532, "zone_id": null, "stop_url": null, "location_type": 0, "parent_station": "Parent8592915", "active": true }, "geometry": { "type": "Point", "coordinates": [ 6.14086532, 46.19455003 ] } },
{ "type": "Feature", "properties": { "stop_id": "8592915:0:P", "stop_code": "UNIM02", "stop_name": "Genève, Uni-Mail", "stop_desc": null, "stop_lat": 46.19480498, "stop_lon": 6.14123363, "zone_id": null, "stop_url": null, "location_type": 0, "parent_station": "Parent8592915", "active": true }, "geometry": { "type": "Point", "coordinates": [ 6.14123363, 46.19480498 ] } },
{ "type": "Feature", "properties": { "stop_id": "8592915:0:Q", "stop_code": "UNIM04", "stop_name": "Genève, Uni-Mail", "stop_desc": null, "stop_lat": 46.195632, "stop_lon": 6.14108989, "zone_id": null, "stop_url": null, "location_type": 0, "parent_station": "Parent8592915", "active": true }, "geometry": { "type": "Point", "coordinates": [ 6.14108989, 46.195632 ] } },
{ "type": "Feature", "properties": { "stop_id": "8592915:0:Y", "stop_code": "PTAR98", "stop_name": "Genève, Uni-Mail", "stop_desc": null, "stop_lat": 46.19442567, "stop_lon": 6.14206008, "zone_id": null, "stop_url": null, "location_type": 0, "parent_station": "Parent8592915", "active": true }, "geometry": { "type": "Point", "coordinates": [ 6.14206008, 46.19442567 ] } },
{ "type": "Feature", "properties": { "stop_id": "8592915:0:Z", "stop_code": null, "stop_name": "Genève, Uni-Mail", "stop_desc": null, "stop_lat": 46.19437592, "stop_lon": 6.14170973, "zone_id": null, "stop_url": null, "location_type": 0, "parent_station": "Parent8592915", "active": true }, "geometry": { "type": "Point", "coordinates": [ 6.14170973, 46.19437592 ] } },
{ "type": "Feature", "properties": { "stop_id": "8592916", "stop_code": null, "stop_name": "Genève, Valais", "stop_desc": null, "stop_lat": 46.21669496, "stop_lon": 6.14126956, "zone_id": null, "stop_url": null, "location_type": 0, "parent_station": "Parent8592916", "active": true }, "geometry": { "type": "Point", "coordinates": [ 6.14126956, 46.21669496 ] } },
{ "type": "Feature", "properties": { "stop_id": "8592916:0:A", "stop_code": null, "stop_name": "Genève, Valais", "stop_desc": null, "stop_lat": 46.21680062, "stop_lon": 6.14133244, "zone_id": null, "stop_url": null, "location_type": 0, "parent_station": "Parent8592916", "active": true }, "geometry": { "type": "Point", "coordinates": [ 6.14133244, 46.21680062 ] } },
{ "type": "Feature", "properties": { "stop_id": "8592916:0:B", "stop_code": null, "stop_name": "Genève, Valais", "stop_desc": null, "stop_lat": 46.21666388, "stop_lon": 6.14119769, "zone_id": null, "stop_url": null, "location_type": 0, "parent_station": "Parent8592916", "active": true }, "geometry": { "type": "Point", "coordinates": [ 6.14119769, 46.21666388 ] } },
{ "type": "Feature", "properties": { "stop_id": "8592917", "stop_code": null, "stop_name": "Genève, Varembé", "stop_desc": null, "stop_lat": 46.22077854, "stop_lon": 6.14025446, "zone_id": null, "stop_url": null, "location_type": 0, "parent_station": "Parent8592917", "active": true }, "geometry": { "type": "Point", "coordinates": [ 6.14025446, 46.22077854 ] } },
{ "type": "Feature", "properties": { "stop_id": "8592917:0:S", "stop_code": "VRBE00", "stop_name": "Genève, Varembé", "stop_desc": null, "stop_lat": 46.22051129, "stop_lon": 6.1401287, "zone_id": null, "stop_url": null, "location_type": 0, "parent_station": "Parent8592917", "active": true }, "geometry": { "type": "Point", "coordinates": [ 6.1401287, 46.22051129 ] } },
{ "type": "Feature", "properties": { "stop_id": "8592917:0:T", "stop_code": null, "stop_name": "Genève, Varembé", "stop_desc": null, "stop_lat": 46.21979031, "stop_lon": 6.14089227, "zone_id": null, "stop_url": null, "location_type": 0, "parent_station": "Parent8592917", "active": true }, "geometry": { "type": "Point", "coordinates": [ 6.14089227, 46.21979031 ] } },
{ "type": "Feature", "properties": { "stop_id": "8592917:0:U", "stop_code": null, "stop_name": "Genève, Varembé", "stop_desc": null, "stop_lat": 46.21947332, "stop_lon": 6.14085633, "zone_id": null, "stop_url": null, "location_type": 0, "parent_station": "Parent8592917", "active": true }, "geometry": { "type": "Point", "coordinates": [ 6.14085633, 46.21947332 ] } },
{ "type": "Feature", "properties": { "stop_id": "8592918", "stop_code": null, "stop_name": "Genève, Velours", "stop_desc": null, "stop_lat": 46.18946949, "stop_lon": 6.16736562, "zone_id": null, "stop_url": null, "location_type": 0, "parent_station": "Parent8592918", "active": true }, "geometry": { "type": "Point", "coordinates": [ 6.16736562, 46.18946949 ] } },
{ "type": "Feature", "properties": { "stop_id": "8592918:0:V", "stop_code": null, "stop_name": "Genève, Velours", "stop_desc": null, "stop_lat": 46.18936999, "stop_lon": 6.1673207, "zone_id": null, "stop_url": null, "location_type": 0, "parent_station": "Parent8592918", "active": true }, "geometry": { "type": "Point", "coordinates": [ 6.1673207, 46.18936999 ] } },
{ "type": "Feature", "properties": { "stop_id": "8592918:0:W", "stop_code": "VLRS01", "stop_name": "Genève, Velours", "stop_desc": null, "stop_lat": 46.19021575, "stop_lon": 6.16698832, "zone_id": null, "stop_url": null, "location_type": 0, "parent_station": "Parent8592918", "active": true }, "geometry": { "type": "Point", "coordinates": [ 6.16698832, 46.19021575 ] } },
{ "type": "Feature", "properties": { "stop_id": "8592919", "stop_code": null, "stop_name": "Genève, Vermont", "stop_desc": null, "stop_lat": 46.2191439, "stop_lon": 6.13805359, "zone_id": null, "stop_url": null, "location_type": 0, "parent_station": "Parent8592919", "active": true }, "geometry": { "type": "Point", "coordinates": [ 6.13805359, 46.2191439 ] } },
{ "type": "Feature", "properties": { "stop_id": "8592919:0:O", "stop_code": "VRMT00", "stop_name": "Genève, Vermont", "stop_desc": null, "stop_lat": 46.2189015, "stop_lon": 6.13782901, "zone_id": null, "stop_url": null, "location_type": 0, "parent_station": "Parent8592919", "active": true }, "geometry": { "type": "Point", "coordinates": [ 6.13782901, 46.2189015 ] } },
{ "type": "Feature", "properties": { "stop_id": "8592919:0:P", "stop_code": "VRMT01", "stop_name": "Genève, Vermont", "stop_desc": null, "stop_lat": 46.21936766, "stop_lon": 6.13828715, "zone_id": null, "stop_url": null, "location_type": 0, "parent_station": "Parent8592919", "active": true }, "geometry": { "type": "Point", "coordinates": [ 6.13828715, 46.21936766 ] } },
{ "type": "Feature", "properties": { "stop_id": "8592920", "stop_code": null, "stop_name": "Genève, Vernets", "stop_desc": null, "stop_lat": 46.19320688, "stop_lon": 6.13394829, "zone_id": null, "stop_url": null, "location_type": 0, "parent_station": "Parent8592920", "active": true }, "geometry": { "type": "Point", "coordinates": [ 6.13394829, 46.19320688 ] } },
{ "type": "Feature", "properties": { "stop_id": "8592920:0:L", "stop_code": "VRNT00", "stop_name": "Genève, Vernets", "stop_desc": null, "stop_lat": 46.19273428, "stop_lon": 6.1344244, "zone_id": null, "stop_url": null, "location_type": 0, "parent_station": "Parent8592920", "active": true }, "geometry": { "type": "Point", "coordinates": [ 6.1344244, 46.19273428 ] } },
{ "type": "Feature", "properties": { "stop_id": "8592920:0:M", "stop_code": "VRNT01", "stop_name": "Genève, Vernets", "stop_desc": null, "stop_lat": 46.19367325, "stop_lon": 6.13339133, "zone_id": null, "stop_url": null, "location_type": 0, "parent_station": "Parent8592920", "active": true }, "geometry": { "type": "Point", "coordinates": [ 6.13339133, 46.19367325 ] } },
{ "type": "Feature", "properties": { "stop_id": "8592921", "stop_code": null, "stop_name": "Genève, Vidollet", "stop_desc": null, "stop_lat": 46.21733517, "stop_lon": 6.13613119, "zone_id": null, "stop_url": null, "location_type": 0, "parent_station": "Parent8592921", "active": true }, "geometry": { "type": "Point", "coordinates": [ 6.13613119, 46.21733517 ] } },
{ "type": "Feature", "properties": { "stop_id": "8592921:0:U", "stop_code": "VIDO00", "stop_name": "Genève, Vidollet", "stop_desc": null, "stop_lat": 46.21773919, "stop_lon": 6.13658035, "zone_id": null, "stop_url": null, "location_type": 0, "parent_station": "Parent8592921", "active": true }, "geometry": { "type": "Point", "coordinates": [ 6.13658035, 46.21773919 ] } },
{ "type": "Feature", "properties": { "stop_id": "8592921:0:V", "stop_code": "VIDO01", "stop_name": "Genève, Vidollet", "stop_desc": null, "stop_lat": 46.21700574, "stop_lon": 6.13679595, "zone_id": null, "stop_url": null, "location_type": 0, "parent_station": "Parent8592921", "active": true }, "geometry": { "type": "Point", "coordinates": [ 6.13679595, 46.21700574 ] } },
{ "type": "Feature", "properties": { "stop_id": "8592921:0:W", "stop_code": "VIDO02", "stop_name": "Genève, Vidollet", "stop_desc": null, "stop_lat": 46.21705547, "stop_lon": 6.13578983, "zone_id": null, "stop_url": null, "location_type": 0, "parent_station": "Parent8592921", "active": true }, "geometry": { "type": "Point", "coordinates": [ 6.13578983, 46.21705547 ] } },
{ "type": "Feature", "properties": { "stop_id": "8592921:0:X", "stop_code": "VIDO03", "stop_name": "Genève, Vidollet", "stop_desc": null, "stop_lat": 46.21763352, "stop_lon": 6.13558322, "zone_id": null, "stop_url": null, "location_type": 0, "parent_station": "Parent8592921", "active": true }, "geometry": { "type": "Point", "coordinates": [ 6.13558322, 46.21763352 ] } },
{ "type": "Feature", "properties": { "stop_id": "8592922", "stop_code": null, "stop_name": "Genève, Vieusseux", "stop_desc": null, "stop_lat": 46.21503533, "stop_lon": 6.12520768, "zone_id": null, "stop_url": null, "location_type": 0, "parent_station": "Parent8592922", "active": true }, "geometry": { "type": "Point", "coordinates": [ 6.12520768, 46.21503533 ] } },
{ "type": "Feature", "properties": { "stop_id": "8592922:0:O", "stop_code": "VIUS01", "stop_name": "Genève, Vieusseux", "stop_desc": null, "stop_lat": 46.21509127, "stop_lon": 6.12490225, "zone_id": null, "stop_url": null, "location_type": 0, "parent_station": "Parent8592922", "active": true }, "geometry": { "type": "Point", "coordinates": [ 6.12490225, 46.21509127 ] } },
{ "type": "Feature", "properties": { "stop_id": "8592922:0:P", "stop_code": null, "stop_name": "Genève, Vieusseux", "stop_desc": null, "stop_lat": 46.21491723, "stop_lon": 6.12547718, "zone_id": null, "stop_url": null, "location_type": 0, "parent_station": "Parent8592922", "active": true }, "geometry": { "type": "Point", "coordinates": [ 6.12547718, 46.21491723 ] } },
{ "type": "Feature", "properties": { "stop_id": "8592923", "stop_code": null, "stop_name": "Genève, Village-Suisse", "stop_desc": null, "stop_lat": 46.20133372, "stop_lon": 6.13588865, "zone_id": null, "stop_url": null, "location_type": 0, "parent_station": "Parent8592923", "active": true }, "geometry": { "type": "Point", "coordinates": [ 6.13588865, 46.20133372 ] } },
{ "type": "Feature", "properties": { "stop_id": "8592923:0:V", "stop_code": null, "stop_name": "Genève, Village-Suisse", "stop_desc": null, "stop_lat": 46.2012902, "stop_lon": 6.13570899, "zone_id": null, "stop_url": null, "location_type": 0, "parent_station": "Parent8592923", "active": true }, "geometry": { "type": "Point", "coordinates": [ 6.13570899, 46.2012902 ] } },
{ "type": "Feature", "properties": { "stop_id": "8592923:0:W", "stop_code": null, "stop_name": "Genève, Village-Suisse", "stop_desc": null, "stop_lat": 46.20140211, "stop_lon": 6.13598746, "zone_id": null, "stop_url": null, "location_type": 0, "parent_station": "Parent8592923", "active": true }, "geometry": { "type": "Point", "coordinates": [ 6.13598746, 46.20140211 ] } },
{ "type": "Feature", "properties": { "stop_id": "8592924", "stop_code": null, "stop_name": "Genève, Villereuse", "stop_desc": null, "stop_lat": 46.2006187, "stop_lon": 6.15854416, "zone_id": null, "stop_url": null, "location_type": 0, "parent_station": "Parent8592924", "active": true }, "geometry": { "type": "Point", "coordinates": [ 6.15854416, 46.2006187 ] } },
{ "type": "Feature", "properties": { "stop_id": "8592924:0:X", "stop_code": null, "stop_name": "Genève, Villereuse", "stop_desc": null, "stop_lat": 46.20054409, "stop_lon": 6.15879569, "zone_id": null, "stop_url": null, "location_type": 0, "parent_station": "Parent8592924", "active": true }, "geometry": { "type": "Point", "coordinates": [ 6.15879569, 46.20054409 ] } },
{ "type": "Feature", "properties": { "stop_id": "8592924:0:Y", "stop_code": "VILL01", "stop_name": "Genève, Villereuse", "stop_desc": null, "stop_lat": 46.20069953, "stop_lon": 6.15822077, "zone_id": null, "stop_url": null, "location_type": 0, "parent_station": "Parent8592924", "active": true }, "geometry": { "type": "Point", "coordinates": [ 6.15822077, 46.20069953 ] } },
{ "type": "Feature", "properties": { "stop_id": "8592925", "stop_code": null, "stop_name": "Genève, Vollandes", "stop_desc": null, "stop_lat": 46.20523194, "stop_lon": 6.16028689, "zone_id": null, "stop_url": null, "location_type": 0, "parent_station": "Parent8592925", "active": true }, "geometry": { "type": "Point", "coordinates": [ 6.16028689, 46.20523194 ] } },
{ "type": "Feature", "properties": { "stop_id": "8592925:0:V", "stop_code": null, "stop_name": "Genève, Vollandes", "stop_desc": null, "stop_lat": 46.20533763, "stop_lon": 6.16034977, "zone_id": null, "stop_url": null, "location_type": 0, "parent_station": "Parent8592925", "active": true }, "geometry": { "type": "Point", "coordinates": [ 6.16034977, 46.20533763 ] } },
{ "type": "Feature", "properties": { "stop_id": "8592925:0:W", "stop_code": "VOLL01", "stop_name": "Genève, Vollandes", "stop_desc": null, "stop_lat": 46.20512625, "stop_lon": 6.16025096, "zone_id": null, "stop_url": null, "location_type": 0, "parent_station": "Parent8592925", "active": true }, "geometry": { "type": "Point", "coordinates": [ 6.16025096, 46.20512625 ] } },
{ "type": "Feature", "properties": { "stop_id": "8592925:0:X", "stop_code": "VOLL02", "stop_name": "Genève, Vollandes", "stop_desc": null, "stop_lat": 46.20612097, "stop_lon": 6.15909213, "zone_id": null, "stop_url": null, "location_type": 0, "parent_station": "Parent8592925", "active": true }, "geometry": { "type": "Point", "coordinates": [ 6.15909213, 46.20612097 ] } },
{ "type": "Feature", "properties": { "stop_id": "8592927", "stop_code": null, "stop_name": "Genève, Weber", "stop_desc": null, "stop_lat": 46.19675125, "stop_lon": 6.16351184, "zone_id": null, "stop_url": null, "location_type": 0, "parent_station": "Parent8592927", "active": true }, "geometry": { "type": "Point", "coordinates": [ 6.16351184, 46.19675125 ] } },
{ "type": "Feature", "properties": { "stop_id": "8592927:0:M", "stop_code": "WEBR00", "stop_name": "Genève, Weber", "stop_desc": null, "stop_lat": 46.19691291, "stop_lon": 6.1631076, "zone_id": null, "stop_url": null, "location_type": 0, "parent_station": "Parent8592927", "active": true }, "geometry": { "type": "Point", "coordinates": [ 6.1631076, 46.19691291 ] } },
{ "type": "Feature", "properties": { "stop_id": "8592927:0:N", "stop_code": null, "stop_name": "Genève, Weber", "stop_desc": null, "stop_lat": 46.19669529, "stop_lon": 6.16342201, "zone_id": null, "stop_url": null, "location_type": 0, "parent_station": "Parent8592927", "active": true }, "geometry": { "type": "Point", "coordinates": [ 6.16342201, 46.19669529 ] } },
{ "type": "Feature", "properties": { "stop_id": "8592928", "stop_code": null, "stop_name": "Genève, Wendt", "stop_desc": null, "stop_lat": 46.21144241, "stop_lon": 6.12735465, "zone_id": null, "stop_url": null, "location_type": 0, "parent_station": "Parent8592928", "active": true }, "geometry": { "type": "Point", "coordinates": [ 6.12735465, 46.21144241 ] } },
{ "type": "Feature", "properties": { "stop_id": "8592928:0:K", "stop_code": "WEND00", "stop_name": "Genève, Wendt", "stop_desc": null, "stop_lat": 46.21067779, "stop_lon": 6.12703126, "zone_id": null, "stop_url": null, "location_type": 0, "parent_station": "Parent8592928", "active": true }, "geometry": { "type": "Point", "coordinates": [ 6.12703126, 46.21067779 ] } },
{ "type": "Feature", "properties": { "stop_id": "8592928:0:L", "stop_code": "WEND01", "stop_name": "Genève, Wendt", "stop_desc": null, "stop_lat": 46.21174079, "stop_lon": 6.12755228, "zone_id": null, "stop_url": null, "location_type": 0, "parent_station": "Parent8592928", "active": true }, "geometry": { "type": "Point", "coordinates": [ 6.12755228, 46.21174079 ] } },
{ "type": "Feature", "properties": { "stop_id": "8592940", "stop_code": null, "stop_name": "Grand-Saconnex, Crêts-Morillon", "stop_desc": null, "stop_lat": 46.22867759, "stop_lon": 6.12783974, "zone_id": null, "stop_url": null, "location_type": 0, "parent_station": "Parent8592940", "active": true }, "geometry": { "type": "Point", "coordinates": [ 6.12783974, 46.22867759 ] } },
{ "type": "Feature", "properties": { "stop_id": "8592940:0:A", "stop_code": "MORL00", "stop_name": "Grand-Saconnex, Crêts-Morillon", "stop_desc": null, "stop_lat": 46.22867138, "stop_lon": 6.12755228, "zone_id": null, "stop_url": null, "location_type": 0, "parent_station": "Parent8592940", "active": true }, "geometry": { "type": "Point", "coordinates": [ 6.12755228, 46.22867138 ] } },
{ "type": "Feature", "properties": { "stop_id": "8592940:0:B", "stop_code": null, "stop_name": "Grand-Saconnex, Crêts-Morillon", "stop_desc": null, "stop_lat": 46.22880188, "stop_lon": 6.12760618, "zone_id": null, "stop_url": null, "location_type": 0, "parent_station": "Parent8592940", "active": true }, "geometry": { "type": "Point", "coordinates": [ 6.12760618, 46.22880188 ] } },
{ "type": "Feature", "properties": { "stop_id": "8592940:0:C", "stop_code": "MORL01", "stop_name": "Grand-Saconnex, Crêts-Morillon", "stop_desc": null, "stop_lat": 46.22868381, "stop_lon": 6.12844162, "zone_id": null, "stop_url": null, "location_type": 0, "parent_station": "Parent8592940", "active": true }, "geometry": { "type": "Point", "coordinates": [ 6.12844162, 46.22868381 ] } },
{ "type": "Feature", "properties": { "stop_id": "8592975", "stop_code": null, "stop_name": "Petit-Lancy, Bossons", "stop_desc": null, "stop_lat": 46.19054534, "stop_lon": 6.11227194, "zone_id": null, "stop_url": null, "location_type": 0, "parent_station": "Parent8592975", "active": true }, "geometry": { "type": "Point", "coordinates": [ 6.11227194, 46.19054534 ] } },
{ "type": "Feature", "properties": { "stop_id": "8592975:0:G", "stop_code": "BSSN00", "stop_name": "Petit-Lancy, Bossons", "stop_desc": null, "stop_lat": 46.19027171, "stop_lon": 6.11225397, "zone_id": null, "stop_url": null, "location_type": 0, "parent_station": "Parent8592975", "active": true }, "geometry": { "type": "Point", "coordinates": [ 6.11225397, 46.19027171 ] } },
{ "type": "Feature", "properties": { "stop_id": "8592975:0:H", "stop_code": "BSSN01", "stop_name": "Petit-Lancy, Bossons", "stop_desc": null, "stop_lat": 46.1908003, "stop_lon": 6.11233482, "zone_id": null, "stop_url": null, "location_type": 0, "parent_station": "Parent8592975", "active": true }, "geometry": { "type": "Point", "coordinates": [ 6.11233482, 46.1908003 ] } },
{ "type": "Feature", "properties": { "stop_id": "8592976", "stop_code": null, "stop_name": "Petit-Lancy, De-Ternier", "stop_desc": null, "stop_lat": 46.19363594, "stop_lon": 6.1076007, "zone_id": null, "stop_url": null, "location_type": 0, "parent_station": "Parent8592976", "active": true }, "geometry": { "type": "Point", "coordinates": [ 6.1076007, 46.19363594 ] } },
{ "type": "Feature", "properties": { "stop_id": "8592976:0:M", "stop_code": "GETE00", "stop_name": "Petit-Lancy, De-Ternier", "stop_desc": null, "stop_lat": 46.19353023, "stop_lon": 6.10719646, "zone_id": null, "stop_url": null, "location_type": 0, "parent_station": "Parent8592976", "active": true }, "geometry": { "type": "Point", "coordinates": [ 6.10719646, 46.19353023 ] } },
{ "type": "Feature", "properties": { "stop_id": "8592976:0:N", "stop_code": "GETE01", "stop_name": "Petit-Lancy, De-Ternier", "stop_desc": null, "stop_lat": 46.19370434, "stop_lon": 6.10793308, "zone_id": null, "stop_url": null, "location_type": 0, "parent_station": "Parent8592976", "active": true }, "geometry": { "type": "Point", "coordinates": [ 6.10793308, 46.19370434 ] } },
{ "type": "Feature", "properties": { "stop_id": "8592978", "stop_code": null, "stop_name": "Petit-Lancy, Chemin du Bac", "stop_desc": null, "stop_lat": 46.1945376, "stop_lon": 6.11216414, "zone_id": null, "stop_url": null, "location_type": 0, "parent_station": "Parent8592978", "active": true }, "geometry": { "type": "Point", "coordinates": [ 6.11216414, 46.1945376 ] } },
{ "type": "Feature", "properties": { "stop_id": "8592978:0:O", "stop_code": null, "stop_name": "Petit-Lancy, Chemin du Bac", "stop_desc": null, "stop_lat": 46.19455625, "stop_lon": 6.11212821, "zone_id": null, "stop_url": null, "location_type": 0, "parent_station": "Parent8592978", "active": true }, "geometry": { "type": "Point", "coordinates": [ 6.11212821, 46.19455625 ] } },
{ "type": "Feature", "properties": { "stop_id": "8592978:0:P", "stop_code": "CBAC01", "stop_name": "Petit-Lancy, Chemin du Bac", "stop_desc": null, "stop_lat": 46.19507858, "stop_lon": 6.11246957, "zone_id": null, "stop_url": null, "location_type": 0, "parent_station": "Parent8592978", "active": true }, "geometry": { "type": "Point", "coordinates": [ 6.11246957, 46.19507858 ] } },
{ "type": "Feature", "properties": { "stop_id": "8592978:0:Q", "stop_code": null, "stop_name": "Petit-Lancy, Chemin du Bac", "stop_desc": null, "stop_lat": 46.19479876, "stop_lon": 6.11317924, "zone_id": null, "stop_url": null, "location_type": 0, "parent_station": "Parent8592978", "active": true }, "geometry": { "type": "Point", "coordinates": [ 6.11317924, 46.19479876 ] } },
{ "type": "Feature", "properties": { "stop_id": "8592978:0:R", "stop_code": "CBAC03", "stop_name": "Petit-Lancy, Chemin du Bac", "stop_desc": null, "stop_lat": 46.19471793, "stop_lon": 6.11338585, "zone_id": null, "stop_url": null, "location_type": 0, "parent_station": "Parent8592978", "active": true }, "geometry": { "type": "Point", "coordinates": [ 6.11338585, 46.19471793 ] } },
{ "type": "Feature", "properties": { "stop_id": "8592979", "stop_code": null, "stop_name": "Petit-Lancy, Cimetière St-G.", "stop_desc": null, "stop_lat": 46.19705593, "stop_lon": 6.11538011, "zone_id": null, "stop_url": null, "location_type": 0, "parent_station": "Parent8592979", "active": true }, "geometry": { "type": "Point", "coordinates": [ 6.11538011, 46.19705593 ] } },
{ "type": "Feature", "properties": { "stop_id": "8592979:0:A", "stop_code": null, "stop_name": "Petit-Lancy, Cimetière St-G.", "stop_desc": null, "stop_lat": 46.1970808, "stop_lon": 6.11518248, "zone_id": null, "stop_url": null, "location_type": 0, "parent_station": "Parent8592979", "active": true }, "geometry": { "type": "Point", "coordinates": [ 6.11518248, 46.1970808 ] } },
{ "type": "Feature", "properties": { "stop_id": "8592979:0:B", "stop_code": null, "stop_name": "Petit-Lancy, Cimetière St-G.", "stop_desc": null, "stop_lat": 46.1970124, "stop_lon": 6.11549689, "zone_id": null, "stop_url": null, "location_type": 0, "parent_station": "Parent8592979", "active": true }, "geometry": { "type": "Point", "coordinates": [ 6.11549689, 46.1970124 ] } },
{ "type": "Feature", "properties": { "stop_id": "8592980", "stop_code": null, "stop_name": "Petit-Lancy, Claire-Vue", "stop_desc": null, "stop_lat": 46.1954952, "stop_lon": 6.12227917, "zone_id": null, "stop_url": null, "location_type": 0, "parent_station": "Parent8592980", "active": true }, "geometry": { "type": "Point", "coordinates": [ 6.12227917, 46.1954952 ] } },
{ "type": "Feature", "properties": { "stop_id": "8592980:0:E", "stop_code": "CVUE00", "stop_name": "Petit-Lancy, Claire-Vue", "stop_desc": null, "stop_lat": 46.19529, "stop_lon": 6.12271935, "zone_id": null, "stop_url": null, "location_type": 0, "parent_station": "Parent8592980", "active": true }, "geometry": { "type": "Point", "coordinates": [ 6.12271935, 46.19529 ] } },
{ "type": "Feature", "properties": { "stop_id": "8592980:0:F", "stop_code": "CVUE01", "stop_name": "Petit-Lancy, Claire-Vue", "stop_desc": null, "stop_lat": 46.1957004, "stop_lon": 6.12183002, "zone_id": null, "stop_url": null, "location_type": 0, "parent_station": "Parent8592980", "active": true }, "geometry": { "type": "Point", "coordinates": [ 6.12183002, 46.1957004 ] } },
{ "type": "Feature", "properties": { "stop_id": "8592983", "stop_code": "GDLA00", "stop_name": "Grand-Lancy, Place du 1er-Août", "stop_desc": null, "stop_lat": 46.18195043, "stop_lon": 6.12065322, "zone_id": null, "stop_url": null, "location_type": 0, "parent_station": "Parent8592983", "active": true }, "geometry": { "type": "Point", "coordinates": [ 6.12065322, 46.18195043 ] } },
{ "type": "Feature", "properties": { "stop_id": "8592983:0:J", "stop_code": null, "stop_name": "Grand-Lancy, Place du 1er-Août", "stop_desc": null, "stop_lat": 46.18177005, "stop_lon": 6.12070712, "zone_id": null, "stop_url": null, "location_type": 0, "parent_station": "Parent8592983", "active": true }, "geometry": { "type": "Point", "coordinates": [ 6.12070712, 46.18177005 ] } },
{ "type": "Feature", "properties": { "stop_id": "8592983:0:K", "stop_code": null, "stop_name": "Grand-Lancy, Place du 1er-Août", "stop_desc": null, "stop_lat": 46.18214323, "stop_lon": 6.12065322, "zone_id": null, "stop_url": null, "location_type": 0, "parent_station": "Parent8592983", "active": true }, "geometry": { "type": "Point", "coordinates": [ 6.12065322, 46.18214323 ] } },
{ "type": "Feature", "properties": { "stop_id": "8592983:0:L", "stop_code": "GDLA02", "stop_name": "Grand-Lancy, Place du 1er-Août", "stop_desc": null, "stop_lat": 46.18242312, "stop_lon": 6.11797624, "zone_id": null, "stop_url": null, "location_type": 0, "parent_station": "Parent8592983", "active": true }, "geometry": { "type": "Point", "coordinates": [ 6.11797624, 46.18242312 ] } },
{ "type": "Feature", "properties": { "stop_id": "8592983:0:M", "stop_code": "GDLA03", "stop_name": "Grand-Lancy, Place du 1er-Août", "stop_desc": null, "stop_lat": 46.18269678, "stop_lon": 6.11924287, "zone_id": null, "stop_url": null, "location_type": 0, "parent_station": "Parent8592983", "active": true }, "geometry": { "type": "Point", "coordinates": [ 6.11924287, 46.18269678 ] } },
{ "type": "Feature", "properties": { "stop_id": "8592986", "stop_code": "UBER00", "stop_name": "Petit-Lancy, Lancy Hubert", "stop_desc": null, "stop_lat": 46.19256016, "stop_lon": 6.10991835, "zone_id": null, "stop_url": null, "location_type": 0, "parent_station": "Parent8592986", "active": true }, "geometry": { "type": "Point", "coordinates": [ 6.10991835, 46.19256016 ] } },
{ "type": "Feature", "properties": { "stop_id": "8592986:0:I", "stop_code": null, "stop_name": "Petit-Lancy, Lancy Hubert", "stop_desc": null, "stop_lat": 46.19246066, "stop_lon": 6.10996327, "zone_id": null, "stop_url": null, "location_type": 0, "parent_station": "Parent8592986", "active": true }, "geometry": { "type": "Point", "coordinates": [ 6.10996327, 46.19246066 ] } },
{ "type": "Feature", "properties": { "stop_id": "8592986:0:J", "stop_code": "UBER01", "stop_name": "Petit-Lancy, Lancy Hubert", "stop_desc": null, "stop_lat": 46.19302654, "stop_lon": 6.1095231, "zone_id": null, "stop_url": null, "location_type": 0, "parent_station": "Parent8592986", "active": true }, "geometry": { "type": "Point", "coordinates": [ 6.1095231, 46.19302654 ] } },
{ "type": "Feature", "properties": { "stop_id": "8592991", "stop_code": null, "stop_name": "Grand-Lancy, Lancy Piscine", "stop_desc": null, "stop_lat": 46.17931944, "stop_lon": 6.1215156, "zone_id": null, "stop_url": null, "location_type": 0, "parent_station": "Parent8592991", "active": true }, "geometry": { "type": "Point", "coordinates": [ 6.1215156, 46.17931944 ] } },
{ "type": "Feature", "properties": { "stop_id": "8592991:0:U", "stop_code": "PICY01", "stop_name": "Grand-Lancy, Lancy Piscine", "stop_desc": null, "stop_lat": 46.17954958, "stop_lon": 6.12149764, "zone_id": null, "stop_url": null, "location_type": 0, "parent_station": "Parent8592991", "active": true }, "geometry": { "type": "Point", "coordinates": [ 6.12149764, 46.17954958 ] } },
{ "type": "Feature", "properties": { "stop_id": "8592991:0:V", "stop_code": null, "stop_name": "Grand-Lancy, Lancy Piscine", "stop_desc": null, "stop_lat": 46.17913284, "stop_lon": 6.12152459, "zone_id": null, "stop_url": null, "location_type": 0, "parent_station": "Parent8592991", "active": true }, "geometry": { "type": "Point", "coordinates": [ 6.12152459, 46.17913284 ] } },
{ "type": "Feature", "properties": { "stop_id": "8592993", "stop_code": null, "stop_name": "Petit-Lancy, Pré-Monnard", "stop_desc": null, "stop_lat": 46.18641597, "stop_lon": 6.11641317, "zone_id": null, "stop_url": null, "location_type": 0, "parent_station": "Parent8592993", "active": true }, "geometry": { "type": "Point", "coordinates": [ 6.11641317, 46.18641597 ] } },
{ "type": "Feature", "properties": { "stop_id": "8592993:0:O", "stop_code": null, "stop_name": "Petit-Lancy, Pré-Monnard", "stop_desc": null, "stop_lat": 46.18621073, "stop_lon": 6.11657487, "zone_id": null, "stop_url": null, "location_type": 0, "parent_station": "Parent8592993", "active": true }, "geometry": { "type": "Point", "coordinates": [ 6.11657487, 46.18621073 ] } },
{ "type": "Feature", "properties": { "stop_id": "8592993:0:P", "stop_code": "PRMO01", "stop_name": "Petit-Lancy, Pré-Monnard", "stop_desc": null, "stop_lat": 46.18665851, "stop_lon": 6.11635029, "zone_id": null, "stop_url": null, "location_type": 0, "parent_station": "Parent8592993", "active": true }, "geometry": { "type": "Point", "coordinates": [ 6.11635029, 46.18665851 ] } },
{ "type": "Feature", "properties": { "stop_id": "8592995", "stop_code": null, "stop_name": "Petit-Lancy, Quidort", "stop_desc": null, "stop_lat": 46.19382871, "stop_lon": 6.12390512, "zone_id": null, "stop_url": null, "location_type": 0, "parent_station": "Parent8592995", "active": true }, "geometry": { "type": "Point", "coordinates": [ 6.12390512, 46.19382871 ] } },
{ "type": "Feature", "properties": { "stop_id": "8592995:0:G", "stop_code": "QUID00", "stop_name": "Petit-Lancy, Quidort", "stop_desc": null, "stop_lat": 46.19359241, "stop_lon": 6.12359071, "zone_id": null, "stop_url": null, "location_type": 0, "parent_station": "Parent8592995", "active": true }, "geometry": { "type": "Point", "coordinates": [ 6.12359071, 46.19359241 ] } },
{ "type": "Feature", "properties": { "stop_id": "8592995:0:H", "stop_code": null, "stop_name": "Petit-Lancy, Quidort", "stop_desc": null, "stop_lat": 46.19384737, "stop_lon": 6.12406682, "zone_id": null, "stop_url": null, "location_type": 0, "parent_station": "Parent8592995", "active": true }, "geometry": { "type": "Point", "coordinates": [ 6.12406682, 46.19384737 ] } },
{ "type": "Feature", "properties": { "stop_id": "8592997", "stop_code": null, "stop_name": "Petit-Lancy, Les Marbriers", "stop_desc": null, "stop_lat": 46.19647765, "stop_lon": 6.11791336, "zone_id": null, "stop_url": null, "location_type": 0, "parent_station": "Parent8592997", "active": true }, "geometry": { "type": "Point", "coordinates": [ 6.11791336, 46.19647765 ] } },
{ "type": "Feature", "properties": { "stop_id": "8592997:0:C", "stop_code": null, "stop_name": "Petit-Lancy, Les Marbriers", "stop_desc": null, "stop_lat": 46.19651496, "stop_lon": 6.11810201, "zone_id": null, "stop_url": null, "location_type": 0, "parent_station": "Parent8592997", "active": true }, "geometry": { "type": "Point", "coordinates": [ 6.11810201, 46.19651496 ] } },
{ "type": "Feature", "properties": { "stop_id": "8592997:0:D", "stop_code": "SGEO01", "stop_name": "Petit-Lancy, Les Marbriers", "stop_desc": null, "stop_lat": 46.196459, "stop_lon": 6.11771573, "zone_id": null, "stop_url": null, "location_type": 0, "parent_station": "Parent8592997", "active": true }, "geometry": { "type": "Point", "coordinates": [ 6.11771573, 46.196459 ] } },
{ "type": "Feature", "properties": { "stop_id": "8593078", "stop_code": null, "stop_name": "Pregny, Penthes", "stop_desc": null, "stop_lat": 46.23230046, "stop_lon": 6.13879919, "zone_id": null, "stop_url": null, "location_type": 0, "parent_station": "Parent8593078", "active": true }, "geometry": { "type": "Point", "coordinates": [ 6.13879919, 46.23230046 ] } },
{ "type": "Feature", "properties": { "stop_id": "8593078:0:T", "stop_code": null, "stop_name": "Pregny, Penthes", "stop_desc": null, "stop_lat": 46.23221346, "stop_lon": 6.13879919, "zone_id": null, "stop_url": null, "location_type": 0, "parent_station": "Parent8593078", "active": true }, "geometry": { "type": "Point", "coordinates": [ 6.13879919, 46.23221346 ] } },
{ "type": "Feature", "properties": { "stop_id": "8593078:0:U", "stop_code": null, "stop_name": "Pregny, Penthes", "stop_desc": null, "stop_lat": 46.23235017, "stop_lon": 6.13877224, "zone_id": null, "stop_url": null, "location_type": 0, "parent_station": "Parent8593078", "active": true }, "geometry": { "type": "Point", "coordinates": [ 6.13877224, 46.23235017 ] } },
{ "type": "Feature", "properties": { "stop_id": "8593136", "stop_code": null, "stop_name": "Vandoeuvres, Planta", "stop_desc": null, "stop_lat": 46.21418996, "stop_lon": 6.1905691, "zone_id": null, "stop_url": null, "location_type": 0, "parent_station": "Parent8593136", "active": true }, "geometry": { "type": "Point", "coordinates": [ 6.1905691, 46.21418996 ] } },
{ "type": "Feature", "properties": { "stop_id": "8593136:0:N", "stop_code": null, "stop_name": "Vandoeuvres, Planta", "stop_desc": null, "stop_lat": 46.21416509, "stop_lon": 6.19059605, "zone_id": null, "stop_url": null, "location_type": 0, "parent_station": "Parent8593136", "active": true }, "geometry": { "type": "Point", "coordinates": [ 6.19059605, 46.21416509 ] } },
{ "type": "Feature", "properties": { "stop_id": "8593136:0:O", "stop_code": null, "stop_name": "Vandoeuvres, Planta", "stop_desc": null, "stop_lat": 46.21423347, "stop_lon": 6.1904613, "zone_id": null, "stop_url": null, "location_type": 0, "parent_station": "Parent8593136", "active": true }, "geometry": { "type": "Point", "coordinates": [ 6.1904613, 46.21423347 ] } },
{ "type": "Feature", "properties": { "stop_id": "8593138", "stop_code": null, "stop_name": "Vernier, Avenue de l'Ain", "stop_desc": null, "stop_lat": 46.2060215, "stop_lon": 6.1099453, "zone_id": null, "stop_url": null, "location_type": 0, "parent_station": "Parent8593138", "active": true }, "geometry": { "type": "Point", "coordinates": [ 6.1099453, 46.2060215 ] } },
{ "type": "Feature", "properties": { "stop_id": "8593138:0:A", "stop_code": null, "stop_name": "Vernier, Avenue de l'Ain", "stop_desc": null, "stop_lat": 46.20772491, "stop_lon": 6.10920869, "zone_id": null, "stop_url": null, "location_type": 0, "parent_station": "Parent8593138", "active": true }, "geometry": { "type": "Point", "coordinates": [ 6.10920869, 46.20772491 ] } },
{ "type": "Feature", "properties": { "stop_id": "8593138:0:B", "stop_code": "AAIN02", "stop_name": "Vernier, Avenue de l'Ain", "stop_desc": null, "stop_lat": 46.20791763, "stop_lon": 6.1091458, "zone_id": null, "stop_url": null, "location_type": 0, "parent_station": "Parent8593138", "active": true }, "geometry": { "type": "Point", "coordinates": [ 6.1091458, 46.20791763 ] } },
{ "type": "Feature", "properties": { "stop_id": "8593138:0:C", "stop_code": null, "stop_name": "Vernier, Avenue de l'Ain", "stop_desc": null, "stop_lat": 46.20592203, "stop_lon": 6.1098914, "zone_id": null, "stop_url": null, "location_type": 0, "parent_station": "Parent8593138", "active": true }, "geometry": { "type": "Point", "coordinates": [ 6.1098914, 46.20592203 ] } },
{ "type": "Feature", "properties": { "stop_id": "8593138:0:D", "stop_code": "AAIN01", "stop_name": "Vernier, Avenue de l'Ain", "stop_desc": null, "stop_lat": 46.20622666, "stop_lon": 6.11008005, "zone_id": null, "stop_url": null, "location_type": 0, "parent_station": "Parent8593138", "active": true }, "geometry": { "type": "Point", "coordinates": [ 6.11008005, 46.20622666 ] } },
{ "type": "Feature", "properties": { "stop_id": "8593138:0:E", "stop_code": "HBOR00", "stop_name": "Vernier, Avenue de l'Ain", "stop_desc": null, "stop_lat": 46.2057293, "stop_lon": 6.11199346, "zone_id": null, "stop_url": null, "location_type": 0, "parent_station": "Parent8593138", "active": true }, "geometry": { "type": "Point", "coordinates": [ 6.11199346, 46.2057293 ] } },
{ "type": "Feature", "properties": { "stop_id": "8593152", "stop_code": null, "stop_name": "Vernier, Châtelaine", "stop_desc": null, "stop_lat": 46.21122483, "stop_lon": 6.11279296, "zone_id": null, "stop_url": null, "location_type": 0, "parent_station": "Parent8593152", "active": true }, "geometry": { "type": "Point", "coordinates": [ 6.11279296, 46.21122483 ] } },
{ "type": "Feature", "properties": { "stop_id": "8593152:0:K", "stop_code": "CPBO00", "stop_name": "Vernier, Châtelaine", "stop_desc": null, "stop_lat": 46.21240593, "stop_lon": 6.11221804, "zone_id": null, "stop_url": null, "location_type": 0, "parent_station": "Parent8593152", "active": true }, "geometry": { "type": "Point", "coordinates": [ 6.11221804, 46.21240593 ] } },
{ "type": "Feature", "properties": { "stop_id": "8593152:0:T", "stop_code": null, "stop_name": "Vernier, Châtelaine", "stop_desc": null, "stop_lat": 46.211287, "stop_lon": 6.11273906, "zone_id": null, "stop_url": null, "location_type": 0, "parent_station": "Parent8593152", "active": true }, "geometry": { "type": "Point", "coordinates": [ 6.11273906, 46.211287 ] } },
{ "type": "Feature", "properties": { "stop_id": "8593152:0:U", "stop_code": null, "stop_name": "Vernier, Châtelaine", "stop_desc": null, "stop_lat": 46.21113781, "stop_lon": 6.11276601, "zone_id": null, "stop_url": null, "location_type": 0, "parent_station": "Parent8593152", "active": true }, "geometry": { "type": "Point", "coordinates": [ 6.11276601, 46.21113781 ] } },
{ "type": "Feature", "properties": { "stop_id": "8593152:0:Z", "stop_code": "CHLA99", "stop_name": "Vernier, Châtelaine", "stop_desc": null, "stop_lat": 46.21131186, "stop_lon": 6.11122091, "zone_id": null, "stop_url": null, "location_type": 0, "parent_station": "Parent8593152", "active": true }, "geometry": { "type": "Point", "coordinates": [ 6.11122091, 46.21131186 ] } },
{ "type": "Feature", "properties": { "stop_id": "8593162", "stop_code": null, "stop_name": "Vernier, Libellules", "stop_desc": null, "stop_lat": 46.20866985, "stop_lon": 6.10757375, "zone_id": null, "stop_url": null, "location_type": 0, "parent_station": "Parent8593162", "active": true }, "geometry": { "type": "Point", "coordinates": [ 6.10757375, 46.20866985 ] } },
{ "type": "Feature", "properties": { "stop_id": "8593162:0:F", "stop_code": null, "stop_name": "Vernier, Libellules", "stop_desc": null, "stop_lat": 46.20876932, "stop_lon": 6.10751087, "zone_id": null, "stop_url": null, "location_type": 0, "parent_station": "Parent8593162", "active": true }, "geometry": { "type": "Point", "coordinates": [ 6.10751087, 46.20876932 ] } },
{ "type": "Feature", "properties": { "stop_id": "8593162:0:G", "stop_code": null, "stop_name": "Vernier, Libellules", "stop_desc": null, "stop_lat": 46.20856417, "stop_lon": 6.1076546, "zone_id": null, "stop_url": null, "location_type": 0, "parent_station": "Parent8593162", "active": true }, "geometry": { "type": "Point", "coordinates": [ 6.1076546, 46.20856417 ] } },
{ "type": "Feature", "properties": { "stop_id": "8593165", "stop_code": null, "stop_name": "Vernier, Balexert-Pailly", "stop_desc": null, "stop_lat": 46.21972815, "stop_lon": 6.11420332, "zone_id": null, "stop_url": null, "location_type": 0, "parent_station": "Parent8593165", "active": true }, "geometry": { "type": "Point", "coordinates": [ 6.11420332, 46.21972815 ] } },
{ "type": "Feature", "properties": { "stop_id": "8593165:0:T", "stop_code": null, "stop_name": "Vernier, Balexert-Pailly", "stop_desc": null, "stop_lat": 46.21944224, "stop_lon": 6.114374, "zone_id": null, "stop_url": null, "location_type": 0, "parent_station": "Parent8593165", "active": true }, "geometry": { "type": "Point", "coordinates": [ 6.114374, 46.21944224 ] } },
{ "type": "Feature", "properties": { "stop_id": "8593165:0:U", "stop_code": null, "stop_name": "Vernier, Balexert-Pailly", "stop_desc": null, "stop_lat": 46.21982138, "stop_lon": 6.11427518, "zone_id": null, "stop_url": null, "location_type": 0, "parent_station": "Parent8593165", "active": true }, "geometry": { "type": "Point", "coordinates": [ 6.11427518, 46.21982138 ] } },
{ "type": "Feature", "properties": { "stop_id": "8593165:0:V", "stop_code": "PAIL03", "stop_name": "Vernier, Balexert-Pailly", "stop_desc": null, "stop_lat": 46.22056722, "stop_lon": 6.11458959, "zone_id": null, "stop_url": null, "location_type": 0, "parent_station": "Parent8593165", "active": true }, "geometry": { "type": "Point", "coordinates": [ 6.11458959, 46.22056722 ] } },
{ "type": "Feature", "properties": { "stop_id": "8593167", "stop_code": null, "stop_name": "Vernier, Pont-Butin", "stop_desc": null, "stop_lat": 46.20410664, "stop_lon": 6.10892122, "zone_id": null, "stop_url": null, "location_type": 0, "parent_station": "Parent8593167", "active": true }, "geometry": { "type": "Point", "coordinates": [ 6.10892122, 46.20410664 ] } },
{ "type": "Feature", "properties": { "stop_id": "8593167:0:W", "stop_code": "BUTN00", "stop_name": "Vernier, Pont-Butin", "stop_desc": null, "stop_lat": 46.20403204, "stop_lon": 6.108508, "zone_id": null, "stop_url": null, "location_type": 0, "parent_station": "Parent8593167", "active": true }, "geometry": { "type": "Point", "coordinates": [ 6.108508, 46.20403204 ] } },
{ "type": "Feature", "properties": { "stop_id": "8593167:0:X", "stop_code": null, "stop_name": "Vernier, Pont-Butin", "stop_desc": null, "stop_lat": 46.20429316, "stop_lon": 6.10924462, "zone_id": null, "stop_url": null, "location_type": 0, "parent_station": "Parent8593167", "active": true }, "geometry": { "type": "Point", "coordinates": [ 6.10924462, 46.20429316 ] } },
{ "type": "Feature", "properties": { "stop_id": "8593167:0:Y", "stop_code": "BUTN01", "stop_name": "Vernier, Pont-Butin", "stop_desc": null, "stop_lat": 46.20418125, "stop_lon": 6.10921767, "zone_id": null, "stop_url": null, "location_type": 0, "parent_station": "Parent8593167", "active": true }, "geometry": { "type": "Point", "coordinates": [ 6.10921767, 46.20418125 ] } },
{ "type": "Feature", "properties": { "stop_id": "8593174", "stop_code": null, "stop_name": "Vernier, Usine à gaz", "stop_desc": null, "stop_lat": 46.2057666, "stop_lon": 6.10825647, "zone_id": null, "stop_url": null, "location_type": 0, "parent_station": "Parent8593174", "active": true }, "geometry": { "type": "Point", "coordinates": [ 6.10825647, 46.2057666 ] } },
{ "type": "Feature", "properties": { "stop_id": "8593174:0:J", "stop_code": null, "stop_name": "Vernier, Usine à gaz", "stop_desc": null, "stop_lat": 46.205692, "stop_lon": 6.10827444, "zone_id": null, "stop_url": null, "location_type": 0, "parent_station": "Parent8593174", "active": true }, "geometry": { "type": "Point", "coordinates": [ 6.10827444, 46.205692 ] } },
{ "type": "Feature", "properties": { "stop_id": "8593174:0:K", "stop_code": null, "stop_name": "Vernier, Usine à gaz", "stop_desc": null, "stop_lat": 46.20587851, "stop_lon": 6.10806782, "zone_id": null, "stop_url": null, "location_type": 0, "parent_station": "Parent8593174", "active": true }, "geometry": { "type": "Point", "coordinates": [ 6.10806782, 46.20587851 ] } },
{ "type": "Feature", "properties": { "stop_id": "8593194", "stop_code": null, "stop_name": "Vessy, Chemin Vert", "stop_desc": null, "stop_lat": 46.17331685, "stop_lon": 6.14117074, "zone_id": null, "stop_url": null, "location_type": 0, "parent_station": "Parent8593194", "active": true }, "geometry": { "type": "Point", "coordinates": [ 6.14117074, 46.17331685 ] } },
{ "type": "Feature", "properties": { "stop_id": "8593194:0:P", "stop_code": null, "stop_name": "Vessy, Chemin Vert", "stop_desc": null, "stop_lat": 46.17324842, "stop_lon": 6.14117074, "zone_id": null, "stop_url": null, "location_type": 0, "parent_station": "Parent8593194", "active": true }, "geometry": { "type": "Point", "coordinates": [ 6.14117074, 46.17324842 ] } },
{ "type": "Feature", "properties": { "stop_id": "8593194:0:Q", "stop_code": "CVER01", "stop_name": "Vessy, Chemin Vert", "stop_desc": null, "stop_lat": 46.17360299, "stop_lon": 6.14058684, "zone_id": null, "stop_url": null, "location_type": 0, "parent_station": "Parent8593194", "active": true }, "geometry": { "type": "Point", "coordinates": [ 6.14058684, 46.17360299 ] } },
{ "type": "Feature", "properties": { "stop_id": "8593208", "stop_code": null, "stop_name": "Vessy, Pinchat-la-Tour", "stop_desc": null, "stop_lat": 46.17581749, "stop_lon": 6.15271409, "zone_id": null, "stop_url": null, "location_type": 0, "parent_station": "Parent8593208", "active": true }, "geometry": { "type": "Point", "coordinates": [ 6.15271409, 46.17581749 ] } },
{ "type": "Feature", "properties": { "stop_id": "8593208:0:V", "stop_code": null, "stop_name": "Vessy, Pinchat-la-Tour", "stop_desc": null, "stop_lat": 46.17591701, "stop_lon": 6.15283088, "zone_id": null, "stop_url": null, "location_type": 0, "parent_station": "Parent8593208", "active": true }, "geometry": { "type": "Point", "coordinates": [ 6.15283088, 46.17591701 ] } },
{ "type": "Feature", "properties": { "stop_id": "8593208:0:W", "stop_code": null, "stop_name": "Vessy, Pinchat-la-Tour", "stop_desc": null, "stop_lat": 46.1757304, "stop_lon": 6.1525524, "zone_id": null, "stop_url": null, "location_type": 0, "parent_station": "Parent8593208", "active": true }, "geometry": { "type": "Point", "coordinates": [ 6.1525524, 46.1757304 ] } },
{ "type": "Feature", "properties": { "stop_id": "8593216", "stop_code": null, "stop_name": "Vessy, Plateau", "stop_desc": null, "stop_lat": 46.17645196, "stop_lon": 6.15944248, "zone_id": null, "stop_url": null, "location_type": 0, "parent_station": "Parent8593216", "active": true }, "geometry": { "type": "Point", "coordinates": [ 6.15944248, 46.17645196 ] } },
{ "type": "Feature", "properties": { "stop_id": "8593216:0:X", "stop_code": null, "stop_name": "Vessy, Plateau", "stop_desc": null, "stop_lat": 46.17636488, "stop_lon": 6.159694, "zone_id": null, "stop_url": null, "location_type": 0, "parent_station": "Parent8593216", "active": true }, "geometry": { "type": "Point", "coordinates": [ 6.159694, 46.17636488 ] } },
{ "type": "Feature", "properties": { "stop_id": "8593216:0:Y", "stop_code": null, "stop_name": "Vessy, Plateau", "stop_desc": null, "stop_lat": 46.17654527, "stop_lon": 6.15911908, "zone_id": null, "stop_url": null, "location_type": 0, "parent_station": "Parent8593216", "active": true }, "geometry": { "type": "Point", "coordinates": [ 6.15911908, 46.17654527 ] } },
{ "type": "Feature", "properties": { "stop_id": "8595015", "stop_code": null, "stop_name": "Carouge GE, Battelle", "stop_desc": null, "stop_lat": 46.17892758, "stop_lon": 6.13930225, "zone_id": null, "stop_url": null, "location_type": 0, "parent_station": "Parent8595015", "active": true }, "geometry": { "type": "Point", "coordinates": [ 6.13930225, 46.17892758 ] } },
{ "type": "Feature", "properties": { "stop_id": "8595015:0:Q", "stop_code": null, "stop_name": "Carouge GE, Battelle", "stop_desc": null, "stop_lat": 46.17884672, "stop_lon": 6.13946394, "zone_id": null, "stop_url": null, "location_type": 0, "parent_station": "Parent8595015", "active": true }, "geometry": { "type": "Point", "coordinates": [ 6.13946394, 46.17884672 ] } },
{ "type": "Feature", "properties": { "stop_id": "8595018", "stop_code": null, "stop_name": "Genève, Concorde", "stop_desc": null, "stop_lat": 46.20537493, "stop_lon": 6.11423027, "zone_id": null, "stop_url": null, "location_type": 0, "parent_station": "Parent8595018", "active": true }, "geometry": { "type": "Point", "coordinates": [ 6.11423027, 46.20537493 ] } },
{ "type": "Feature", "properties": { "stop_id": "8595018:0:O", "stop_code": "CORD00", "stop_name": "Genève, Concorde", "stop_desc": null, "stop_lat": 46.20551792, "stop_lon": 6.11440095, "zone_id": null, "stop_url": null, "location_type": 0, "parent_station": "Parent8595018", "active": true }, "geometry": { "type": "Point", "coordinates": [ 6.11440095, 46.20551792 ] } },
{ "type": "Feature", "properties": { "stop_id": "8595018:0:Z", "stop_code": "CSPR01", "stop_name": "Genève, Concorde", "stop_desc": null, "stop_lat": 46.20526924, "stop_lon": 6.11409552, "zone_id": null, "stop_url": null, "location_type": 0, "parent_station": "Parent8595018", "active": true }, "geometry": { "type": "Point", "coordinates": [ 6.11409552, 46.20526924 ] } },
{ "type": "Feature", "properties": { "stop_id": "8595020", "stop_code": null, "stop_name": "Genève, Les Ouches", "stop_desc": null, "stop_lat": 46.21005615, "stop_lon": 6.11788641, "zone_id": null, "stop_url": null, "location_type": 0, "parent_station": "Parent8595020", "active": true }, "geometry": { "type": "Point", "coordinates": [ 6.11788641, 46.21005615 ] } },
{ "type": "Feature", "properties": { "stop_id": "8595020:0:R", "stop_code": "SPOR00", "stop_name": "Genève, Les Ouches", "stop_desc": null, "stop_lat": 46.21024886, "stop_lon": 6.11731149, "zone_id": null, "stop_url": null, "location_type": 0, "parent_station": "Parent8595020", "active": true }, "geometry": { "type": "Point", "coordinates": [ 6.11731149, 46.21024886 ] } },
{ "type": "Feature", "properties": { "stop_id": "8595020:0:S", "stop_code": "OUCH01", "stop_name": "Genève, Les Ouches", "stop_desc": null, "stop_lat": 46.20978884, "stop_lon": 6.11871286, "zone_id": null, "stop_url": null, "location_type": 0, "parent_station": "Parent8595020", "active": true }, "geometry": { "type": "Point", "coordinates": [ 6.11871286, 46.20978884 ] } },
{ "type": "Feature", "properties": { "stop_id": "8595021", "stop_code": null, "stop_name": "Genève, Palais Eynard", "stop_desc": null, "stop_lat": 46.19988503, "stop_lon": 6.14712657, "zone_id": null, "stop_url": null, "location_type": 0, "parent_station": "Parent8595021", "active": true }, "geometry": { "type": "Point", "coordinates": [ 6.14712657, 46.19988503 ] } },
{ "type": "Feature", "properties": { "stop_id": "8595021:0:R", "stop_code": null, "stop_name": "Genève, Palais Eynard", "stop_desc": null, "stop_lat": 46.19989746, "stop_lon": 6.14688403, "zone_id": null, "stop_url": null, "location_type": 0, "parent_station": "Parent8595021", "active": true }, "geometry": { "type": "Point", "coordinates": [ 6.14688403, 46.19989746 ] } },
{ "type": "Feature", "properties": { "stop_id": "8595021:0:S", "stop_code": "PLEY00", "stop_name": "Genève, Palais Eynard", "stop_desc": null, "stop_lat": 46.20009021, "stop_lon": 6.1466864, "zone_id": null, "stop_url": null, "location_type": 0, "parent_station": "Parent8595021", "active": true }, "geometry": { "type": "Point", "coordinates": [ 6.1466864, 46.20009021 ] } },
{ "type": "Feature", "properties": { "stop_id": "8595022", "stop_code": null, "stop_name": "Genève, Théâtre", "stop_desc": null, "stop_lat": 46.20217307, "stop_lon": 6.14185346, "zone_id": null, "stop_url": null, "location_type": 0, "parent_station": "Parent8595022", "active": true }, "geometry": { "type": "Point", "coordinates": [ 6.14185346, 46.20217307 ] } },
{ "type": "Feature", "properties": { "stop_id": "8595022:0:N", "stop_code": null, "stop_name": "Genève, Théâtre", "stop_desc": null, "stop_lat": 46.20207359, "stop_lon": 6.14181753, "zone_id": null, "stop_url": null, "location_type": 0, "parent_station": "Parent8595022", "active": true }, "geometry": { "type": "Point", "coordinates": [ 6.14181753, 46.20207359 ] } },
{ "type": "Feature", "properties": { "stop_id": "8595022:0:O", "stop_code": null, "stop_name": "Genève, Théâtre", "stop_desc": null, "stop_lat": 46.20234716, "stop_lon": 6.14187143, "zone_id": null, "stop_url": null, "location_type": 0, "parent_station": "Parent8595022", "active": true }, "geometry": { "type": "Point", "coordinates": [ 6.14187143, 46.20234716 ] } },
{ "type": "Feature", "properties": { "stop_id": "8595022:0:Y", "stop_code": "THRE98", "stop_name": "Genève, Théâtre", "stop_desc": null, "stop_lat": 46.20188085, "stop_lon": 6.14166482, "zone_id": null, "stop_url": null, "location_type": 0, "parent_station": "Parent8595022", "active": true }, "geometry": { "type": "Point", "coordinates": [ 6.14166482, 46.20188085 ] } },
{ "type": "Feature", "properties": { "stop_id": "8595999", "stop_code": null, "stop_name": "Genève, Clinique La Colline", "stop_desc": null, "stop_lat": 46.1913662, "stop_lon": 6.15024373, "zone_id": null, "stop_url": null, "location_type": 0, "parent_station": "Parent8595999", "active": true }, "geometry": { "type": "Point", "coordinates": [ 6.15024373, 46.1913662 ] } },
{ "type": "Feature", "properties": { "stop_id": "8595999:0:Q", "stop_code": null, "stop_name": "Genève, Clinique La Colline", "stop_desc": null, "stop_lat": 46.1913662, "stop_lon": 6.15024373, "zone_id": null, "stop_url": null, "location_type": 0, "parent_station": "Parent8595999", "active": true }, "geometry": { "type": "Point", "coordinates": [ 6.15024373, 46.1913662 ] } },
{ "type": "Feature", "properties": { "stop_id": "8596094", "stop_code": null, "stop_name": "Genève, Dancet", "stop_desc": null, "stop_lat": 46.19292705, "stop_lon": 6.14234754, "zone_id": null, "stop_url": null, "location_type": 0, "parent_station": "Parent8596094", "active": true }, "geometry": { "type": "Point", "coordinates": [ 6.14234754, 46.19292705 ] } },
{ "type": "Feature", "properties": { "stop_id": "8596094:0:U", "stop_code": "DANC00", "stop_name": "Genève, Dancet", "stop_desc": null, "stop_lat": 46.19254772, "stop_lon": 6.1423116, "zone_id": null, "stop_url": null, "location_type": 0, "parent_station": "Parent8596094", "active": true }, "geometry": { "type": "Point", "coordinates": [ 6.1423116, 46.19254772 ] } },
{ "type": "Feature", "properties": { "stop_id": "8596094:0:V", "stop_code": "DANC01", "stop_name": "Genève, Dancet", "stop_desc": null, "stop_lat": 46.19307007, "stop_lon": 6.14250025, "zone_id": null, "stop_url": null, "location_type": 0, "parent_station": "Parent8596094", "active": true }, "geometry": { "type": "Point", "coordinates": [ 6.14250025, 46.19307007 ] } },
{ "type": "Feature", "properties": { "stop_id": "Parent8503332", "stop_code": "PEDI00", "stop_name": "Genève, Pédiatrie", "stop_desc": null, "stop_lat": 46.18991725, "stop_lon": 6.14880642, "zone_id": null, "stop_url": null, "location_type": 1, "parent_station": null, "active": true }, "geometry": { "type": "Point", "coordinates": [ 6.14880642, 46.18991725 ] } },
{ "type": "Feature", "properties": { "stop_id": "Parent8503333", "stop_code": "AUBE01", "stop_name": "Genève, Aubépine", "stop_desc": null, "stop_lat": 46.1872742, "stop_lon": 6.14741403, "zone_id": null, "stop_url": null, "location_type": 1, "parent_station": null, "active": true }, "geometry": { "type": "Point", "coordinates": [ 6.14741403, 46.1872742 ] } },
{ "type": "Feature", "properties": { "stop_id": "Parent8507347", "stop_code": null, "stop_name": "Genève-Eaux-Vives, gare/Vadier", "stop_desc": null, "stop_lat": 46.20288807, "stop_lon": 6.16991683, "zone_id": null, "stop_url": null, "location_type": 1, "parent_station": null, "active": true }, "geometry": { "type": "Point", "coordinates": [ 6.16991683, 46.20288807 ] } },
{ "type": "Feature", "properties": { "stop_id": "Parent8507355", "stop_code": "PRPI00", "stop_name": "Cologny, Pré-Picot", "stop_desc": null, "stop_lat": 46.20384552, "stop_lon": 6.17531571, "zone_id": null, "stop_url": null, "location_type": 1, "parent_station": null, "active": true }, "geometry": { "type": "Point", "coordinates": [ 6.17531571, 46.20384552 ] } },
{ "type": "Feature", "properties": { "stop_id": "Parent8510678", "stop_code": null, "stop_name": "Chêne-Bougeries, Conches école", "stop_desc": null, "stop_lat": 46.18927671, "stop_lon": 6.17770523, "zone_id": null, "stop_url": null, "location_type": 1, "parent_station": null, "active": true }, "geometry": { "type": "Point", "coordinates": [ 6.17770523, 46.18927671 ] } },
{ "type": "Feature", "properties": { "stop_id": "Parent8510679", "stop_code": "CLVP00", "stop_name": "Chêne-Bougeries, Vert-Pré", "stop_desc": null, "stop_lat": 46.18708763, "stop_lon": 6.17666318, "zone_id": null, "stop_url": null, "location_type": 1, "parent_station": null, "active": true }, "geometry": { "type": "Point", "coordinates": [ 6.17666318, 46.18708763 ] } },
{ "type": "Feature", "properties": { "stop_id": "Parent8511186", "stop_code": "DJ00", "stop_name": "Genève, Pointe de la Jonction", "stop_desc": null, "stop_lat": 46.20122802, "stop_lon": 6.12609701, "zone_id": null, "stop_url": null, "location_type": 1, "parent_station": null, "active": true }, "geometry": { "type": "Point", "coordinates": [ 6.12609701, 46.20122802 ] } },
{ "type": "Feature", "properties": { "stop_id": "Parent8511187", "stop_code": null, "stop_name": "Genève, Tour de Champel", "stop_desc": null, "stop_lat": 46.18813865, "stop_lon": 6.15154628, "zone_id": null, "stop_url": null, "location_type": 1, "parent_station": null, "active": true }, "geometry": { "type": "Point", "coordinates": [ 6.15154628, 46.18813865 ] } },
{ "type": "Feature", "properties": { "stop_id": "Parent8511616", "stop_code": "APIA05", "stop_name": "Genève, Ariana", "stop_desc": null, "stop_lat": 46.22498613, "stop_lon": 6.13631086, "zone_id": null, "stop_url": null, "location_type": 1, "parent_station": null, "active": true }, "geometry": { "type": "Point", "coordinates": [ 6.13631086, 46.22498613 ] } },
{ "type": "Feature", "properties": { "stop_id": "Parent8511617", "stop_code": null, "stop_name": "Genève, Chausse-Coq", "stop_desc": null, "stop_lat": 46.19958036, "stop_lon": 6.14835727, "zone_id": null, "stop_url": null, "location_type": 1, "parent_station": null, "active": true }, "geometry": { "type": "Point", "coordinates": [ 6.14835727, 46.19958036 ] } },
{ "type": "Feature", "properties": { "stop_id": "Parent8511618", "stop_code": "ATHE06", "stop_name": "Genève, Saint-Léger", "stop_desc": null, "stop_lat": 46.19842386, "stop_lon": 6.14749488, "zone_id": null, "stop_url": null, "location_type": 1, "parent_station": null, "active": true }, "geometry": { "type": "Point", "coordinates": [ 6.14749488, 46.19842386 ] } },
{ "type": "Feature", "properties": { "stop_id": "Parent8511619", "stop_code": null, "stop_name": "Vessy, Bochère", "stop_desc": null, "stop_lat": 46.17913284, "stop_lon": 6.16476949, "zone_id": null, "stop_url": null, "location_type": 1, "parent_station": null, "active": true }, "geometry": { "type": "Point", "coordinates": [ 6.16476949, 46.17913284 ] } },
{ "type": "Feature", "properties": { "stop_id": "Parent8511620", "stop_code": null, "stop_name": "Vessy, Grands-Esserts", "stop_desc": null, "stop_lat": 46.17602898, "stop_lon": 6.16215539, "zone_id": null, "stop_url": null, "location_type": 1, "parent_station": null, "active": true }, "geometry": { "type": "Point", "coordinates": [ 6.16215539, 46.17602898 ] } },
{ "type": "Feature", "properties": { "stop_id": "Parent8511621", "stop_code": null, "stop_name": "Genève, Bains des Pâquis", "stop_desc": null, "stop_lat": 46.2113243, "stop_lon": 6.1525524, "zone_id": null, "stop_url": null, "location_type": 1, "parent_station": null, "active": true }, "geometry": { "type": "Point", "coordinates": [ 6.1525524, 46.2113243 ] } },
{ "type": "Feature", "properties": { "stop_id": "Parent8511628", "stop_code": null, "stop_name": "Chambésy, Le Reposoir", "stop_desc": null, "stop_lat": 46.23222589, "stop_lon": 6.14942626, "zone_id": null, "stop_url": null, "location_type": 1, "parent_station": null, "active": true }, "geometry": { "type": "Point", "coordinates": [ 6.14942626, 46.23222589 ] } },
{ "type": "Feature", "properties": { "stop_id": "Parent8511665", "stop_code": null, "stop_name": "Grand-Saconnex, Morillons", "stop_desc": null, "stop_lat": 46.23062887, "stop_lon": 6.13107368, "zone_id": null, "stop_url": null, "location_type": 1, "parent_station": null, "active": true }, "geometry": { "type": "Point", "coordinates": [ 6.13107368, 46.23062887 ] } },
{ "type": "Feature", "properties": { "stop_id": "Parent8512112", "stop_code": null, "stop_name": "Vessy, Centre sportif", "stop_desc": null, "stop_lat": 46.18354886, "stop_lon": 6.16498508, "zone_id": null, "stop_url": null, "location_type": 1, "parent_station": null, "active": true }, "geometry": { "type": "Point", "coordinates": [ 6.16498508, 46.18354886 ] } },
{ "type": "Feature", "properties": { "stop_id": "Parent8587037", "stop_code": null, "stop_name": "Carouge GE, Tours", "stop_desc": null, "stop_lat": 46.18350532, "stop_lon": 6.13531373, "zone_id": null, "stop_url": null, "location_type": 1, "parent_station": null, "active": true }, "geometry": { "type": "Point", "coordinates": [ 6.13531373, 46.18350532 ] } },
{ "type": "Feature", "properties": { "stop_id": "Parent8587046", "stop_code": "CFOU01", "stop_name": "Cologny, Chemin des Fours", "stop_desc": null, "stop_lat": 46.21748435, "stop_lon": 6.18322088, "zone_id": null, "stop_url": null, "location_type": 1, "parent_station": null, "active": true }, "geometry": { "type": "Point", "coordinates": [ 6.18322088, 46.21748435 ] } },
{ "type": "Feature", "properties": { "stop_id": "Parent8587047", "stop_code": null, "stop_name": "Cologny, croisée", "stop_desc": null, "stop_lat": 46.21234998, "stop_lon": 6.18421801, "zone_id": null, "stop_url": null, "location_type": 1, "parent_station": null, "active": true }, "geometry": { "type": "Point", "coordinates": [ 6.18421801, 46.21234998 ] } },
{ "type": "Feature", "properties": { "stop_id": "Parent8587056", "stop_code": "MALA01", "stop_name": "Chêne-Bougeries, Malagnou", "stop_desc": null, "stop_lat": 46.19330637, "stop_lon": 6.17664521, "zone_id": null, "stop_url": null, "location_type": 1, "parent_station": null, "active": true }, "geometry": { "type": "Point", "coordinates": [ 6.17664521, 46.19330637 ] } },
{ "type": "Feature", "properties": { "stop_id": "Parent8587057", "stop_code": "CVIN97", "stop_name": "Genève, gare Cornavin", "stop_desc": null, "stop_lat": 46.20973289, "stop_lon": 6.14243737, "zone_id": null, "stop_url": null, "location_type": 1, "parent_station": null, "active": true }, "geometry": { "type": "Point", "coordinates": [ 6.14243737, 46.20973289 ] } },
{ "type": "Feature", "properties": { "stop_id": "Parent8587058", "stop_code": "NATI14", "stop_name": "Genève, Nations", "stop_desc": null, "stop_lat": 46.22230127, "stop_lon": 6.13914055, "zone_id": null, "stop_url": null, "location_type": 1, "parent_station": null, "active": true }, "geometry": { "type": "Point", "coordinates": [ 6.13914055, 46.22230127 ] } },
{ "type": "Feature", "properties": { "stop_id": "Parent8587059", "stop_code": null, "stop_name": "Genève, Plage", "stop_desc": null, "stop_lat": 46.21158538, "stop_lon": 6.17237822, "zone_id": null, "stop_url": null, "location_type": 1, "parent_station": null, "active": true }, "geometry": { "type": "Point", "coordinates": [ 6.17237822, 46.21158538 ] } },
{ "type": "Feature", "properties": { "stop_id": "Parent8587061", "stop_code": "RIVE00", "stop_name": "Genève, Rive", "stop_desc": null, "stop_lat": 46.2018622, "stop_lon": 6.15281291, "zone_id": null, "stop_url": null, "location_type": 1, "parent_station": null, "active": true }, "geometry": { "type": "Point", "coordinates": [ 6.15281291, 46.2018622 ] } },
{ "type": "Feature", "properties": { "stop_id": "Parent8587062", "stop_code": "JOCT00", "stop_name": "Genève, Jonction", "stop_desc": null, "stop_lat": 46.20078658, "stop_lon": 6.12969027, "zone_id": null, "stop_url": null, "location_type": 1, "parent_station": null, "active": true }, "geometry": { "type": "Point", "coordinates": [ 6.12969027, 46.20078658 ] } },
{ "type": "Feature", "properties": { "stop_id": "Parent8587082", "stop_code": null, "stop_name": "Petit-Lancy, place", "stop_desc": null, "stop_lat": 46.19039609, "stop_lon": 6.1193327, "zone_id": null, "stop_url": null, "location_type": 1, "parent_station": null, "active": true }, "geometry": { "type": "Point", "coordinates": [ 6.1193327, 46.19039609 ] } },
{ "type": "Feature", "properties": { "stop_id": "Parent8587384", "stop_code": "GRDL04", "stop_name": "Chêne-Bougeries, Gradelle", "stop_desc": null, "stop_lat": 46.20497082, "stop_lon": 6.18047204, "zone_id": null, "stop_url": null, "location_type": 1, "parent_station": null, "active": true }, "geometry": { "type": "Point", "coordinates": [ 6.18047204, 46.20497082 ] } },
{ "type": "Feature", "properties": { "stop_id": "Parent8587385", "stop_code": null, "stop_name": "Cologny, mairie", "stop_desc": null, "stop_lat": 46.21932415, "stop_lon": 6.18518819, "zone_id": null, "stop_url": null, "location_type": 1, "parent_station": null, "active": true }, "geometry": { "type": "Point", "coordinates": [ 6.18518819, 46.21932415 ] } },
{ "type": "Feature", "properties": { "stop_id": "Parent8587387", "stop_code": "BAPO99", "stop_name": "Genève, Bel-Air", "stop_desc": null, "stop_lat": 46.20472836, "stop_lon": 6.14304822, "zone_id": null, "stop_url": null, "location_type": 1, "parent_station": null, "active": true }, "geometry": { "type": "Point", "coordinates": [ 6.14304822, 46.20472836 ] } },
{ "type": "Feature", "properties": { "stop_id": "Parent8587418", "stop_code": null, "stop_name": "Petit-Lancy, Les Esserts", "stop_desc": null, "stop_lat": 46.18809512, "stop_lon": 6.11309839, "zone_id": null, "stop_url": null, "location_type": 1, "parent_station": null, "active": true }, "geometry": { "type": "Point", "coordinates": [ 6.11309839, 46.18809512 ] } },
{ "type": "Feature", "properties": { "stop_id": "Parent8587437", "stop_code": null, "stop_name": "Carouge GE, Rondeau", "stop_desc": null, "stop_lat": 46.1798668, "stop_lon": 6.13839495, "zone_id": null, "stop_url": null, "location_type": 1, "parent_station": null, "active": true }, "geometry": { "type": "Point", "coordinates": [ 6.13839495, 46.1798668 ] } },
{ "type": "Feature", "properties": { "stop_id": "Parent8587900", "stop_code": null, "stop_name": "Chêne-Bougeries, Conches place", "stop_desc": null, "stop_lat": 46.18440092, "stop_lon": 6.17413891, "zone_id": null, "stop_url": null, "location_type": 1, "parent_station": null, "active": true }, "geometry": { "type": "Point", "coordinates": [ 6.17413891, 46.18440092 ] } },
{ "type": "Feature", "properties": { "stop_id": "Parent8587902", "stop_code": null, "stop_name": "Grand-Lancy, Mairie de Lancy", "stop_desc": null, "stop_lat": 46.18408995, "stop_lon": 6.12183002, "zone_id": null, "stop_url": null, "location_type": 1, "parent_station": null, "active": true }, "geometry": { "type": "Point", "coordinates": [ 6.12183002, 46.18408995 ] } },
{ "type": "Feature", "properties": { "stop_id": "Parent8587904", "stop_code": "OMS00", "stop_name": "Genève, OMS-BIT", "stop_desc": null, "stop_lat": 46.23099551, "stop_lon": 6.13393931, "zone_id": null, "stop_url": null, "location_type": 1, "parent_station": null, "active": true }, "geometry": { "type": "Point", "coordinates": [ 6.13393931, 46.23099551 ] } },
{ "type": "Feature", "properties": { "stop_id": "Parent8587907", "stop_code": null, "stop_name": "Genève, Plainpalais", "stop_desc": null, "stop_lat": 46.19803836, "stop_lon": 6.14281466, "zone_id": null, "stop_url": null, "location_type": 1, "parent_station": null, "active": true }, "geometry": { "type": "Point", "coordinates": [ 6.14281466, 46.19803836 ] } },
{ "type": "Feature", "properties": { "stop_id": "Parent8588196", "stop_code": null, "stop_name": "Genève, Appia", "stop_desc": null, "stop_lat": 46.22655223, "stop_lon": 6.13728104, "zone_id": null, "stop_url": null, "location_type": 1, "parent_station": null, "active": true }, "geometry": { "type": "Point", "coordinates": [ 6.13728104, 46.22655223 ] } },
{ "type": "Feature", "properties": { "stop_id": "Parent8588802", "stop_code": null, "stop_name": "Grand-Lancy, Stade de Genève", "stop_desc": null, "stop_lat": 46.17943762, "stop_lon": 6.12881891, "zone_id": null, "stop_url": null, "location_type": 1, "parent_station": null, "active": true }, "geometry": { "type": "Point", "coordinates": [ 6.12881891, 46.17943762 ] } },
{ "type": "Feature", "properties": { "stop_id": "Parent8589098", "stop_code": null, "stop_name": "Lancy-Pont-Rouge, gare", "stop_desc": null, "stop_lat": 46.18810133, "stop_lon": 6.12463276, "zone_id": null, "stop_url": null, "location_type": 1, "parent_station": null, "active": true }, "geometry": { "type": "Point", "coordinates": [ 6.12463276, 46.18810133 ] } },
{ "type": "Feature", "properties": { "stop_id": "Parent8592667", "stop_code": null, "stop_name": "Carouge GE, Gavard", "stop_desc": null, "stop_lat": 46.1853587, "stop_lon": 6.13566407, "zone_id": null, "stop_url": null, "location_type": 1, "parent_station": null, "active": true }, "geometry": { "type": "Point", "coordinates": [ 6.13566407, 46.1853587 ] } },
{ "type": "Feature", "properties": { "stop_id": "Parent8592668", "stop_code": "ANCI00", "stop_name": "Carouge GE, Ancienne", "stop_desc": null, "stop_lat": 46.1812165, "stop_lon": 6.14082938, "zone_id": null, "stop_url": null, "location_type": 1, "parent_station": null, "active": true }, "geometry": { "type": "Point", "coordinates": [ 6.14082938, 46.1812165 ] } },
{ "type": "Feature", "properties": { "stop_id": "Parent8592669", "stop_code": "ARME01", "stop_name": "Carouge GE, Armes", "stop_desc": null, "stop_lat": 46.18680155, "stop_lon": 6.14020955, "zone_id": null, "stop_url": null, "location_type": 1, "parent_station": null, "active": true }, "geometry": { "type": "Point", "coordinates": [ 6.14020955, 46.18680155 ] } },
{ "type": "Feature", "properties": { "stop_id": "Parent8592670", "stop_code": "STAL03", "stop_name": "Grand-Lancy, De-Staël", "stop_desc": null, "stop_lat": 46.17613473, "stop_lon": 6.13265471, "zone_id": null, "stop_url": null, "location_type": 1, "parent_station": null, "active": true }, "geometry": { "type": "Point", "coordinates": [ 6.13265471, 46.17613473 ] } },
{ "type": "Feature", "properties": { "stop_id": "Parent8592673", "stop_code": "FILI01", "stop_name": "Carouge GE, Fillion", "stop_desc": null, "stop_lat": 46.17791371, "stop_lon": 6.14505147, "zone_id": null, "stop_url": null, "location_type": 1, "parent_station": null, "active": true }, "geometry": { "type": "Point", "coordinates": [ 6.14505147, 46.17791371 ] } },
{ "type": "Feature", "properties": { "stop_id": "Parent8592674", "stop_code": null, "stop_name": "Carouge GE, Fontenette", "stop_desc": null, "stop_lat": 46.18515346, "stop_lon": 6.14622826, "zone_id": null, "stop_url": null, "location_type": 1, "parent_station": null, "active": true }, "geometry": { "type": "Point", "coordinates": [ 6.14622826, 46.18515346 ] } },
{ "type": "Feature", "properties": { "stop_id": "Parent8592675", "stop_code": "GCLB01", "stop_name": "Carouge GE, Grange-Collomb", "stop_desc": null, "stop_lat": 46.17550025, "stop_lon": 6.1382063, "zone_id": null, "stop_url": null, "location_type": 1, "parent_station": null, "active": true }, "geometry": { "type": "Point", "coordinates": [ 6.1382063, 46.17550025 ] } },
{ "type": "Feature", "properties": { "stop_id": "Parent8592676", "stop_code": null, "stop_name": "Vessy, Vüy", "stop_desc": null, "stop_lat": 46.17632756, "stop_lon": 6.14799794, "zone_id": null, "stop_url": null, "location_type": 1, "parent_station": null, "active": true }, "geometry": { "type": "Point", "coordinates": [ 6.14799794, 46.17632756 ] } },
{ "type": "Feature", "properties": { "stop_id": "Parent8592677", "stop_code": "MRCH00", "stop_name": "Carouge GE, Marché", "stop_desc": null, "stop_lat": 46.18391581, "stop_lon": 6.14074853, "zone_id": null, "stop_url": null, "location_type": 1, "parent_station": null, "active": true }, "geometry": { "type": "Point", "coordinates": [ 6.14074853, 46.18391581 ] } },
{ "type": "Feature", "properties": { "stop_id": "Parent8592678", "stop_code": null, "stop_name": "Carouge GE, Moraines", "stop_desc": null, "stop_lat": 46.18227385, "stop_lon": 6.14444959, "zone_id": null, "stop_url": null, "location_type": 1, "parent_station": null, "active": true }, "geometry": { "type": "Point", "coordinates": [ 6.14444959, 46.18227385 ] } },
{ "type": "Feature", "properties": { "stop_id": "Parent8592679", "stop_code": null, "stop_name": "Lancy-Pont-Rouge, gare/Etoile", "stop_desc": null, "stop_lat": 46.18758516, "stop_lon": 6.12762415, "zone_id": null, "stop_url": null, "location_type": 1, "parent_station": null, "active": true }, "geometry": { "type": "Point", "coordinates": [ 6.12762415, 46.18758516 ] } },
{ "type": "Feature", "properties": { "stop_id": "Parent8592680", "stop_code": null, "stop_name": "Carouge GE, Rue des Mouettes", "stop_desc": null, "stop_lat": 46.18863616, "stop_lon": 6.13710137, "zone_id": null, "stop_url": null, "location_type": 1, "parent_station": null, "active": true }, "geometry": { "type": "Point", "coordinates": [ 6.13710137, 46.18863616 ] } },
{ "type": "Feature", "properties": { "stop_id": "Parent8592682", "stop_code": "VARV00", "stop_name": "Carouge GE, Val-d'Arve", "stop_desc": null, "stop_lat": 46.18462482, "stop_lon": 6.15013593, "zone_id": null, "stop_url": null, "location_type": 1, "parent_station": null, "active": true }, "geometry": { "type": "Point", "coordinates": [ 6.15013593, 46.18462482 ] } },
{ "type": "Feature", "properties": { "stop_id": "Parent8592691", "stop_code": null, "stop_name": "Chêne-Bougeries, C.-Florissant", "stop_desc": null, "stop_lat": 46.18710629, "stop_lon": 6.17016836, "zone_id": null, "stop_url": null, "location_type": 1, "parent_station": null, "active": true }, "geometry": { "type": "Point", "coordinates": [ 6.17016836, 46.18710629 ] } },
{ "type": "Feature", "properties": { "stop_id": "Parent8592692", "stop_code": null, "stop_name": "Chêne-Bougeries, Calandrini", "stop_desc": null, "stop_lat": 46.18294556, "stop_lon": 6.1783071, "zone_id": null, "stop_url": null, "location_type": 1, "parent_station": null, "active": true }, "geometry": { "type": "Point", "coordinates": [ 6.1783071, 46.18294556 ] } },
{ "type": "Feature", "properties": { "stop_id": "Parent8592694", "stop_code": "ERMT01", "stop_name": "Chêne-Bougeries, Grangettes", "stop_desc": null, "stop_lat": 46.19883424, "stop_lon": 6.18036424, "zone_id": null, "stop_url": null, "location_type": 1, "parent_station": null, "active": true }, "geometry": { "type": "Point", "coordinates": [ 6.18036424, 46.19883424 ] } },
{ "type": "Feature", "properties": { "stop_id": "Parent8592695", "stop_code": null, "stop_name": "Chêne-Bougeries, Fourches", "stop_desc": null, "stop_lat": 46.20432424, "stop_lon": 6.19079368, "zone_id": null, "stop_url": null, "location_type": 1, "parent_station": null, "active": true }, "geometry": { "type": "Point", "coordinates": [ 6.19079368, 46.20432424 ] } },
{ "type": "Feature", "properties": { "stop_id": "Parent8592698", "stop_code": null, "stop_name": "Chêne-Bougeries, Parc Stagni", "stop_desc": null, "stop_lat": 46.19577501, "stop_lon": 6.1866794, "zone_id": null, "stop_url": null, "location_type": 1, "parent_station": null, "active": true }, "geometry": { "type": "Point", "coordinates": [ 6.1866794, 46.19577501 ] } },
{ "type": "Feature", "properties": { "stop_id": "Parent8592699", "stop_code": null, "stop_name": "Chêne-Bougeries, village", "stop_desc": null, "stop_lat": 46.19757202, "stop_lon": 6.1899852, "zone_id": null, "stop_url": null, "location_type": 1, "parent_station": null, "active": true }, "geometry": { "type": "Point", "coordinates": [ 6.1899852, 46.19757202 ] } },
{ "type": "Feature", "properties": { "stop_id": "Parent8592701", "stop_code": null, "stop_name": "Chêne-Bougeries, Vallon", "stop_desc": null, "stop_lat": 46.19210621, "stop_lon": 6.18189137, "zone_id": null, "stop_url": null, "location_type": 1, "parent_station": null, "active": true }, "geometry": { "type": "Point", "coordinates": [ 6.18189137, 46.19210621 ] } },
{ "type": "Feature", "properties": { "stop_id": "Parent8592702", "stop_code": "VTTE01", "stop_name": "Chêne-Bougeries, Villette", "stop_desc": null, "stop_lat": 46.18161456, "stop_lon": 6.18158595, "zone_id": null, "stop_url": null, "location_type": 1, "parent_station": null, "active": true }, "geometry": { "type": "Point", "coordinates": [ 6.18158595, 46.18161456 ] } },
{ "type": "Feature", "properties": { "stop_id": "Parent8592703", "stop_code": null, "stop_name": "Chêne-Bougeries,Ch.de l'Eperon", "stop_desc": null, "stop_lat": 46.20403825, "stop_lon": 6.18702974, "zone_id": null, "stop_url": null, "location_type": 1, "parent_station": null, "active": true }, "geometry": { "type": "Point", "coordinates": [ 6.18702974, 46.20403825 ] } },
{ "type": "Feature", "properties": { "stop_id": "Parent8592704", "stop_code": "CCLA01", "stop_name": "Chêne-Bougeries,Coll.Claparède", "stop_desc": null, "stop_lat": 46.19015356, "stop_lon": 6.18658956, "zone_id": null, "stop_url": null, "location_type": 1, "parent_station": null, "active": true }, "geometry": { "type": "Point", "coordinates": [ 6.18658956, 46.19015356 ] } },
{ "type": "Feature", "properties": { "stop_id": "Parent8592706", "stop_code": "GFAQ02", "stop_name": "Chêne-Bougeries,Grange-Falquet", "stop_desc": null, "stop_lat": 46.19827463, "stop_lon": 6.18563735, "zone_id": null, "stop_url": null, "location_type": 1, "parent_station": null, "active": true }, "geometry": { "type": "Point", "coordinates": [ 6.18563735, 46.19827463 ] } },
{ "type": "Feature", "properties": { "stop_id": "Parent8592713", "stop_code": null, "stop_name": "Chêne-Bourg, Place Favre", "stop_desc": null, "stop_lat": 46.19540814, "stop_lon": 6.19273404, "zone_id": null, "stop_url": null, "location_type": 1, "parent_station": null, "active": true }, "geometry": { "type": "Point", "coordinates": [ 6.19273404, 46.19540814 ] } },
{ "type": "Feature", "properties": { "stop_id": "Parent8592742", "stop_code": null, "stop_name": "Cologny, Chemin du Righi", "stop_desc": null, "stop_lat": 46.21618526, "stop_lon": 6.17651047, "zone_id": null, "stop_url": null, "location_type": 1, "parent_station": null, "active": true }, "geometry": { "type": "Point", "coordinates": [ 6.17651047, 46.21618526 ] } },
{ "type": "Feature", "properties": { "stop_id": "Parent8592743", "stop_code": "CMOL00", "stop_name": "Cologny, Clos du Môlan", "stop_desc": null, "stop_lat": 46.20526302, "stop_lon": 6.18354428, "zone_id": null, "stop_url": null, "location_type": 1, "parent_station": null, "active": true }, "geometry": { "type": "Point", "coordinates": [ 6.18354428, 46.20526302 ] } },
{ "type": "Feature", "properties": { "stop_id": "Parent8592744", "stop_code": "FALQ00", "stop_name": "Cologny, Falquets", "stop_desc": null, "stop_lat": 46.2132016, "stop_lon": 6.18649973, "zone_id": null, "stop_url": null, "location_type": 1, "parent_station": null, "active": true }, "geometry": { "type": "Point", "coordinates": [ 6.18649973, 46.2132016 ] } },
{ "type": "Feature", "properties": { "stop_id": "Parent8592746", "stop_code": null, "stop_name": "Cologny, Frontenex", "stop_desc": null, "stop_lat": 46.20616449, "stop_lon": 6.17563012, "zone_id": null, "stop_url": null, "location_type": 1, "parent_station": null, "active": true }, "geometry": { "type": "Point", "coordinates": [ 6.17563012, 46.20616449 ] } },
{ "type": "Feature", "properties": { "stop_id": "Parent8592748", "stop_code": "LFOR00", "stop_name": "Cologny, Le-Fort", "stop_desc": null, "stop_lat": 46.2090988, "stop_lon": 6.18069662, "zone_id": null, "stop_url": null, "location_type": 1, "parent_station": null, "active": true }, "geometry": { "type": "Point", "coordinates": [ 6.18069662, 46.2090988 ] } },
{ "type": "Feature", "properties": { "stop_id": "Parent8592749", "stop_code": null, "stop_name": "Cologny, Montalègre", "stop_desc": null, "stop_lat": 46.22140007, "stop_lon": 6.18031034, "zone_id": null, "stop_url": null, "location_type": 1, "parent_station": null, "active": true }, "geometry": { "type": "Point", "coordinates": [ 6.18031034, 46.22140007 ] } },
{ "type": "Feature", "properties": { "stop_id": "Parent8592752", "stop_code": null, "stop_name": "Cologny, temple", "stop_desc": null, "stop_lat": 46.21618526, "stop_lon": 6.18137035, "zone_id": null, "stop_url": null, "location_type": 1, "parent_station": null, "active": true }, "geometry": { "type": "Point", "coordinates": [ 6.18137035, 46.21618526 ] } },
{ "type": "Feature", "properties": { "stop_id": "Parent8592773", "stop_code": "31DC01", "stop_name": "Genève, 31-Décembre", "stop_desc": null, "stop_lat": 46.20170055, "stop_lon": 6.16211946, "zone_id": null, "stop_url": null, "location_type": 1, "parent_station": null, "active": true }, "geometry": { "type": "Point", "coordinates": [ 6.16211946, 46.20170055 ] } },
{ "type": "Feature", "properties": { "stop_id": "Parent8592774", "stop_code": "ACAC00", "stop_name": "Genève, Acacias", "stop_desc": null, "stop_lat": 46.192641, "stop_lon": 6.13829613, "zone_id": null, "stop_url": null, "location_type": 1, "parent_station": null, "active": true }, "geometry": { "type": "Point", "coordinates": [ 6.13829613, 46.192641 ] } },
{ "type": "Feature", "properties": { "stop_id": "Parent8592776", "stop_code": null, "stop_name": "Genève, Gos", "stop_desc": null, "stop_lat": 46.18790233, "stop_lon": 6.1547353, "zone_id": null, "stop_url": null, "location_type": 1, "parent_station": null, "active": true }, "geometry": { "type": "Point", "coordinates": [ 6.1547353, 46.18790233 ] } },
{ "type": "Feature", "properties": { "stop_id": "Parent8592777", "stop_code": "ALPE00", "stop_name": "Genève, Alpes", "stop_desc": null, "stop_lat": 46.2090242, "stop_lon": 6.14718946, "zone_id": null, "stop_url": null, "location_type": 1, "parent_station": null, "active": true }, "geometry": { "type": "Point", "coordinates": [ 6.14718946, 46.2090242 ] } },
{ "type": "Feature", "properties": { "stop_id": "Parent8592778", "stop_code": "AMDO01", "stop_name": "Genève, Amandolier", "stop_desc": null, "stop_lat": 46.20000938, "stop_lon": 6.16768003, "zone_id": null, "stop_url": null, "location_type": 1, "parent_station": null, "active": true }, "geometry": { "type": "Point", "coordinates": [ 6.16768003, 46.20000938 ] } },
{ "type": "Feature", "properties": { "stop_id": "Parent8592779", "stop_code": "ATHE03", "stop_name": "Genève, Athénée", "stop_desc": null, "stop_lat": 46.1981565, "stop_lon": 6.1489232, "zone_id": null, "stop_url": null, "location_type": 1, "parent_station": null, "active": true }, "geometry": { "type": "Point", "coordinates": [ 6.1489232, 46.1981565 ] } },
{ "type": "Feature", "properties": { "stop_id": "Parent8592780", "stop_code": "AUGS99", "stop_name": "Genève, Augustins", "stop_desc": null, "stop_lat": 46.19183881, "stop_lon": 6.14400044, "zone_id": null, "stop_url": null, "location_type": 1, "parent_station": null, "active": true }, "geometry": { "type": "Point", "coordinates": [ 6.14400044, 46.19183881 ] } },
{ "type": "Feature", "properties": { "stop_id": "Parent8592782", "stop_code": "BAC01", "stop_name": "Genève, Bains", "stop_desc": null, "stop_lat": 46.19974824, "stop_lon": 6.13754155, "zone_id": null, "stop_url": null, "location_type": 1, "parent_station": null, "active": true }, "geometry": { "type": "Point", "coordinates": [ 6.13754155, 46.19974824 ] } },
{ "type": "Feature", "properties": { "stop_id": "Parent8592785", "stop_code": "BCRE01", "stop_name": "Genève, Baulacre", "stop_desc": null, "stop_lat": 46.21646497, "stop_lon": 6.1392214, "zone_id": null, "stop_url": null, "location_type": 1, "parent_station": null, "active": true }, "geometry": { "type": "Point", "coordinates": [ 6.1392214, 46.21646497 ] } },
{ "type": "Feature", "properties": { "stop_id": "Parent8592786", "stop_code": "BSEJ00", "stop_name": "Genève, Beau-Séjour", "stop_desc": null, "stop_lat": 46.18878542, "stop_lon": 6.15045932, "zone_id": null, "stop_url": null, "location_type": 1, "parent_station": null, "active": true }, "geometry": { "type": "Point", "coordinates": [ 6.15045932, 46.18878542 ] } },
{ "type": "Feature", "properties": { "stop_id": "Parent8592789", "stop_code": "BLAN01", "stop_name": "Genève, Blanche", "stop_desc": null, "stop_lat": 46.18882273, "stop_lon": 6.14303924, "zone_id": null, "stop_url": null, "location_type": 1, "parent_station": null, "active": true }, "geometry": { "type": "Point", "coordinates": [ 6.14303924, 46.18882273 ] } },
{ "type": "Feature", "properties": { "stop_id": "Parent8592791", "stop_code": "BOHT96", "stop_name": "Vernier, Bouchet", "stop_desc": null, "stop_lat": 46.21642768, "stop_lon": 6.11808404, "zone_id": null, "stop_url": null, "location_type": 1, "parent_station": null, "active": true }, "geometry": { "type": "Point", "coordinates": [ 6.11808404, 46.21642768 ] } },
{ "type": "Feature", "properties": { "stop_id": "Parent8592792", "stop_code": "BFOU00", "stop_name": "Genève, Bourg-de-Four", "stop_desc": null, "stop_lat": 46.20015239, "stop_lon": 6.14860879, "zone_id": null, "stop_url": null, "location_type": 1, "parent_station": null, "active": true }, "geometry": { "type": "Point", "coordinates": [ 6.14860879, 46.20015239 ] } },
{ "type": "Feature", "properties": { "stop_id": "Parent8592793", "stop_code": null, "stop_name": "Genève, Bout-du-Monde", "stop_desc": null, "stop_lat": 46.18188201, "stop_lon": 6.15731347, "zone_id": null, "stop_url": null, "location_type": 1, "parent_station": null, "active": true }, "geometry": { "type": "Point", "coordinates": [ 6.15731347, 46.18188201 ] } },
{ "type": "Feature", "properties": { "stop_id": "Parent8592794", "stop_code": "BVYL98", "stop_name": "Genève, Bovy-Lysberg", "stop_desc": null, "stop_lat": 46.20238446, "stop_lon": 6.14294042, "zone_id": null, "stop_url": null, "location_type": 1, "parent_station": null, "active": true }, "geometry": { "type": "Point", "coordinates": [ 6.14294042, 46.20238446 ] } },
{ "type": "Feature", "properties": { "stop_id": "Parent8592795", "stop_code": "BTNI01", "stop_name": "Genève, Butini", "stop_desc": null, "stop_lat": 46.21673225, "stop_lon": 6.14790811, "zone_id": null, "stop_url": null, "location_type": 1, "parent_station": null, "active": true }, "geometry": { "type": "Point", "coordinates": [ 6.14790811, 46.21673225 ] } },
{ "type": "Feature", "properties": { "stop_id": "Parent8592796", "stop_code": null, "stop_name": "Genève, Calas", "stop_desc": null, "stop_lat": 46.18996078, "stop_lon": 6.15247155, "zone_id": null, "stop_url": null, "location_type": 1, "parent_station": null, "active": true }, "geometry": { "type": "Point", "coordinates": [ 6.15247155, 46.18996078 ] } },
{ "type": "Feature", "properties": { "stop_id": "Parent8592797", "stop_code": null, "stop_name": "Genève, Camille-Martin", "stop_desc": null, "stop_lat": 46.20627639, "stop_lon": 6.11803014, "zone_id": null, "stop_url": null, "location_type": 1, "parent_station": null, "active": true }, "geometry": { "type": "Point", "coordinates": [ 6.11803014, 46.20627639 ] } },
{ "type": "Feature", "properties": { "stop_id": "Parent8592798", "stop_code": "CANO00", "stop_name": "Genève, Canonnière", "stop_desc": null, "stop_lat": 46.2148302, "stop_lon": 6.13401117, "zone_id": null, "stop_url": null, "location_type": 1, "parent_station": null, "active": true }, "geometry": { "type": "Point", "coordinates": [ 6.13401117, 46.2148302 ] } },
{ "type": "Feature", "properties": { "stop_id": "Parent8592799", "stop_code": "CATH00", "stop_name": "Genève, Cathédrale", "stop_desc": null, "stop_lat": 46.20146429, "stop_lon": 6.14781828, "zone_id": null, "stop_url": null, "location_type": 1, "parent_station": null, "active": true }, "geometry": { "type": "Point", "coordinates": [ 6.14781828, 46.20146429 ] } },
{ "type": "Feature", "properties": { "stop_id": "Parent8592801", "stop_code": "CPLT00", "stop_name": "Genève, Chantepoulet", "stop_desc": null, "stop_lat": 46.20815387, "stop_lon": 6.14355128, "zone_id": null, "stop_url": null, "location_type": 1, "parent_station": null, "active": true }, "geometry": { "type": "Point", "coordinates": [ 6.14355128, 46.20815387 ] } },
{ "type": "Feature", "properties": { "stop_id": "Parent8592802", "stop_code": null, "stop_name": "Genève, Charmilles", "stop_desc": null, "stop_lat": 46.2082782, "stop_lon": 6.12733669, "zone_id": null, "stop_url": null, "location_type": 1, "parent_station": null, "active": true }, "geometry": { "type": "Point", "coordinates": [ 6.12733669, 46.2082782 ] } },
{ "type": "Feature", "properties": { "stop_id": "Parent8592803", "stop_code": null, "stop_name": "Genève, De-Chateaubriand", "stop_desc": null, "stop_lat": 46.21678819, "stop_lon": 6.15107018, "zone_id": null, "stop_url": null, "location_type": 1, "parent_station": null, "active": true }, "geometry": { "type": "Point", "coordinates": [ 6.15107018, 46.21678819 ] } },
{ "type": "Feature", "properties": { "stop_id": "Parent8592804", "stop_code": null, "stop_name": "Genève, Cirque", "stop_desc": null, "stop_lat": 46.20108502, "stop_lon": 6.14032633, "zone_id": null, "stop_url": null, "location_type": 1, "parent_station": null, "active": true }, "geometry": { "type": "Point", "coordinates": [ 6.14032633, 46.20108502 ] } },
{ "type": "Feature", "properties": { "stop_id": "Parent8592805", "stop_code": null, "stop_name": "Genève, Place Claparède", "stop_desc": null, "stop_lat": 46.19570661, "stop_lon": 6.15072882, "zone_id": null, "stop_url": null, "location_type": 1, "parent_station": null, "active": true }, "geometry": { "type": "Point", "coordinates": [ 6.15072882, 46.19570661 ] } },
{ "type": "Feature", "properties": { "stop_id": "Parent8592806", "stop_code": null, "stop_name": "Genève, Clinique Générale", "stop_desc": null, "stop_lat": 46.19001675, "stop_lon": 6.16140979, "zone_id": null, "stop_url": null, "location_type": 1, "parent_station": null, "active": true }, "geometry": { "type": "Point", "coordinates": [ 6.16140979, 46.19001675 ] } },
{ "type": "Feature", "properties": { "stop_id": "Parent8592808", "stop_code": null, "stop_name": "Genève, Colladon", "stop_desc": null, "stop_lat": 46.22310301, "stop_lon": 6.12345597, "zone_id": null, "stop_url": null, "location_type": 1, "parent_station": null, "active": true }, "geometry": { "type": "Point", "coordinates": [ 6.12345597, 46.22310301 ] } },
{ "type": "Feature", "properties": { "stop_id": "Parent8592809", "stop_code": null, "stop_name": "Genève, Collège Rousseau", "stop_desc": null, "stop_lat": 46.21818671, "stop_lon": 6.12108441, "zone_id": null, "stop_url": null, "location_type": 1, "parent_station": null, "active": true }, "geometry": { "type": "Point", "coordinates": [ 6.12108441, 46.21818671 ] } },
{ "type": "Feature", "properties": { "stop_id": "Parent8592810", "stop_code": null, "stop_name": "Genève, Contamines", "stop_desc": null, "stop_lat": 46.19601752, "stop_lon": 6.15616363, "zone_id": null, "stop_url": null, "location_type": 1, "parent_station": null, "active": true }, "geometry": { "type": "Point", "coordinates": [ 6.15616363, 46.19601752 ] } },
{ "type": "Feature", "properties": { "stop_id": "Parent8592811", "stop_code": null, "stop_name": "Genève, Contrat-Social", "stop_desc": null, "stop_lat": 46.20640695, "stop_lon": 6.12248579, "zone_id": null, "stop_url": null, "location_type": 1, "parent_station": null, "active": true }, "geometry": { "type": "Point", "coordinates": [ 6.12248579, 46.20640695 ] } },
{ "type": "Feature", "properties": { "stop_id": "Parent8592812", "stop_code": "COUST", "stop_name": "Genève, Coutance", "stop_desc": null, "stop_lat": 46.20744516, "stop_lon": 6.14219482, "zone_id": null, "stop_url": null, "location_type": 1, "parent_station": null, "active": true }, "geometry": { "type": "Point", "coordinates": [ 6.14219482, 46.20744516 ] } },
{ "type": "Feature", "properties": { "stop_id": "Parent8592813", "stop_code": "CCHA01", "stop_name": "Genève, Crêts-de-Champel", "stop_desc": null, "stop_lat": 46.18716226, "stop_lon": 6.15891247, "zone_id": null, "stop_url": null, "location_type": 1, "parent_station": null, "active": true }, "geometry": { "type": "Point", "coordinates": [ 6.15891247, 46.18716226 ] } },
{ "type": "Feature", "properties": { "stop_id": "Parent8592816", "stop_code": "DELC00", "stop_name": "Genève, Délices", "stop_desc": null, "stop_lat": 46.20542467, "stop_lon": 6.13222352, "zone_id": null, "stop_url": null, "location_type": 1, "parent_station": null, "active": true }, "geometry": { "type": "Point", "coordinates": [ 6.13222352, 46.20542467 ] } },
{ "type": "Feature", "properties": { "stop_id": "Parent8592818", "stop_code": "DOLE00", "stop_name": "Genève, Dôle", "stop_desc": null, "stop_lat": 46.20874445, "stop_lon": 6.1314869, "zone_id": null, "stop_url": null, "location_type": 1, "parent_station": null, "active": true }, "geometry": { "type": "Point", "coordinates": [ 6.1314869, 46.20874445 ] } },
{ "type": "Feature", "properties": { "stop_id": "Parent8592819", "stop_code": "EMED00", "stop_name": "Genève, Ecole-de-Médecine", "stop_desc": null, "stop_lat": 46.19760932, "stop_lon": 6.13930225, "zone_id": null, "stop_url": null, "location_type": 1, "parent_station": null, "active": true }, "geometry": { "type": "Point", "coordinates": [ 6.13930225, 46.19760932 ] } },
{ "type": "Feature", "properties": { "stop_id": "Parent8592820", "stop_code": "EGRU00", "stop_name": "Genève, Eglise Russe", "stop_desc": null, "stop_lat": 46.19841764, "stop_lon": 6.15280393, "zone_id": null, "stop_url": null, "location_type": 1, "parent_station": null, "active": true }, "geometry": { "type": "Point", "coordinates": [ 6.15280393, 46.19841764 ] } },
{ "type": "Feature", "properties": { "stop_id": "Parent8592822", "stop_code": null, "stop_name": "Genève, Epinettes", "stop_desc": null, "stop_lat": 46.19073812, "stop_lon": 6.13596051, "zone_id": null, "stop_url": null, "location_type": 1, "parent_station": null, "active": true }, "geometry": { "type": "Point", "coordinates": [ 6.13596051, 46.19073812 ] } },
{ "type": "Feature", "properties": { "stop_id": "Parent8592823", "stop_code": "FLCE00", "stop_name": "Genève, Florence", "stop_desc": null, "stop_lat": 46.19410854, "stop_lon": 6.17201889, "zone_id": null, "stop_url": null, "location_type": 1, "parent_station": null, "active": true }, "geometry": { "type": "Point", "coordinates": [ 6.17201889, 46.19410854 ] } },
{ "type": "Feature", "properties": { "stop_id": "Parent8592824", "stop_code": null, "stop_name": "Genève, Florissant", "stop_desc": null, "stop_lat": 46.19696266, "stop_lon": 6.15373817, "zone_id": null, "stop_url": null, "location_type": 1, "parent_station": null, "active": true }, "geometry": { "type": "Point", "coordinates": [ 6.15373817, 46.19696266 ] } },
{ "type": "Feature", "properties": { "stop_id": "Parent8592825", "stop_code": "MAPA01", "stop_name": "Genève, Maison de la Paix", "stop_desc": null, "stop_lat": 46.22002649, "stop_lon": 6.14565334, "zone_id": null, "stop_url": null, "location_type": 1, "parent_station": null, "active": true }, "geometry": { "type": "Point", "coordinates": [ 6.14565334, 46.22002649 ] } },
{ "type": "Feature", "properties": { "stop_id": "Parent8592826", "stop_code": "FRAN00", "stop_name": "Genève, Franchises", "stop_desc": null, "stop_lat": 46.21315809, "stop_lon": 6.11937761, "zone_id": null, "stop_url": null, "location_type": 1, "parent_station": null, "active": true }, "geometry": { "type": "Point", "coordinates": [ 6.11937761, 46.21315809 ] } },
{ "type": "Feature", "properties": { "stop_id": "Parent8592829", "stop_code": null, "stop_name": "Genève-Eaux-Vives, gare", "stop_desc": null, "stop_lat": 46.20008399, "stop_lon": 6.16452694, "zone_id": null, "stop_url": null, "location_type": 1, "parent_station": null, "active": true }, "geometry": { "type": "Point", "coordinates": [ 6.16452694, 46.20008399 ] } },
{ "type": "Feature", "properties": { "stop_id": "Parent8592830", "stop_code": "GAUT00", "stop_name": "Genève, Gautier", "stop_desc": null, "stop_lat": 46.21351862, "stop_lon": 6.15049526, "zone_id": null, "stop_url": null, "location_type": 1, "parent_station": null, "active": true }, "geometry": { "type": "Point", "coordinates": [ 6.15049526, 46.21351862 ] } },
{ "type": "Feature", "properties": { "stop_id": "Parent8592831", "stop_code": "GOUL00", "stop_name": "Genève, Goulart", "stop_desc": null, "stop_lat": 46.20753841, "stop_lon": 6.14144922, "zone_id": null, "stop_url": null, "location_type": 1, "parent_station": null, "active": true }, "geometry": { "type": "Point", "coordinates": [ 6.14144922, 46.20753841 ] } },
{ "type": "Feature", "properties": { "stop_id": "Parent8592832", "stop_code": "GPRE98", "stop_name": "Genève, Grand-Pré", "stop_desc": null, "stop_lat": 46.21604852, "stop_lon": 6.13067842, "zone_id": null, "stop_url": null, "location_type": 1, "parent_station": null, "active": true }, "geometry": { "type": "Point", "coordinates": [ 6.13067842, 46.21604852 ] } },
{ "type": "Feature", "properties": { "stop_id": "Parent8592833", "stop_code": "DGCAN00", "stop_name": "Chêne-Bougeries, Grange-Canal", "stop_desc": null, "stop_lat": 46.19961145, "stop_lon": 6.17466892, "zone_id": null, "stop_url": null, "location_type": 1, "parent_station": null, "active": true }, "geometry": { "type": "Point", "coordinates": [ 6.17466892, 46.19961145 ] } },
{ "type": "Feature", "properties": { "stop_id": "Parent8592834", "stop_code": null, "stop_name": "Genève, Grottes", "stop_desc": null, "stop_lat": 46.21256755, "stop_lon": 6.13787393, "zone_id": null, "stop_url": null, "location_type": 1, "parent_station": null, "active": true }, "geometry": { "type": "Point", "coordinates": [ 6.13787393, 46.21256755 ] } },
{ "type": "Feature", "properties": { "stop_id": "Parent8592835", "stop_code": "GUYE01", "stop_name": "Genève, Guye", "stop_desc": null, "stop_lat": 46.20888122, "stop_lon": 6.12352783, "zone_id": null, "stop_url": null, "location_type": 1, "parent_station": null, "active": true }, "geometry": { "type": "Point", "coordinates": [ 6.12352783, 46.20888122 ] } },
{ "type": "Feature", "properties": { "stop_id": "Parent8592837", "stop_code": "HOPI01", "stop_name": "Genève, Hôpital", "stop_desc": null, "stop_lat": 46.19459978, "stop_lon": 6.14901304, "zone_id": null, "stop_url": null, "location_type": 1, "parent_station": null, "active": true }, "geometry": { "type": "Point", "coordinates": [ 6.14901304, 46.19459978 ] } },
{ "type": "Feature", "properties": { "stop_id": "Parent8592838", "stop_code": null, "stop_name": "Genève, Hôtel-de-Ville", "stop_desc": null, "stop_lat": 46.20109124, "stop_lon": 6.14662352, "zone_id": null, "stop_url": null, "location_type": 1, "parent_station": null, "active": true }, "geometry": { "type": "Point", "coordinates": [ 6.14662352, 46.20109124 ] } },
{ "type": "Feature", "properties": { "stop_id": "Parent8592839", "stop_code": "INDT00", "stop_name": "Genève, Industrielle", "stop_desc": null, "stop_lat": 46.19037121, "stop_lon": 6.13383151, "zone_id": null, "stop_url": null, "location_type": 1, "parent_station": null, "active": true }, "geometry": { "type": "Point", "coordinates": [ 6.13383151, 46.19037121 ] } },
{ "type": "Feature", "properties": { "stop_id": "Parent8592840", "stop_code": "INTR02", "stop_name": "Genève, Intercontinental", "stop_desc": null, "stop_lat": 46.22437707, "stop_lon": 6.13380456, "zone_id": null, "stop_url": null, "location_type": 1, "parent_station": null, "active": true }, "geometry": { "type": "Point", "coordinates": [ 6.13380456, 46.22437707 ] } },
{ "type": "Feature", "properties": { "stop_id": "Parent8592841", "stop_code": null, "stop_name": "Genève, Mercier", "stop_desc": null, "stop_lat": 46.20686699, "stop_lon": 6.13953581, "zone_id": null, "stop_url": null, "location_type": 1, "parent_station": null, "active": true }, "geometry": { "type": "Point", "coordinates": [ 6.13953581, 46.20686699 ] } },
{ "type": "Feature", "properties": { "stop_id": "Parent8592842", "stop_code": "PITH00", "stop_name": "Carouge GE, Pictet-Thellusson", "stop_desc": null, "stop_lat": 46.18891601, "stop_lon": 6.13101978, "zone_id": null, "stop_url": null, "location_type": 1, "parent_station": null, "active": true }, "geometry": { "type": "Point", "coordinates": [ 6.13101978, 46.18891601 ] } },
{ "type": "Feature", "properties": { "stop_id": "Parent8592843", "stop_code": "JARB01", "stop_name": "Genève, Jardin Botanique", "stop_desc": null, "stop_lat": 46.22389231, "stop_lon": 6.14771048, "zone_id": null, "stop_url": null, "location_type": 1, "parent_station": null, "active": true }, "geometry": { "type": "Point", "coordinates": [ 6.14771048, 46.22389231 ] } },
{ "type": "Feature", "properties": { "stop_id": "Parent8592844", "stop_code": "JJAC00", "stop_name": "Genève, Jean-Jacques", "stop_desc": null, "stop_lat": 46.20430559, "stop_lon": 6.12520768, "zone_id": null, "stop_url": null, "location_type": 1, "parent_station": null, "active": true }, "geometry": { "type": "Point", "coordinates": [ 6.12520768, 46.20430559 ] } },
{ "type": "Feature", "properties": { "stop_id": "Parent8592845", "stop_code": "JLIM02", "stop_name": "Genève, Joli-Mont", "stop_desc": null, "stop_lat": 46.22186621, "stop_lon": 6.11714081, "zone_id": null, "stop_url": null, "location_type": 1, "parent_station": null, "active": true }, "geometry": { "type": "Point", "coordinates": [ 6.11714081, 46.22186621 ] } },
{ "type": "Feature", "properties": { "stop_id": "Parent8592846", "stop_code": "KRIG01", "stop_name": "Genève, Krieg", "stop_desc": null, "stop_lat": 46.19376653, "stop_lon": 6.16079893, "zone_id": null, "stop_url": null, "location_type": 1, "parent_station": null, "active": true }, "geometry": { "type": "Point", "coordinates": [ 6.16079893, 46.19376653 ] } },
{ "type": "Feature", "properties": { "stop_id": "Parent8592847", "stop_code": "FENE00", "stop_name": "Genève, La Fenêtre", "stop_desc": null, "stop_lat": 46.2300261, "stop_lon": 6.13873631, "zone_id": null, "stop_url": null, "location_type": 1, "parent_station": null, "active": true }, "geometry": { "type": "Point", "coordinates": [ 6.13873631, 46.2300261 ] } },
{ "type": "Feature", "properties": { "stop_id": "Parent8592848", "stop_code": "LOHO00", "stop_name": "Genève, Lombard", "stop_desc": null, "stop_lat": 46.19552007, "stop_lon": 6.14720742, "zone_id": null, "stop_url": null, "location_type": 1, "parent_station": null, "active": true }, "geometry": { "type": "Point", "coordinates": [ 6.14720742, 46.19552007 ] } },
{ "type": "Feature", "properties": { "stop_id": "Parent8592849", "stop_code": "LAUB01", "stop_name": "Genève, Aubert", "stop_desc": null, "stop_lat": 46.19243579, "stop_lon": 6.16365557, "zone_id": null, "stop_url": null, "location_type": 1, "parent_station": null, "active": true }, "geometry": { "type": "Point", "coordinates": [ 6.16365557, 46.19243579 ] } },
{ "type": "Feature", "properties": { "stop_id": "Parent8592850", "stop_code": "LYON00", "stop_name": "Genève, Lyon", "stop_desc": null, "stop_lat": 46.20980749, "stop_lon": 6.13830512, "zone_id": null, "stop_url": null, "location_type": 1, "parent_station": null, "active": true }, "geometry": { "type": "Point", "coordinates": [ 6.13830512, 46.20980749 ] } },
{ "type": "Feature", "properties": { "stop_id": "Parent8592851", "stop_code": null, "stop_name": "Genève, Musée art et histoire", "stop_desc": null, "stop_lat": 46.1996301, "stop_lon": 6.15114204, "zone_id": null, "stop_url": null, "location_type": 1, "parent_station": null, "active": true }, "geometry": { "type": "Point", "coordinates": [ 6.15114204, 46.1996301 ] } },
{ "type": "Feature", "properties": { "stop_id": "Parent8592852", "stop_code": "MPAR00", "stop_name": "Genève, Maison des Parlements", "stop_desc": null, "stop_lat": 46.22586862, "stop_lon": 6.12385122, "zone_id": null, "stop_url": null, "location_type": 1, "parent_station": null, "active": true }, "geometry": { "type": "Point", "coordinates": [ 6.12385122, 46.22586862 ] } },
{ "type": "Feature", "properties": { "stop_id": "Parent8592853", "stop_code": "MATE01", "stop_name": "Genève, Maternité-Pédiatrie", "stop_desc": null, "stop_lat": 46.19116098, "stop_lon": 6.14597673, "zone_id": null, "stop_url": null, "location_type": 1, "parent_station": null, "active": true }, "geometry": { "type": "Point", "coordinates": [ 6.14597673, 46.19116098 ] } },
{ "type": "Feature", "properties": { "stop_id": "Parent8592854", "stop_code": "AUBI00", "stop_name": "Genève, Merle-d'Aubigné", "stop_desc": null, "stop_lat": 46.20668049, "stop_lon": 6.16189488, "zone_id": null, "stop_url": null, "location_type": 1, "parent_station": null, "active": true }, "geometry": { "type": "Point", "coordinates": [ 6.16189488, 46.20668049 ] } },
{ "type": "Feature", "properties": { "stop_id": "Parent8592855", "stop_code": "MERV00", "stop_name": "Genève, Mervelet", "stop_desc": null, "stop_lat": 46.21952926, "stop_lon": 6.12290799, "zone_id": null, "stop_url": null, "location_type": 1, "parent_station": null, "active": true }, "geometry": { "type": "Point", "coordinates": [ 6.12290799, 46.21952926 ] } },
{ "type": "Feature", "properties": { "stop_id": "Parent8592856", "stop_code": "METR02", "stop_name": "Genève, Métropole", "stop_desc": null, "stop_lat": 46.20339788, "stop_lon": 6.15151934, "zone_id": null, "stop_url": null, "location_type": 1, "parent_station": null, "active": true }, "geometry": { "type": "Point", "coordinates": [ 6.15151934, 46.20339788 ] } },
{ "type": "Feature", "properties": { "stop_id": "Parent8592858", "stop_code": "MILE00", "stop_name": "Genève, Miléant", "stop_desc": null, "stop_lat": 46.2046724, "stop_lon": 6.12772296, "zone_id": null, "stop_url": null, "location_type": 1, "parent_station": null, "active": true }, "geometry": { "type": "Point", "coordinates": [ 6.12772296, 46.2046724 ] } },
{ "type": "Feature", "properties": { "stop_id": "Parent8592860", "stop_code": null, "stop_name": "Genève, Miremont", "stop_desc": null, "stop_lat": 46.1893389, "stop_lon": 6.15637922, "zone_id": null, "stop_url": null, "location_type": 1, "parent_station": null, "active": true }, "geometry": { "type": "Point", "coordinates": [ 6.15637922, 46.1893389 ] } },
{ "type": "Feature", "properties": { "stop_id": "Parent8592861", "stop_code": null, "stop_name": "Genève, Moillebeau", "stop_desc": null, "stop_lat": 46.22040563, "stop_lon": 6.12945671, "zone_id": null, "stop_url": null, "location_type": 1, "parent_station": null, "active": true }, "geometry": { "type": "Point", "coordinates": [ 6.12945671, 46.22040563 ] } },
{ "type": "Feature", "properties": { "stop_id": "Parent8592862", "stop_code": "MLRD03", "stop_name": "Genève, Molard", "stop_desc": null, "stop_lat": 46.20311189, "stop_lon": 6.14718047, "zone_id": null, "stop_url": null, "location_type": 1, "parent_station": null, "active": true }, "geometry": { "type": "Point", "coordinates": [ 6.14718047, 46.20311189 ] } },
{ "type": "Feature", "properties": { "stop_id": "Parent8592863", "stop_code": "MOLE01", "stop_name": "Genève, Môle", "stop_desc": null, "stop_lat": 46.21315187, "stop_lon": 6.14549164, "zone_id": null, "stop_url": null, "location_type": 1, "parent_station": null, "active": true }, "geometry": { "type": "Point", "coordinates": [ 6.14549164, 46.21315187 ] } },
{ "type": "Feature", "properties": { "stop_id": "Parent8592864", "stop_code": "BRIS00", "stop_name": "Genève, Mont-Blanc", "stop_desc": null, "stop_lat": 46.20734569, "stop_lon": 6.14699183, "zone_id": null, "stop_url": null, "location_type": 1, "parent_station": null, "active": true }, "geometry": { "type": "Point", "coordinates": [ 6.14699183, 46.20734569 ] } },
{ "type": "Feature", "properties": { "stop_id": "Parent8592865", "stop_code": "MTCH01", "stop_name": "Genève-Eaux-Vives, gare/Bloch", "stop_desc": null, "stop_lat": 46.20303106, "stop_lon": 6.16627866, "zone_id": null, "stop_url": null, "location_type": 1, "parent_station": null, "active": true }, "geometry": { "type": "Point", "coordinates": [ 6.16627866, 46.20303106 ] } },
{ "type": "Feature", "properties": { "stop_id": "Parent8592866", "stop_code": "MOTU00", "stop_name": "Genève, Monthoux", "stop_desc": null, "stop_lat": 46.21047887, "stop_lon": 6.148501, "zone_id": null, "stop_url": null, "location_type": 1, "parent_station": null, "active": true }, "geometry": { "type": "Point", "coordinates": [ 6.148501, 46.21047887 ] } },
{ "type": "Feature", "properties": { "stop_id": "Parent8592867", "stop_code": null, "stop_name": "Genève, Motta", "stop_desc": null, "stop_lat": 46.21944224, "stop_lon": 6.13473881, "zone_id": null, "stop_url": null, "location_type": 1, "parent_station": null, "active": true }, "geometry": { "type": "Point", "coordinates": [ 6.13473881, 46.21944224 ] } },
{ "type": "Feature", "properties": { "stop_id": "Parent8592868", "stop_code": null, "stop_name": "Genève, Musée d'ethnographie", "stop_desc": null, "stop_lat": 46.1978083, "stop_lon": 6.13626594, "zone_id": null, "stop_url": null, "location_type": 1, "parent_station": null, "active": true }, "geometry": { "type": "Point", "coordinates": [ 6.13626594, 46.1978083 ] } },
{ "type": "Feature", "properties": { "stop_id": "Parent8592869", "stop_code": "DELC05", "stop_name": "Genève, Musée Voltaire", "stop_desc": null, "stop_lat": 46.20717784, "stop_lon": 6.13390337, "zone_id": null, "stop_url": null, "location_type": 1, "parent_station": null, "active": true }, "geometry": { "type": "Point", "coordinates": [ 6.13390337, 46.20717784 ] } },
{ "type": "Feature", "properties": { "stop_id": "Parent8592870", "stop_code": "MUSE00", "stop_name": "Genève, Muséum", "stop_desc": null, "stop_lat": 46.19852335, "stop_lon": 6.15730449, "zone_id": null, "stop_url": null, "location_type": 1, "parent_station": null, "active": true }, "geometry": { "type": "Point", "coordinates": [ 6.15730449, 46.19852335 ] } },
{ "type": "Feature", "properties": { "stop_id": "Parent8592871", "stop_code": "EDWE01", "stop_name": "Genève, Navigation", "stop_desc": null, "stop_lat": 46.21188998, "stop_lon": 6.14964186, "zone_id": null, "stop_url": null, "location_type": 1, "parent_station": null, "active": true }, "geometry": { "type": "Point", "coordinates": [ 6.14964186, 46.21188998 ] } },
{ "type": "Feature", "properties": { "stop_id": "Parent8592873", "stop_code": "ORMA01", "stop_name": "Genève, Ormeaux", "stop_desc": null, "stop_lat": 46.2060215, "stop_lon": 6.13652645, "zone_id": null, "stop_url": null, "location_type": 1, "parent_station": null, "active": true }, "geometry": { "type": "Point", "coordinates": [ 6.13652645, 46.2060215 ] } },
{ "type": "Feature", "properties": { "stop_id": "Parent8592874", "stop_code": null, "stop_name": "Genève, Palladium", "stop_desc": null, "stop_lat": 46.20301863, "stop_lon": 6.13356201, "zone_id": null, "stop_url": null, "location_type": 1, "parent_station": null, "active": true }, "geometry": { "type": "Point", "coordinates": [ 6.13356201, 46.20301863 ] } },
{ "type": "Feature", "properties": { "stop_id": "Parent8592876", "stop_code": null, "stop_name": "Genève, Parc Plage Eaux-Vives", "stop_desc": null, "stop_lat": 46.20937233, "stop_lon": 6.16746443, "zone_id": null, "stop_url": null, "location_type": 1, "parent_station": null, "active": true }, "geometry": { "type": "Point", "coordinates": [ 6.16746443, 46.20937233 ] } },
{ "type": "Feature", "properties": { "stop_id": "Parent8592878", "stop_code": null, "stop_name": "Genève-Champel, gare/Peschier", "stop_desc": null, "stop_lat": 46.19377896, "stop_lon": 6.15385495, "zone_id": null, "stop_url": null, "location_type": 1, "parent_station": null, "active": true }, "geometry": { "type": "Point", "coordinates": [ 6.15385495, 46.19377896 ] } },
{ "type": "Feature", "properties": { "stop_id": "Parent8592879", "stop_code": null, "stop_name": "Genève,Conservatoire populaire", "stop_desc": null, "stop_lat": 46.1976342, "stop_lon": 6.15169002, "zone_id": null, "stop_url": null, "location_type": 1, "parent_station": null, "active": true }, "geometry": { "type": "Point", "coordinates": [ 6.15169002, 46.1976342 ] } },
{ "type": "Feature", "properties": { "stop_id": "Parent8592880", "stop_code": "PSAC00", "stop_name": "Genève, Petit-Saconnex", "stop_desc": null, "stop_lat": 46.22300357, "stop_lon": 6.12849551, "zone_id": null, "stop_url": null, "location_type": 1, "parent_station": null, "active": true }, "geometry": { "type": "Point", "coordinates": [ 6.12849551, 46.22300357 ] } },
{ "type": "Feature", "properties": { "stop_id": "Parent8592881", "stop_code": "PHIL00", "stop_name": "Genève, Philosophes", "stop_desc": null, "stop_lat": 46.19672016, "stop_lon": 6.14619233, "zone_id": null, "stop_url": null, "location_type": 1, "parent_station": null, "active": true }, "geometry": { "type": "Point", "coordinates": [ 6.14619233, 46.19672016 ] } },
{ "type": "Feature", "properties": { "stop_id": "Parent8592883", "stop_code": null, "stop_name": "Genève, Place des Eaux-Vives", "stop_desc": null, "stop_lat": 46.2022912, "stop_lon": 6.15601091, "zone_id": null, "stop_url": null, "location_type": 1, "parent_station": null, "active": true }, "geometry": { "type": "Point", "coordinates": [ 6.15601091, 46.2022912 ] } },
{ "type": "Feature", "properties": { "stop_id": "Parent8592885", "stop_code": "PNEV01", "stop_name": "Genève, Place de Neuve", "stop_desc": null, "stop_lat": 46.20119693, "stop_lon": 6.1441801, "zone_id": null, "stop_url": null, "location_type": 1, "parent_station": null, "active": true }, "geometry": { "type": "Point", "coordinates": [ 6.1441801, 46.20119693 ] } },
{ "type": "Feature", "properties": { "stop_id": "Parent8592886", "stop_code": null, "stop_name": "Genève-Champel, gare", "stop_desc": null, "stop_lat": 46.19216217, "stop_lon": 6.15327105, "zone_id": null, "stop_url": null, "location_type": 1, "parent_station": null, "active": true }, "geometry": { "type": "Point", "coordinates": [ 6.15327105, 46.19216217 ] } },
{ "type": "Feature", "properties": { "stop_id": "Parent8592887", "stop_code": "PTAR00", "stop_name": "Genève, Pont-d'Arve", "stop_desc": null, "stop_lat": 46.19489825, "stop_lon": 6.14342551, "zone_id": null, "stop_url": null, "location_type": 1, "parent_station": null, "active": true }, "geometry": { "type": "Point", "coordinates": [ 6.14342551, 46.19489825 ] } },
{ "type": "Feature", "properties": { "stop_id": "Parent8592888", "stop_code": null, "stop_name": "Genève, poste", "stop_desc": null, "stop_lat": 46.21293431, "stop_lon": 6.14123363, "zone_id": null, "stop_url": null, "location_type": 1, "parent_station": null, "active": true }, "geometry": { "type": "Point", "coordinates": [ 6.14123363, 46.21293431 ] } },
{ "type": "Feature", "properties": { "stop_id": "Parent8592889", "stop_code": null, "stop_name": "Genève, Poterie", "stop_desc": null, "stop_lat": 46.21179052, "stop_lon": 6.13358896, "zone_id": null, "stop_url": null, "location_type": 1, "parent_station": null, "active": true }, "geometry": { "type": "Point", "coordinates": [ 6.13358896, 46.21179052 ] } },
{ "type": "Feature", "properties": { "stop_id": "Parent8592890", "stop_code": "PRRI01", "stop_name": "Genève, Prairie", "stop_desc": null, "stop_lat": 46.20849579, "stop_lon": 6.13574492, "zone_id": null, "stop_url": null, "location_type": 1, "parent_station": null, "active": true }, "geometry": { "type": "Point", "coordinates": [ 6.13574492, 46.20849579 ] } },
{ "type": "Feature", "properties": { "stop_id": "Parent8592891", "stop_code": null, "stop_name": "Genève, Queue-d'Arve", "stop_desc": null, "stop_lat": 46.19606726, "stop_lon": 6.12880992, "zone_id": null, "stop_url": null, "location_type": 1, "parent_station": null, "active": true }, "geometry": { "type": "Point", "coordinates": [ 6.12880992, 46.19606726 ] } },
{ "type": "Feature", "properties": { "stop_id": "Parent8592892", "stop_code": "REVE00", "stop_name": "Genève, Reverdin", "stop_desc": null, "stop_lat": 46.19024062, "stop_lon": 6.15037847, "zone_id": null, "stop_url": null, "location_type": 1, "parent_station": null, "active": true }, "geometry": { "type": "Point", "coordinates": [ 6.15037847, 46.19024062 ] } },
{ "type": "Feature", "properties": { "stop_id": "Parent8592893", "stop_code": "RIAN00", "stop_name": "Genève, Riant-Parc", "stop_desc": null, "stop_lat": 46.22158652, "stop_lon": 6.119171, "zone_id": null, "stop_url": null, "location_type": 1, "parent_station": null, "active": true }, "geometry": { "type": "Point", "coordinates": [ 6.119171, 46.22158652 ] } },
{ "type": "Feature", "properties": { "stop_id": "Parent8592894", "stop_code": null, "stop_name": "Genève, Rieu", "stop_desc": null, "stop_lat": 46.19626002, "stop_lon": 6.16610798, "zone_id": null, "stop_url": null, "location_type": 1, "parent_station": null, "active": true }, "geometry": { "type": "Point", "coordinates": [ 6.16610798, 46.19626002 ] } },
{ "type": "Feature", "properties": { "stop_id": "Parent8592895", "stop_code": "SEGA01", "stop_name": "Genève-Sécheron, gare", "stop_desc": null, "stop_lat": 46.2234324, "stop_lon": 6.14462926, "zone_id": null, "stop_url": null, "location_type": 1, "parent_station": null, "active": true }, "geometry": { "type": "Point", "coordinates": [ 6.14462926, 46.2234324 ] } },
{ "type": "Feature", "properties": { "stop_id": "Parent8592898", "stop_code": null, "stop_name": "Genève-Champel, gare/Hôpital", "stop_desc": null, "stop_lat": 46.19316335, "stop_lon": 6.1505761, "zone_id": null, "stop_url": null, "location_type": 1, "parent_station": null, "active": true }, "geometry": { "type": "Point", "coordinates": [ 6.1505761, 46.19316335 ] } },
{ "type": "Feature", "properties": { "stop_id": "Parent8592900", "stop_code": null, "stop_name": "Genève, Rue du Lac", "stop_desc": null, "stop_lat": 46.2038393, "stop_lon": 6.15801415, "zone_id": null, "stop_url": null, "location_type": 1, "parent_station": null, "active": true }, "geometry": { "type": "Point", "coordinates": [ 6.15801415, 46.2038393 ] } },
{ "type": "Feature", "properties": { "stop_id": "Parent8592902", "stop_code": "SECH00", "stop_name": "Genève, Perle du Lac", "stop_desc": null, "stop_lat": 46.22039941, "stop_lon": 6.1498305, "zone_id": null, "stop_url": null, "location_type": 1, "parent_station": null, "active": true }, "geometry": { "type": "Point", "coordinates": [ 6.1498305, 46.22039941 ] } },
{ "type": "Feature", "properties": { "stop_id": "Parent8592903", "stop_code": "SERV01", "stop_name": "Genève, Servette", "stop_desc": null, "stop_lat": 46.21357457, "stop_lon": 6.12987892, "zone_id": null, "stop_url": null, "location_type": 1, "parent_station": null, "active": true }, "geometry": { "type": "Point", "coordinates": [ 6.12987892, 46.21357457 ] } },
{ "type": "Feature", "properties": { "stop_id": "Parent8592904", "stop_code": "SEUJ01", "stop_name": "Genève, Seujet", "stop_desc": null, "stop_lat": 46.20395121, "stop_lon": 6.1323403, "zone_id": null, "stop_url": null, "location_type": 1, "parent_station": null, "active": true }, "geometry": { "type": "Point", "coordinates": [ 6.1323403, 46.20395121 ] } },
{ "type": "Feature", "properties": { "stop_id": "Parent8592905", "stop_code": "NATI97", "stop_name": "Genève, Collège Sismondi", "stop_desc": null, "stop_lat": 46.22100229, "stop_lon": 6.14144024, "zone_id": null, "stop_url": null, "location_type": 1, "parent_station": null, "active": true }, "geometry": { "type": "Point", "coordinates": [ 6.14144024, 46.22100229 ] } },
{ "type": "Feature", "properties": { "stop_id": "Parent8592906", "stop_code": "SNDT00", "stop_name": "Genève, Stand", "stop_desc": null, "stop_lat": 46.20369009, "stop_lon": 6.13988615, "zone_id": null, "stop_url": null, "location_type": 1, "parent_station": null, "active": true }, "geometry": { "type": "Point", "coordinates": [ 6.13988615, 46.20369009 ] } },
{ "type": "Feature", "properties": { "stop_id": "Parent8592907", "stop_code": "SANT00", "stop_name": "Genève, Saint-Antoine", "stop_desc": null, "stop_lat": 46.1999099, "stop_lon": 6.15098035, "zone_id": null, "stop_url": null, "location_type": 1, "parent_station": null, "active": true }, "geometry": { "type": "Point", "coordinates": [ 6.15098035, 46.1999099 ] } },
{ "type": "Feature", "properties": { "stop_id": "Parent8592908", "stop_code": "SCLO00", "stop_name": "Genève, Sainte-Clotilde", "stop_desc": null, "stop_lat": 46.19981042, "stop_lon": 6.13282539, "zone_id": null, "stop_url": null, "location_type": 1, "parent_station": null, "active": true }, "geometry": { "type": "Point", "coordinates": [ 6.13282539, 46.19981042 ] } },
{ "type": "Feature", "properties": { "stop_id": "Parent8592909", "stop_code": null, "stop_name": "Genève, Taconnerie", "stop_desc": null, "stop_lat": 46.2004757, "stop_lon": 6.14784523, "zone_id": null, "stop_url": null, "location_type": 1, "parent_station": null, "active": true }, "geometry": { "type": "Point", "coordinates": [ 6.14784523, 46.2004757 ] } },
{ "type": "Feature", "properties": { "stop_id": "Parent8592910", "stop_code": "TRSI00", "stop_name": "Genève, Terrassière", "stop_desc": null, "stop_lat": 46.2010788, "stop_lon": 6.15641515, "zone_id": null, "stop_url": null, "location_type": 1, "parent_station": null, "active": true }, "geometry": { "type": "Point", "coordinates": [ 6.15641515, 46.2010788 ] } },
{ "type": "Feature", "properties": { "stop_id": "Parent8592911", "stop_code": "TOUR00", "stop_name": "Genève, Tourelle", "stop_desc": null, "stop_lat": 46.22421548, "stop_lon": 6.12706719, "zone_id": null, "stop_url": null, "location_type": 1, "parent_station": null, "active": true }, "geometry": { "type": "Point", "coordinates": [ 6.12706719, 46.22421548 ] } },
{ "type": "Feature", "properties": { "stop_id": "Parent8592912", "stop_code": "TRAN00", "stop_name": "Genève, Tranchées", "stop_desc": null, "stop_lat": 46.19852957, "stop_lon": 6.15551684, "zone_id": null, "stop_url": null, "location_type": 1, "parent_station": null, "active": true }, "geometry": { "type": "Point", "coordinates": [ 6.15551684, 46.19852957 ] } },
{ "type": "Feature", "properties": { "stop_id": "Parent8592913", "stop_code": null, "stop_name": "Genève, Trembley", "stop_desc": null, "stop_lat": 46.21803754, "stop_lon": 6.12620481, "zone_id": null, "stop_url": null, "location_type": 1, "parent_station": null, "active": true }, "geometry": { "type": "Point", "coordinates": [ 6.12620481, 46.21803754 ] } },
{ "type": "Feature", "properties": { "stop_id": "Parent8592915", "stop_code": "UNIM00", "stop_name": "Genève, Uni-Mail", "stop_desc": null, "stop_lat": 46.19511589, "stop_lon": 6.14093718, "zone_id": null, "stop_url": null, "location_type": 1, "parent_station": null, "active": true }, "geometry": { "type": "Point", "coordinates": [ 6.14093718, 46.19511589 ] } },
{ "type": "Feature", "properties": { "stop_id": "Parent8592916", "stop_code": "VLAI00", "stop_name": "Genève, Valais", "stop_desc": null, "stop_lat": 46.21669496, "stop_lon": 6.14126956, "zone_id": null, "stop_url": null, "location_type": 1, "parent_station": null, "active": true }, "geometry": { "type": "Point", "coordinates": [ 6.14126956, 46.21669496 ] } },
{ "type": "Feature", "properties": { "stop_id": "Parent8592917", "stop_code": null, "stop_name": "Genève, Varembé", "stop_desc": null, "stop_lat": 46.22077854, "stop_lon": 6.14025446, "zone_id": null, "stop_url": null, "location_type": 1, "parent_station": null, "active": true }, "geometry": { "type": "Point", "coordinates": [ 6.14025446, 46.22077854 ] } },
{ "type": "Feature", "properties": { "stop_id": "Parent8592918", "stop_code": "VLRS00", "stop_name": "Genève, Velours", "stop_desc": null, "stop_lat": 46.18946949, "stop_lon": 6.16736562, "zone_id": null, "stop_url": null, "location_type": 1, "parent_station": null, "active": true }, "geometry": { "type": "Point", "coordinates": [ 6.16736562, 46.18946949 ] } },
{ "type": "Feature", "properties": { "stop_id": "Parent8592919", "stop_code": null, "stop_name": "Genève, Vermont", "stop_desc": null, "stop_lat": 46.2191439, "stop_lon": 6.13805359, "zone_id": null, "stop_url": null, "location_type": 1, "parent_station": null, "active": true }, "geometry": { "type": "Point", "coordinates": [ 6.13805359, 46.2191439 ] } },
{ "type": "Feature", "properties": { "stop_id": "Parent8592920", "stop_code": null, "stop_name": "Genève, Vernets", "stop_desc": null, "stop_lat": 46.19320688, "stop_lon": 6.13394829, "zone_id": null, "stop_url": null, "location_type": 1, "parent_station": null, "active": true }, "geometry": { "type": "Point", "coordinates": [ 6.13394829, 46.19320688 ] } },
{ "type": "Feature", "properties": { "stop_id": "Parent8592921", "stop_code": null, "stop_name": "Genève, Vidollet", "stop_desc": null, "stop_lat": 46.21733517, "stop_lon": 6.13613119, "zone_id": null, "stop_url": null, "location_type": 1, "parent_station": null, "active": true }, "geometry": { "type": "Point", "coordinates": [ 6.13613119, 46.21733517 ] } },
{ "type": "Feature", "properties": { "stop_id": "Parent8592922", "stop_code": "VIUS00", "stop_name": "Genève, Vieusseux", "stop_desc": null, "stop_lat": 46.21503533, "stop_lon": 6.12520768, "zone_id": null, "stop_url": null, "location_type": 1, "parent_station": null, "active": true }, "geometry": { "type": "Point", "coordinates": [ 6.12520768, 46.21503533 ] } },
{ "type": "Feature", "properties": { "stop_id": "Parent8592923", "stop_code": "VSUI00", "stop_name": "Genève, Village-Suisse", "stop_desc": null, "stop_lat": 46.20133372, "stop_lon": 6.13588865, "zone_id": null, "stop_url": null, "location_type": 1, "parent_station": null, "active": true }, "geometry": { "type": "Point", "coordinates": [ 6.13588865, 46.20133372 ] } },
{ "type": "Feature", "properties": { "stop_id": "Parent8592924", "stop_code": "VILL00", "stop_name": "Genève, Villereuse", "stop_desc": null, "stop_lat": 46.2006187, "stop_lon": 6.15854416, "zone_id": null, "stop_url": null, "location_type": 1, "parent_station": null, "active": true }, "geometry": { "type": "Point", "coordinates": [ 6.15854416, 46.2006187 ] } },
{ "type": "Feature", "properties": { "stop_id": "Parent8592925", "stop_code": "VOLL00", "stop_name": "Genève, Vollandes", "stop_desc": null, "stop_lat": 46.20523194, "stop_lon": 6.16028689, "zone_id": null, "stop_url": null, "location_type": 1, "parent_station": null, "active": true }, "geometry": { "type": "Point", "coordinates": [ 6.16028689, 46.20523194 ] } },
{ "type": "Feature", "properties": { "stop_id": "Parent8592927", "stop_code": "WEBR01", "stop_name": "Genève, Weber", "stop_desc": null, "stop_lat": 46.19675125, "stop_lon": 6.16351184, "zone_id": null, "stop_url": null, "location_type": 1, "parent_station": null, "active": true }, "geometry": { "type": "Point", "coordinates": [ 6.16351184, 46.19675125 ] } },
{ "type": "Feature", "properties": { "stop_id": "Parent8592928", "stop_code": null, "stop_name": "Genève, Wendt", "stop_desc": null, "stop_lat": 46.21144241, "stop_lon": 6.12735465, "zone_id": null, "stop_url": null, "location_type": 1, "parent_station": null, "active": true }, "geometry": { "type": "Point", "coordinates": [ 6.12735465, 46.21144241 ] } },
{ "type": "Feature", "properties": { "stop_id": "Parent8592940", "stop_code": null, "stop_name": "Grand-Saconnex, Crêts-Morillon", "stop_desc": null, "stop_lat": 46.22867759, "stop_lon": 6.12783974, "zone_id": null, "stop_url": null, "location_type": 1, "parent_station": null, "active": true }, "geometry": { "type": "Point", "coordinates": [ 6.12783974, 46.22867759 ] } },
{ "type": "Feature", "properties": { "stop_id": "Parent8592975", "stop_code": null, "stop_name": "Petit-Lancy, Bossons", "stop_desc": null, "stop_lat": 46.19054534, "stop_lon": 6.11227194, "zone_id": null, "stop_url": null, "location_type": 1, "parent_station": null, "active": true }, "geometry": { "type": "Point", "coordinates": [ 6.11227194, 46.19054534 ] } },
{ "type": "Feature", "properties": { "stop_id": "Parent8592976", "stop_code": "CPTA00", "stop_name": "Petit-Lancy, De-Ternier", "stop_desc": null, "stop_lat": 46.19363594, "stop_lon": 6.1076007, "zone_id": null, "stop_url": null, "location_type": 1, "parent_station": null, "active": true }, "geometry": { "type": "Point", "coordinates": [ 6.1076007, 46.19363594 ] } },
{ "type": "Feature", "properties": { "stop_id": "Parent8592978", "stop_code": "CBAC00", "stop_name": "Petit-Lancy, Chemin du Bac", "stop_desc": null, "stop_lat": 46.1945376, "stop_lon": 6.11216414, "zone_id": null, "stop_url": null, "location_type": 1, "parent_station": null, "active": true }, "geometry": { "type": "Point", "coordinates": [ 6.11216414, 46.1945376 ] } },
{ "type": "Feature", "properties": { "stop_id": "Parent8592979", "stop_code": "CIMT00", "stop_name": "Petit-Lancy, Cimetière St-G.", "stop_desc": null, "stop_lat": 46.19705593, "stop_lon": 6.11538011, "zone_id": null, "stop_url": null, "location_type": 1, "parent_station": null, "active": true }, "geometry": { "type": "Point", "coordinates": [ 6.11538011, 46.19705593 ] } },
{ "type": "Feature", "properties": { "stop_id": "Parent8592980", "stop_code": null, "stop_name": "Petit-Lancy, Claire-Vue", "stop_desc": null, "stop_lat": 46.1954952, "stop_lon": 6.12227917, "zone_id": null, "stop_url": null, "location_type": 1, "parent_station": null, "active": true }, "geometry": { "type": "Point", "coordinates": [ 6.12227917, 46.1954952 ] } },
{ "type": "Feature", "properties": { "stop_id": "Parent8592983", "stop_code": null, "stop_name": "Grand-Lancy, Place du 1er-Août", "stop_desc": null, "stop_lat": 46.18195043, "stop_lon": 6.12065322, "zone_id": null, "stop_url": null, "location_type": 1, "parent_station": null, "active": true }, "geometry": { "type": "Point", "coordinates": [ 6.12065322, 46.18195043 ] } },
{ "type": "Feature", "properties": { "stop_id": "Parent8592986", "stop_code": null, "stop_name": "Petit-Lancy, Lancy Hubert", "stop_desc": null, "stop_lat": 46.19256016, "stop_lon": 6.10991835, "zone_id": null, "stop_url": null, "location_type": 1, "parent_station": null, "active": true }, "geometry": { "type": "Point", "coordinates": [ 6.10991835, 46.19256016 ] } },
{ "type": "Feature", "properties": { "stop_id": "Parent8592991", "stop_code": "PICY00", "stop_name": "Grand-Lancy, Lancy Piscine", "stop_desc": null, "stop_lat": 46.17931944, "stop_lon": 6.1215156, "zone_id": null, "stop_url": null, "location_type": 1, "parent_station": null, "active": true }, "geometry": { "type": "Point", "coordinates": [ 6.1215156, 46.17931944 ] } },
{ "type": "Feature", "properties": { "stop_id": "Parent8592993", "stop_code": "PRMO00", "stop_name": "Petit-Lancy, Pré-Monnard", "stop_desc": null, "stop_lat": 46.18641597, "stop_lon": 6.11641317, "zone_id": null, "stop_url": null, "location_type": 1, "parent_station": null, "active": true }, "geometry": { "type": "Point", "coordinates": [ 6.11641317, 46.18641597 ] } },
{ "type": "Feature", "properties": { "stop_id": "Parent8592995", "stop_code": "QUID01", "stop_name": "Petit-Lancy, Quidort", "stop_desc": null, "stop_lat": 46.19382871, "stop_lon": 6.12390512, "zone_id": null, "stop_url": null, "location_type": 1, "parent_station": null, "active": true }, "geometry": { "type": "Point", "coordinates": [ 6.12390512, 46.19382871 ] } },
{ "type": "Feature", "properties": { "stop_id": "Parent8592997", "stop_code": "MARB00", "stop_name": "Petit-Lancy, Les Marbriers", "stop_desc": null, "stop_lat": 46.19647765, "stop_lon": 6.11791336, "zone_id": null, "stop_url": null, "location_type": 1, "parent_station": null, "active": true }, "geometry": { "type": "Point", "coordinates": [ 6.11791336, 46.19647765 ] } },
{ "type": "Feature", "properties": { "stop_id": "Parent8593078", "stop_code": "PENT01", "stop_name": "Pregny, Penthes", "stop_desc": null, "stop_lat": 46.23230046, "stop_lon": 6.13879919, "zone_id": null, "stop_url": null, "location_type": 1, "parent_station": null, "active": true }, "geometry": { "type": "Point", "coordinates": [ 6.13879919, 46.23230046 ] } },
{ "type": "Feature", "properties": { "stop_id": "Parent8593136", "stop_code": "PLTA00", "stop_name": "Vandoeuvres, Planta", "stop_desc": null, "stop_lat": 46.21418996, "stop_lon": 6.1905691, "zone_id": null, "stop_url": null, "location_type": 1, "parent_station": null, "active": true }, "geometry": { "type": "Point", "coordinates": [ 6.1905691, 46.21418996 ] } },
{ "type": "Feature", "properties": { "stop_id": "Parent8593138", "stop_code": "AAIN00", "stop_name": "Vernier, Avenue de l'Ain", "stop_desc": null, "stop_lat": 46.2060215, "stop_lon": 6.1099453, "zone_id": null, "stop_url": null, "location_type": 1, "parent_station": null, "active": true }, "geometry": { "type": "Point", "coordinates": [ 6.1099453, 46.2060215 ] } },
{ "type": "Feature", "properties": { "stop_id": "Parent8593152", "stop_code": "CHLA00", "stop_name": "Vernier, Châtelaine", "stop_desc": null, "stop_lat": 46.21122483, "stop_lon": 6.11279296, "zone_id": null, "stop_url": null, "location_type": 1, "parent_station": null, "active": true }, "geometry": { "type": "Point", "coordinates": [ 6.11279296, 46.21122483 ] } },
{ "type": "Feature", "properties": { "stop_id": "Parent8593162", "stop_code": "LIBE00", "stop_name": "Vernier, Libellules", "stop_desc": null, "stop_lat": 46.20866985, "stop_lon": 6.10757375, "zone_id": null, "stop_url": null, "location_type": 1, "parent_station": null, "active": true }, "geometry": { "type": "Point", "coordinates": [ 6.10757375, 46.20866985 ] } },
{ "type": "Feature", "properties": { "stop_id": "Parent8593165", "stop_code": "PAIL01", "stop_name": "Vernier, Balexert-Pailly", "stop_desc": null, "stop_lat": 46.21972815, "stop_lon": 6.11420332, "zone_id": null, "stop_url": null, "location_type": 1, "parent_station": null, "active": true }, "geometry": { "type": "Point", "coordinates": [ 6.11420332, 46.21972815 ] } },
{ "type": "Feature", "properties": { "stop_id": "Parent8593167", "stop_code": null, "stop_name": "Vernier, Pont-Butin", "stop_desc": null, "stop_lat": 46.20410664, "stop_lon": 6.10892122, "zone_id": null, "stop_url": null, "location_type": 1, "parent_station": null, "active": true }, "geometry": { "type": "Point", "coordinates": [ 6.10892122, 46.20410664 ] } },
{ "type": "Feature", "properties": { "stop_id": "Parent8593174", "stop_code": "AGAZ01", "stop_name": "Vernier, Usine à gaz", "stop_desc": null, "stop_lat": 46.2057666, "stop_lon": 6.10825647, "zone_id": null, "stop_url": null, "location_type": 1, "parent_station": null, "active": true }, "geometry": { "type": "Point", "coordinates": [ 6.10825647, 46.2057666 ] } },
{ "type": "Feature", "properties": { "stop_id": "Parent8593194", "stop_code": "CVER00", "stop_name": "Vessy, Chemin Vert", "stop_desc": null, "stop_lat": 46.17331685, "stop_lon": 6.14117074, "zone_id": null, "stop_url": null, "location_type": 1, "parent_station": null, "active": true }, "geometry": { "type": "Point", "coordinates": [ 6.14117074, 46.17331685 ] } },
{ "type": "Feature", "properties": { "stop_id": "Parent8593208", "stop_code": "PINC01", "stop_name": "Vessy, Pinchat-la-Tour", "stop_desc": null, "stop_lat": 46.17581749, "stop_lon": 6.15271409, "zone_id": null, "stop_url": null, "location_type": 1, "parent_station": null, "active": true }, "geometry": { "type": "Point", "coordinates": [ 6.15271409, 46.17581749 ] } },
{ "type": "Feature", "properties": { "stop_id": "Parent8593216", "stop_code": null, "stop_name": "Vessy, Plateau", "stop_desc": null, "stop_lat": 46.17645196, "stop_lon": 6.15944248, "zone_id": null, "stop_url": null, "location_type": 1, "parent_station": null, "active": true }, "geometry": { "type": "Point", "coordinates": [ 6.15944248, 46.17645196 ] } },
{ "type": "Feature", "properties": { "stop_id": "Parent8595015", "stop_code": "BALE00", "stop_name": "Carouge GE, Battelle", "stop_desc": null, "stop_lat": 46.17892758, "stop_lon": 6.13930225, "zone_id": null, "stop_url": null, "location_type": 1, "parent_station": null, "active": true }, "geometry": { "type": "Point", "coordinates": [ 6.13930225, 46.17892758 ] } },
{ "type": "Feature", "properties": { "stop_id": "Parent8595018", "stop_code": "CORD01", "stop_name": "Genève, Concorde", "stop_desc": null, "stop_lat": 46.20537493, "stop_lon": 6.11423027, "zone_id": null, "stop_url": null, "location_type": 1, "parent_station": null, "active": true }, "geometry": { "type": "Point", "coordinates": [ 6.11423027, 46.20537493 ] } },
{ "type": "Feature", "properties": { "stop_id": "Parent8595020", "stop_code": null, "stop_name": "Genève, Les Ouches", "stop_desc": null, "stop_lat": 46.21005615, "stop_lon": 6.11788641, "zone_id": null, "stop_url": null, "location_type": 1, "parent_station": null, "active": true }, "geometry": { "type": "Point", "coordinates": [ 6.11788641, 46.21005615 ] } },
{ "type": "Feature", "properties": { "stop_id": "Parent8595021", "stop_code": "CRXR00", "stop_name": "Genève, Palais Eynard", "stop_desc": null, "stop_lat": 46.19988503, "stop_lon": 6.14712657, "zone_id": null, "stop_url": null, "location_type": 1, "parent_station": null, "active": true }, "geometry": { "type": "Point", "coordinates": [ 6.14712657, 46.19988503 ] } },
{ "type": "Feature", "properties": { "stop_id": "Parent8595022", "stop_code": "THRE01", "stop_name": "Genève, Théâtre", "stop_desc": null, "stop_lat": 46.20217307, "stop_lon": 6.14185346, "zone_id": null, "stop_url": null, "location_type": 1, "parent_station": null, "active": true }, "geometry": { "type": "Point", "coordinates": [ 6.14185346, 46.20217307 ] } },
{ "type": "Feature", "properties": { "stop_id": "Parent8595999", "stop_code": "CLCO00", "stop_name": "Genève, Clinique La Colline", "stop_desc": null, "stop_lat": 46.1913662, "stop_lon": 6.15024373, "zone_id": null, "stop_url": null, "location_type": 1, "parent_station": null, "active": true }, "geometry": { "type": "Point", "coordinates": [ 6.15024373, 46.1913662 ] } },
{ "type": "Feature", "properties": { "stop_id": "Parent8596094", "stop_code": null, "stop_name": "Genève, Dancet", "stop_desc": null, "stop_lat": 46.19292705, "stop_lon": 6.14234754, "zone_id": null, "stop_url": null, "location_type": 1, "parent_station": null, "active": true }, "geometry": { "type": "Point", "coordinates": [ 6.14234754, 46.19292705 ] } },
{ "type": "Feature", "properties": { "stop_id": "unmatched_ANGL01", "stop_code": "ANGL01", "stop_name": "Anglettere", "stop_desc": null, "stop_lat": 46.209534, "stop_lon": 6.150679, "zone_id": null, "stop_url": null, "location_type": 1, "parent_station": null, "active": false }, "geometry": { "type": "Point", "coordinates": [ 6.150679, 46.209534 ] } },
{ "type": "Feature", "properties": { "stop_id": "unmatched_ANKE00", "stop_code": "ANKE00", "stop_name": "Angleterre-Kempinski", "stop_desc": null, "stop_lat": 46.210247, "stop_lon": 6.149634, "zone_id": null, "stop_url": null, "location_type": 1, "parent_station": null, "active": false }, "geometry": { "type": "Point", "coordinates": [ 6.149634, 46.210247 ] } },
{ "type": "Feature", "properties": { "stop_id": "unmatched_ARME97", "stop_code": "ARME97", "stop_name": "Armes", "stop_desc": null, "stop_lat": 46.187531, "stop_lon": 6.141716, "zone_id": null, "stop_url": null, "location_type": 1, "parent_station": null, "active": false }, "geometry": { "type": "Point", "coordinates": [ 6.141716, 46.187531 ] } },
{ "type": "Feature", "properties": { "stop_id": "unmatched_AUBE99", "stop_code": "AUBE99", "stop_name": "Aubépine", "stop_desc": null, "stop_lat": 46.187218, "stop_lon": 6.146526, "zone_id": null, "stop_url": null, "location_type": 1, "parent_station": null, "active": false }, "geometry": { "type": "Point", "coordinates": [ 6.146526, 46.187218 ] } },
{ "type": "Feature", "properties": { "stop_id": "unmatched_AUGSST", "stop_code": "AUGSST", "stop_name": "Augustins Stationnement", "stop_desc": null, "stop_lat": 46.190979, "stop_lon": 6.143527, "zone_id": null, "stop_url": null, "location_type": 1, "parent_station": null, "active": false }, "geometry": { "type": "Point", "coordinates": [ 6.143527, 46.190979 ] } },
{ "type": "Feature", "properties": { "stop_id": "unmatched_BAIR18", "stop_code": "BAIR18", "stop_name": "Bel-Air", "stop_desc": null, "stop_lat": 46.20396, "stop_lon": 6.143731, "zone_id": null, "stop_url": null, "location_type": 1, "parent_station": null, "active": true }, "geometry": { "type": "Point", "coordinates": [ 6.143731, 46.20396 ] } },
{ "type": "Feature", "properties": { "stop_id": "unmatched_BAIR99", "stop_code": "BAIR99", "stop_name": "Bel-Air", "stop_desc": null, "stop_lat": 46.204281, "stop_lon": 6.143211, "zone_id": null, "stop_url": null, "location_type": 1, "parent_station": null, "active": false }, "geometry": { "type": "Point", "coordinates": [ 6.143211, 46.204281 ] } },
{ "type": "Feature", "properties": { "stop_id": "unmatched_BANS00", "stop_code": "BANS00", "stop_name": "Bains", "stop_desc": null, "stop_lat": 46.199898, "stop_lon": 6.137472, "zone_id": null, "stop_url": null, "location_type": 1, "parent_station": null, "active": true }, "geometry": { "type": "Point", "coordinates": [ 6.137472, 46.199898 ] } },
{ "type": "Feature", "properties": { "stop_id": "unmatched_BANS99", "stop_code": "BANS99", "stop_name": "Bains", "stop_desc": null, "stop_lat": 46.199707, "stop_lon": 6.137555, "zone_id": null, "stop_url": null, "location_type": 1, "parent_station": null, "active": false }, "geometry": { "type": "Point", "coordinates": [ 6.137555, 46.199707 ] } },
{ "type": "Feature", "properties": { "stop_id": "unmatched_BATI00", "stop_code": "BATI00", "stop_name": "St-Julien-Hôpital", "stop_desc": null, "stop_lat": 46.198944, "stop_lon": 6.127803, "zone_id": null, "stop_url": null, "location_type": 1, "parent_station": null, "active": false }, "geometry": { "type": "Point", "coordinates": [ 6.127803, 46.198944 ] } },
{ "type": "Feature", "properties": { "stop_id": "unmatched_BATI01", "stop_code": "BATI01", "stop_name": "St-Julien-Hôpital", "stop_desc": null, "stop_lat": 46.198498, "stop_lon": 6.128215, "zone_id": null, "stop_url": null, "location_type": 1, "parent_station": null, "active": false }, "geometry": { "type": "Point", "coordinates": [ 6.128215, 46.198498 ] } },
{ "type": "Feature", "properties": { "stop_id": "unmatched_BHETST", "stop_code": "BHETST", "stop_name": "Lancy-Bachet-Gare Stationnement", "stop_desc": null, "stop_lat": 46.176044, "stop_lon": 6.128677, "zone_id": null, "stop_url": null, "location_type": 1, "parent_station": null, "active": false }, "geometry": { "type": "Point", "coordinates": [ 6.128677, 46.176044 ] } },
{ "type": "Feature", "properties": { "stop_id": "unmatched_BIOE00", "stop_code": "BIOE00", "stop_name": "Parking BIT/COE", "stop_desc": null, "stop_lat": 46.229542, "stop_lon": 6.129646, "zone_id": null, "stop_url": null, "location_type": 1, "parent_station": null, "active": false }, "geometry": { "type": "Point", "coordinates": [ 6.129646, 46.229542 ] } },
{ "type": "Feature", "properties": { "stop_id": "unmatched_BIOE01", "stop_code": "BIOE01", "stop_name": "Parking BIT/COE", "stop_desc": null, "stop_lat": 46.229794, "stop_lon": 6.129704, "zone_id": null, "stop_url": null, "location_type": 1, "parent_station": null, "active": false }, "geometry": { "type": "Point", "coordinates": [ 6.129704, 46.229794 ] } },
{ "type": "Feature", "properties": { "stop_id": "unmatched_BIT00", "stop_code": "BIT00", "stop_name": "BIT", "stop_desc": null, "stop_lat": 46.230419, "stop_lon": 6.134772, "zone_id": null, "stop_url": null, "location_type": 1, "parent_station": null, "active": false }, "geometry": { "type": "Point", "coordinates": [ 6.134772, 46.230419 ] } },
{ "type": "Feature", "properties": { "stop_id": "unmatched_BMON02", "stop_code": "BMON02", "stop_name": "Bout-du-Monde", "stop_desc": null, "stop_lat": 46.181282, "stop_lon": 6.158316, "zone_id": null, "stop_url": null, "location_type": 1, "parent_station": null, "active": true }, "geometry": { "type": "Point", "coordinates": [ 6.158316, 46.181282 ] } },
{ "type": "Feature", "properties": { "stop_id": "unmatched_BOHT97", "stop_code": "BOHT97", "stop_name": "Bouchet", "stop_desc": null, "stop_lat": 46.217091, "stop_lon": 6.11681, "zone_id": null, "stop_url": null, "location_type": 1, "parent_station": null, "active": false }, "geometry": { "type": "Point", "coordinates": [ 6.11681, 46.217091 ] } },
{ "type": "Feature", "properties": { "stop_id": "unmatched_BUTN02", "stop_code": "BUTN02", "stop_name": "Pont-Butin", "stop_desc": null, "stop_lat": 46.204231, "stop_lon": 6.109199, "zone_id": null, "stop_url": null, "location_type": 1, "parent_station": null, "active": true }, "geometry": { "type": "Point", "coordinates": [ 6.109199, 46.204231 ] } },
{ "type": "Feature", "properties": { "stop_id": "unmatched_CBRI01", "stop_code": "CBRI01", "stop_name": "De-Chateaubriand", "stop_desc": null, "stop_lat": 46.216858, "stop_lon": 6.150908, "zone_id": null, "stop_url": null, "location_type": 1, "parent_station": null, "active": true }, "geometry": { "type": "Point", "coordinates": [ 6.150908, 46.216858 ] } },
{ "type": "Feature", "properties": { "stop_id": "unmatched_CECO00", "stop_code": "CECO00", "stop_name": "Châtelaine-Ecole", "stop_desc": null, "stop_lat": 46.211426, "stop_lon": 6.11098, "zone_id": null, "stop_url": null, "location_type": 1, "parent_station": null, "active": false }, "geometry": { "type": "Point", "coordinates": [ 6.11098, 46.211426 ] } },
{ "type": "Feature", "properties": { "stop_id": "unmatched_CECO01", "stop_code": "CECO01", "stop_name": "Châtelaine-Ecole", "stop_desc": null, "stop_lat": 46.211391, "stop_lon": 6.110591, "zone_id": null, "stop_url": null, "location_type": 1, "parent_station": null, "active": false }, "geometry": { "type": "Point", "coordinates": [ 6.110591, 46.211391 ] } },
{ "type": "Feature", "properties": { "stop_id": "unmatched_CEND00", "stop_code": "CEND00", "stop_name": "Cendrier", "stop_desc": null, "stop_lat": 46.207363, "stop_lon": 6.144948, "zone_id": null, "stop_url": null, "location_type": 1, "parent_station": null, "active": false }, "geometry": { "type": "Point", "coordinates": [ 6.144948, 46.207363 ] } },
{ "type": "Feature", "properties": { "stop_id": "unmatched_CGEN01", "stop_code": "CGEN01", "stop_name": "Clinique-Générale", "stop_desc": null, "stop_lat": 46.189877, "stop_lon": 6.161055, "zone_id": null, "stop_url": null, "location_type": 1, "parent_station": null, "active": false }, "geometry": { "type": "Point", "coordinates": [ 6.161055, 46.189877 ] } },
{ "type": "Feature", "properties": { "stop_id": "unmatched_CHNE00", "stop_code": "CHNE00", "stop_name": "Chêne-Bougeries, Village", "stop_desc": null, "stop_lat": 46.196774, "stop_lon": 6.189797, "zone_id": null, "stop_url": null, "location_type": 1, "parent_station": null, "active": false }, "geometry": { "type": "Point", "coordinates": [ 6.189797, 46.196774 ] } },
{ "type": "Feature", "properties": { "stop_id": "unmatched_CHNE01", "stop_code": "CHNE01", "stop_name": "Chêne-Bougeries, Village", "stop_desc": null, "stop_lat": 46.19709, "stop_lon": 6.189349, "zone_id": null, "stop_url": null, "location_type": 1, "parent_station": null, "active": false }, "geometry": { "type": "Point", "coordinates": [ 6.189349, 46.19709 ] } },
{ "type": "Feature", "properties": { "stop_id": "unmatched_CLAP96", "stop_code": "CLAP96", "stop_name": "Place Claparède", "stop_desc": null, "stop_lat": 46.196495, "stop_lon": 6.151364, "zone_id": null, "stop_url": null, "location_type": 1, "parent_station": null, "active": false }, "geometry": { "type": "Point", "coordinates": [ 6.151364, 46.196495 ] } },
{ "type": "Feature", "properties": { "stop_id": "unmatched_CLVP01", "stop_code": "CLVP01", "stop_name": "Chêne-Bougeries, Vert-Pré", "stop_desc": null, "stop_lat": 46.187054, "stop_lon": 6.176536, "zone_id": null, "stop_url": null, "location_type": 1, "parent_station": null, "active": true }, "geometry": { "type": "Point", "coordinates": [ 6.176536, 46.187054 ] } },
{ "type": "Feature", "properties": { "stop_id": "unmatched_CNDL98", "stop_code": "CNDL98", "stop_name": "Genève, De-Candolle", "stop_desc": null, "stop_lat": 46.197765, "stop_lon": 6.145571, "zone_id": null, "stop_url": null, "location_type": 1, "parent_station": null, "active": true }, "geometry": { "type": "Point", "coordinates": [ 6.145571, 46.197765 ] } },
{ "type": "Feature", "properties": { "stop_id": "unmatched_COE01", "stop_code": "COE01", "stop_name": "Parking COE", "stop_desc": null, "stop_lat": 46.229656, "stop_lon": 6.129747, "zone_id": null, "stop_url": null, "location_type": 1, "parent_station": null, "active": false }, "geometry": { "type": "Point", "coordinates": [ 6.129747, 46.229656 ] } },
{ "type": "Feature", "properties": { "stop_id": "unmatched_COSE00", "stop_code": "COSE00", "stop_name": "Collège de Sécheron", "stop_desc": null, "stop_lat": 46.220692, "stop_lon": 6.150014, "zone_id": null, "stop_url": null, "location_type": 1, "parent_station": null, "active": false }, "geometry": { "type": "Point", "coordinates": [ 6.150014, 46.220692 ] } },
{ "type": "Feature", "properties": { "stop_id": "unmatched_COUT01", "stop_code": "COUT01", "stop_name": "Coutance", "stop_desc": null, "stop_lat": 46.207619, "stop_lon": 6.142212, "zone_id": null, "stop_url": null, "location_type": 1, "parent_station": null, "active": true }, "geometry": { "type": "Point", "coordinates": [ 6.142212, 46.207619 ] } },
{ "type": "Feature", "properties": { "stop_id": "unmatched_COUT02", "stop_code": "COUT02", "stop_name": "Coutance", "stop_desc": null, "stop_lat": 46.207325, "stop_lon": 6.142012, "zone_id": null, "stop_url": null, "location_type": 1, "parent_station": null, "active": true }, "geometry": { "type": "Point", "coordinates": [ 6.142012, 46.207325 ] } },
{ "type": "Feature", "properties": { "stop_id": "unmatched_COUT99", "stop_code": "COUT99", "stop_name": "Coutance", "stop_desc": null, "stop_lat": 46.207291, "stop_lon": 6.141869, "zone_id": null, "stop_url": null, "location_type": 1, "parent_station": null, "active": false }, "geometry": { "type": "Point", "coordinates": [ 6.141869, 46.207291 ] } },
{ "type": "Feature", "properties": { "stop_id": "unmatched_CPLTST", "stop_code": "CPLTST", "stop_name": "Chantepoulet Stationnement", "stop_desc": null, "stop_lat": 46.208324, "stop_lon": 6.14362, "zone_id": null, "stop_url": null, "location_type": 1, "parent_station": null, "active": false }, "geometry": { "type": "Point", "coordinates": [ 6.14362, 46.208324 ] } },
{ "type": "Feature", "properties": { "stop_id": "unmatched_CPTA01", "stop_code": "CPTA01", "stop_name": "CEPTA", "stop_desc": null, "stop_lat": 46.193771, "stop_lon": 6.108249, "zone_id": null, "stop_url": null, "location_type": 1, "parent_station": null, "active": false }, "geometry": { "type": "Point", "coordinates": [ 6.108249, 46.193771 ] } },
{ "type": "Feature", "properties": { "stop_id": "unmatched_CRGE05", "stop_code": "CRGE05", "stop_name": "Carouge-Rondeau", "stop_desc": null, "stop_lat": 46.180794, "stop_lon": 6.138366, "zone_id": null, "stop_url": null, "location_type": 1, "parent_station": null, "active": false }, "geometry": { "type": "Point", "coordinates": [ 6.138366, 46.180794 ] } },
{ "type": "Feature", "properties": { "stop_id": "unmatched_CRGE06", "stop_code": "CRGE06", "stop_name": "Carouge-Rondeau", "stop_desc": null, "stop_lat": 46.179653, "stop_lon": 6.138823, "zone_id": null, "stop_url": null, "location_type": 1, "parent_station": null, "active": false }, "geometry": { "type": "Point", "coordinates": [ 6.138823, 46.179653 ] } },
{ "type": "Feature", "properties": { "stop_id": "unmatched_CRGE08", "stop_code": "CRGE08", "stop_name": "Carouge-Rondeau", "stop_desc": null, "stop_lat": 46.179005, "stop_lon": 6.138529, "zone_id": null, "stop_url": null, "location_type": 1, "parent_station": null, "active": false }, "geometry": { "type": "Point", "coordinates": [ 6.138529, 46.179005 ] } },
{ "type": "Feature", "properties": { "stop_id": "unmatched_CRGE96", "stop_code": "CRGE96", "stop_name": "Carouge-Rondeau", "stop_desc": null, "stop_lat": 46.179718, "stop_lon": 6.137951, "zone_id": null, "stop_url": null, "location_type": 1, "parent_station": null, "active": true }, "geometry": { "type": "Point", "coordinates": [ 6.137951, 46.179718 ] } },
{ "type": "Feature", "properties": { "stop_id": "unmatched_CRXR02", "stop_code": "CRXR02", "stop_name": "Croix-Rouge", "stop_desc": null, "stop_lat": 46.199665, "stop_lon": 6.1477, "zone_id": null, "stop_url": null, "location_type": 1, "parent_station": null, "active": false }, "geometry": { "type": "Point", "coordinates": [ 6.1477, 46.199665 ] } },
{ "type": "Feature", "properties": { "stop_id": "unmatched_CUIS00", "stop_code": "CUIS00", "stop_name": "Cuisine", "stop_desc": null, "stop_lat": 46.204754, "stop_lon": 6.169751, "zone_id": null, "stop_url": null, "location_type": 1, "parent_station": null, "active": false }, "geometry": { "type": "Point", "coordinates": [ 6.169751, 46.204754 ] } },
{ "type": "Feature", "properties": { "stop_id": "unmatched_CUIS01", "stop_code": "CUIS01", "stop_name": "Cuisine", "stop_desc": null, "stop_lat": 46.204914, "stop_lon": 6.17033, "zone_id": null, "stop_url": null, "location_type": 1, "parent_station": null, "active": false }, "geometry": { "type": "Point", "coordinates": [ 6.17033, 46.204914 ] } },
{ "type": "Feature", "properties": { "stop_id": "unmatched_CVIN07", "stop_code": "CVIN07", "stop_name": "Gare Cornavin", "stop_desc": null, "stop_lat": 46.209454, "stop_lon": 6.142349, "zone_id": null, "stop_url": null, "location_type": 1, "parent_station": null, "active": false }, "geometry": { "type": "Point", "coordinates": [ 6.142349, 46.209454 ] } },
{ "type": "Feature", "properties": { "stop_id": "unmatched_CVIN13", "stop_code": "CVIN13", "stop_name": "Gare Cornavin", "stop_desc": null, "stop_lat": 46.208729, "stop_lon": 6.14282, "zone_id": null, "stop_url": null, "location_type": 1, "parent_station": null, "active": false }, "geometry": { "type": "Point", "coordinates": [ 6.14282, 46.208729 ] } },
{ "type": "Feature", "properties": { "stop_id": "unmatched_CVIN16", "stop_code": "CVIN16", "stop_name": "Gare Cornavin", "stop_desc": null, "stop_lat": 46.20977, "stop_lon": 6.141668, "zone_id": null, "stop_url": null, "location_type": 1, "parent_station": null, "active": false }, "geometry": { "type": "Point", "coordinates": [ 6.141668, 46.20977 ] } },
{ "type": "Feature", "properties": { "stop_id": "unmatched_CVIN22", "stop_code": "CVIN22", "stop_name": "Gare Cornavin", "stop_desc": null, "stop_lat": 46.21262, "stop_lon": 6.142054, "zone_id": null, "stop_url": null, "location_type": 1, "parent_station": null, "active": false }, "geometry": { "type": "Point", "coordinates": [ 6.142054, 46.21262 ] } },
{ "type": "Feature", "properties": { "stop_id": "unmatched_CVIN99", "stop_code": "CVIN99", "stop_name": "Gare Cornavin", "stop_desc": null, "stop_lat": 46.210583, "stop_lon": 6.144149, "zone_id": null, "stop_url": null, "location_type": 1, "parent_station": null, "active": false }, "geometry": { "type": "Point", "coordinates": [ 6.144149, 46.210583 ] } },
{ "type": "Feature", "properties": { "stop_id": "unmatched_DC00", "stop_code": "DC00", "stop_name": "Dépôt Bachet Coursive", "stop_desc": null, "stop_lat": 46.175919, "stop_lon": 6.132449, "zone_id": null, "stop_url": null, "location_type": 1, "parent_station": null, "active": true }, "geometry": { "type": "Point", "coordinates": [ 6.132449, 46.175919 ] } },
{ "type": "Feature", "properties": { "stop_id": "unmatched_DELC97", "stop_code": "DELC97", "stop_name": "Délices", "stop_desc": null, "stop_lat": 46.205158, "stop_lon": 6.131379, "zone_id": null, "stop_url": null, "location_type": 1, "parent_station": null, "active": false }, "geometry": { "type": "Point", "coordinates": [ 6.131379, 46.205158 ] } },
{ "type": "Feature", "properties": { "stop_id": "unmatched_DELC99", "stop_code": "DELC99", "stop_name": "Délices", "stop_desc": null, "stop_lat": 46.205917, "stop_lon": 6.131876, "zone_id": null, "stop_url": null, "location_type": 1, "parent_station": null, "active": false }, "geometry": { "type": "Point", "coordinates": [ 6.131876, 46.205917 ] } },
{ "type": "Feature", "properties": { "stop_id": "unmatched_DPTS00", "stop_code": "DPTS00", "stop_name": "Deux-Ponts", "stop_desc": null, "stop_lat": 46.200417, "stop_lon": 6.130074, "zone_id": null, "stop_url": null, "location_type": 1, "parent_station": null, "active": false }, "geometry": { "type": "Point", "coordinates": [ 6.130074, 46.200417 ] } },
{ "type": "Feature", "properties": { "stop_id": "unmatched_ENHO00", "stop_code": "ENHO00", "stop_name": "Entrée-Hôpital", "stop_desc": null, "stop_lat": 46.193684, "stop_lon": 6.148684, "zone_id": null, "stop_url": null, "location_type": 1, "parent_station": null, "active": false }, "geometry": { "type": "Point", "coordinates": [ 6.148684, 46.193684 ] } },
{ "type": "Feature", "properties": { "stop_id": "unmatched_FALQ01", "stop_code": "FALQ01", "stop_name": "Falquets", "stop_desc": null, "stop_lat": 46.213291, "stop_lon": 6.186425, "zone_id": null, "stop_url": null, "location_type": 1, "parent_station": null, "active": true }, "geometry": { "type": "Point", "coordinates": [ 6.186425, 46.213291 ] } },
{ "type": "Feature", "properties": { "stop_id": "unmatched_FAVR99", "stop_code": "FAVR99", "stop_name": "Place Favre", "stop_desc": null, "stop_lat": 46.195724, "stop_lon": 6.191635, "zone_id": null, "stop_url": null, "location_type": 1, "parent_station": null, "active": false }, "geometry": { "type": "Point", "coordinates": [ 6.191635, 46.195724 ] } },
{ "type": "Feature", "properties": { "stop_id": "unmatched_FOUR00", "stop_code": "FOUR00", "stop_name": "Fourches", "stop_desc": null, "stop_lat": 46.20451, "stop_lon": 6.191175, "zone_id": null, "stop_url": null, "location_type": 1, "parent_station": null, "active": false }, "geometry": { "type": "Point", "coordinates": [ 6.191175, 46.20451 ] } },
{ "type": "Feature", "properties": { "stop_id": "unmatched_FOUR01", "stop_code": "FOUR01", "stop_name": "Fourches", "stop_desc": null, "stop_lat": 46.204117, "stop_lon": 6.190341, "zone_id": null, "stop_url": null, "location_type": 1, "parent_station": null, "active": false }, "geometry": { "type": "Point", "coordinates": [ 6.190341, 46.204117 ] } },
{ "type": "Feature", "properties": { "stop_id": "unmatched_FOUR99", "stop_code": "FOUR99", "stop_name": "Fourches", "stop_desc": null, "stop_lat": 46.204021, "stop_lon": 6.191121, "zone_id": null, "stop_url": null, "location_type": 1, "parent_station": null, "active": true }, "geometry": { "type": "Point", "coordinates": [ 6.191121, 46.204021 ] } },
{ "type": "Feature", "properties": { "stop_id": "unmatched_FTHO00", "stop_code": "FTHO00", "stop_name": "Franck-Thomas", "stop_desc": null, "stop_lat": 46.203308, "stop_lon": 6.177011, "zone_id": null, "stop_url": null, "location_type": 1, "parent_station": null, "active": false }, "geometry": { "type": "Point", "coordinates": [ 6.177011, 46.203308 ] } },
{ "type": "Feature", "properties": { "stop_id": "unmatched_GAEV01", "stop_code": "GAEV01", "stop_name": "Genève-Eaux-Vives-Gare/Vadier", "stop_desc": null, "stop_lat": 46.200844, "stop_lon": 6.166265, "zone_id": null, "stop_url": null, "location_type": 1, "parent_station": null, "active": false }, "geometry": { "type": "Point", "coordinates": [ 6.166265, 46.200844 ] } },
{ "type": "Feature", "properties": { "stop_id": "unmatched_GAUT99", "stop_code": "GAUT99", "stop_name": "Gautier", "stop_desc": null, "stop_lat": 46.214191, "stop_lon": 6.152129, "zone_id": null, "stop_url": null, "location_type": 1, "parent_station": null, "active": false }, "geometry": { "type": "Point", "coordinates": [ 6.152129, 46.214191 ] } },
{ "type": "Feature", "properties": { "stop_id": "unmatched_GAVA00", "stop_code": "GAVA00", "stop_name": "Gavard", "stop_desc": null, "stop_lat": 46.18494, "stop_lon": 6.135484, "zone_id": null, "stop_url": null, "location_type": 1, "parent_station": null, "active": true }, "geometry": { "type": "Point", "coordinates": [ 6.135484, 46.18494 ] } },
{ "type": "Feature", "properties": { "stop_id": "unmatched_GAZO01", "stop_code": "GAZO01", "stop_name": "Genève, Gazomètres", "stop_desc": null, "stop_lat": 46.201286, "stop_lon": 6.133305, "zone_id": null, "stop_url": null, "location_type": 1, "parent_station": null, "active": false }, "geometry": { "type": "Point", "coordinates": [ 6.133305, 46.201286 ] } },
{ "type": "Feature", "properties": { "stop_id": "unmatched_GCAN00", "stop_code": "GCAN00", "stop_name": "Grange-Canal", "stop_desc": null, "stop_lat": 46.199558, "stop_lon": 6.174886, "zone_id": null, "stop_url": null, "location_type": 1, "parent_station": null, "active": true }, "geometry": { "type": "Point", "coordinates": [ 6.174886, 46.199558 ] } },
{ "type": "Feature", "properties": { "stop_id": "unmatched_GCAN98", "stop_code": "GCAN98", "stop_name": "Grange-Canal", "stop_desc": null, "stop_lat": 46.200016, "stop_lon": 6.172322, "zone_id": null, "stop_url": null, "location_type": 1, "parent_station": null, "active": false }, "geometry": { "type": "Point", "coordinates": [ 6.172322, 46.200016 ] } },
{ "type": "Feature", "properties": { "stop_id": "unmatched_GDLA99", "stop_code": "GDLA99", "stop_name": "Grand-Lancy-Place du 1er-Août", "stop_desc": null, "stop_lat": 46.181892, "stop_lon": 6.120804, "zone_id": null, "stop_url": null, "location_type": 1, "parent_station": null, "active": false }, "geometry": { "type": "Point", "coordinates": [ 6.120804, 46.181892 ] } },
{ "type": "Feature", "properties": { "stop_id": "unmatched_GENT01", "stop_code": "GENT01", "stop_name": "Bois-Gentil", "stop_desc": null, "stop_lat": 46.197433, "stop_lon": 6.161162, "zone_id": null, "stop_url": null, "location_type": 1, "parent_station": null, "active": false }, "geometry": { "type": "Point", "coordinates": [ 6.161162, 46.197433 ] } },
{ "type": "Feature", "properties": { "stop_id": "unmatched_GOUL99", "stop_code": "GOUL99", "stop_name": "Goulart", "stop_desc": null, "stop_lat": 46.207882, "stop_lon": 6.141884, "zone_id": null, "stop_url": null, "location_type": 1, "parent_station": null, "active": false }, "geometry": { "type": "Point", "coordinates": [ 6.141884, 46.207882 ] } },
{ "type": "Feature", "properties": { "stop_id": "unmatched_GRAN00", "stop_code": "GRAN00", "stop_name": "Grangettes", "stop_desc": null, "stop_lat": 46.198837, "stop_lon": 6.180603, "zone_id": null, "stop_url": null, "location_type": 1, "parent_station": null, "active": true }, "geometry": { "type": "Point", "coordinates": [ 6.180603, 46.198837 ] } },
{ "type": "Feature", "properties": { "stop_id": "unmatched_GRDL05", "stop_code": "GRDL05", "stop_name": "Gradelle-EB", "stop_desc": null, "stop_lat": 46.205151, "stop_lon": 6.180836, "zone_id": null, "stop_url": null, "location_type": 1, "parent_station": null, "active": false }, "geometry": { "type": "Point", "coordinates": [ 6.180836, 46.205151 ] } },
{ "type": "Feature", "properties": { "stop_id": "unmatched_HOPI98", "stop_code": "HOPI98", "stop_name": "Hôpital", "stop_desc": null, "stop_lat": 46.195263, "stop_lon": 6.148654, "zone_id": null, "stop_url": null, "location_type": 1, "parent_station": null, "active": false }, "geometry": { "type": "Point", "coordinates": [ 6.148654, 46.195263 ] } },
{ "type": "Feature", "properties": { "stop_id": "unmatched_HOPI99", "stop_code": "HOPI99", "stop_name": "Hôpital", "stop_desc": null, "stop_lat": 46.195389, "stop_lon": 6.148694, "zone_id": null, "stop_url": null, "location_type": 1, "parent_station": null, "active": false }, "geometry": { "type": "Point", "coordinates": [ 6.148694, 46.195389 ] } },
{ "type": "Feature", "properties": { "stop_id": "unmatched_HVIL99", "stop_code": "HVIL99", "stop_name": "Hôtel-de-Ville", "stop_desc": null, "stop_lat": 46.200542, "stop_lon": 6.147563, "zone_id": null, "stop_url": null, "location_type": 1, "parent_station": null, "active": false }, "geometry": { "type": "Point", "coordinates": [ 6.147563, 46.200542 ] } },
{ "type": "Feature", "properties": { "stop_id": "unmatched_IBCE00", "stop_code": "IBCE00", "stop_name": "Ibis Centre Gare", "stop_desc": null, "stop_lat": 46.20752, "stop_lon": 6.138489, "zone_id": null, "stop_url": null, "location_type": 1, "parent_station": null, "active": false }, "geometry": { "type": "Point", "coordinates": [ 6.138489, 46.20752 ] } },
{ "type": "Feature", "properties": { "stop_id": "unmatched_IBLA01", "stop_code": "IBLA01", "stop_name": "Ibis Lancy", "stop_desc": null, "stop_lat": 46.187965, "stop_lon": 6.114892, "zone_id": null, "stop_url": null, "location_type": 1, "parent_station": null, "active": false }, "geometry": { "type": "Point", "coordinates": [ 6.114892, 46.187965 ] } },
{ "type": "Feature", "properties": { "stop_id": "unmatched_IZAC02", "stop_code": "IZAC02", "stop_name": "Mercier", "stop_desc": null, "stop_lat": 46.207275, "stop_lon": 6.139576, "zone_id": null, "stop_url": null, "location_type": 1, "parent_station": null, "active": true }, "geometry": { "type": "Point", "coordinates": [ 6.139576, 46.207275 ] } },
{ "type": "Feature", "properties": { "stop_id": "unmatched_JARB05", "stop_code": "JARB05", "stop_name": "Jardin Botanique", "stop_desc": null, "stop_lat": 46.223995, "stop_lon": 6.148527, "zone_id": null, "stop_url": null, "location_type": 1, "parent_station": null, "active": false }, "geometry": { "type": "Point", "coordinates": [ 6.148527, 46.223995 ] } },
{ "type": "Feature", "properties": { "stop_id": "unmatched_JEUN00", "stop_code": "JEUN00", "stop_name": "Route des Jeunes", "stop_desc": null, "stop_lat": 46.176899, "stop_lon": 6.129214, "zone_id": null, "stop_url": null, "location_type": 1, "parent_station": null, "active": false }, "geometry": { "type": "Point", "coordinates": [ 6.129214, 46.176899 ] } },
{ "type": "Feature", "properties": { "stop_id": "unmatched_JEUN01", "stop_code": "JEUN01", "stop_name": "Route des Jeunes", "stop_desc": null, "stop_lat": 46.177166, "stop_lon": 6.128586, "zone_id": null, "stop_url": null, "location_type": 1, "parent_station": null, "active": false }, "geometry": { "type": "Point", "coordinates": [ 6.128586, 46.177166 ] } },
{ "type": "Feature", "properties": { "stop_id": "unmatched_JOCT09", "stop_code": "JOCT09", "stop_name": "Jonction", "stop_desc": null, "stop_lat": 46.201283, "stop_lon": 6.129522, "zone_id": null, "stop_url": null, "location_type": 1, "parent_station": null, "active": true }, "geometry": { "type": "Point", "coordinates": [ 6.129522, 46.201283 ] } },
{ "type": "Feature", "properties": { "stop_id": "unmatched_JOCT98", "stop_code": "JOCT98", "stop_name": "Jonction", "stop_desc": null, "stop_lat": 46.201321, "stop_lon": 6.126865, "zone_id": null, "stop_url": null, "location_type": 1, "parent_station": null, "active": false }, "geometry": { "type": "Point", "coordinates": [ 6.126865, 46.201321 ] } },
{ "type": "Feature", "properties": { "stop_id": "unmatched_JOCT99", "stop_code": "JOCT99", "stop_name": "Jonction", "stop_desc": null, "stop_lat": 46.201488, "stop_lon": 6.127004, "zone_id": null, "stop_url": null, "location_type": 1, "parent_station": null, "active": false }, "geometry": { "type": "Point", "coordinates": [ 6.127004, 46.201488 ] } },
{ "type": "Feature", "properties": { "stop_id": "unmatched_KEMP01", "stop_code": "KEMP01", "stop_name": "Kempinski", "stop_desc": null, "stop_lat": 46.210026, "stop_lon": 6.151235, "zone_id": null, "stop_url": null, "location_type": 1, "parent_station": null, "active": false }, "geometry": { "type": "Point", "coordinates": [ 6.151235, 46.210026 ] } },
{ "type": "Feature", "properties": { "stop_id": "unmatched_KPLI00", "stop_code": "KPLI00", "stop_name": "Kipling - Novotel-Centre", "stop_desc": null, "stop_lat": 46.212425, "stop_lon": 6.145071, "zone_id": null, "stop_url": null, "location_type": 1, "parent_station": null, "active": false }, "geometry": { "type": "Point", "coordinates": [ 6.145071, 46.212425 ] } },
{ "type": "Feature", "properties": { "stop_id": "unmatched_L_CHPL", "stop_code": "L_CHPL", "stop_name": "LEX-Genève-Champel", "stop_desc": null, "stop_lat": 46.194778, "stop_lon": 6.148187, "zone_id": null, "stop_url": null, "location_type": 1, "parent_station": null, "active": false }, "geometry": { "type": "Point", "coordinates": [ 6.148187, 46.194778 ] } },
{ "type": "Feature", "properties": { "stop_id": "unmatched_L_CVIN", "stop_code": "L_CVIN", "stop_name": "LEX-Genève-Cornavin", "stop_desc": null, "stop_lat": 46.210423, "stop_lon": 6.142198, "zone_id": null, "stop_url": null, "location_type": 1, "parent_station": null, "active": false }, "geometry": { "type": "Point", "coordinates": [ 6.142198, 46.210423 ] } },
{ "type": "Feature", "properties": { "stop_id": "unmatched_LAPR02", "stop_code": "LAPR02", "stop_name": "Lancy-Pont-Rouge-Gare", "stop_desc": null, "stop_lat": 46.188068, "stop_lon": 6.124593, "zone_id": null, "stop_url": null, "location_type": 1, "parent_station": null, "active": true }, "geometry": { "type": "Point", "coordinates": [ 6.124593, 46.188068 ] } },
{ "type": "Feature", "properties": { "stop_id": "unmatched_LAPR98", "stop_code": "LAPR98", "stop_name": "Lancy-Pont-Rouge-Gare", "stop_desc": null, "stop_lat": 46.18726, "stop_lon": 6.128383, "zone_id": null, "stop_url": null, "location_type": 1, "parent_station": null, "active": false }, "geometry": { "type": "Point", "coordinates": [ 6.128383, 46.18726 ] } },
{ "type": "Feature", "properties": { "stop_id": "unmatched_LYON03", "stop_code": "LYON03", "stop_name": "Lyon", "stop_desc": null, "stop_lat": 46.20919, "stop_lon": 6.138728, "zone_id": null, "stop_url": null, "location_type": 1, "parent_station": null, "active": false }, "geometry": { "type": "Point", "coordinates": [ 6.138728, 46.20919 ] } },
{ "type": "Feature", "properties": { "stop_id": "unmatched_MALA00", "stop_code": "MALA00", "stop_name": "Malagnou", "stop_desc": null, "stop_lat": 46.192871, "stop_lon": 6.176271, "zone_id": null, "stop_url": null, "location_type": 1, "parent_station": null, "active": true }, "geometry": { "type": "Point", "coordinates": [ 6.176271, 46.192871 ] } },
{ "type": "Feature", "properties": { "stop_id": "unmatched_MAOR01", "stop_code": "MAOR01", "stop_name": "Mandarin Oriental", "stop_desc": null, "stop_lat": 46.205776, "stop_lon": 6.141748, "zone_id": null, "stop_url": null, "location_type": 1, "parent_station": null, "active": false }, "geometry": { "type": "Point", "coordinates": [ 6.141748, 46.205776 ] } },
{ "type": "Feature", "properties": { "stop_id": "unmatched_MERV02", "stop_code": "MERV02", "stop_name": "Mervelet", "stop_desc": null, "stop_lat": 46.219841, "stop_lon": 6.123111, "zone_id": null, "stop_url": null, "location_type": 1, "parent_station": null, "active": false }, "geometry": { "type": "Point", "coordinates": [ 6.123111, 46.219841 ] } },
{ "type": "Feature", "properties": { "stop_id": "unmatched_MERV03", "stop_code": "MERV03", "stop_name": "Mervelet", "stop_desc": null, "stop_lat": 46.219616, "stop_lon": 6.123837, "zone_id": null, "stop_url": null, "location_type": 1, "parent_station": null, "active": false }, "geometry": { "type": "Point", "coordinates": [ 6.123837, 46.219616 ] } },
{ "type": "Feature", "properties": { "stop_id": "unmatched_METR99", "stop_code": "METR99", "stop_name": "Métropole", "stop_desc": null, "stop_lat": 46.203026, "stop_lon": 6.15311, "zone_id": null, "stop_url": null, "location_type": 1, "parent_station": null, "active": false }, "geometry": { "type": "Point", "coordinates": [ 6.15311, 46.203026 ] } },
{ "type": "Feature", "properties": { "stop_id": "unmatched_MINE98", "stop_code": "MINE98", "stop_name": "Mines", "stop_desc": null, "stop_lat": 46.223431, "stop_lon": 6.147347, "zone_id": null, "stop_url": null, "location_type": 1, "parent_station": null, "active": false }, "geometry": { "type": "Point", "coordinates": [ 6.147347, 46.223431 ] } },
{ "type": "Feature", "properties": { "stop_id": "unmatched_MIRE01", "stop_code": "MIRE01", "stop_name": "Miremont", "stop_desc": null, "stop_lat": 46.189186, "stop_lon": 6.15598, "zone_id": null, "stop_url": null, "location_type": 1, "parent_station": null, "active": true }, "geometry": { "type": "Point", "coordinates": [ 6.15598, 46.189186 ] } },
{ "type": "Feature", "properties": { "stop_id": "unmatched_MIRE99", "stop_code": "MIRE99", "stop_name": "Miremont", "stop_desc": null, "stop_lat": 46.189674, "stop_lon": 6.155813, "zone_id": null, "stop_url": null, "location_type": 1, "parent_station": null, "active": false }, "geometry": { "type": "Point", "coordinates": [ 6.155813, 46.189674 ] } },
{ "type": "Feature", "properties": { "stop_id": "unmatched_MORL99", "stop_code": "MORL99", "stop_name": "Grand-Saconnex, Crêts-Morillon", "stop_desc": null, "stop_lat": 46.230152, "stop_lon": 6.130236, "zone_id": null, "stop_url": null, "location_type": 1, "parent_station": null, "active": false }, "geometry": { "type": "Point", "coordinates": [ 6.130236, 46.230152 ] } },
{ "type": "Feature", "properties": { "stop_id": "unmatched_MPAR99", "stop_code": "MPAR99", "stop_name": "Maison des Parlements", "stop_desc": null, "stop_lat": 46.226635, "stop_lon": 6.12177, "zone_id": null, "stop_url": null, "location_type": 1, "parent_station": null, "active": false }, "geometry": { "type": "Point", "coordinates": [ 6.12177, 46.226635 ] } },
{ "type": "Feature", "properties": { "stop_id": "unmatched_MRCH01", "stop_code": "MRCH01", "stop_name": "Marché", "stop_desc": null, "stop_lat": 46.184383, "stop_lon": 6.140394, "zone_id": null, "stop_url": null, "location_type": 1, "parent_station": null, "active": false }, "geometry": { "type": "Point", "coordinates": [ 6.140394, 46.184383 ] } },
{ "type": "Feature", "properties": { "stop_id": "unmatched_MRGI01", "stop_code": "MRGI01", "stop_name": "Morgines", "stop_desc": null, "stop_lat": 46.187641, "stop_lon": 6.111469, "zone_id": null, "stop_url": null, "location_type": 1, "parent_station": null, "active": false }, "geometry": { "type": "Point", "coordinates": [ 6.111469, 46.187641 ] } },
{ "type": "Feature", "properties": { "stop_id": "unmatched_MRNE98", "stop_code": "MRNE98", "stop_name": "Moraines", "stop_desc": null, "stop_lat": 46.182343, "stop_lon": 6.144958, "zone_id": null, "stop_url": null, "location_type": 1, "parent_station": null, "active": false }, "geometry": { "type": "Point", "coordinates": [ 6.144958, 46.182343 ] } },
{ "type": "Feature", "properties": { "stop_id": "unmatched_MTBL98", "stop_code": "MTBL98", "stop_name": "Mont-Blanc", "stop_desc": null, "stop_lat": 46.208015, "stop_lon": 6.149011, "zone_id": null, "stop_url": null, "location_type": 1, "parent_station": null, "active": false }, "geometry": { "type": "Point", "coordinates": [ 6.149011, 46.208015 ] } },
{ "type": "Feature", "properties": { "stop_id": "unmatched_NATI04", "stop_code": "NATI04", "stop_name": "Nations", "stop_desc": null, "stop_lat": 46.222366, "stop_lon": 6.138439, "zone_id": null, "stop_url": null, "location_type": 1, "parent_station": null, "active": false }, "geometry": { "type": "Point", "coordinates": [ 6.138439, 46.222366 ] } },
{ "type": "Feature", "properties": { "stop_id": "unmatched_NATI16", "stop_code": "NATI16", "stop_name": "Nations", "stop_desc": null, "stop_lat": 46.22163, "stop_lon": 6.139312, "zone_id": null, "stop_url": null, "location_type": 1, "parent_station": null, "active": false }, "geometry": { "type": "Point", "coordinates": [ 6.139312, 46.22163 ] } },
{ "type": "Feature", "properties": { "stop_id": "unmatched_NATI98", "stop_code": "NATI98", "stop_name": "Nations", "stop_desc": null, "stop_lat": 46.221909, "stop_lon": 6.139321, "zone_id": null, "stop_url": null, "location_type": 1, "parent_station": null, "active": false }, "geometry": { "type": "Point", "coordinates": [ 6.139321, 46.221909 ] } },
{ "type": "Feature", "properties": { "stop_id": "unmatched_NATI99", "stop_code": "NATI99", "stop_name": "Nations", "stop_desc": null, "stop_lat": 46.221973, "stop_lon": 6.139195, "zone_id": null, "stop_url": null, "location_type": 1, "parent_station": null, "active": false }, "geometry": { "type": "Point", "coordinates": [ 6.139195, 46.221973 ] } },
{ "type": "Feature", "properties": { "stop_id": "unmatched_NAVI00", "stop_code": "NAVI00", "stop_name": "Navigation", "stop_desc": null, "stop_lat": 46.211964, "stop_lon": 6.149625, "zone_id": null, "stop_url": null, "location_type": 1, "parent_station": null, "active": true }, "geometry": { "type": "Point", "coordinates": [ 6.149625, 46.211964 ] } },
{ "type": "Feature", "properties": { "stop_id": "unmatched_NDAM03", "stop_code": "NDAM03", "stop_name": "Gare Cornavin", "stop_desc": null, "stop_lat": 46.209328, "stop_lon": 6.142307, "zone_id": null, "stop_url": null, "location_type": 1, "parent_station": null, "active": false }, "geometry": { "type": "Point", "coordinates": [ 6.142307, 46.209328 ] } },
{ "type": "Feature", "properties": { "stop_id": "unmatched_NDAM84", "stop_code": "NDAM84", "stop_name": "Gare Cornavin Notre Dame", "stop_desc": null, "stop_lat": 46.209332, "stop_lon": 6.142284, "zone_id": null, "stop_url": null, "location_type": 1, "parent_station": null, "active": false }, "geometry": { "type": "Point", "coordinates": [ 6.142284, 46.209332 ] } },
{ "type": "Feature", "properties": { "stop_id": "unmatched_NDAM85", "stop_code": "NDAM85", "stop_name": "Gare Cornavin Notre Dame", "stop_desc": null, "stop_lat": 46.20929, "stop_lon": 6.142342, "zone_id": null, "stop_url": null, "location_type": 1, "parent_station": null, "active": false }, "geometry": { "type": "Point", "coordinates": [ 6.142342, 46.20929 ] } },
{ "type": "Feature", "properties": { "stop_id": "unmatched_NRTE00", "stop_code": "NRTE00", "stop_name": "Rue des Noirettes", "stop_desc": null, "stop_lat": 46.187786, "stop_lon": 6.131867, "zone_id": null, "stop_url": null, "location_type": 1, "parent_station": null, "active": false }, "geometry": { "type": "Point", "coordinates": [ 6.131867, 46.187786 ] } },
{ "type": "Feature", "properties": { "stop_id": "unmatched_OPHT01", "stop_code": "OPHT01", "stop_name": "Ophtalmologie", "stop_desc": null, "stop_lat": 46.190834, "stop_lon": 6.14893, "zone_id": null, "stop_url": null, "location_type": 1, "parent_station": null, "active": false }, "geometry": { "type": "Point", "coordinates": [ 6.14893, 46.190834 ] } },
{ "type": "Feature", "properties": { "stop_id": "unmatched_OPHT02", "stop_code": "OPHT02", "stop_name": "Ophtalmologie", "stop_desc": null, "stop_lat": 46.190701, "stop_lon": 6.148836, "zone_id": null, "stop_url": null, "location_type": 1, "parent_station": null, "active": false }, "geometry": { "type": "Point", "coordinates": [ 6.148836, 46.190701 ] } },
{ "type": "Feature", "properties": { "stop_id": "unmatched_OPHT99", "stop_code": "OPHT99", "stop_name": "Ophtalmologie", "stop_desc": null, "stop_lat": 46.190723, "stop_lon": 6.148927, "zone_id": null, "stop_url": null, "location_type": 1, "parent_station": null, "active": false }, "geometry": { "type": "Point", "coordinates": [ 6.148927, 46.190723 ] } },
{ "type": "Feature", "properties": { "stop_id": "unmatched_PDLIST", "stop_code": "PDLIST", "stop_name": "Palladium Stationnement", "stop_desc": null, "stop_lat": 46.203377, "stop_lon": 6.138674, "zone_id": null, "stop_url": null, "location_type": 1, "parent_station": null, "active": false }, "geometry": { "type": "Point", "coordinates": [ 6.138674, 46.203377 ] } },
{ "type": "Feature", "properties": { "stop_id": "unmatched_PENT99", "stop_code": "PENT99", "stop_name": "Penthes", "stop_desc": null, "stop_lat": 46.232529, "stop_lon": 6.138883, "zone_id": null, "stop_url": null, "location_type": 1, "parent_station": null, "active": false }, "geometry": { "type": "Point", "coordinates": [ 6.138883, 46.232529 ] } },
{ "type": "Feature", "properties": { "stop_id": "unmatched_PESC02", "stop_code": "PESC02", "stop_name": "Peschier", "stop_desc": null, "stop_lat": 46.194397, "stop_lon": 6.15473, "zone_id": null, "stop_url": null, "location_type": 1, "parent_station": null, "active": false }, "geometry": { "type": "Point", "coordinates": [ 6.15473, 46.194397 ] } },
{ "type": "Feature", "properties": { "stop_id": "unmatched_PEVD00", "stop_code": "PEVD00", "stop_name": "Petite-Vendée", "stop_desc": null, "stop_lat": 46.189762, "stop_lon": 6.120601, "zone_id": null, "stop_url": null, "location_type": 1, "parent_station": null, "active": false }, "geometry": { "type": "Point", "coordinates": [ 6.120601, 46.189762 ] } },
{ "type": "Feature", "properties": { "stop_id": "unmatched_PINCST", "stop_code": "PINCST", "stop_name": "Pinchat (Stationnement)", "stop_desc": null, "stop_lat": 46.183044, "stop_lon": 6.152709, "zone_id": null, "stop_url": null, "location_type": 1, "parent_station": null, "active": false }, "geometry": { "type": "Point", "coordinates": [ 6.152709, 46.183044 ] } },
{ "type": "Feature", "properties": { "stop_id": "unmatched_PLEV99", "stop_code": "PLEV99", "stop_name": "Place des Eaux-Vives", "stop_desc": null, "stop_lat": 46.204052, "stop_lon": 6.15611, "zone_id": null, "stop_url": null, "location_type": 1, "parent_station": null, "active": false }, "geometry": { "type": "Point", "coordinates": [ 6.15611, 46.204052 ] } },
{ "type": "Feature", "properties": { "stop_id": "unmatched_PLGE02", "stop_code": "PLGE02", "stop_name": "Genève-Plage", "stop_desc": null, "stop_lat": 46.211609, "stop_lon": 6.173025, "zone_id": null, "stop_url": null, "location_type": 1, "parent_station": null, "active": false }, "geometry": { "type": "Point", "coordinates": [ 6.173025, 46.211609 ] } },
{ "type": "Feature", "properties": { "stop_id": "unmatched_PLGE99", "stop_code": "PLGE99", "stop_name": "Genève-Plage", "stop_desc": null, "stop_lat": 46.211586, "stop_lon": 6.172429, "zone_id": null, "stop_url": null, "location_type": 1, "parent_station": null, "active": false }, "geometry": { "type": "Point", "coordinates": [ 6.172429, 46.211586 ] } },
{ "type": "Feature", "properties": { "stop_id": "unmatched_PLGR00", "stop_code": "PLGR00", "stop_name": "Place de -Grenus", "stop_desc": null, "stop_lat": 46.20702, "stop_lon": 6.142945, "zone_id": null, "stop_url": null, "location_type": 1, "parent_station": null, "active": false }, "geometry": { "type": "Point", "coordinates": [ 6.142945, 46.20702 ] } },
{ "type": "Feature", "properties": { "stop_id": "unmatched_PLPA05", "stop_code": "PLPA05", "stop_name": "Plainpalais", "stop_desc": null, "stop_lat": 46.198437, "stop_lon": 6.142754, "zone_id": null, "stop_url": null, "location_type": 1, "parent_station": null, "active": false }, "geometry": { "type": "Point", "coordinates": [ 6.142754, 46.198437 ] } },
{ "type": "Feature", "properties": { "stop_id": "unmatched_PLPA96", "stop_code": "PLPA96", "stop_name": "Plainpalais", "stop_desc": null, "stop_lat": 46.198524, "stop_lon": 6.143059, "zone_id": null, "stop_url": null, "location_type": 1, "parent_station": null, "active": true }, "geometry": { "type": "Point", "coordinates": [ 6.143059, 46.198524 ] } },
{ "type": "Feature", "properties": { "stop_id": "unmatched_PLPA99", "stop_code": "PLPA99", "stop_name": "Plainpalais", "stop_desc": null, "stop_lat": 46.198368, "stop_lon": 6.143676, "zone_id": null, "stop_url": null, "location_type": 1, "parent_station": null, "active": true }, "geometry": { "type": "Point", "coordinates": [ 6.143676, 46.198368 ] } },
{ "type": "Feature", "properties": { "stop_id": "unmatched_PLTA01", "stop_code": "PLTA01", "stop_name": "Planta", "stop_desc": null, "stop_lat": 46.214241, "stop_lon": 6.190447, "zone_id": null, "stop_url": null, "location_type": 1, "parent_station": null, "active": true }, "geometry": { "type": "Point", "coordinates": [ 6.190447, 46.214241 ] } },
{ "type": "Feature", "properties": { "stop_id": "unmatched_PNEV98", "stop_code": "PNEV98", "stop_name": "Place de Neuve", "stop_desc": null, "stop_lat": 46.199913, "stop_lon": 6.142996, "zone_id": null, "stop_url": null, "location_type": 1, "parent_station": null, "active": false }, "geometry": { "type": "Point", "coordinates": [ 6.142996, 46.199913 ] } },
{ "type": "Feature", "properties": { "stop_id": "unmatched_PNTI", "stop_code": "PNTI", "stop_name": "Parking Nations", "stop_desc": null, "stop_lat": 46.222324, "stop_lon": 6.138971, "zone_id": null, "stop_url": null, "location_type": 1, "parent_station": null, "active": false }, "geometry": { "type": "Point", "coordinates": [ 6.138971, 46.222324 ] } },
{ "type": "Feature", "properties": { "stop_id": "unmatched_PNTI00", "stop_code": "PNTI00", "stop_name": "Genève, Parking Nations", "stop_desc": null, "stop_lat": 46.221874, "stop_lon": 6.139395, "zone_id": null, "stop_url": null, "location_type": 1, "parent_station": null, "active": false }, "geometry": { "type": "Point", "coordinates": [ 6.139395, 46.221874 ] } },
{ "type": "Feature", "properties": { "stop_id": "unmatched_PNTI01", "stop_code": "PNTI01", "stop_name": "Parking Nations", "stop_desc": null, "stop_lat": 46.222786, "stop_lon": 6.139436, "zone_id": null, "stop_url": null, "location_type": 1, "parent_station": null, "active": false }, "geometry": { "type": "Point", "coordinates": [ 6.139436, 46.222786 ] } },
{ "type": "Feature", "properties": { "stop_id": "unmatched_POST99", "stop_code": "POST99", "stop_name": "Poste", "stop_desc": null, "stop_lat": 46.212341, "stop_lon": 6.141168, "zone_id": null, "stop_url": null, "location_type": 1, "parent_station": null, "active": false }, "geometry": { "type": "Point", "coordinates": [ 6.141168, 46.212341 ] } },
{ "type": "Feature", "properties": { "stop_id": "unmatched_PSAC01", "stop_code": "PSAC01", "stop_name": "Petit-Saconnex", "stop_desc": null, "stop_lat": 46.223125, "stop_lon": 6.1284, "zone_id": null, "stop_url": null, "location_type": 1, "parent_station": null, "active": true }, "geometry": { "type": "Point", "coordinates": [ 6.1284, 46.223125 ] } },
{ "type": "Feature", "properties": { "stop_id": "unmatched_QARO00", "stop_code": "QARO00", "stop_name": "Quai du Rhône", "stop_desc": null, "stop_lat": 46.203148, "stop_lon": 6.1349, "zone_id": null, "stop_url": null, "location_type": 1, "parent_station": null, "active": false }, "geometry": { "type": "Point", "coordinates": [ 6.1349, 46.203148 ] } },
{ "type": "Feature", "properties": { "stop_id": "unmatched_REVE01", "stop_code": "REVE01", "stop_name": "Reverdin", "stop_desc": null, "stop_lat": 46.189941, "stop_lon": 6.150402, "zone_id": null, "stop_url": null, "location_type": 1, "parent_station": null, "active": false }, "geometry": { "type": "Point", "coordinates": [ 6.150402, 46.189941 ] } },
{ "type": "Feature", "properties": { "stop_id": "unmatched_RIAN01", "stop_code": "RIAN01", "stop_name": "Riant-Parc", "stop_desc": null, "stop_lat": 46.22121, "stop_lon": 6.120258, "zone_id": null, "stop_url": null, "location_type": 1, "parent_station": null, "active": false }, "geometry": { "type": "Point", "coordinates": [ 6.120258, 46.22121 ] } },
{ "type": "Feature", "properties": { "stop_id": "unmatched_RIEU98", "stop_code": "RIEU98", "stop_name": "Rieu", "stop_desc": null, "stop_lat": 46.195274, "stop_lon": 6.164258, "zone_id": null, "stop_url": null, "location_type": 1, "parent_station": null, "active": false }, "geometry": { "type": "Point", "coordinates": [ 6.164258, 46.195274 ] } },
{ "type": "Feature", "properties": { "stop_id": "unmatched_RIVE99", "stop_code": "RIVE99", "stop_name": "Rive", "stop_desc": null, "stop_lat": 46.20126, "stop_lon": 6.153389, "zone_id": null, "stop_url": null, "location_type": 1, "parent_station": null, "active": false }, "geometry": { "type": "Point", "coordinates": [ 6.153389, 46.20126 ] } },
{ "type": "Feature", "properties": { "stop_id": "unmatched_ROCH99", "stop_code": "ROCH99", "stop_name": "Roches", "stop_desc": null, "stop_lat": 46.199623, "stop_lon": 6.162303, "zone_id": null, "stop_url": null, "location_type": 1, "parent_station": null, "active": false }, "geometry": { "type": "Point", "coordinates": [ 6.162303, 46.199623 ] } },
{ "type": "Feature", "properties": { "stop_id": "unmatched_ROSE99", "stop_code": "ROSE99", "stop_name": "Roseraie", "stop_desc": null, "stop_lat": 46.192265, "stop_lon": 6.149685, "zone_id": null, "stop_url": null, "location_type": 1, "parent_station": null, "active": false }, "geometry": { "type": "Point", "coordinates": [ 6.149685, 46.192265 ] } },
{ "type": "Feature", "properties": { "stop_id": "unmatched_SAVS00", "stop_code": "SAVS00", "stop_name": "Savoises", "stop_desc": null, "stop_lat": 46.201351, "stop_lon": 6.138266, "zone_id": null, "stop_url": null, "location_type": 1, "parent_station": null, "active": false }, "geometry": { "type": "Point", "coordinates": [ 6.138266, 46.201351 ] } },
{ "type": "Feature", "properties": { "stop_id": "unmatched_SCLOST", "stop_code": "SCLOST", "stop_name": "Sainte-Clotilde Stationnement", "stop_desc": null, "stop_lat": 46.200371, "stop_lon": 6.131757, "zone_id": null, "stop_url": null, "location_type": 1, "parent_station": null, "active": false }, "geometry": { "type": "Point", "coordinates": [ 6.131757, 46.200371 ] } },
{ "type": "Feature", "properties": { "stop_id": "unmatched_SGVA00", "stop_code": "SGVA00", "stop_name": "Saint-Gervais", "stop_desc": null, "stop_lat": 46.205688, "stop_lon": 6.142167, "zone_id": null, "stop_url": null, "location_type": 1, "parent_station": null, "active": false }, "geometry": { "type": "Point", "coordinates": [ 6.142167, 46.205688 ] } },
{ "type": "Feature", "properties": { "stop_id": "unmatched_SGVA01", "stop_code": "SGVA01", "stop_name": "Saint-Gervais", "stop_desc": null, "stop_lat": 46.205723, "stop_lon": 6.141803, "zone_id": null, "stop_url": null, "location_type": 1, "parent_station": null, "active": false }, "geometry": { "type": "Point", "coordinates": [ 6.141803, 46.205723 ] } },
{ "type": "Feature", "properties": { "stop_id": "unmatched_SLEV00", "stop_code": "SLEV00", "stop_name": "Salle du Levant", "stop_desc": null, "stop_lat": 46.204964, "stop_lon": 6.150882, "zone_id": null, "stop_url": null, "location_type": 1, "parent_station": null, "active": false }, "geometry": { "type": "Point", "coordinates": [ 6.150882, 46.204964 ] } },
{ "type": "Feature", "properties": { "stop_id": "unmatched_SOCI99", "stop_code": "SOCI99", "stop_name": "Contrat-Social", "stop_desc": null, "stop_lat": 46.206615, "stop_lon": 6.119523, "zone_id": null, "stop_url": null, "location_type": 1, "parent_station": null, "active": false }, "geometry": { "type": "Point", "coordinates": [ 6.119523, 46.206615 ] } },
{ "type": "Feature", "properties": { "stop_id": "unmatched_STAL02", "stop_code": "STAL02", "stop_name": "De-Staël", "stop_desc": null, "stop_lat": 46.175606, "stop_lon": 6.132004, "zone_id": null, "stop_url": null, "location_type": 1, "parent_station": null, "active": false }, "geometry": { "type": "Point", "coordinates": [ 6.132004, 46.175606 ] } },
{ "type": "Feature", "properties": { "stop_id": "unmatched_STND01", "stop_code": "STND01", "stop_name": "Stand", "stop_desc": null, "stop_lat": 46.203709, "stop_lon": 6.140944, "zone_id": null, "stop_url": null, "location_type": 1, "parent_station": null, "active": true }, "geometry": { "type": "Point", "coordinates": [ 6.140944, 46.203709 ] } },
{ "type": "Feature", "properties": { "stop_id": "unmatched_STND04", "stop_code": "STND04", "stop_name": "Stand", "stop_desc": null, "stop_lat": 46.204193, "stop_lon": 6.140181, "zone_id": null, "stop_url": null, "location_type": 1, "parent_station": null, "active": true }, "geometry": { "type": "Point", "coordinates": [ 6.140181, 46.204193 ] } },
{ "type": "Feature", "properties": { "stop_id": "unmatched_SUIT00", "stop_code": "SUIT00", "stop_name": "Suite-Novotel", "stop_desc": null, "stop_lat": 46.220608, "stop_lon": 6.113365, "zone_id": null, "stop_url": null, "location_type": 1, "parent_station": null, "active": false }, "geometry": { "type": "Point", "coordinates": [ 6.113365, 46.220608 ] } },
{ "type": "Feature", "properties": { "stop_id": "unmatched_SURA00", "stop_code": "SURA00", "stop_name": "Sur Rang", "stop_desc": null, "stop_lat": 46.175728, "stop_lon": 6.149083, "zone_id": null, "stop_url": null, "location_type": 1, "parent_station": null, "active": false }, "geometry": { "type": "Point", "coordinates": [ 6.149083, 46.175728 ] } },
{ "type": "Feature", "properties": { "stop_id": "unmatched_SURA01", "stop_code": "SURA01", "stop_name": "Sur Rang", "stop_desc": null, "stop_lat": 46.175697, "stop_lon": 6.149045, "zone_id": null, "stop_url": null, "location_type": 1, "parent_station": null, "active": false }, "geometry": { "type": "Point", "coordinates": [ 6.149045, 46.175697 ] } },
{ "type": "Feature", "properties": { "stop_id": "unmatched_TOUR01", "stop_code": "TOUR01", "stop_name": "Tourelle", "stop_desc": null, "stop_lat": 46.224323, "stop_lon": 6.126986, "zone_id": null, "stop_url": null, "location_type": 1, "parent_station": null, "active": true }, "geometry": { "type": "Point", "coordinates": [ 6.126986, 46.224323 ] } },
{ "type": "Feature", "properties": { "stop_id": "unmatched_VEBO00", "stop_code": "VEBO00", "stop_name": "Vessy, Bochère", "stop_desc": null, "stop_lat": 46.178555, "stop_lon": 6.164195, "zone_id": null, "stop_url": null, "location_type": 1, "parent_station": null, "active": true }, "geometry": { "type": "Point", "coordinates": [ 6.164195, 46.178555 ] } },
{ "type": "Feature", "properties": { "stop_id": "unmatched_VESY00", "stop_code": "VESY00", "stop_name": "Vessy-Plateau", "stop_desc": null, "stop_lat": 46.176567, "stop_lon": 6.15857, "zone_id": null, "stop_url": null, "location_type": 1, "parent_station": null, "active": true }, "geometry": { "type": "Point", "coordinates": [ 6.15857, 46.176567 ] } },
{ "type": "Feature", "properties": { "stop_id": "unmatched_VESY01", "stop_code": "VESY01", "stop_name": "Vessy-Plateau", "stop_desc": null, "stop_lat": 46.176743, "stop_lon": 6.156674, "zone_id": null, "stop_url": null, "location_type": 1, "parent_station": null, "active": true }, "geometry": { "type": "Point", "coordinates": [ 6.156674, 46.176743 ] } },
{ "type": "Feature", "properties": { "stop_id": "unmatched_VIDO99", "stop_code": "VIDO99", "stop_name": "Vidollet", "stop_desc": null, "stop_lat": 46.216831, "stop_lon": 6.137433, "zone_id": null, "stop_url": null, "location_type": 1, "parent_station": null, "active": false }, "geometry": { "type": "Point", "coordinates": [ 6.137433, 46.216831 ] } },
{ "type": "Feature", "properties": { "stop_id": "unmatched_WEBR99", "stop_code": "WEBR99", "stop_name": "Weber", "stop_desc": null, "stop_lat": 46.196442, "stop_lon": 6.165023, "zone_id": null, "stop_url": null, "location_type": 1, "parent_station": null, "active": false }, "geometry": { "type": "Point", "coordinates": [ 6.165023, 46.196442 ] } },
{ "type": "Feature", "properties": { "stop_id": "unmatched_WILS97", "stop_code": "WILS97", "stop_name": "Président Wilson", "stop_desc": null, "stop_lat": 46.213783, "stop_lon": 6.151168, "zone_id": null, "stop_url": null, "location_type": 1, "parent_station": null, "active": false }, "geometry": { "type": "Point", "coordinates": [ 6.151168, 46.213783 ] } },
{ "type": "Feature", "properties": { "stop_id": "unmatched_XCBRI4", "stop_code": "XCBRI4", "stop_name": "De-Chateaubriand", "stop_desc": null, "stop_lat": 46.219738, "stop_lon": 6.15324, "zone_id": null, "stop_url": null, "location_type": 1, "parent_station": null, "active": false }, "geometry": { "type": "Point", "coordinates": [ 6.15324, 46.219738 ] } },
{ "type": "Feature", "properties": { "stop_id": "unmatched_XMLRD1", "stop_code": "XMLRD1", "stop_name": "Molard", "stop_desc": null, "stop_lat": 46.20467, "stop_lon": 6.150186, "zone_id": null, "stop_url": null, "location_type": 1, "parent_station": null, "active": false }, "geometry": { "type": "Point", "coordinates": [ 6.150186, 46.20467 ] } },
{ "type": "Feature", "properties": { "stop_id": "unmatched_XPAQU3", "stop_code": "XPAQU3", "stop_name": "Pâquis", "stop_desc": null, "stop_lat": 46.209511, "stop_lon": 6.1515, "zone_id": null, "stop_url": null, "location_type": 1, "parent_station": null, "active": false }, "geometry": { "type": "Point", "coordinates": [ 6.1515, 46.209511 ] } },
{ "type": "Feature", "properties": { "stop_id": "unmatched_XPLGE3", "stop_code": "XPLGE3", "stop_name": "Genève-Plage", "stop_desc": null, "stop_lat": 46.211502, "stop_lon": 6.170448, "zone_id": null, "stop_url": null, "location_type": 1, "parent_station": null, "active": false }, "geometry": { "type": "Point", "coordinates": [ 6.170448, 46.211502 ] } },
{ "type": "Feature", "properties": { "stop_id": "unmatched_22CT00", "stop_code": "22CT00", "stop_name": "22-Cantons (Gare Cornavin)", "stop_desc": null, "stop_lat": 46.208305, "stop_lon": 6.142027, "zone_id": null, "stop_url": null, "location_type": 1, "parent_station": null, "active": false }, "geometry": { "type": "Point", "coordinates": [ 6.142027, 46.208305 ] } },
{ "type": "Feature", "properties": { "stop_id": "unmatched_31DC00", "stop_code": "31DC00", "stop_name": "31 Décembre", "stop_desc": null, "stop_lat": 46.201679, "stop_lon": 6.161931, "zone_id": null, "stop_url": null, "location_type": 1, "parent_station": null, "active": true }, "geometry": { "type": "Point", "coordinates": [ 6.161931, 46.201679 ] } },
{ "type": "Feature", "properties": { "stop_id": "unmatched_ACAC98", "stop_code": "ACAC98", "stop_name": "Acacias", "stop_desc": null, "stop_lat": 46.19553, "stop_lon": 6.141932, "zone_id": null, "stop_url": null, "location_type": 1, "parent_station": null, "active": false }, "geometry": { "type": "Point", "coordinates": [ 6.141932, 46.19553 ] } },
{ "type": "Feature", "properties": { "stop_id": "unmatched_AGAZ99", "stop_code": "AGAZ99", "stop_name": "Usine à Gaz", "stop_desc": null, "stop_lat": 46.20573, "stop_lon": 6.108582, "zone_id": null, "stop_url": null, "location_type": 1, "parent_station": null, "active": false }, "geometry": { "type": "Point", "coordinates": [ 6.108582, 46.20573 ] } },
{ "type": "Feature", "properties": { "stop_id": "unmatched_ALPE01", "stop_code": "ALPE01", "stop_name": "Alpes", "stop_desc": null, "stop_lat": 46.209145, "stop_lon": 6.146775, "zone_id": null, "stop_url": null, "location_type": 1, "parent_station": null, "active": false }, "geometry": { "type": "Point", "coordinates": [ 6.146775, 46.209145 ] } },
{ "type": "Feature", "properties": { "stop_id": "unmatched_ALPEST", "stop_code": "ALPEST", "stop_name": "Alpes (stationnement)", "stop_desc": null, "stop_lat": 46.209049, "stop_lon": 6.146923, "zone_id": null, "stop_url": null, "location_type": 1, "parent_station": null, "active": false }, "geometry": { "type": "Point", "coordinates": [ 6.146923, 46.209049 ] } },
{ "type": "Feature", "properties": { "stop_id": "unmatched_AMDO99", "stop_code": "AMDO99", "stop_name": "Amandolier", "stop_desc": null, "stop_lat": 46.199959, "stop_lon": 6.168462, "zone_id": null, "stop_url": null, "location_type": 1, "parent_station": null, "active": false }, "geometry": { "type": "Point", "coordinates": [ 6.168462, 46.199959 ] } },
{ "type": "Feature", "properties": { "stop_id": "unmatched_APIA97", "stop_code": "APIA97", "stop_name": "Appia", "stop_desc": null, "stop_lat": 46.227032, "stop_lon": 6.13774, "zone_id": null, "stop_url": null, "location_type": 1, "parent_station": null, "active": false }, "geometry": { "type": "Point", "coordinates": [ 6.13774, 46.227032 ] } },
{ "type": "Feature", "properties": { "stop_id": "unmatched_ARME00", "stop_code": "ARME00", "stop_name": "Armes", "stop_desc": null, "stop_lat": 46.186932, "stop_lon": 6.140528, "zone_id": null, "stop_url": null, "location_type": 1, "parent_station": null, "active": true }, "geometry": { "type": "Point", "coordinates": [ 6.140528, 46.186932 ] } },
{ "type": "Feature", "properties": { "stop_id": "unmatched_ARME98", "stop_code": "ARME98", "stop_name": "Armes", "stop_desc": null, "stop_lat": 46.186874, "stop_lon": 6.14233, "zone_id": null, "stop_url": null, "location_type": 1, "parent_station": null, "active": false }, "geometry": { "type": "Point", "coordinates": [ 6.14233, 46.186874 ] } },
{ "type": "Feature", "properties": { "stop_id": "unmatched_ARME99", "stop_code": "ARME99", "stop_name": "Armes", "stop_desc": null, "stop_lat": 46.187794, "stop_lon": 6.140352, "zone_id": null, "stop_url": null, "location_type": 1, "parent_station": null, "active": false }, "geometry": { "type": "Point", "coordinates": [ 6.140352, 46.187794 ] } },
{ "type": "Feature", "properties": { "stop_id": "unmatched_ATHE97", "stop_code": "ATHE97", "stop_name": "Athénée", "stop_desc": null, "stop_lat": 46.198479, "stop_lon": 6.148766, "zone_id": null, "stop_url": null, "location_type": 1, "parent_station": null, "active": false }, "geometry": { "type": "Point", "coordinates": [ 6.148766, 46.198479 ] } },
{ "type": "Feature", "properties": { "stop_id": "unmatched_ATHE98", "stop_code": "ATHE98", "stop_name": "Athénée", "stop_desc": null, "stop_lat": 46.196896, "stop_lon": 6.146846, "zone_id": null, "stop_url": null, "location_type": 1, "parent_station": null, "active": false }, "geometry": { "type": "Point", "coordinates": [ 6.146846, 46.196896 ] } },
{ "type": "Feature", "properties": { "stop_id": "unmatched_AUGS01", "stop_code": "AUGS01", "stop_name": "Augustins", "stop_desc": null, "stop_lat": 46.191856, "stop_lon": 6.14383, "zone_id": null, "stop_url": null, "location_type": 1, "parent_station": null, "active": true }, "geometry": { "type": "Point", "coordinates": [ 6.14383, 46.191856 ] } },
{ "type": "Feature", "properties": { "stop_id": "unmatched_BOHT06", "stop_code": "BOHT06", "stop_name": "Bouchet", "stop_desc": null, "stop_lat": 46.216583, "stop_lon": 6.119084, "zone_id": null, "stop_url": null, "location_type": 1, "parent_station": null, "active": false }, "geometry": { "type": "Point", "coordinates": [ 6.119084, 46.216583 ] } },
{ "type": "Feature", "properties": { "stop_id": "unmatched_BOHT07", "stop_code": "BOHT07", "stop_name": "Bouchet", "stop_desc": null, "stop_lat": 46.216564, "stop_lon": 6.117633, "zone_id": null, "stop_url": null, "location_type": 1, "parent_station": null, "active": false }, "geometry": { "type": "Point", "coordinates": [ 6.117633, 46.216564 ] } },
{ "type": "Feature", "properties": { "stop_id": "unmatched_BOHT98", "stop_code": "BOHT98", "stop_name": "Bouchet", "stop_desc": null, "stop_lat": 46.216228, "stop_lon": 6.118268, "zone_id": null, "stop_url": null, "location_type": 1, "parent_station": null, "active": false }, "geometry": { "type": "Point", "coordinates": [ 6.118268, 46.216228 ] } },
{ "type": "Feature", "properties": { "stop_id": "unmatched_BOHT99", "stop_code": "BOHT99", "stop_name": "Bouchet", "stop_desc": null, "stop_lat": 46.216576, "stop_lon": 6.117036, "zone_id": null, "stop_url": null, "location_type": 1, "parent_station": null, "active": false }, "geometry": { "type": "Point", "coordinates": [ 6.117036, 46.216576 ] } },
{ "type": "Feature", "properties": { "stop_id": "unmatched_BOUC00", "stop_code": "BOUC00", "stop_name": "Boucherie", "stop_desc": null, "stop_lat": 46.211597, "stop_lon": 6.112284, "zone_id": null, "stop_url": null, "location_type": 1, "parent_station": null, "active": false }, "geometry": { "type": "Point", "coordinates": [ 6.112284, 46.211597 ] } },
{ "type": "Feature", "properties": { "stop_id": "unmatched_BRIS01", "stop_code": "BRIS01", "stop_name": "Bristol - Four-Seasons", "stop_desc": null, "stop_lat": 46.207912, "stop_lon": 6.146542, "zone_id": null, "stop_url": null, "location_type": 1, "parent_station": null, "active": false }, "geometry": { "type": "Point", "coordinates": [ 6.146542, 46.207912 ] } },
{ "type": "Feature", "properties": { "stop_id": "unmatched_BVYL99", "stop_code": "BVYL99", "stop_name": "Bovy-Lysberg", "stop_desc": null, "stop_lat": 46.202274, "stop_lon": 6.142733, "zone_id": null, "stop_url": null, "location_type": 1, "parent_station": null, "active": false }, "geometry": { "type": "Point", "coordinates": [ 6.142733, 46.202274 ] } },
{ "type": "Feature", "properties": { "stop_id": "unmatched_CCOL99", "stop_code": "CCOL99", "stop_name": "Cologny-Croisée", "stop_desc": null, "stop_lat": 46.211956, "stop_lon": 6.183667, "zone_id": null, "stop_url": null, "location_type": 1, "parent_station": null, "active": false }, "geometry": { "type": "Point", "coordinates": [ 6.183667, 46.211956 ] } },
{ "type": "Feature", "properties": { "stop_id": "unmatched_CFOU98", "stop_code": "CFOU98", "stop_name": "Chemin des Fours", "stop_desc": null, "stop_lat": 46.21661, "stop_lon": 6.1871, "zone_id": null, "stop_url": null, "location_type": 1, "parent_station": null, "active": false }, "geometry": { "type": "Point", "coordinates": [ 6.1871, 46.21661 ] } },
{ "type": "Feature", "properties": { "stop_id": "unmatched_CIMT01", "stop_code": "CIMT01", "stop_name": "Cimetière Saint-Georges", "stop_desc": null, "stop_lat": 46.197052, "stop_lon": 6.115476, "zone_id": null, "stop_url": null, "location_type": 1, "parent_station": null, "active": true }, "geometry": { "type": "Point", "coordinates": [ 6.115476, 46.197052 ] } },
{ "type": "Feature", "properties": { "stop_id": "unmatched_CIRQ98", "stop_code": "CIRQ98", "stop_name": "Cirque", "stop_desc": null, "stop_lat": 46.200207, "stop_lon": 6.141396, "zone_id": null, "stop_url": null, "location_type": 1, "parent_station": null, "active": false }, "geometry": { "type": "Point", "coordinates": [ 6.141396, 46.200207 ] } },
{ "type": "Feature", "properties": { "stop_id": "unmatched_CIRQ99", "stop_code": "CIRQ99", "stop_name": "Cirque", "stop_desc": null, "stop_lat": 46.201614, "stop_lon": 6.14124, "zone_id": null, "stop_url": null, "location_type": 1, "parent_station": null, "active": false }, "geometry": { "type": "Point", "coordinates": [ 6.14124, 46.201614 ] } },
{ "type": "Feature", "properties": { "stop_id": "unmatched_CMOL01", "stop_code": "CMOL01", "stop_name": "Clos du Môlan", "stop_desc": null, "stop_lat": 46.20546, "stop_lon": 6.18264, "zone_id": null, "stop_url": null, "location_type": 1, "parent_station": null, "active": true }, "geometry": { "type": "Point", "coordinates": [ 6.18264, 46.20546 ] } },
{ "type": "Feature", "properties": { "stop_id": "unmatched_COCHST", "stop_code": "COCHST", "stop_name": "Conches Stationnement", "stop_desc": null, "stop_lat": 46.184433, "stop_lon": 6.174666, "zone_id": null, "stop_url": null, "location_type": 1, "parent_station": null, "active": false }, "geometry": { "type": "Point", "coordinates": [ 6.174666, 46.184433 ] } },
{ "type": "Feature", "properties": { "stop_id": "unmatched_CODN00", "stop_code": "CODN00", "stop_name": "Colladon", "stop_desc": null, "stop_lat": 46.223007, "stop_lon": 6.123724, "zone_id": null, "stop_url": null, "location_type": 1, "parent_station": null, "active": true }, "geometry": { "type": "Point", "coordinates": [ 6.123724, 46.223007 ] } },
{ "type": "Feature", "properties": { "stop_id": "unmatched_COE00", "stop_code": "COE00", "stop_name": "Parking COE", "stop_desc": null, "stop_lat": 46.229706, "stop_lon": 6.129688, "zone_id": null, "stop_url": null, "location_type": 1, "parent_station": null, "active": false }, "geometry": { "type": "Point", "coordinates": [ 6.129688, 46.229706 ] } },
{ "type": "Feature", "properties": { "stop_id": "unmatched_COTU02", "stop_code": "COTU02", "stop_name": "Coutance", "stop_desc": null, "stop_lat": 46.207447, "stop_lon": 6.142287, "zone_id": null, "stop_url": null, "location_type": 1, "parent_station": null, "active": false }, "geometry": { "type": "Point", "coordinates": [ 6.142287, 46.207447 ] } },
{ "type": "Feature", "properties": { "stop_id": "unmatched_COUT00", "stop_code": "COUT00", "stop_name": "Coutance", "stop_desc": null, "stop_lat": 46.207294, "stop_lon": 6.141909, "zone_id": null, "stop_url": null, "location_type": 1, "parent_station": null, "active": true }, "geometry": { "type": "Point", "coordinates": [ 6.141909, 46.207294 ] } },
{ "type": "Feature", "properties": { "stop_id": "unmatched_COUT03", "stop_code": "COUT03", "stop_name": "Coutance", "stop_desc": null, "stop_lat": 46.207607, "stop_lon": 6.142186, "zone_id": null, "stop_url": null, "location_type": 1, "parent_station": null, "active": true }, "geometry": { "type": "Point", "coordinates": [ 6.142186, 46.207607 ] } },
{ "type": "Feature", "properties": { "stop_id": "unmatched_CPLT98", "stop_code": "CPLT98", "stop_name": "Chantepoulet", "stop_desc": null, "stop_lat": 46.20821, "stop_lon": 6.143484, "zone_id": null, "stop_url": null, "location_type": 1, "parent_station": null, "active": false }, "geometry": { "type": "Point", "coordinates": [ 6.143484, 46.20821 ] } },
{ "type": "Feature", "properties": { "stop_id": "unmatched_CPLT99", "stop_code": "CPLT99", "stop_name": "Chantepoulet", "stop_desc": null, "stop_lat": 46.208656, "stop_lon": 6.140244, "zone_id": null, "stop_url": null, "location_type": 1, "parent_station": null, "active": false }, "geometry": { "type": "Point", "coordinates": [ 6.140244, 46.208656 ] } },
{ "type": "Feature", "properties": { "stop_id": "unmatched_CRGE97", "stop_code": "CRGE97", "stop_name": "Carouge-Rondeau", "stop_desc": null, "stop_lat": 46.179424, "stop_lon": 6.138738, "zone_id": null, "stop_url": null, "location_type": 1, "parent_station": null, "active": false }, "geometry": { "type": "Point", "coordinates": [ 6.138738, 46.179424 ] } },
{ "type": "Feature", "properties": { "stop_id": "unmatched_CRGE99", "stop_code": "CRGE99", "stop_name": "Carouge-Rondeau", "stop_desc": null, "stop_lat": 46.17968, "stop_lon": 6.13867, "zone_id": null, "stop_url": null, "location_type": 1, "parent_station": null, "active": false }, "geometry": { "type": "Point", "coordinates": [ 6.13867, 46.17968 ] } },
{ "type": "Feature", "properties": { "stop_id": "unmatched_CRGEST", "stop_code": "CRGEST", "stop_name": "Carouge-Rondeau stationnement", "stop_desc": null, "stop_lat": 46.180988, "stop_lon": 6.138197, "zone_id": null, "stop_url": null, "location_type": 1, "parent_station": null, "active": false }, "geometry": { "type": "Point", "coordinates": [ 6.138197, 46.180988 ] } },
{ "type": "Feature", "properties": { "stop_id": "unmatched_CRVI00", "stop_code": "CRVI00", "stop_name": "Crevin", "stop_desc": null, "stop_lat": 46.173351, "stop_lon": 6.146329, "zone_id": null, "stop_url": null, "location_type": 1, "parent_station": null, "active": false }, "geometry": { "type": "Point", "coordinates": [ 6.146329, 46.173351 ] } },
{ "type": "Feature", "properties": { "stop_id": "unmatched_CSPR00", "stop_code": "CSPR00", "stop_name": "Ch. des Sports", "stop_desc": null, "stop_lat": 46.20557, "stop_lon": 6.114414, "zone_id": null, "stop_url": null, "location_type": 1, "parent_station": null, "active": false }, "geometry": { "type": "Point", "coordinates": [ 6.114414, 46.20557 ] } },
{ "type": "Feature", "properties": { "stop_id": "unmatched_CTMI02", "stop_code": "CTMI02", "stop_name": "Contamines", "stop_desc": null, "stop_lat": 46.196194, "stop_lon": 6.15566, "zone_id": null, "stop_url": null, "location_type": 1, "parent_station": null, "active": true }, "geometry": { "type": "Point", "coordinates": [ 6.15566, 46.196194 ] } },
{ "type": "Feature", "properties": { "stop_id": "unmatched_CVIN06", "stop_code": "CVIN06", "stop_name": "Gare Cornavin", "stop_desc": null, "stop_lat": 46.2094, "stop_lon": 6.142338, "zone_id": null, "stop_url": null, "location_type": 1, "parent_station": null, "active": true }, "geometry": { "type": "Point", "coordinates": [ 6.142338, 46.2094 ] } },
{ "type": "Feature", "properties": { "stop_id": "unmatched_CVIN08", "stop_code": "CVIN08", "stop_name": "Gare Cornavin", "stop_desc": null, "stop_lat": 46.209179, "stop_lon": 6.141825, "zone_id": null, "stop_url": null, "location_type": 1, "parent_station": null, "active": false }, "geometry": { "type": "Point", "coordinates": [ 6.141825, 46.209179 ] } },
{ "type": "Feature", "properties": { "stop_id": "unmatched_CVIN10", "stop_code": "CVIN10", "stop_name": "Gare Cornavin", "stop_desc": null, "stop_lat": 46.209656, "stop_lon": 6.141788, "zone_id": null, "stop_url": null, "location_type": 1, "parent_station": null, "active": true }, "geometry": { "type": "Point", "coordinates": [ 6.141788, 46.209656 ] } },
{ "type": "Feature", "properties": { "stop_id": "unmatched_CVIN17", "stop_code": "CVIN17", "stop_name": "Gare Cornavin", "stop_desc": null, "stop_lat": 46.209824, "stop_lon": 6.140707, "zone_id": null, "stop_url": null, "location_type": 1, "parent_station": null, "active": false }, "geometry": { "type": "Point", "coordinates": [ 6.140707, 46.209824 ] } },
{ "type": "Feature", "properties": { "stop_id": "unmatched_CVIN21", "stop_code": "CVIN21", "stop_name": "Gare Cornavin", "stop_desc": null, "stop_lat": 46.212547, "stop_lon": 6.142328, "zone_id": null, "stop_url": null, "location_type": 1, "parent_station": null, "active": false }, "geometry": { "type": "Point", "coordinates": [ 6.142328, 46.212547 ] } },
{ "type": "Feature", "properties": { "stop_id": "unmatched_CVIN78", "stop_code": "CVIN78", "stop_name": "Gare Cornavin", "stop_desc": null, "stop_lat": 46.209263, "stop_lon": 6.142298, "zone_id": null, "stop_url": null, "location_type": 1, "parent_station": null, "active": false }, "geometry": { "type": "Point", "coordinates": [ 6.142298, 46.209263 ] } },
{ "type": "Feature", "properties": { "stop_id": "unmatched_CVIN85", "stop_code": "CVIN85", "stop_name": "Gare Cornavin", "stop_desc": null, "stop_lat": 46.209717, "stop_lon": 6.14155, "zone_id": null, "stop_url": null, "location_type": 1, "parent_station": null, "active": false }, "geometry": { "type": "Point", "coordinates": [ 6.14155, 46.209717 ] } },
{ "type": "Feature", "properties": { "stop_id": "unmatched_CYMA01", "stop_code": "CYMA01", "stop_name": "Cologny-Mairie", "stop_desc": null, "stop_lat": 46.219284, "stop_lon": 6.184991, "zone_id": null, "stop_url": null, "location_type": 1, "parent_station": null, "active": true }, "geometry": { "type": "Point", "coordinates": [ 6.184991, 46.219284 ] } },
{ "type": "Feature", "properties": { "stop_id": "unmatched_CYMA98", "stop_code": "CYMA98", "stop_name": "Cologny-Mairie", "stop_desc": null, "stop_lat": 46.217648, "stop_lon": 6.188516, "zone_id": null, "stop_url": null, "location_type": 1, "parent_station": null, "active": false }, "geometry": { "type": "Point", "coordinates": [ 6.188516, 46.217648 ] } },
{ "type": "Feature", "properties": { "stop_id": "unmatched_CYTE99", "stop_code": "CYTE99", "stop_name": "Cologny-Temple", "stop_desc": null, "stop_lat": 46.214821, "stop_lon": 6.184109, "zone_id": null, "stop_url": null, "location_type": 1, "parent_station": null, "active": false }, "geometry": { "type": "Point", "coordinates": [ 6.184109, 46.214821 ] } },
{ "type": "Feature", "properties": { "stop_id": "unmatched_DB00", "stop_code": "DB00", "stop_name": "Dépôt Bachet", "stop_desc": null, "stop_lat": 46.175346, "stop_lon": 6.131608, "zone_id": null, "stop_url": null, "location_type": 1, "parent_station": null, "active": true }, "geometry": { "type": "Point", "coordinates": [ 6.131608, 46.175346 ] } },
{ "type": "Feature", "properties": { "stop_id": "unmatched_DELC04", "stop_code": "DELC04", "stop_name": "Délices", "stop_desc": null, "stop_lat": 46.205925, "stop_lon": 6.132609, "zone_id": null, "stop_url": null, "location_type": 1, "parent_station": null, "active": false }, "geometry": { "type": "Point", "coordinates": [ 6.132609, 46.205925 ] } },
{ "type": "Feature", "properties": { "stop_id": "unmatched_DESI00", "stop_code": "DESI00", "stop_name": "Design F6 / Jade / N'VY / Drake", "stop_desc": null, "stop_lat": 46.215836, "stop_lon": 6.147192, "zone_id": null, "stop_url": null, "location_type": 1, "parent_station": null, "active": false }, "geometry": { "type": "Point", "coordinates": [ 6.147192, 46.215836 ] } },
{ "type": "Feature", "properties": { "stop_id": "unmatched_DGCAN", "stop_code": "DGCAN", "stop_name": "Dépôt Grange Canal", "stop_desc": null, "stop_lat": 46.199615, "stop_lon": 6.174715, "zone_id": null, "stop_url": null, "location_type": 1, "parent_station": null, "active": false }, "geometry": { "type": "Point", "coordinates": [ 6.174715, 46.199615 ] } },
{ "type": "Feature", "properties": { "stop_id": "unmatched_DK00", "stop_code": "DK00", "stop_name": "Dépôt boucle Carouge", "stop_desc": null, "stop_lat": 46.179668, "stop_lon": 6.138823, "zone_id": null, "stop_url": null, "location_type": 1, "parent_station": null, "active": false }, "geometry": { "type": "Point", "coordinates": [ 6.138823, 46.179668 ] } },
{ "type": "Feature", "properties": { "stop_id": "unmatched_DOLE01", "stop_code": "DOLE01", "stop_name": "Dôle", "stop_desc": null, "stop_lat": 46.208691, "stop_lon": 6.131547, "zone_id": null, "stop_url": null, "location_type": 1, "parent_station": null, "active": true }, "geometry": { "type": "Point", "coordinates": [ 6.131547, 46.208691 ] } },
{ "type": "Feature", "properties": { "stop_id": "unmatched_DPGETR00", "stop_code": "DPGETR00", "stop_name": "Dépôt Genève-Tours", "stop_desc": null, "stop_lat": 46.187256, "stop_lon": 6.125844, "zone_id": null, "stop_url": null, "location_type": 1, "parent_station": null, "active": false }, "geometry": { "type": "Point", "coordinates": [ 6.125844, 46.187256 ] } },
{ "type": "Feature", "properties": { "stop_id": "unmatched_EDWE00", "stop_code": "EDWE00", "stop_name": "Edelweiss", "stop_desc": null, "stop_lat": 46.211941, "stop_lon": 6.149514, "zone_id": null, "stop_url": null, "location_type": 1, "parent_station": null, "active": false }, "geometry": { "type": "Point", "coordinates": [ 6.149514, 46.211941 ] } },
{ "type": "Feature", "properties": { "stop_id": "unmatched_EMED01", "stop_code": "EMED01", "stop_name": "Ecole-de-Médecine", "stop_desc": null, "stop_lat": 46.198627, "stop_lon": 6.139186, "zone_id": null, "stop_url": null, "location_type": 1, "parent_station": null, "active": false }, "geometry": { "type": "Point", "coordinates": [ 6.139186, 46.198627 ] } },
{ "type": "Feature", "properties": { "stop_id": "unmatched_ERMT00", "stop_code": "ERMT00", "stop_name": "Ermitage", "stop_desc": null, "stop_lat": 46.198837, "stop_lon": 6.180564, "zone_id": null, "stop_url": null, "location_type": 1, "parent_station": null, "active": false }, "geometry": { "type": "Point", "coordinates": [ 6.180564, 46.198837 ] } },
{ "type": "Feature", "properties": { "stop_id": "unmatched_ETOI05", "stop_code": "ETOI05", "stop_name": "Lancy-Pont-Rouge-Gare/Etoile", "stop_desc": null, "stop_lat": 46.188286, "stop_lon": 6.128345, "zone_id": null, "stop_url": null, "location_type": 1, "parent_station": null, "active": false }, "geometry": { "type": "Point", "coordinates": [ 6.128345, 46.188286 ] } },
{ "type": "Feature", "properties": { "stop_id": "unmatched_ETOI06", "stop_code": "ETOI06", "stop_name": "Lancy-Pont-Rouge-Gare/Etoile", "stop_desc": null, "stop_lat": 46.188004, "stop_lon": 6.127779, "zone_id": null, "stop_url": null, "location_type": 1, "parent_station": null, "active": false }, "geometry": { "type": "Point", "coordinates": [ 6.127779, 46.188004 ] } },
{ "type": "Feature", "properties": { "stop_id": "unmatched_ETOI98", "stop_code": "ETOI98", "stop_name": "Lancy-Pont-Rouge-Gare/Etoile", "stop_desc": null, "stop_lat": 46.187733, "stop_lon": 6.128863, "zone_id": null, "stop_url": null, "location_type": 1, "parent_station": null, "active": false }, "geometry": { "type": "Point", "coordinates": [ 6.128863, 46.187733 ] } },
{ "type": "Feature", "properties": { "stop_id": "unmatched_ETOI99", "stop_code": "ETOI99", "stop_name": "Lancy-Pont-Rouge-Gare/Etoile", "stop_desc": null, "stop_lat": 46.187866, "stop_lon": 6.128744, "zone_id": null, "stop_url": null, "location_type": 1, "parent_station": null, "active": false }, "geometry": { "type": "Point", "coordinates": [ 6.128744, 46.187866 ] } },
{ "type": "Feature", "properties": { "stop_id": "unmatched_FAVR02", "stop_code": "FAVR02", "stop_name": "Place Favre", "stop_desc": null, "stop_lat": 46.195793, "stop_lon": 6.193227, "zone_id": null, "stop_url": null, "location_type": 1, "parent_station": null, "active": true }, "geometry": { "type": "Point", "coordinates": [ 6.193227, 46.195793 ] } },
{ "type": "Feature", "properties": { "stop_id": "unmatched_FAVR98", "stop_code": "FAVR98", "stop_name": "Place Favre", "stop_desc": null, "stop_lat": 46.195675, "stop_lon": 6.192064, "zone_id": null, "stop_url": null, "location_type": 1, "parent_station": null, "active": false }, "geometry": { "type": "Point", "coordinates": [ 6.192064, 46.195675 ] } },
{ "type": "Feature", "properties": { "stop_id": "unmatched_FENE01", "stop_code": "FENE01", "stop_name": "La Fenêtre", "stop_desc": null, "stop_lat": 46.230087, "stop_lon": 6.13863, "zone_id": null, "stop_url": null, "location_type": 1, "parent_station": null, "active": true }, "geometry": { "type": "Point", "coordinates": [ 6.13863, 46.230087 ] } },
{ "type": "Feature", "properties": { "stop_id": "unmatched_FLIZ00", "stop_code": "FLIZ00", "stop_name": "Liszt", "stop_desc": null, "stop_lat": 46.198833, "stop_lon": 6.149223, "zone_id": null, "stop_url": null, "location_type": 1, "parent_station": null, "active": false }, "geometry": { "type": "Point", "coordinates": [ 6.149223, 46.198833 ] } },
{ "type": "Feature", "properties": { "stop_id": "unmatched_FONT01", "stop_code": "FONT01", "stop_name": "Fontenette", "stop_desc": null, "stop_lat": 46.185352, "stop_lon": 6.145371, "zone_id": null, "stop_url": null, "location_type": 1, "parent_station": null, "active": true }, "geometry": { "type": "Point", "coordinates": [ 6.145371, 46.185352 ] } },
{ "type": "Feature", "properties": { "stop_id": "unmatched_FONT99", "stop_code": "FONT99", "stop_name": "Fontenette", "stop_desc": null, "stop_lat": 46.184944, "stop_lon": 6.14597, "zone_id": null, "stop_url": null, "location_type": 1, "parent_station": null, "active": false }, "geometry": { "type": "Point", "coordinates": [ 6.14597, 46.184944 ] } },
{ "type": "Feature", "properties": { "stop_id": "unmatched_FRON99", "stop_code": "FRON99", "stop_name": "Frontenex", "stop_desc": null, "stop_lat": 46.203175, "stop_lon": 6.177375, "zone_id": null, "stop_url": null, "location_type": 1, "parent_station": null, "active": false }, "geometry": { "type": "Point", "coordinates": [ 6.177375, 46.203175 ] } },
{ "type": "Feature", "properties": { "stop_id": "unmatched_GAEV04", "stop_code": "GAEV04", "stop_name": "Genève-Eaux-Vives-Gare", "stop_desc": null, "stop_lat": 46.200161, "stop_lon": 6.163962, "zone_id": null, "stop_url": null, "location_type": 1, "parent_station": null, "active": true }, "geometry": { "type": "Point", "coordinates": [ 6.163962, 46.200161 ] } },
{ "type": "Feature", "properties": { "stop_id": "unmatched_GAUST", "stop_code": "GAUST", "stop_name": "Gautier stationnement", "stop_desc": null, "stop_lat": 46.215218, "stop_lon": 6.150399, "zone_id": null, "stop_url": null, "location_type": 1, "parent_station": null, "active": false }, "geometry": { "type": "Point", "coordinates": [ 6.150399, 46.215218 ] } },
{ "type": "Feature", "properties": { "stop_id": "unmatched_GAVA99", "stop_code": "GAVA99", "stop_name": "Gavard", "stop_desc": null, "stop_lat": 46.185516, "stop_lon": 6.135403, "zone_id": null, "stop_url": null, "location_type": 1, "parent_station": null, "active": false }, "geometry": { "type": "Point", "coordinates": [ 6.135403, 46.185516 ] } },
{ "type": "Feature", "properties": { "stop_id": "unmatched_GAZO00", "stop_code": "GAZO00", "stop_name": "Genève, Gazomètres", "stop_desc": null, "stop_lat": 46.201347, "stop_lon": 6.133246, "zone_id": null, "stop_url": null, "location_type": 1, "parent_station": null, "active": false }, "geometry": { "type": "Point", "coordinates": [ 6.133246, 46.201347 ] } },
{ "type": "Feature", "properties": { "stop_id": "unmatched_GCAN97", "stop_code": "GCAN97", "stop_name": "Grange-Canal", "stop_desc": null, "stop_lat": 46.199615, "stop_lon": 6.174874, "zone_id": null, "stop_url": null, "location_type": 1, "parent_station": null, "active": false }, "geometry": { "type": "Point", "coordinates": [ 6.174874, 46.199615 ] } },
{ "type": "Feature", "properties": { "stop_id": "unmatched_GCAN99", "stop_code": "GCAN99", "stop_name": "Grange-Canal", "stop_desc": null, "stop_lat": 46.20005, "stop_lon": 6.171961, "zone_id": null, "stop_url": null, "location_type": 1, "parent_station": null, "active": false }, "geometry": { "type": "Point", "coordinates": [ 6.171961, 46.20005 ] } },
{ "type": "Feature", "properties": { "stop_id": "unmatched_GCHG00", "stop_code": "GCHG00", "stop_name": "Genève-Champel-Gare", "stop_desc": null, "stop_lat": 46.191795, "stop_lon": 6.152783, "zone_id": null, "stop_url": null, "location_type": 1, "parent_station": null, "active": true }, "geometry": { "type": "Point", "coordinates": [ 6.152783, 46.191795 ] } },
{ "type": "Feature", "properties": { "stop_id": "unmatched_GCHH00", "stop_code": "GCHH00", "stop_name": "Genève-Champel-Gare/Hôpital", "stop_desc": null, "stop_lat": 46.192642, "stop_lon": 6.150458, "zone_id": null, "stop_url": null, "location_type": 1, "parent_station": null, "active": true }, "geometry": { "type": "Point", "coordinates": [ 6.150458, 46.192642 ] } },
{ "type": "Feature", "properties": { "stop_id": "unmatched_GCLB02", "stop_code": "GCLB02", "stop_name": "Grange-Collomb", "stop_desc": null, "stop_lat": 46.175652, "stop_lon": 6.138077, "zone_id": null, "stop_url": null, "location_type": 1, "parent_station": null, "active": true }, "geometry": { "type": "Point", "coordinates": [ 6.138077, 46.175652 ] } },
{ "type": "Feature", "properties": { "stop_id": "unmatched_GDLA01", "stop_code": "GDLA01", "stop_name": "Grand-Lancy-Place du 1er-Août", "stop_desc": null, "stop_lat": 46.182125, "stop_lon": 6.120695, "zone_id": null, "stop_url": null, "location_type": 1, "parent_station": null, "active": true }, "geometry": { "type": "Point", "coordinates": [ 6.120695, 46.182125 ] } },
{ "type": "Feature", "properties": { "stop_id": "unmatched_GDLA98", "stop_code": "GDLA98", "stop_name": "Grand-Lancy-Place du 1er-Août", "stop_desc": null, "stop_lat": 46.182331, "stop_lon": 6.120755, "zone_id": null, "stop_url": null, "location_type": 1, "parent_station": null, "active": false }, "geometry": { "type": "Point", "coordinates": [ 6.120755, 46.182331 ] } },
{ "type": "Feature", "properties": { "stop_id": "unmatched_GEVB00", "stop_code": "GEVB00", "stop_name": "Genève-Eaux-Vives-Gare/Bloch", "stop_desc": null, "stop_lat": 46.203068, "stop_lon": 6.166122, "zone_id": null, "stop_url": null, "location_type": 1, "parent_station": null, "active": true }, "geometry": { "type": "Point", "coordinates": [ 6.166122, 46.203068 ] } },
{ "type": "Feature", "properties": { "stop_id": "unmatched_GEVV01", "stop_code": "GEVV01", "stop_name": "Genève-Eaux-Vives-Gare/Vadier", "stop_desc": null, "stop_lat": 46.20285, "stop_lon": 6.170105, "zone_id": null, "stop_url": null, "location_type": 1, "parent_station": null, "active": true }, "geometry": { "type": "Point", "coordinates": [ 6.170105, 46.20285 ] } },
{ "type": "Feature", "properties": { "stop_id": "unmatched_GOLA00", "stop_code": "GOLA00", "stop_name": "Henri-Golay", "stop_desc": null, "stop_lat": 46.211163, "stop_lon": 6.114174, "zone_id": null, "stop_url": null, "location_type": 1, "parent_station": null, "active": false }, "geometry": { "type": "Point", "coordinates": [ 6.114174, 46.211163 ] } },
{ "type": "Feature", "properties": { "stop_id": "unmatched_GOLA01", "stop_code": "GOLA01", "stop_name": "Henri-Golay", "stop_desc": null, "stop_lat": 46.211151, "stop_lon": 6.112723, "zone_id": null, "stop_url": null, "location_type": 1, "parent_station": null, "active": false }, "geometry": { "type": "Point", "coordinates": [ 6.112723, 46.211151 ] } },
{ "type": "Feature", "properties": { "stop_id": "unmatched_GOS00", "stop_code": "GOS00", "stop_name": "Gos", "stop_desc": null, "stop_lat": 46.188484, "stop_lon": 6.155245, "zone_id": null, "stop_url": null, "location_type": 1, "parent_station": null, "active": true }, "geometry": { "type": "Point", "coordinates": [ 6.155245, 46.188484 ] } },
{ "type": "Feature", "properties": { "stop_id": "unmatched_GOUL98", "stop_code": "GOUL98", "stop_name": "Goulart", "stop_desc": null, "stop_lat": 46.207924, "stop_lon": 6.141834, "zone_id": null, "stop_url": null, "location_type": 1, "parent_station": null, "active": false }, "geometry": { "type": "Point", "coordinates": [ 6.141834, 46.207924 ] } },
{ "type": "Feature", "properties": { "stop_id": "unmatched_GPRE02", "stop_code": "GPRE02", "stop_name": "Grand-Pré", "stop_desc": null, "stop_lat": 46.216404, "stop_lon": 6.131077, "zone_id": null, "stop_url": null, "location_type": 1, "parent_station": null, "active": true }, "geometry": { "type": "Point", "coordinates": [ 6.131077, 46.216404 ] } },
{ "type": "Feature", "properties": { "stop_id": "unmatched_GRDL02", "stop_code": "GRDL02", "stop_name": "Chêne-Bougeries, Gradelle", "stop_desc": null, "stop_lat": 46.205814, "stop_lon": 6.180883, "zone_id": null, "stop_url": null, "location_type": 1, "parent_station": null, "active": false }, "geometry": { "type": "Point", "coordinates": [ 6.180883, 46.205814 ] } },
{ "type": "Feature", "properties": { "stop_id": "unmatched_GRDL07", "stop_code": "GRDL07", "stop_name": "Chêne-Bougeries, Gradelle", "stop_desc": null, "stop_lat": 46.205082, "stop_lon": 6.180718, "zone_id": null, "stop_url": null, "location_type": 1, "parent_station": null, "active": true }, "geometry": { "type": "Point", "coordinates": [ 6.180718, 46.205082 ] } },
{ "type": "Feature", "properties": { "stop_id": "unmatched_GRDL98", "stop_code": "GRDL98", "stop_name": "Chêne-Bougeries, Gradelle", "stop_desc": null, "stop_lat": 46.205673, "stop_lon": 6.177843, "zone_id": null, "stop_url": null, "location_type": 1, "parent_station": null, "active": false }, "geometry": { "type": "Point", "coordinates": [ 6.177843, 46.205673 ] } },
{ "type": "Feature", "properties": { "stop_id": "unmatched_HOFL01", "stop_code": "HOFL01", "stop_name": "Horloge Fleurie", "stop_desc": null, "stop_lat": 46.204784, "stop_lon": 6.150015, "zone_id": null, "stop_url": null, "location_type": 1, "parent_station": null, "active": false }, "geometry": { "type": "Point", "coordinates": [ 6.150015, 46.204784 ] } },
{ "type": "Feature", "properties": { "stop_id": "unmatched_INTR99", "stop_code": "INTR99", "stop_name": "Intercontinental", "stop_desc": null, "stop_lat": 46.224628, "stop_lon": 6.133423, "zone_id": null, "stop_url": null, "location_type": 1, "parent_station": null, "active": false }, "geometry": { "type": "Point", "coordinates": [ 6.133423, 46.224628 ] } },
{ "type": "Feature", "properties": { "stop_id": "unmatched_JADN00", "stop_code": "JADN00", "stop_name": "Jad - N'vY", "stop_desc": null, "stop_lat": 46.215214, "stop_lon": 6.146921, "zone_id": null, "stop_url": null, "location_type": 1, "parent_station": null, "active": false }, "geometry": { "type": "Point", "coordinates": [ 6.146921, 46.215214 ] } },
{ "type": "Feature", "properties": { "stop_id": "unmatched_JOCT04", "stop_code": "JOCT04", "stop_name": "Jonction", "stop_desc": null, "stop_lat": 46.201267, "stop_lon": 6.131181, "zone_id": null, "stop_url": null, "location_type": 1, "parent_station": null, "active": false }, "geometry": { "type": "Point", "coordinates": [ 6.131181, 46.201267 ] } },
{ "type": "Feature", "properties": { "stop_id": "unmatched_JVUY99", "stop_code": "JVUY99", "stop_name": "Vüy", "stop_desc": null, "stop_lat": 46.175739, "stop_lon": 6.148966, "zone_id": null, "stop_url": null, "location_type": 1, "parent_station": null, "active": false }, "geometry": { "type": "Point", "coordinates": [ 6.148966, 46.175739 ] } },
{ "type": "Feature", "properties": { "stop_id": "unmatched_KRIG00", "stop_code": "KRIG00", "stop_name": "Krieg", "stop_desc": null, "stop_lat": 46.193779, "stop_lon": 6.160757, "zone_id": null, "stop_url": null, "location_type": 1, "parent_station": null, "active": true }, "geometry": { "type": "Point", "coordinates": [ 6.160757, 46.193779 ] } },
{ "type": "Feature", "properties": { "stop_id": "unmatched_L_LAPR", "stop_code": "L_LAPR", "stop_name": "LEX-Lancy-Pont-Rouge", "stop_desc": null, "stop_lat": 46.186951, "stop_lon": 6.125383, "zone_id": null, "stop_url": null, "location_type": 1, "parent_station": null, "active": false }, "geometry": { "type": "Point", "coordinates": [ 6.125383, 46.186951 ] } },
{ "type": "Feature", "properties": { "stop_id": "unmatched_L_SECH", "stop_code": "L_SECH", "stop_name": "LEX-Genève-Sécheron", "stop_desc": null, "stop_lat": 46.222511, "stop_lon": 6.144536, "zone_id": null, "stop_url": null, "location_type": 1, "parent_station": null, "active": false }, "geometry": { "type": "Point", "coordinates": [ 6.144536, 46.222511 ] } },
{ "type": "Feature", "properties": { "stop_id": "unmatched_LAPR00", "stop_code": "LAPR00", "stop_name": "Lancy-Pont-Rouge-Gare", "stop_desc": null, "stop_lat": 46.187412, "stop_lon": 6.123767, "zone_id": null, "stop_url": null, "location_type": 1, "parent_station": null, "active": false }, "geometry": { "type": "Point", "coordinates": [ 6.123767, 46.187412 ] } },
{ "type": "Feature", "properties": { "stop_id": "unmatched_LIBE01", "stop_code": "LIBE01", "stop_name": "Libellules", "stop_desc": null, "stop_lat": 46.208591, "stop_lon": 6.107627, "zone_id": null, "stop_url": null, "location_type": 1, "parent_station": null, "active": true }, "geometry": { "type": "Point", "coordinates": [ 6.107627, 46.208591 ] } },
{ "type": "Feature", "properties": { "stop_id": "unmatched_LOMB00", "stop_code": "LOMB00", "stop_name": "Lombard", "stop_desc": null, "stop_lat": 46.195595, "stop_lon": 6.147214, "zone_id": null, "stop_url": null, "location_type": 1, "parent_station": null, "active": true }, "geometry": { "type": "Point", "coordinates": [ 6.147214, 46.195595 ] } },
{ "type": "Feature", "properties": { "stop_id": "unmatched_LYON02", "stop_code": "LYON02", "stop_name": "Lyon", "stop_desc": null, "stop_lat": 46.209175, "stop_lon": 6.138235, "zone_id": null, "stop_url": null, "location_type": 1, "parent_station": null, "active": false }, "geometry": { "type": "Point", "coordinates": [ 6.138235, 46.209175 ] } },
{ "type": "Feature", "properties": { "stop_id": "unmatched_MAOR00", "stop_code": "MAOR00", "stop_name": "Mandarin Oriental", "stop_desc": null, "stop_lat": 46.205795, "stop_lon": 6.141773, "zone_id": null, "stop_url": null, "location_type": 1, "parent_station": null, "active": false }, "geometry": { "type": "Point", "coordinates": [ 6.141773, 46.205795 ] } },
{ "type": "Feature", "properties": { "stop_id": "unmatched_MARB01", "stop_code": "MARB01", "stop_name": "Les Marbriers", "stop_desc": null, "stop_lat": 46.196484, "stop_lon": 6.117692, "zone_id": null, "stop_url": null, "location_type": 1, "parent_station": null, "active": true }, "geometry": { "type": "Point", "coordinates": [ 6.117692, 46.196484 ] } },
{ "type": "Feature", "properties": { "stop_id": "unmatched_MATE00", "stop_code": "MATE00", "stop_name": "Maternité-Pédiatrie", "stop_desc": null, "stop_lat": 46.191113, "stop_lon": 6.145959, "zone_id": null, "stop_url": null, "location_type": 1, "parent_station": null, "active": false }, "geometry": { "type": "Point", "coordinates": [ 6.145959, 46.191113 ] } },
{ "type": "Feature", "properties": { "stop_id": "unmatched_MATE02", "stop_code": "MATE02", "stop_name": "Maternité-Pédiatrie", "stop_desc": null, "stop_lat": 46.191322, "stop_lon": 6.146071, "zone_id": null, "stop_url": null, "location_type": 1, "parent_station": null, "active": true }, "geometry": { "type": "Point", "coordinates": [ 6.146071, 46.191322 ] } },
{ "type": "Feature", "properties": { "stop_id": "unmatched_METR00", "stop_code": "METR00", "stop_name": "Métropole", "stop_desc": null, "stop_lat": 46.203381, "stop_lon": 6.151448, "zone_id": null, "stop_url": null, "location_type": 1, "parent_station": null, "active": true }, "geometry": { "type": "Point", "coordinates": [ 6.151448, 46.203381 ] } },
{ "type": "Feature", "properties": { "stop_id": "unmatched_MLRD00", "stop_code": "MLRD00", "stop_name": "Molard", "stop_desc": null, "stop_lat": 46.203964, "stop_lon": 6.148441, "zone_id": null, "stop_url": null, "location_type": 1, "parent_station": null, "active": true }, "geometry": { "type": "Point", "coordinates": [ 6.148441, 46.203964 ] } },
{ "type": "Feature", "properties": { "stop_id": "unmatched_MLRD99", "stop_code": "MLRD99", "stop_name": "Molard", "stop_desc": null, "stop_lat": 46.20414, "stop_lon": 6.148322, "zone_id": null, "stop_url": null, "location_type": 1, "parent_station": null, "active": false }, "geometry": { "type": "Point", "coordinates": [ 6.148322, 46.20414 ] } },
{ "type": "Feature", "properties": { "stop_id": "unmatched_MORL02", "stop_code": "MORL02", "stop_name": "Grand-Saconnex, Crêts-Morillon", "stop_desc": null, "stop_lat": 46.228725, "stop_lon": 6.127527, "zone_id": null, "stop_url": null, "location_type": 1, "parent_station": null, "active": false }, "geometry": { "type": "Point", "coordinates": [ 6.127527, 46.228725 ] } },
{ "type": "Feature", "properties": { "stop_id": "unmatched_MORL98", "stop_code": "MORL98", "stop_name": "Grand-Saconnex, Crêts-Morillon", "stop_desc": null, "stop_lat": 46.230145, "stop_lon": 6.129535, "zone_id": null, "stop_url": null, "location_type": 1, "parent_station": null, "active": false }, "geometry": { "type": "Point", "coordinates": [ 6.129535, 46.230145 ] } },
{ "type": "Feature", "properties": { "stop_id": "unmatched_MOTU01", "stop_code": "MOTU01", "stop_name": "Monthoux", "stop_desc": null, "stop_lat": 46.210117, "stop_lon": 6.148554, "zone_id": null, "stop_url": null, "location_type": 1, "parent_station": null, "active": true }, "geometry": { "type": "Point", "coordinates": [ 6.148554, 46.210117 ] } },
{ "type": "Feature", "properties": { "stop_id": "unmatched_MRCH04", "stop_code": "MRCH04", "stop_name": "Marché", "stop_desc": null, "stop_lat": 46.184307, "stop_lon": 6.139385, "zone_id": null, "stop_url": null, "location_type": 1, "parent_station": null, "active": false }, "geometry": { "type": "Point", "coordinates": [ 6.139385, 46.184307 ] } },
{ "type": "Feature", "properties": { "stop_id": "unmatched_MRCH98", "stop_code": "MRCH98", "stop_name": "Marché", "stop_desc": null, "stop_lat": 46.183891, "stop_lon": 6.137708, "zone_id": null, "stop_url": null, "location_type": 1, "parent_station": null, "active": false }, "geometry": { "type": "Point", "coordinates": [ 6.137708, 46.183891 ] } },
{ "type": "Feature", "properties": { "stop_id": "unmatched_MUCA00", "stop_code": "MUCA00", "stop_name": "Musée de Carouge", "stop_desc": null, "stop_lat": 46.18343, "stop_lon": 6.139571, "zone_id": null, "stop_url": null, "location_type": 1, "parent_station": null, "active": false }, "geometry": { "type": "Point", "coordinates": [ 6.139571, 46.18343 ] } },
{ "type": "Feature", "properties": { "stop_id": "unmatched_MUET03", "stop_code": "MUET03", "stop_name": "Musée d'ethnographie", "stop_desc": null, "stop_lat": 46.19706, "stop_lon": 6.138017, "zone_id": null, "stop_url": null, "location_type": 1, "parent_station": null, "active": false }, "geometry": { "type": "Point", "coordinates": [ 6.138017, 46.19706 ] } },
{ "type": "Feature", "properties": { "stop_id": "unmatched_MUSE01", "stop_code": "MUSE01", "stop_name": "Muséum", "stop_desc": null, "stop_lat": 46.198498, "stop_lon": 6.157225, "zone_id": null, "stop_url": null, "location_type": 1, "parent_station": null, "active": true }, "geometry": { "type": "Point", "coordinates": [ 6.157225, 46.198498 ] } },
{ "type": "Feature", "properties": { "stop_id": "unmatched_MUSE99", "stop_code": "MUSE99", "stop_name": "Muséum", "stop_desc": null, "stop_lat": 46.198811, "stop_lon": 6.156351, "zone_id": null, "stop_url": null, "location_type": 1, "parent_station": null, "active": false }, "geometry": { "type": "Point", "coordinates": [ 6.156351, 46.198811 ] } },
{ "type": "Feature", "properties": { "stop_id": "unmatched_MUTR00", "stop_code": "MUTR00", "stop_name": "Muséum-Tranchées", "stop_desc": null, "stop_lat": 46.198158, "stop_lon": 6.155174, "zone_id": null, "stop_url": null, "location_type": 1, "parent_station": null, "active": false }, "geometry": { "type": "Point", "coordinates": [ 6.155174, 46.198158 ] } },
{ "type": "Feature", "properties": { "stop_id": "unmatched_NATI01", "stop_code": "NATI01", "stop_name": "Nations", "stop_desc": null, "stop_lat": 46.222172, "stop_lon": 6.139, "zone_id": null, "stop_url": null, "location_type": 1, "parent_station": null, "active": false }, "geometry": { "type": "Point", "coordinates": [ 6.139, 46.222172 ] } },
{ "type": "Feature", "properties": { "stop_id": "unmatched_NATI08", "stop_code": "NATI08", "stop_name": "Nations", "stop_desc": null, "stop_lat": 46.222229, "stop_lon": 6.139078, "zone_id": null, "stop_url": null, "location_type": 1, "parent_station": null, "active": false }, "geometry": { "type": "Point", "coordinates": [ 6.139078, 46.222229 ] } },
{ "type": "Feature", "properties": { "stop_id": "unmatched_NATI09", "stop_code": "NATI09", "stop_name": "Nations", "stop_desc": null, "stop_lat": 46.222229, "stop_lon": 6.139078, "zone_id": null, "stop_url": null, "location_type": 1, "parent_station": null, "active": false }, "geometry": { "type": "Point", "coordinates": [ 6.139078, 46.222229 ] } },
{ "type": "Feature", "properties": { "stop_id": "unmatched_NATI13", "stop_code": "NATI13", "stop_name": "Nations", "stop_desc": null, "stop_lat": 46.222729, "stop_lon": 6.138171, "zone_id": null, "stop_url": null, "location_type": 1, "parent_station": null, "active": false }, "geometry": { "type": "Point", "coordinates": [ 6.138171, 46.222729 ] } },
{ "type": "Feature", "properties": { "stop_id": "unmatched_NATI15", "stop_code": "NATI15", "stop_name": "Nations", "stop_desc": null, "stop_lat": 46.221989, "stop_lon": 6.139174, "zone_id": null, "stop_url": null, "location_type": 1, "parent_station": null, "active": false }, "geometry": { "type": "Point", "coordinates": [ 6.139174, 46.221989 ] } },
{ "type": "Feature", "properties": { "stop_id": "unmatched_NATI22", "stop_code": "NATI22", "stop_name": "Nations", "stop_desc": null, "stop_lat": 46.222309, "stop_lon": 6.138894, "zone_id": null, "stop_url": null, "location_type": 1, "parent_station": null, "active": true }, "geometry": { "type": "Point", "coordinates": [ 6.138894, 46.222309 ] } },
{ "type": "Feature", "properties": { "stop_id": "unmatched_NATIST", "stop_code": "NATIST", "stop_name": "Nations Stationnement", "stop_desc": null, "stop_lat": 46.222523, "stop_lon": 6.138267, "zone_id": null, "stop_url": null, "location_type": 1, "parent_station": null, "active": false }, "geometry": { "type": "Point", "coordinates": [ 6.138267, 46.222523 ] } },
{ "type": "Feature", "properties": { "stop_id": "unmatched_NAVI99", "stop_code": "NAVI99", "stop_name": "Navigation", "stop_desc": null, "stop_lat": 46.211922, "stop_lon": 6.149602, "zone_id": null, "stop_url": null, "location_type": 1, "parent_station": null, "active": false }, "geometry": { "type": "Point", "coordinates": [ 6.149602, 46.211922 ] } },
{ "type": "Feature", "properties": { "stop_id": "unmatched_NAVL00", "stop_code": "NAVL00", "stop_name": "Naville", "stop_desc": null, "stop_lat": 46.186413, "stop_lon": 6.181224, "zone_id": null, "stop_url": null, "location_type": 1, "parent_station": null, "active": false }, "geometry": { "type": "Point", "coordinates": [ 6.181224, 46.186413 ] } },
{ "type": "Feature", "properties": { "stop_id": "unmatched_NAVL01", "stop_code": "NAVL01", "stop_name": "Naville", "stop_desc": null, "stop_lat": 46.186401, "stop_lon": 6.181002, "zone_id": null, "stop_url": null, "location_type": 1, "parent_station": null, "active": false }, "geometry": { "type": "Point", "coordinates": [ 6.181002, 46.186401 ] } },
{ "type": "Feature", "properties": { "stop_id": "unmatched_NDAM00", "stop_code": "NDAM00", "stop_name": "Gare Cornavin Notre Dame", "stop_desc": null, "stop_lat": 46.209332, "stop_lon": 6.142284, "zone_id": null, "stop_url": null, "location_type": 1, "parent_station": null, "active": false }, "geometry": { "type": "Point", "coordinates": [ 6.142284, 46.209332 ] } },
{ "type": "Feature", "properties": { "stop_id": "unmatched_NDAM88", "stop_code": "NDAM88", "stop_name": "Gare Cornavin Notre Dame", "stop_desc": null, "stop_lat": 46.209335, "stop_lon": 6.142507, "zone_id": null, "stop_url": null, "location_type": 1, "parent_station": null, "active": false }, "geometry": { "type": "Point", "coordinates": [ 6.142507, 46.209335 ] } },
{ "type": "Feature", "properties": { "stop_id": "unmatched_NVY00", "stop_code": "NVY00", "stop_name": "N'Vy Hotel", "stop_desc": null, "stop_lat": 46.214561, "stop_lon": 6.147893, "zone_id": null, "stop_url": null, "location_type": 1, "parent_station": null, "active": false }, "geometry": { "type": "Point", "coordinates": [ 6.147893, 46.214561 ] } },
{ "type": "Feature", "properties": { "stop_id": "unmatched_OMS01", "stop_code": "OMS01", "stop_name": "OMS", "stop_desc": null, "stop_lat": 46.231159, "stop_lon": 6.133717, "zone_id": null, "stop_url": null, "location_type": 1, "parent_station": null, "active": false }, "geometry": { "type": "Point", "coordinates": [ 6.133717, 46.231159 ] } },
{ "type": "Feature", "properties": { "stop_id": "unmatched_OMS02", "stop_code": "OMS02", "stop_name": "OMS", "stop_desc": null, "stop_lat": 46.230476, "stop_lon": 6.130739, "zone_id": null, "stop_url": null, "location_type": 1, "parent_station": null, "active": false }, "geometry": { "type": "Point", "coordinates": [ 6.130739, 46.230476 ] } },
{ "type": "Feature", "properties": { "stop_id": "unmatched_OMSB00", "stop_code": "OMSB00", "stop_name": "Genève, OMS-BIT", "stop_desc": null, "stop_lat": 46.2313, "stop_lon": 6.133831, "zone_id": null, "stop_url": null, "location_type": 1, "parent_station": null, "active": true }, "geometry": { "type": "Point", "coordinates": [ 6.133831, 46.2313 ] } },
{ "type": "Feature", "properties": { "stop_id": "unmatched_PAIX00", "stop_code": "PAIX00", "stop_name": "Beau-Rivage - Paix", "stop_desc": null, "stop_lat": 46.208286, "stop_lon": 6.149116, "zone_id": null, "stop_url": null, "location_type": 1, "parent_station": null, "active": false }, "geometry": { "type": "Point", "coordinates": [ 6.149116, 46.208286 ] } },
{ "type": "Feature", "properties": { "stop_id": "unmatched_PAIX01", "stop_code": "PAIX01", "stop_name": "Beau-Rivage - Paix", "stop_desc": null, "stop_lat": 46.208805, "stop_lon": 6.147541, "zone_id": null, "stop_url": null, "location_type": 1, "parent_station": null, "active": false }, "geometry": { "type": "Point", "coordinates": [ 6.147541, 46.208805 ] } },
{ "type": "Feature", "properties": { "stop_id": "unmatched_PASE00", "stop_code": "PASE00", "stop_name": "Parking Sécheron", "stop_desc": null, "stop_lat": 46.220047, "stop_lon": 6.147551, "zone_id": null, "stop_url": null, "location_type": 1, "parent_station": null, "active": false }, "geometry": { "type": "Point", "coordinates": [ 6.147551, 46.220047 ] } },
{ "type": "Feature", "properties": { "stop_id": "unmatched_PEDI01", "stop_code": "PEDI01", "stop_name": "Pédiatrie", "stop_desc": null, "stop_lat": 46.190048, "stop_lon": 6.148848, "zone_id": null, "stop_url": null, "location_type": 1, "parent_station": null, "active": true }, "geometry": { "type": "Point", "coordinates": [ 6.148848, 46.190048 ] } },
{ "type": "Feature", "properties": { "stop_id": "unmatched_PENT00", "stop_code": "PENT00", "stop_name": "Penthes", "stop_desc": null, "stop_lat": 46.232235, "stop_lon": 6.138761, "zone_id": null, "stop_url": null, "location_type": 1, "parent_station": null, "active": true }, "geometry": { "type": "Point", "coordinates": [ 6.138761, 46.232235 ] } },
{ "type": "Feature", "properties": { "stop_id": "unmatched_PESC00", "stop_code": "PESC00", "stop_name": "Peschier", "stop_desc": null, "stop_lat": 46.193497, "stop_lon": 6.153702, "zone_id": null, "stop_url": null, "location_type": 1, "parent_station": null, "active": false }, "geometry": { "type": "Point", "coordinates": [ 6.153702, 46.193497 ] } },
{ "type": "Feature", "properties": { "stop_id": "unmatched_PESC01", "stop_code": "PESC01", "stop_name": "Peschier", "stop_desc": null, "stop_lat": 46.194122, "stop_lon": 6.153208, "zone_id": null, "stop_url": null, "location_type": 1, "parent_station": null, "active": false }, "geometry": { "type": "Point", "coordinates": [ 6.153208, 46.194122 ] } },
{ "type": "Feature", "properties": { "stop_id": "unmatched_PICY98", "stop_code": "PICY98", "stop_name": "Lancy-Piscine", "stop_desc": null, "stop_lat": 46.179543, "stop_lon": 6.121522, "zone_id": null, "stop_url": null, "location_type": 1, "parent_station": null, "active": false }, "geometry": { "type": "Point", "coordinates": [ 6.121522, 46.179543 ] } },
{ "type": "Feature", "properties": { "stop_id": "unmatched_PINC00", "stop_code": "PINC00", "stop_name": "Pinchat-la-Tour", "stop_desc": null, "stop_lat": 46.175934, "stop_lon": 6.152782, "zone_id": null, "stop_url": null, "location_type": 1, "parent_station": null, "active": true }, "geometry": { "type": "Point", "coordinates": [ 6.152782, 46.175934 ] } },
{ "type": "Feature", "properties": { "stop_id": "unmatched_PITH01", "stop_code": "PITH01", "stop_name": "Pictet-Thellusson", "stop_desc": null, "stop_lat": 46.189045, "stop_lon": 6.131164, "zone_id": null, "stop_url": null, "location_type": 1, "parent_station": null, "active": true }, "geometry": { "type": "Point", "coordinates": [ 6.131164, 46.189045 ] } },
{ "type": "Feature", "properties": { "stop_id": "unmatched_PLEV05", "stop_code": "PLEV05", "stop_name": "Place des Eaux-Vives", "stop_desc": null, "stop_lat": 46.201778, "stop_lon": 6.15749, "zone_id": null, "stop_url": null, "location_type": 1, "parent_station": null, "active": false }, "geometry": { "type": "Point", "coordinates": [ 6.15749, 46.201778 ] } },
{ "type": "Feature", "properties": { "stop_id": "unmatched_PLEVST", "stop_code": "PLEVST", "stop_name": "Place des Eaux-Vives Stationnement", "stop_desc": null, "stop_lat": 46.202663, "stop_lon": 6.15402, "zone_id": null, "stop_url": null, "location_type": 1, "parent_station": null, "active": false }, "geometry": { "type": "Point", "coordinates": [ 6.15402, 46.202663 ] } },
{ "type": "Feature", "properties": { "stop_id": "unmatched_PLEY01", "stop_code": "PLEY01", "stop_name": "Palais Eynard", "stop_desc": null, "stop_lat": 46.200092, "stop_lon": 6.146719, "zone_id": null, "stop_url": null, "location_type": 1, "parent_station": null, "active": true }, "geometry": { "type": "Point", "coordinates": [ 6.146719, 46.200092 ] } },
{ "type": "Feature", "properties": { "stop_id": "unmatched_PLPA02", "stop_code": "PLPA02", "stop_name": "Plainpalais", "stop_desc": null, "stop_lat": 46.197704, "stop_lon": 6.142965, "zone_id": null, "stop_url": null, "location_type": 1, "parent_station": null, "active": true }, "geometry": { "type": "Point", "coordinates": [ 6.142965, 46.197704 ] } },
{ "type": "Feature", "properties": { "stop_id": "unmatched_PLPA06", "stop_code": "PLPA06", "stop_name": "Plainpalais", "stop_desc": null, "stop_lat": 46.198837, "stop_lon": 6.143872, "zone_id": null, "stop_url": null, "location_type": 1, "parent_station": null, "active": false }, "geometry": { "type": "Point", "coordinates": [ 6.143872, 46.198837 ] } },
{ "type": "Feature", "properties": { "stop_id": "unmatched_PLPA97", "stop_code": "PLPA97", "stop_name": "Plainpalais", "stop_desc": null, "stop_lat": 46.198475, "stop_lon": 6.143776, "zone_id": null, "stop_url": null, "location_type": 1, "parent_station": null, "active": false }, "geometry": { "type": "Point", "coordinates": [ 6.143776, 46.198475 ] } },
{ "type": "Feature", "properties": { "stop_id": "unmatched_PLPA98", "stop_code": "PLPA98", "stop_name": "Plainpalais", "stop_desc": null, "stop_lat": 46.198738, "stop_lon": 6.142229, "zone_id": null, "stop_url": null, "location_type": 1, "parent_station": null, "active": false }, "geometry": { "type": "Point", "coordinates": [ 6.142229, 46.198738 ] } },
{ "type": "Feature", "properties": { "stop_id": "unmatched_PNEF99", "stop_code": "PNEF99", "stop_name": "Place de Neuve (fictif)", "stop_desc": null, "stop_lat": 46.201393, "stop_lon": 6.144065, "zone_id": null, "stop_url": null, "location_type": 1, "parent_station": null, "active": false }, "geometry": { "type": "Point", "coordinates": [ 6.144065, 46.201393 ] } },
{ "type": "Feature", "properties": { "stop_id": "unmatched_PNEV94", "stop_code": "PNEV94", "stop_name": "Place de Neuve", "stop_desc": null, "stop_lat": 46.201412, "stop_lon": 6.144033, "zone_id": null, "stop_url": null, "location_type": 1, "parent_station": null, "active": false }, "geometry": { "type": "Point", "coordinates": [ 6.144033, 46.201412 ] } },
{ "type": "Feature", "properties": { "stop_id": "unmatched_PNEV97", "stop_code": "PNEV97", "stop_name": "Place de Neuve", "stop_desc": null, "stop_lat": 46.201492, "stop_lon": 6.143541, "zone_id": null, "stop_url": null, "location_type": 1, "parent_station": null, "active": false }, "geometry": { "type": "Point", "coordinates": [ 6.143541, 46.201492 ] } },
{ "type": "Feature", "properties": { "stop_id": "unmatched_PORT00", "stop_code": "PORT00", "stop_name": "Place du Port", "stop_desc": null, "stop_lat": 46.203453, "stop_lon": 6.150798, "zone_id": null, "stop_url": null, "location_type": 1, "parent_station": null, "active": false }, "geometry": { "type": "Point", "coordinates": [ 6.150798, 46.203453 ] } },
{ "type": "Feature", "properties": { "stop_id": "unmatched_POST98", "stop_code": "POST98", "stop_name": "Poste", "stop_desc": null, "stop_lat": 46.213634, "stop_lon": 6.139453, "zone_id": null, "stop_url": null, "location_type": 1, "parent_station": null, "active": false }, "geometry": { "type": "Point", "coordinates": [ 6.139453, 46.213634 ] } },
{ "type": "Feature", "properties": { "stop_id": "unmatched_PSAC02", "stop_code": "PSAC02", "stop_name": "Petit-Saconnex", "stop_desc": null, "stop_lat": 46.22263, "stop_lon": 6.130067, "zone_id": null, "stop_url": null, "location_type": 1, "parent_station": null, "active": false }, "geometry": { "type": "Point", "coordinates": [ 6.130067, 46.22263 ] } },
{ "type": "Feature", "properties": { "stop_id": "unmatched_PSAC98", "stop_code": "PSAC98", "stop_name": "Petit-Saconnex", "stop_desc": null, "stop_lat": 46.222664, "stop_lon": 6.129699, "zone_id": null, "stop_url": null, "location_type": 1, "parent_station": null, "active": false }, "geometry": { "type": "Point", "coordinates": [ 6.129699, 46.222664 ] } },
{ "type": "Feature", "properties": { "stop_id": "unmatched_PTAR99", "stop_code": "PTAR99", "stop_name": "Pont-d'Arve", "stop_desc": null, "stop_lat": 46.194134, "stop_lon": 6.141774, "zone_id": null, "stop_url": null, "location_type": 1, "parent_station": null, "active": false }, "geometry": { "type": "Point", "coordinates": [ 6.141774, 46.194134 ] } },
{ "type": "Feature", "properties": { "stop_id": "unmatched_QARO01", "stop_code": "QARO01", "stop_name": "Quai du Rhône", "stop_desc": null, "stop_lat": 46.203167, "stop_lon": 6.134674, "zone_id": null, "stop_url": null, "location_type": 1, "parent_station": null, "active": false }, "geometry": { "type": "Point", "coordinates": [ 6.134674, 46.203167 ] } },
{ "type": "Feature", "properties": { "stop_id": "unmatched_RIAN99", "stop_code": "RIAN99", "stop_name": "Riant-Parc", "stop_desc": null, "stop_lat": 46.222229, "stop_lon": 6.117799, "zone_id": null, "stop_url": null, "location_type": 1, "parent_station": null, "active": false }, "geometry": { "type": "Point", "coordinates": [ 6.117799, 46.222229 ] } },
{ "type": "Feature", "properties": { "stop_id": "unmatched_RIVE11", "stop_code": "RIVE11", "stop_name": "Rive", "stop_desc": null, "stop_lat": 46.202789, "stop_lon": 6.153457, "zone_id": null, "stop_url": null, "location_type": 1, "parent_station": null, "active": true }, "geometry": { "type": "Point", "coordinates": [ 6.153457, 46.202789 ] } },
{ "type": "Feature", "properties": { "stop_id": "unmatched_RIVE95", "stop_code": "RIVE95", "stop_name": "Rive", "stop_desc": null, "stop_lat": 46.201313, "stop_lon": 6.153372, "zone_id": null, "stop_url": null, "location_type": 1, "parent_station": null, "active": false }, "geometry": { "type": "Point", "coordinates": [ 6.153372, 46.201313 ] } },
{ "type": "Feature", "properties": { "stop_id": "unmatched_RIVE96", "stop_code": "RIVE96", "stop_name": "Rive", "stop_desc": null, "stop_lat": 46.202869, "stop_lon": 6.15352, "zone_id": null, "stop_url": null, "location_type": 1, "parent_station": null, "active": true }, "geometry": { "type": "Point", "coordinates": [ 6.15352, 46.202869 ] } },
{ "type": "Feature", "properties": { "stop_id": "unmatched_RIVE97", "stop_code": "RIVE97", "stop_name": "Rive", "stop_desc": null, "stop_lat": 46.203773, "stop_lon": 6.154483, "zone_id": null, "stop_url": null, "location_type": 1, "parent_station": null, "active": false }, "geometry": { "type": "Point", "coordinates": [ 6.154483, 46.203773 ] } },
{ "type": "Feature", "properties": { "stop_id": "unmatched_RIVEST", "stop_code": "RIVEST", "stop_name": "Rive (Stationnement)", "stop_desc": null, "stop_lat": 46.202553, "stop_lon": 6.153717, "zone_id": null, "stop_url": null, "location_type": 1, "parent_station": null, "active": false }, "geometry": { "type": "Point", "coordinates": [ 6.153717, 46.202553 ] } },
{ "type": "Feature", "properties": { "stop_id": "unmatched_ROCH00", "stop_code": "ROCH00", "stop_name": "Roches", "stop_desc": null, "stop_lat": 46.200039, "stop_lon": 6.162488, "zone_id": null, "stop_url": null, "location_type": 1, "parent_station": null, "active": false }, "geometry": { "type": "Point", "coordinates": [ 6.162488, 46.200039 ] } },
{ "type": "Feature", "properties": { "stop_id": "unmatched_ROCH01", "stop_code": "ROCH01", "stop_name": "Roches", "stop_desc": null, "stop_lat": 46.200058, "stop_lon": 6.161956, "zone_id": null, "stop_url": null, "location_type": 1, "parent_station": null, "active": false }, "geometry": { "type": "Point", "coordinates": [ 6.161956, 46.200058 ] } },
{ "type": "Feature", "properties": { "stop_id": "unmatched_ROCH98", "stop_code": "ROCH98", "stop_name": "Roches", "stop_desc": null, "stop_lat": 46.20023, "stop_lon": 6.160994, "zone_id": null, "stop_url": null, "location_type": 1, "parent_station": null, "active": false }, "geometry": { "type": "Point", "coordinates": [ 6.160994, 46.20023 ] } },
{ "type": "Feature", "properties": { "stop_id": "unmatched_SCLO02", "stop_code": "SCLO02", "stop_name": "Sainte-Clotilde", "stop_desc": null, "stop_lat": 46.200321, "stop_lon": 6.131917, "zone_id": null, "stop_url": null, "location_type": 1, "parent_station": null, "active": false }, "geometry": { "type": "Point", "coordinates": [ 6.131917, 46.200321 ] } },
{ "type": "Feature", "properties": { "stop_id": "unmatched_SECH04", "stop_code": "SECH04", "stop_name": "Genève, Parking Sécheron", "stop_desc": null, "stop_lat": 46.220135, "stop_lon": 6.147649, "zone_id": null, "stop_url": null, "location_type": 1, "parent_station": null, "active": false }, "geometry": { "type": "Point", "coordinates": [ 6.147649, 46.220135 ] } },
{ "type": "Feature", "properties": { "stop_id": "unmatched_SGEO00", "stop_code": "SGEO00", "stop_name": "Saint-Georges", "stop_desc": null, "stop_lat": 46.196526, "stop_lon": 6.118118, "zone_id": null, "stop_url": null, "location_type": 1, "parent_station": null, "active": false }, "geometry": { "type": "Point", "coordinates": [ 6.118118, 46.196526 ] } },
{ "type": "Feature", "properties": { "stop_id": "unmatched_SIMO01", "stop_code": "SIMO01", "stop_name": "Collège Sismondi", "stop_desc": null, "stop_lat": 46.220943, "stop_lon": 6.14161, "zone_id": null, "stop_url": null, "location_type": 1, "parent_station": null, "active": false }, "geometry": { "type": "Point", "coordinates": [ 6.14161, 46.220943 ] } },
{ "type": "Feature", "properties": { "stop_id": "unmatched_SPOR01", "stop_code": "SPOR01", "stop_name": "Parc-des-Sports", "stop_desc": null, "stop_lat": 46.210194, "stop_lon": 6.117035, "zone_id": null, "stop_url": null, "location_type": 1, "parent_station": null, "active": false }, "geometry": { "type": "Point", "coordinates": [ 6.117035, 46.210194 ] } },
{ "type": "Feature", "properties": { "stop_id": "unmatched_STAL00", "stop_code": "STAL00", "stop_name": "De-Staël", "stop_desc": null, "stop_lat": 46.17609, "stop_lon": 6.132614, "zone_id": null, "stop_url": null, "location_type": 1, "parent_station": null, "active": true }, "geometry": { "type": "Point", "coordinates": [ 6.132614, 46.17609 ] } },
{ "type": "Feature", "properties": { "stop_id": "unmatched_STAL99", "stop_code": "STAL99", "stop_name": "De-Staël", "stop_desc": null, "stop_lat": 46.176113, "stop_lon": 6.132212, "zone_id": null, "stop_url": null, "location_type": 1, "parent_station": null, "active": false }, "geometry": { "type": "Point", "coordinates": [ 6.132212, 46.176113 ] } },
{ "type": "Feature", "properties": { "stop_id": "unmatched_STGE00", "stop_code": "STGE00", "stop_name": "Grand-Lancy, Stade de Genève", "stop_desc": null, "stop_lat": 46.178646, "stop_lon": 6.128693, "zone_id": null, "stop_url": null, "location_type": 1, "parent_station": null, "active": true }, "geometry": { "type": "Point", "coordinates": [ 6.128693, 46.178646 ] } },
{ "type": "Feature", "properties": { "stop_id": "unmatched_STGE02", "stop_code": "STGE02", "stop_name": "Stade de Genève", "stop_desc": null, "stop_lat": 46.18034, "stop_lon": 6.128532, "zone_id": null, "stop_url": null, "location_type": 1, "parent_station": null, "active": false }, "geometry": { "type": "Point", "coordinates": [ 6.128532, 46.18034 ] } },
{ "type": "Feature", "properties": { "stop_id": "unmatched_TCAR99", "stop_code": "TCAR99", "stop_name": "Carouge-Tours", "stop_desc": null, "stop_lat": 46.183018, "stop_lon": 6.135596, "zone_id": null, "stop_url": null, "location_type": 1, "parent_station": null, "active": false }, "geometry": { "type": "Point", "coordinates": [ 6.135596, 46.183018 ] } },
{ "type": "Feature", "properties": { "stop_id": "unmatched_THRE00", "stop_code": "THRE00", "stop_name": "Théâtre", "stop_desc": null, "stop_lat": 46.202175, "stop_lon": 6.141693, "zone_id": null, "stop_url": null, "location_type": 1, "parent_station": null, "active": true }, "geometry": { "type": "Point", "coordinates": [ 6.141693, 46.202175 ] } },
{ "type": "Feature", "properties": { "stop_id": "unmatched_THRE99", "stop_code": "THRE99", "stop_name": "Théâtre", "stop_desc": null, "stop_lat": 46.202328, "stop_lon": 6.142825, "zone_id": null, "stop_url": null, "location_type": 1, "parent_station": null, "active": false }, "geometry": { "type": "Point", "coordinates": [ 6.142825, 46.202328 ] } },
{ "type": "Feature", "properties": { "stop_id": "unmatched_THWE99", "stop_code": "THWE99", "stop_name": "Théodore-Weber", "stop_desc": null, "stop_lat": 46.198292, "stop_lon": 6.164077, "zone_id": null, "stop_url": null, "location_type": 1, "parent_station": null, "active": false }, "geometry": { "type": "Point", "coordinates": [ 6.164077, 46.198292 ] } },
{ "type": "Feature", "properties": { "stop_id": "unmatched_TRMB01", "stop_code": "TRMB01", "stop_name": "Trembley", "stop_desc": null, "stop_lat": 46.217804, "stop_lon": 6.126533, "zone_id": null, "stop_url": null, "location_type": 1, "parent_station": null, "active": true }, "geometry": { "type": "Point", "coordinates": [ 6.126533, 46.217804 ] } },
{ "type": "Feature", "properties": { "stop_id": "unmatched_TRMB03", "stop_code": "TRMB03", "stop_name": "Trembley", "stop_desc": null, "stop_lat": 46.218445, "stop_lon": 6.125636, "zone_id": null, "stop_url": null, "location_type": 1, "parent_station": null, "active": true }, "geometry": { "type": "Point", "coordinates": [ 6.125636, 46.218445 ] } },
{ "type": "Feature", "properties": { "stop_id": "unmatched_TRMB99", "stop_code": "TRMB99", "stop_name": "Trembley", "stop_desc": null, "stop_lat": 46.218353, "stop_lon": 6.126441, "zone_id": null, "stop_url": null, "location_type": 1, "parent_station": null, "active": false }, "geometry": { "type": "Point", "coordinates": [ 6.126441, 46.218353 ] } },
{ "type": "Feature", "properties": { "stop_id": "unmatched_UBER02", "stop_code": "UBER02", "stop_name": "Petit-Lancy, Morgines", "stop_desc": null, "stop_lat": 46.193462, "stop_lon": 6.109474, "zone_id": null, "stop_url": null, "location_type": 1, "parent_station": null, "active": false }, "geometry": { "type": "Point", "coordinates": [ 6.109474, 46.193462 ] } },
{ "type": "Feature", "properties": { "stop_id": "unmatched_UBER03", "stop_code": "UBER03", "stop_name": "Petit-Lancy, Morgines", "stop_desc": null, "stop_lat": 46.192101, "stop_lon": 6.110142, "zone_id": null, "stop_url": null, "location_type": 1, "parent_station": null, "active": false }, "geometry": { "type": "Point", "coordinates": [ 6.110142, 46.192101 ] } },
{ "type": "Feature", "properties": { "stop_id": "unmatched_UIT00", "stop_code": "UIT00", "stop_name": "UIT", "stop_desc": null, "stop_lat": 46.220322, "stop_lon": 6.135701, "zone_id": null, "stop_url": null, "location_type": 1, "parent_station": null, "active": false }, "geometry": { "type": "Point", "coordinates": [ 6.135701, 46.220322 ] } },
{ "type": "Feature", "properties": { "stop_id": "unmatched_UNIM03", "stop_code": "UNIM03", "stop_name": "Uni-Mail", "stop_desc": null, "stop_lat": 46.19474, "stop_lon": 6.141222, "zone_id": null, "stop_url": null, "location_type": 1, "parent_station": null, "active": false }, "geometry": { "type": "Point", "coordinates": [ 6.141222, 46.19474 ] } },
{ "type": "Feature", "properties": { "stop_id": "unmatched_UNIM98", "stop_code": "UNIM98", "stop_name": "Uni-Mail", "stop_desc": null, "stop_lat": 46.194443, "stop_lon": 6.142046, "zone_id": null, "stop_url": null, "location_type": 1, "parent_station": null, "active": true }, "geometry": { "type": "Point", "coordinates": [ 6.142046, 46.194443 ] } },
{ "type": "Feature", "properties": { "stop_id": "unmatched_VAUT00", "stop_code": "VAUT00", "stop_name": "Vautier", "stop_desc": null, "stop_lat": 46.185795, "stop_lon": 6.142524, "zone_id": null, "stop_url": null, "location_type": 1, "parent_station": null, "active": false }, "geometry": { "type": "Point", "coordinates": [ 6.142524, 46.185795 ] } },
{ "type": "Feature", "properties": { "stop_id": "unmatched_VEHA00", "stop_code": "VEHA00", "stop_name": "Vessy, hameau", "stop_desc": null, "stop_lat": 46.182808, "stop_lon": 6.167821, "zone_id": null, "stop_url": null, "location_type": 1, "parent_station": null, "active": false }, "geometry": { "type": "Point", "coordinates": [ 6.167821, 46.182808 ] } },
{ "type": "Feature", "properties": { "stop_id": "unmatched_VEHA01", "stop_code": "VEHA01", "stop_name": "Vessy, hameau", "stop_desc": null, "stop_lat": 46.182896, "stop_lon": 6.168003, "zone_id": null, "stop_url": null, "location_type": 1, "parent_station": null, "active": false }, "geometry": { "type": "Point", "coordinates": [ 6.168003, 46.182896 ] } },
{ "type": "Feature", "properties": { "stop_id": "unmatched_VLAI01", "stop_code": "VLAI01", "stop_name": "Valais", "stop_desc": null, "stop_lat": 46.21666, "stop_lon": 6.14118, "zone_id": null, "stop_url": null, "location_type": 1, "parent_station": null, "active": true }, "geometry": { "type": "Point", "coordinates": [ 6.14118, 46.21666 ] } },
{ "type": "Feature", "properties": { "stop_id": "unmatched_VRNT02", "stop_code": "VRNT02", "stop_name": "Vernets", "stop_desc": null, "stop_lat": 46.192375, "stop_lon": 6.134987, "zone_id": null, "stop_url": null, "location_type": 1, "parent_station": null, "active": false }, "geometry": { "type": "Point", "coordinates": [ 6.134987, 46.192375 ] } },
{ "type": "Feature", "properties": { "stop_id": "unmatched_VSUI03", "stop_code": "VSUI03", "stop_name": "Village Suisse", "stop_desc": null, "stop_lat": 46.200825, "stop_lon": 6.137527, "zone_id": null, "stop_url": null, "location_type": 1, "parent_station": null, "active": false }, "geometry": { "type": "Point", "coordinates": [ 6.137527, 46.200825 ] } },
{ "type": "Feature", "properties": { "stop_id": "unmatched_WARW02", "stop_code": "WARW02", "stop_name": "Warwick - Cristal", "stop_desc": null, "stop_lat": 46.210552, "stop_lon": 6.144199, "zone_id": null, "stop_url": null, "location_type": 1, "parent_station": null, "active": false }, "geometry": { "type": "Point", "coordinates": [ 6.144199, 46.210552 ] } },
{ "type": "Feature", "properties": { "stop_id": "unmatched_WEBR98", "stop_code": "WEBR98", "stop_name": "Weber", "stop_desc": null, "stop_lat": 46.19651, "stop_lon": 6.165363, "zone_id": null, "stop_url": null, "location_type": 1, "parent_station": null, "active": false }, "geometry": { "type": "Point", "coordinates": [ 6.165363, 46.19651 ] } },
{ "type": "Feature", "properties": { "stop_id": "unmatched_XPAQU2", "stop_code": "XPAQU2", "stop_name": "Pâquis", "stop_desc": null, "stop_lat": 46.209339, "stop_lon": 6.151391, "zone_id": null, "stop_url": null, "location_type": 1, "parent_station": null, "active": false }, "geometry": { "type": "Point", "coordinates": [ 6.151391, 46.209339 ] } },
{ "type": "Feature", "properties": { "stop_id": "unmatched_XPLEV2", "stop_code": "XPLEV2", "stop_name": "Place des Eaux-Vives", "stop_desc": null, "stop_lat": 46.205276, "stop_lon": 6.155128, "zone_id": null, "stop_url": null, "location_type": 1, "parent_station": null, "active": false }, "geometry": { "type": "Point", "coordinates": [ 6.155128, 46.205276 ] } },
{ "type": "Feature", "properties": { "stop_id": "unmatched_XPLGE4", "stop_code": "XPLGE4", "stop_name": "Genève-Plage", "stop_desc": null, "stop_lat": 46.211578, "stop_lon": 6.170361, "zone_id": null, "stop_url": null, "location_type": 1, "parent_station": null, "active": false }, "geometry": { "type": "Point", "coordinates": [ 6.170361, 46.211578 ] } },
{ "type": "Feature", "properties": { "stop_id": "unmatched_22CT01", "stop_code": "22CT01", "stop_name": "22-Cantons (Gare Cornavin)", "stop_desc": null, "stop_lat": 46.208889, "stop_lon": 6.140173, "zone_id": null, "stop_url": null, "location_type": 1, "parent_station": null, "active": false }, "geometry": { "type": "Point", "coordinates": [ 6.140173, 46.208889 ] } },
{ "type": "Feature", "properties": { "stop_id": "unmatched_AAIN03", "stop_code": "AAIN03", "stop_name": "Avenue de l'Ain", "stop_desc": null, "stop_lat": 46.207745, "stop_lon": 6.109216, "zone_id": null, "stop_url": null, "location_type": 1, "parent_station": null, "active": true }, "geometry": { "type": "Point", "coordinates": [ 6.109216, 46.207745 ] } },
{ "type": "Feature", "properties": { "stop_id": "unmatched_AAIN04", "stop_code": "AAIN04", "stop_name": "Avenue de l'Ain", "stop_desc": null, "stop_lat": 46.205784, "stop_lon": 6.111933, "zone_id": null, "stop_url": null, "location_type": 1, "parent_station": null, "active": true }, "geometry": { "type": "Point", "coordinates": [ 6.111933, 46.205784 ] } },
{ "type": "Feature", "properties": { "stop_id": "unmatched_AGAZ00", "stop_code": "AGAZ00", "stop_name": "Usine à Gaz", "stop_desc": null, "stop_lat": 46.205704, "stop_lon": 6.108255, "zone_id": null, "stop_url": null, "location_type": 1, "parent_station": null, "active": true }, "geometry": { "type": "Point", "coordinates": [ 6.108255, 46.205704 ] } },
{ "type": "Feature", "properties": { "stop_id": "unmatched_ALPE98", "stop_code": "ALPE98", "stop_name": "Alpes", "stop_desc": null, "stop_lat": 46.209, "stop_lon": 6.14702, "zone_id": null, "stop_url": null, "location_type": 1, "parent_station": null, "active": false }, "geometry": { "type": "Point", "coordinates": [ 6.14702, 46.209 ] } },
{ "type": "Feature", "properties": { "stop_id": "unmatched_ANCI01", "stop_code": "ANCI01", "stop_name": "Ancienne", "stop_desc": null, "stop_lat": 46.18111, "stop_lon": 6.140731, "zone_id": null, "stop_url": null, "location_type": 1, "parent_station": null, "active": true }, "geometry": { "type": "Point", "coordinates": [ 6.140731, 46.18111 ] } },
{ "type": "Feature", "properties": { "stop_id": "unmatched_ANGL00", "stop_code": "ANGL00", "stop_name": "Angleterre", "stop_desc": null, "stop_lat": 46.209602, "stop_lon": 6.15059, "zone_id": null, "stop_url": null, "location_type": 1, "parent_station": null, "active": false }, "geometry": { "type": "Point", "coordinates": [ 6.15059, 46.209602 ] } },
{ "type": "Feature", "properties": { "stop_id": "unmatched_APIA01", "stop_code": "APIA01", "stop_name": "Appia", "stop_desc": null, "stop_lat": 46.22686, "stop_lon": 6.136763, "zone_id": null, "stop_url": null, "location_type": 1, "parent_station": null, "active": true }, "geometry": { "type": "Point", "coordinates": [ 6.136763, 46.22686 ] } },
{ "type": "Feature", "properties": { "stop_id": "unmatched_APIA06", "stop_code": "APIA06", "stop_name": "Appia", "stop_desc": null, "stop_lat": 46.224922, "stop_lon": 6.1368, "zone_id": null, "stop_url": null, "location_type": 1, "parent_station": null, "active": false }, "geometry": { "type": "Point", "coordinates": [ 6.1368, 46.224922 ] } },
{ "type": "Feature", "properties": { "stop_id": "unmatched_APIAST", "stop_code": "APIAST", "stop_name": "Appia Stationnement", "stop_desc": null, "stop_lat": 46.224987, "stop_lon": 6.136484, "zone_id": null, "stop_url": null, "location_type": 1, "parent_station": null, "active": false }, "geometry": { "type": "Point", "coordinates": [ 6.136484, 46.224987 ] } },
{ "type": "Feature", "properties": { "stop_id": "unmatched_ATHE01", "stop_code": "ATHE01", "stop_name": "Athénée", "stop_desc": null, "stop_lat": 46.198406, "stop_lon": 6.148546, "zone_id": null, "stop_url": null, "location_type": 1, "parent_station": null, "active": true }, "geometry": { "type": "Point", "coordinates": [ 6.148546, 46.198406 ] } },
{ "type": "Feature", "properties": { "stop_id": "unmatched_ATHE05", "stop_code": "ATHE05", "stop_name": "Athénée", "stop_desc": null, "stop_lat": 46.198502, "stop_lon": 6.147391, "zone_id": null, "stop_url": null, "location_type": 1, "parent_station": null, "active": false }, "geometry": { "type": "Point", "coordinates": [ 6.147391, 46.198502 ] } },
{ "type": "Feature", "properties": { "stop_id": "unmatched_ATHE99", "stop_code": "ATHE99", "stop_name": "Athénée", "stop_desc": null, "stop_lat": 46.197697, "stop_lon": 6.148572, "zone_id": null, "stop_url": null, "location_type": 1, "parent_station": null, "active": false }, "geometry": { "type": "Point", "coordinates": [ 6.148572, 46.197697 ] } },
{ "type": "Feature", "properties": { "stop_id": "unmatched_AUBE00", "stop_code": "AUBE00", "stop_name": "Aubépine", "stop_desc": null, "stop_lat": 46.187286, "stop_lon": 6.147203, "zone_id": null, "stop_url": null, "location_type": 1, "parent_station": null, "active": true }, "geometry": { "type": "Point", "coordinates": [ 6.147203, 46.187286 ] } },
{ "type": "Feature", "properties": { "stop_id": "unmatched_AUBI98", "stop_code": "AUBI98", "stop_name": "Merle-d'Aubigné", "stop_desc": null, "stop_lat": 46.206142, "stop_lon": 6.161289, "zone_id": null, "stop_url": null, "location_type": 1, "parent_station": null, "active": false }, "geometry": { "type": "Point", "coordinates": [ 6.161289, 46.206142 ] } },
{ "type": "Feature", "properties": { "stop_id": "unmatched_AUGS03", "stop_code": "AUGS03", "stop_name": "Augustins", "stop_desc": null, "stop_lat": 46.191631, "stop_lon": 6.143681, "zone_id": null, "stop_url": null, "location_type": 1, "parent_station": null, "active": false }, "geometry": { "type": "Point", "coordinates": [ 6.143681, 46.191631 ] } },
{ "type": "Feature", "properties": { "stop_id": "unmatched_BAIR01", "stop_code": "BAIR01", "stop_name": "Bel-Air", "stop_desc": null, "stop_lat": 46.204826, "stop_lon": 6.143483, "zone_id": null, "stop_url": null, "location_type": 1, "parent_station": null, "active": true }, "geometry": { "type": "Point", "coordinates": [ 6.143483, 46.204826 ] } },
{ "type": "Feature", "properties": { "stop_id": "unmatched_BAIR02", "stop_code": "BAIR02", "stop_name": "Bel-Air", "stop_desc": null, "stop_lat": 46.204601, "stop_lon": 6.143449, "zone_id": null, "stop_url": null, "location_type": 1, "parent_station": null, "active": true }, "geometry": { "type": "Point", "coordinates": [ 6.143449, 46.204601 ] } },
{ "type": "Feature", "properties": { "stop_id": "unmatched_BAIR03", "stop_code": "BAIR03", "stop_name": "Bel-Air", "stop_desc": null, "stop_lat": 46.204456, "stop_lon": 6.143751, "zone_id": null, "stop_url": null, "location_type": 1, "parent_station": null, "active": false }, "geometry": { "type": "Point", "coordinates": [ 6.143751, 46.204456 ] } },
{ "type": "Feature", "properties": { "stop_id": "unmatched_BAIR05", "stop_code": "BAIR05", "stop_name": "Bel-Air", "stop_desc": null, "stop_lat": 46.203716, "stop_lon": 6.144637, "zone_id": null, "stop_url": null, "location_type": 1, "parent_station": null, "active": true }, "geometry": { "type": "Point", "coordinates": [ 6.144637, 46.203716 ] } },
{ "type": "Feature", "properties": { "stop_id": "unmatched_BAIR06", "stop_code": "BAIR06", "stop_name": "Bel-Air", "stop_desc": null, "stop_lat": 46.203976, "stop_lon": 6.143879, "zone_id": null, "stop_url": null, "location_type": 1, "parent_station": null, "active": true }, "geometry": { "type": "Point", "coordinates": [ 6.143879, 46.203976 ] } },
{ "type": "Feature", "properties": { "stop_id": "unmatched_BAIR98", "stop_code": "BAIR98", "stop_name": "Bel-Air", "stop_desc": null, "stop_lat": 46.202877, "stop_lon": 6.142744, "zone_id": null, "stop_url": null, "location_type": 1, "parent_station": null, "active": false }, "geometry": { "type": "Point", "coordinates": [ 6.142744, 46.202877 ] } },
{ "type": "Feature", "properties": { "stop_id": "unmatched_BAPO00", "stop_code": "BAPO00", "stop_name": "Bel-Air (Pont)", "stop_desc": null, "stop_lat": 46.204651, "stop_lon": 6.143086, "zone_id": null, "stop_url": null, "location_type": 1, "parent_station": null, "active": false }, "geometry": { "type": "Point", "coordinates": [ 6.143086, 46.204651 ] } },
{ "type": "Feature", "properties": { "stop_id": "unmatched_BAPO01", "stop_code": "BAPO01", "stop_name": "Bel-Air (Pont)", "stop_desc": null, "stop_lat": 46.205036, "stop_lon": 6.14305, "zone_id": null, "stop_url": null, "location_type": 1, "parent_station": null, "active": false }, "geometry": { "type": "Point", "coordinates": [ 6.14305, 46.205036 ] } },
{ "type": "Feature", "properties": { "stop_id": "unmatched_BART00", "stop_code": "BART00", "stop_name": "Bartholoni", "stop_desc": null, "stop_lat": 46.200184, "stop_lon": 6.142493, "zone_id": null, "stop_url": null, "location_type": 1, "parent_station": null, "active": false }, "geometry": { "type": "Point", "coordinates": [ 6.142493, 46.200184 ] } },
{ "type": "Feature", "properties": { "stop_id": "unmatched_BEVE00", "stop_code": "BEVE00", "stop_name": "Berges de Vessy", "stop_desc": null, "stop_lat": 46.179264, "stop_lon": 6.169409, "zone_id": null, "stop_url": null, "location_type": 1, "parent_station": null, "active": false }, "geometry": { "type": "Point", "coordinates": [ 6.169409, 46.179264 ] } },
{ "type": "Feature", "properties": { "stop_id": "unmatched_BLVE00", "stop_code": "BLVE00", "stop_name": "Baillive", "stop_desc": null, "stop_lat": 46.198616, "stop_lon": 6.134781, "zone_id": null, "stop_url": null, "location_type": 1, "parent_station": null, "active": false }, "geometry": { "type": "Point", "coordinates": [ 6.134781, 46.198616 ] } },
{ "type": "Feature", "properties": { "stop_id": "unmatched_BTNI99", "stop_code": "BTNI99", "stop_name": "Butini", "stop_desc": null, "stop_lat": 46.217491, "stop_lon": 6.14738, "zone_id": null, "stop_url": null, "location_type": 1, "parent_station": null, "active": false }, "geometry": { "type": "Point", "coordinates": [ 6.14738, 46.217491 ] } },
{ "type": "Feature", "properties": { "stop_id": "unmatched_BTNIST", "stop_code": "BTNIST", "stop_name": "Butini (ST)", "stop_desc": null, "stop_lat": 46.216881, "stop_lon": 6.14798, "zone_id": null, "stop_url": null, "location_type": 1, "parent_station": null, "active": false }, "geometry": { "type": "Point", "coordinates": [ 6.14798, 46.216881 ] } },
{ "type": "Feature", "properties": { "stop_id": "unmatched_BVYL00", "stop_code": "BVYL00", "stop_name": "Bovy-Lysberg", "stop_desc": null, "stop_lat": 46.202396, "stop_lon": 6.142854, "zone_id": null, "stop_url": null, "location_type": 1, "parent_station": null, "active": true }, "geometry": { "type": "Point", "coordinates": [ 6.142854, 46.202396 ] } },
{ "type": "Feature", "properties": { "stop_id": "unmatched_BVYLST", "stop_code": "BVYLST", "stop_name": "Bovy-Lysberg (ST)", "stop_desc": null, "stop_lat": 46.202934, "stop_lon": 6.142707, "zone_id": null, "stop_url": null, "location_type": 1, "parent_station": null, "active": false }, "geometry": { "type": "Point", "coordinates": [ 6.142707, 46.202934 ] } },
{ "type": "Feature", "properties": { "stop_id": "unmatched_CALA00", "stop_code": "CALA00", "stop_name": "Calas", "stop_desc": null, "stop_lat": 46.189617, "stop_lon": 6.151967, "zone_id": null, "stop_url": null, "location_type": 1, "parent_station": null, "active": true }, "geometry": { "type": "Point", "coordinates": [ 6.151967, 46.189617 ] } },
{ "type": "Feature", "properties": { "stop_id": "unmatched_CAMA02", "stop_code": "CAMA02", "stop_name": "Carouge-Marché", "stop_desc": null, "stop_lat": 46.183292, "stop_lon": 6.140997, "zone_id": null, "stop_url": null, "location_type": 1, "parent_station": null, "active": true }, "geometry": { "type": "Point", "coordinates": [ 6.140997, 46.183292 ] } },
{ "type": "Feature", "properties": { "stop_id": "unmatched_CAMA97", "stop_code": "CAMA97", "stop_name": "Carouge-Marché", "stop_desc": null, "stop_lat": 46.182785, "stop_lon": 6.137801, "zone_id": null, "stop_url": null, "location_type": 1, "parent_station": null, "active": false }, "geometry": { "type": "Point", "coordinates": [ 6.137801, 46.182785 ] } },
{ "type": "Feature", "properties": { "stop_id": "unmatched_CAMA99", "stop_code": "CAMA99", "stop_name": "Carouge-Marché", "stop_desc": null, "stop_lat": 46.181305, "stop_lon": 6.140066, "zone_id": null, "stop_url": null, "location_type": 1, "parent_station": null, "active": false }, "geometry": { "type": "Point", "coordinates": [ 6.140066, 46.181305 ] } },
{ "type": "Feature", "properties": { "stop_id": "unmatched_CBAC02", "stop_code": "CBAC02", "stop_name": "Chemin du Bac", "stop_desc": null, "stop_lat": 46.19482, "stop_lon": 6.113198, "zone_id": null, "stop_url": null, "location_type": 1, "parent_station": null, "active": true }, "geometry": { "type": "Point", "coordinates": [ 6.113198, 46.19482 ] } },
{ "type": "Feature", "properties": { "stop_id": "unmatched_CCHAST", "stop_code": "CCHAST", "stop_name": "Crêts-de-Champel Stationnement", "stop_desc": null, "stop_lat": 46.187275, "stop_lon": 6.159386, "zone_id": null, "stop_url": null, "location_type": 1, "parent_station": null, "active": false }, "geometry": { "type": "Point", "coordinates": [ 6.159386, 46.187275 ] } },
{ "type": "Feature", "properties": { "stop_id": "unmatched_CCLA00", "stop_code": "CCLA00", "stop_name": "Collège Claparède", "stop_desc": null, "stop_lat": 46.190151, "stop_lon": 6.186698, "zone_id": null, "stop_url": null, "location_type": 1, "parent_station": null, "active": true }, "geometry": { "type": "Point", "coordinates": [ 6.186698, 46.190151 ] } },
{ "type": "Feature", "properties": { "stop_id": "unmatched_CEBA00", "stop_code": "CEBA00", "stop_name": "Centre Europcar Balexert", "stop_desc": null, "stop_lat": 46.217133, "stop_lon": 6.116741, "zone_id": null, "stop_url": null, "location_type": 1, "parent_station": null, "active": false }, "geometry": { "type": "Point", "coordinates": [ 6.116741, 46.217133 ] } },
{ "type": "Feature", "properties": { "stop_id": "unmatched_CFOU00", "stop_code": "CFOU00", "stop_name": "Chemin des Fours", "stop_desc": null, "stop_lat": 46.217587, "stop_lon": 6.18341, "zone_id": null, "stop_url": null, "location_type": 1, "parent_station": null, "active": true }, "geometry": { "type": "Point", "coordinates": [ 6.18341, 46.217587 ] } },
{ "type": "Feature", "properties": { "stop_id": "unmatched_CFOU99", "stop_code": "CFOU99", "stop_name": "Chemin des Fours", "stop_desc": null, "stop_lat": 46.216743, "stop_lon": 6.187098, "zone_id": null, "stop_url": null, "location_type": 1, "parent_station": null, "active": false }, "geometry": { "type": "Point", "coordinates": [ 6.187098, 46.216743 ] } },
{ "type": "Feature", "properties": { "stop_id": "unmatched_CGEN00", "stop_code": "CGEN00", "stop_name": "Clinique-Générale", "stop_desc": null, "stop_lat": 46.190178, "stop_lon": 6.161721, "zone_id": null, "stop_url": null, "location_type": 1, "parent_station": null, "active": false }, "geometry": { "type": "Point", "coordinates": [ 6.161721, 46.190178 ] } },
{ "type": "Feature", "properties": { "stop_id": "unmatched_CHLA01", "stop_code": "CHLA01", "stop_name": "Châtelaine", "stop_desc": null, "stop_lat": 46.211109, "stop_lon": 6.112711, "zone_id": null, "stop_url": null, "location_type": 1, "parent_station": null, "active": true }, "geometry": { "type": "Point", "coordinates": [ 6.112711, 46.211109 ] } },
{ "type": "Feature", "properties": { "stop_id": "unmatched_CHLA02", "stop_code": "CHLA02", "stop_name": "Châtelaine", "stop_desc": null, "stop_lat": 46.212421, "stop_lon": 6.112198, "zone_id": null, "stop_url": null, "location_type": 1, "parent_station": null, "active": true }, "geometry": { "type": "Point", "coordinates": [ 6.112198, 46.212421 ] } },
{ "type": "Feature", "properties": { "stop_id": "unmatched_CHNE03", "stop_code": "CHNE03", "stop_name": "Chêne-Bougeries, Village", "stop_desc": null, "stop_lat": 46.197563, "stop_lon": 6.189934, "zone_id": null, "stop_url": null, "location_type": 1, "parent_station": null, "active": true }, "geometry": { "type": "Point", "coordinates": [ 6.189934, 46.197563 ] } },
{ "type": "Feature", "properties": { "stop_id": "unmatched_CIGO00", "stop_code": "CIGO00", "stop_name": "Cigogne", "stop_desc": null, "stop_lat": 46.202534, "stop_lon": 6.149666, "zone_id": null, "stop_url": null, "location_type": 1, "parent_station": null, "active": false }, "geometry": { "type": "Point", "coordinates": [ 6.149666, 46.202534 ] } },
{ "type": "Feature", "properties": { "stop_id": "unmatched_CLAP95", "stop_code": "CLAP95", "stop_name": "Place Claparède", "stop_desc": null, "stop_lat": 46.196655, "stop_lon": 6.149695, "zone_id": null, "stop_url": null, "location_type": 1, "parent_station": null, "active": false }, "geometry": { "type": "Point", "coordinates": [ 6.149695, 46.196655 ] } },
{ "type": "Feature", "properties": { "stop_id": "unmatched_CLAP97", "stop_code": "CLAP97", "stop_name": "Place Claparède", "stop_desc": null, "stop_lat": 46.195354, "stop_lon": 6.150733, "zone_id": null, "stop_url": null, "location_type": 1, "parent_station": null, "active": false }, "geometry": { "type": "Point", "coordinates": [ 6.150733, 46.195354 ] } },
{ "type": "Feature", "properties": { "stop_id": "unmatched_CLAP98", "stop_code": "CLAP98", "stop_name": "Place Claparède", "stop_desc": null, "stop_lat": 46.195374, "stop_lon": 6.150712, "zone_id": null, "stop_url": null, "location_type": 1, "parent_station": null, "active": false }, "geometry": { "type": "Point", "coordinates": [ 6.150712, 46.195374 ] } },
{ "type": "Feature", "properties": { "stop_id": "unmatched_CLAP99", "stop_code": "CLAP99", "stop_name": "Place Claparède", "stop_desc": null, "stop_lat": 46.195789, "stop_lon": 6.14978, "zone_id": null, "stop_url": null, "location_type": 1, "parent_station": null, "active": false }, "geometry": { "type": "Point", "coordinates": [ 6.14978, 46.195789 ] } },
{ "type": "Feature", "properties": { "stop_id": "unmatched_CNDL99", "stop_code": "CNDL99", "stop_name": "Genève, De-Candolle", "stop_desc": null, "stop_lat": 46.198269, "stop_lon": 6.144725, "zone_id": null, "stop_url": null, "location_type": 1, "parent_station": null, "active": false }, "geometry": { "type": "Point", "coordinates": [ 6.144725, 46.198269 ] } },
{ "type": "Feature", "properties": { "stop_id": "unmatched_CNDLST", "stop_code": "CNDLST", "stop_name": "Genève, De-Candolle (st)", "stop_desc": null, "stop_lat": 46.197586, "stop_lon": 6.145861, "zone_id": null, "stop_url": null, "location_type": 1, "parent_station": null, "active": false }, "geometry": { "type": "Point", "coordinates": [ 6.145861, 46.197586 ] } },
{ "type": "Feature", "properties": { "stop_id": "unmatched_COCE01", "stop_code": "COCE01", "stop_name": "Chêne-Bougeries, Conches-école", "stop_desc": null, "stop_lat": 46.189137, "stop_lon": 6.177796, "zone_id": null, "stop_url": null, "location_type": 1, "parent_station": null, "active": true }, "geometry": { "type": "Point", "coordinates": [ 6.177796, 46.189137 ] } },
{ "type": "Feature", "properties": { "stop_id": "unmatched_CRGE09", "stop_code": "CRGE09", "stop_name": "Carouge-Rondeau", "stop_desc": null, "stop_lat": 46.180664, "stop_lon": 6.138281, "zone_id": null, "stop_url": null, "location_type": 1, "parent_station": null, "active": true }, "geometry": { "type": "Point", "coordinates": [ 6.138281, 46.180664 ] } },
{ "type": "Feature", "properties": { "stop_id": "unmatched_CRVI01", "stop_code": "CRVI01", "stop_name": "Crevin", "stop_desc": null, "stop_lat": 46.173126, "stop_lon": 6.146205, "zone_id": null, "stop_url": null, "location_type": 1, "parent_station": null, "active": false }, "geometry": { "type": "Point", "coordinates": [ 6.146205, 46.173126 ] } },
{ "type": "Feature", "properties": { "stop_id": "unmatched_CRXR01", "stop_code": "CRXR01", "stop_name": "Croix-Rouge", "stop_desc": null, "stop_lat": 46.200077, "stop_lon": 6.146706, "zone_id": null, "stop_url": null, "location_type": 1, "parent_station": null, "active": false }, "geometry": { "type": "Point", "coordinates": [ 6.146706, 46.200077 ] } },
{ "type": "Feature", "properties": { "stop_id": "unmatched_CTIL00", "stop_code": "CTIL00", "stop_name": "Courtillets", "stop_desc": null, "stop_lat": 46.18251, "stop_lon": 6.11829, "zone_id": null, "stop_url": null, "location_type": 1, "parent_station": null, "active": false }, "geometry": { "type": "Point", "coordinates": [ 6.11829, 46.18251 ] } },
{ "type": "Feature", "properties": { "stop_id": "unmatched_CTIL01", "stop_code": "CTIL01", "stop_name": "Courtillets", "stop_desc": null, "stop_lat": 46.182701, "stop_lon": 6.119283, "zone_id": null, "stop_url": null, "location_type": 1, "parent_station": null, "active": false }, "geometry": { "type": "Point", "coordinates": [ 6.119283, 46.182701 ] } },
{ "type": "Feature", "properties": { "stop_id": "unmatched_CVIN00", "stop_code": "CVIN00", "stop_name": "Gare Cornavin", "stop_desc": null, "stop_lat": 46.209896, "stop_lon": 6.142624, "zone_id": null, "stop_url": null, "location_type": 1, "parent_station": null, "active": false }, "geometry": { "type": "Point", "coordinates": [ 6.142624, 46.209896 ] } },
{ "type": "Feature", "properties": { "stop_id": "unmatched_CVIN11", "stop_code": "CVIN11", "stop_name": "Gare Cornavin", "stop_desc": null, "stop_lat": 46.210583, "stop_lon": 6.144149, "zone_id": null, "stop_url": null, "location_type": 1, "parent_station": null, "active": false }, "geometry": { "type": "Point", "coordinates": [ 6.144149, 46.210583 ] } },
{ "type": "Feature", "properties": { "stop_id": "unmatched_CVIN75", "stop_code": "CVIN75", "stop_name": "Gare Cornavin", "stop_desc": null, "stop_lat": 46.209248, "stop_lon": 6.142323, "zone_id": null, "stop_url": null, "location_type": 1, "parent_station": null, "active": true }, "geometry": { "type": "Point", "coordinates": [ 6.142323, 46.209248 ] } },
{ "type": "Feature", "properties": { "stop_id": "unmatched_CVIN88", "stop_code": "CVIN88", "stop_name": "Gare Cornavin", "stop_desc": null, "stop_lat": 46.209705, "stop_lon": 6.141572, "zone_id": null, "stop_url": null, "location_type": 1, "parent_station": null, "active": false }, "geometry": { "type": "Point", "coordinates": [ 6.141572, 46.209705 ] } },
{ "type": "Feature", "properties": { "stop_id": "unmatched_CVIN95", "stop_code": "CVIN95", "stop_name": "Gare Cornavin", "stop_desc": null, "stop_lat": 46.209454, "stop_lon": 6.142349, "zone_id": null, "stop_url": null, "location_type": 1, "parent_station": null, "active": false }, "geometry": { "type": "Point", "coordinates": [ 6.142349, 46.209454 ] } },
{ "type": "Feature", "properties": { "stop_id": "unmatched_CVIN96", "stop_code": "CVIN96", "stop_name": "Gare Cornavin", "stop_desc": null, "stop_lat": 46.209759, "stop_lon": 6.142456, "zone_id": null, "stop_url": null, "location_type": 1, "parent_station": null, "active": false }, "geometry": { "type": "Point", "coordinates": [ 6.142456, 46.209759 ] } },
{ "type": "Feature", "properties": { "stop_id": "unmatched_CVIN98", "stop_code": "CVIN98", "stop_name": "Gare Cornavin", "stop_desc": null, "stop_lat": 46.209171, "stop_lon": 6.140374, "zone_id": null, "stop_url": null, "location_type": 1, "parent_station": null, "active": false }, "geometry": { "type": "Point", "coordinates": [ 6.140374, 46.209171 ] } },
{ "type": "Feature", "properties": { "stop_id": "unmatched_CVINST", "stop_code": "CVINST", "stop_name": "Gare Cornavin Stationnement", "stop_desc": null, "stop_lat": 46.209267, "stop_lon": 6.140229, "zone_id": null, "stop_url": null, "location_type": 1, "parent_station": null, "active": false }, "geometry": { "type": "Point", "coordinates": [ 6.140229, 46.209267 ] } },
{ "type": "Feature", "properties": { "stop_id": "unmatched_CYMA99", "stop_code": "CYMA99", "stop_name": "Cologny-Mairie", "stop_desc": null, "stop_lat": 46.219639, "stop_lon": 6.185878, "zone_id": null, "stop_url": null, "location_type": 1, "parent_station": null, "active": false }, "geometry": { "type": "Point", "coordinates": [ 6.185878, 46.219639 ] } },
{ "type": "Feature", "properties": { "stop_id": "unmatched_CYTE98", "stop_code": "CYTE98", "stop_name": "Cologny-Temple", "stop_desc": null, "stop_lat": 46.214584, "stop_lon": 6.184231, "zone_id": null, "stop_url": null, "location_type": 1, "parent_station": null, "active": false }, "geometry": { "type": "Point", "coordinates": [ 6.184231, 46.214584 ] } },
{ "type": "Feature", "properties": { "stop_id": "unmatched_DBAIR", "stop_code": "DBAIR", "stop_name": "Dépôt Bel-Air", "stop_desc": null, "stop_lat": 46.204845, "stop_lon": 6.143477, "zone_id": null, "stop_url": null, "location_type": 1, "parent_station": null, "active": false }, "geometry": { "type": "Point", "coordinates": [ 6.143477, 46.204845 ] } },
{ "type": "Feature", "properties": { "stop_id": "unmatched_DELC01", "stop_code": "DELC01", "stop_name": "Délices", "stop_desc": null, "stop_lat": 46.205334, "stop_lon": 6.13225, "zone_id": null, "stop_url": null, "location_type": 1, "parent_station": null, "active": true }, "geometry": { "type": "Point", "coordinates": [ 6.13225, 46.205334 ] } },
{ "type": "Feature", "properties": { "stop_id": "unmatched_DELC96", "stop_code": "DELC96", "stop_name": "Délices", "stop_desc": null, "stop_lat": 46.205177, "stop_lon": 6.131325, "zone_id": null, "stop_url": null, "location_type": 1, "parent_station": null, "active": false }, "geometry": { "type": "Point", "coordinates": [ 6.131325, 46.205177 ] } },
{ "type": "Feature", "properties": { "stop_id": "unmatched_DELC98", "stop_code": "DELC98", "stop_name": "Délices", "stop_desc": null, "stop_lat": 46.205894, "stop_lon": 6.132219, "zone_id": null, "stop_url": null, "location_type": 1, "parent_station": null, "active": false }, "geometry": { "type": "Point", "coordinates": [ 6.132219, 46.205894 ] } },
{ "type": "Feature", "properties": { "stop_id": "unmatched_DFAVR00", "stop_code": "DFAVR00", "stop_name": "Dépôt Favre", "stop_desc": null, "stop_lat": 46.196133, "stop_lon": 6.193406, "zone_id": null, "stop_url": null, "location_type": 1, "parent_station": null, "active": false }, "geometry": { "type": "Point", "coordinates": [ 6.193406, 46.196133 ] } },
{ "type": "Feature", "properties": { "stop_id": "unmatched_DI00", "stop_code": "DI00", "stop_name": "Dépôt SICLI", "stop_desc": null, "stop_lat": 46.188595, "stop_lon": 6.12959, "zone_id": null, "stop_url": null, "location_type": 1, "parent_station": null, "active": false }, "geometry": { "type": "Point", "coordinates": [ 6.12959, 46.188595 ] } },
{ "type": "Feature", "properties": { "stop_id": "unmatched_DJST", "stop_code": "DJST", "stop_name": "Dépôt Jonction (ST)", "stop_desc": null, "stop_lat": 46.201241, "stop_lon": 6.128512, "zone_id": null, "stop_url": null, "location_type": 1, "parent_station": null, "active": false }, "geometry": { "type": "Point", "coordinates": [ 6.128512, 46.201241 ] } },
{ "type": "Feature", "properties": { "stop_id": "unmatched_DL00", "stop_code": "DL00", "stop_name": "Dépôt Lancy", "stop_desc": null, "stop_lat": 46.187412, "stop_lon": 6.123767, "zone_id": null, "stop_url": null, "location_type": 1, "parent_station": null, "active": false }, "geometry": { "type": "Point", "coordinates": [ 6.123767, 46.187412 ] } },
{ "type": "Feature", "properties": { "stop_id": "unmatched_DPGETP00", "stop_code": "DPGETP00", "stop_name": "Dépôt Genève-Tours La Praille", "stop_desc": null, "stop_lat": 46.187374, "stop_lon": 6.126466, "zone_id": null, "stop_url": null, "location_type": 1, "parent_station": null, "active": false }, "geometry": { "type": "Point", "coordinates": [ 6.126466, 46.187374 ] } },
{ "type": "Feature", "properties": { "stop_id": "unmatched_EDEN00", "stop_code": "EDEN00", "stop_name": "Eden - Mon-Repos", "stop_desc": null, "stop_lat": 46.222023, "stop_lon": 6.149259, "zone_id": null, "stop_url": null, "location_type": 1, "parent_station": null, "active": false }, "geometry": { "type": "Point", "coordinates": [ 6.149259, 46.222023 ] } },
{ "type": "Feature", "properties": { "stop_id": "unmatched_EMED03", "stop_code": "EMED03", "stop_name": "Ecole-de-Médecine", "stop_desc": null, "stop_lat": 46.197033, "stop_lon": 6.138084, "zone_id": null, "stop_url": null, "location_type": 1, "parent_station": null, "active": false }, "geometry": { "type": "Point", "coordinates": [ 6.138084, 46.197033 ] } },
{ "type": "Feature", "properties": { "stop_id": "unmatched_ESRTST", "stop_code": "ESRTST", "stop_name": "Les Esserts Stationnement", "stop_desc": null, "stop_lat": 46.187801, "stop_lon": 6.111778, "zone_id": null, "stop_url": null, "location_type": 1, "parent_station": null, "active": false }, "geometry": { "type": "Point", "coordinates": [ 6.111778, 46.187801 ] } },
{ "type": "Feature", "properties": { "stop_id": "unmatched_ETOI04", "stop_code": "ETOI04", "stop_name": "Lancy-Pont-Rouge-Gare/Etoile", "stop_desc": null, "stop_lat": 46.187447, "stop_lon": 6.127458, "zone_id": null, "stop_url": null, "location_type": 1, "parent_station": null, "active": false }, "geometry": { "type": "Point", "coordinates": [ 6.127458, 46.187447 ] } },
{ "type": "Feature", "properties": { "stop_id": "unmatched_FDUS00", "stop_code": "FDUS00", "stop_name": "Dussaud", "stop_desc": null, "stop_lat": 46.196239, "stop_lon": 6.128244, "zone_id": null, "stop_url": null, "location_type": 1, "parent_station": null, "active": false }, "geometry": { "type": "Point", "coordinates": [ 6.128244, 46.196239 ] } },
{ "type": "Feature", "properties": { "stop_id": "unmatched_FDUS01", "stop_code": "FDUS01", "stop_name": "Dussaud", "stop_desc": null, "stop_lat": 46.195877, "stop_lon": 6.127916, "zone_id": null, "stop_url": null, "location_type": 1, "parent_station": null, "active": false }, "geometry": { "type": "Point", "coordinates": [ 6.127916, 46.195877 ] } },
{ "type": "Feature", "properties": { "stop_id": "unmatched_FILI00", "stop_code": "FILI00", "stop_name": "Fillion", "stop_desc": null, "stop_lat": 46.177998, "stop_lon": 6.144872, "zone_id": null, "stop_url": null, "location_type": 1, "parent_station": null, "active": true }, "geometry": { "type": "Point", "coordinates": [ 6.144872, 46.177998 ] } },
{ "type": "Feature", "properties": { "stop_id": "unmatched_FLCE01", "stop_code": "FLCE01", "stop_name": "Florence", "stop_desc": null, "stop_lat": 46.194099, "stop_lon": 6.171877, "zone_id": null, "stop_url": null, "location_type": 1, "parent_station": null, "active": true }, "geometry": { "type": "Point", "coordinates": [ 6.171877, 46.194099 ] } },
{ "type": "Feature", "properties": { "stop_id": "unmatched_FOBA00", "stop_code": "FOBA00", "stop_name": "Fondation Baur", "stop_desc": null, "stop_lat": 46.19788, "stop_lon": 6.153919, "zone_id": null, "stop_url": null, "location_type": 1, "parent_station": null, "active": false }, "geometry": { "type": "Point", "coordinates": [ 6.153919, 46.19788 ] } },
{ "type": "Feature", "properties": { "stop_id": "unmatched_FOBA01", "stop_code": "FOBA01", "stop_name": "Fondation Baur", "stop_desc": null, "stop_lat": 46.197998, "stop_lon": 6.154004, "zone_id": null, "stop_url": null, "location_type": 1, "parent_station": null, "active": false }, "geometry": { "type": "Point", "coordinates": [ 6.154004, 46.197998 ] } },
{ "type": "Feature", "properties": { "stop_id": "unmatched_FOBO00", "stop_code": "FOBO00", "stop_name": "Fondation Bodmer", "stop_desc": null, "stop_lat": 46.215588, "stop_lon": 6.180849, "zone_id": null, "stop_url": null, "location_type": 1, "parent_station": null, "active": false }, "geometry": { "type": "Point", "coordinates": [ 6.180849, 46.215588 ] } },
{ "type": "Feature", "properties": { "stop_id": "unmatched_FONT03", "stop_code": "FONT03", "stop_name": "Fontenette", "stop_desc": null, "stop_lat": 46.186272, "stop_lon": 6.146644, "zone_id": null, "stop_url": null, "location_type": 1, "parent_station": null, "active": true }, "geometry": { "type": "Point", "coordinates": [ 6.146644, 46.186272 ] } },
{ "type": "Feature", "properties": { "stop_id": "unmatched_FRAN01", "stop_code": "FRAN01", "stop_name": "Franchises", "stop_desc": null, "stop_lat": 46.213291, "stop_lon": 6.119293, "zone_id": null, "stop_url": null, "location_type": 1, "parent_station": null, "active": true }, "geometry": { "type": "Point", "coordinates": [ 6.119293, 46.213291 ] } },
{ "type": "Feature", "properties": { "stop_id": "unmatched_FRCE02", "stop_code": "FRCE02", "stop_name": "France", "stop_desc": null, "stop_lat": 46.2201, "stop_lon": 6.14544, "zone_id": null, "stop_url": null, "location_type": 1, "parent_station": null, "active": false }, "geometry": { "type": "Point", "coordinates": [ 6.14544, 46.2201 ] } },
{ "type": "Feature", "properties": { "stop_id": "unmatched_FRCE03", "stop_code": "FRCE03", "stop_name": "France", "stop_desc": null, "stop_lat": 46.219986, "stop_lon": 6.145832, "zone_id": null, "stop_url": null, "location_type": 1, "parent_station": null, "active": false }, "geometry": { "type": "Point", "coordinates": [ 6.145832, 46.219986 ] } },
{ "type": "Feature", "properties": { "stop_id": "unmatched_FRON00", "stop_code": "FRON00", "stop_name": "Frontenex", "stop_desc": null, "stop_lat": 46.206463, "stop_lon": 6.175451, "zone_id": null, "stop_url": null, "location_type": 1, "parent_station": null, "active": false }, "geometry": { "type": "Point", "coordinates": [ 6.175451, 46.206463 ] } },
{ "type": "Feature", "properties": { "stop_id": "unmatched_FTHO01", "stop_code": "FTHO01", "stop_name": "Franck-Thomas", "stop_desc": null, "stop_lat": 46.203327, "stop_lon": 6.177028, "zone_id": null, "stop_url": null, "location_type": 1, "parent_station": null, "active": false }, "geometry": { "type": "Point", "coordinates": [ 6.177028, 46.203327 ] } },
{ "type": "Feature", "properties": { "stop_id": "unmatched_GAUT01", "stop_code": "GAUT01", "stop_name": "Gautier", "stop_desc": null, "stop_lat": 46.213467, "stop_lon": 6.150367, "zone_id": null, "stop_url": null, "location_type": 1, "parent_station": null, "active": true }, "geometry": { "type": "Point", "coordinates": [ 6.150367, 46.213467 ] } },
{ "type": "Feature", "properties": { "stop_id": "unmatched_GCHG01", "stop_code": "GCHG01", "stop_name": "Genève-Champel-Gare", "stop_desc": null, "stop_lat": 46.192287, "stop_lon": 6.153368, "zone_id": null, "stop_url": null, "location_type": 1, "parent_station": null, "active": true }, "geometry": { "type": "Point", "coordinates": [ 6.153368, 46.192287 ] } },
{ "type": "Feature", "properties": { "stop_id": "unmatched_GCHH01", "stop_code": "GCHH01", "stop_name": "Genève-Champel-Gare/Hôpital", "stop_desc": null, "stop_lat": 46.193279, "stop_lon": 6.151867, "zone_id": null, "stop_url": null, "location_type": 1, "parent_station": null, "active": true }, "geometry": { "type": "Point", "coordinates": [ 6.151867, 46.193279 ] } },
{ "type": "Feature", "properties": { "stop_id": "unmatched_GCHH02", "stop_code": "GCHH02", "stop_name": "Genève-Champel-Gare/Hôpital", "stop_desc": null, "stop_lat": 46.193165, "stop_lon": 6.150549, "zone_id": null, "stop_url": null, "location_type": 1, "parent_station": null, "active": true }, "geometry": { "type": "Point", "coordinates": [ 6.150549, 46.193165 ] } },
{ "type": "Feature", "properties": { "stop_id": "unmatched_GCLB00", "stop_code": "GCLB00", "stop_name": "Grange-Collomb", "stop_desc": null, "stop_lat": 46.175652, "stop_lon": 6.138089, "zone_id": null, "stop_url": null, "location_type": 1, "parent_station": null, "active": true }, "geometry": { "type": "Point", "coordinates": [ 6.138089, 46.175652 ] } },
{ "type": "Feature", "properties": { "stop_id": "unmatched_GENT00", "stop_code": "GENT00", "stop_name": "Bois-Gentil", "stop_desc": null, "stop_lat": 46.197834, "stop_lon": 6.160869, "zone_id": null, "stop_url": null, "location_type": 1, "parent_station": null, "active": false }, "geometry": { "type": "Point", "coordinates": [ 6.160869, 46.197834 ] } },
{ "type": "Feature", "properties": { "stop_id": "unmatched_GPRE01", "stop_code": "GPRE01", "stop_name": "Grand-Pré", "stop_desc": null, "stop_lat": 46.216305, "stop_lon": 6.130302, "zone_id": null, "stop_url": null, "location_type": 1, "parent_station": null, "active": true }, "geometry": { "type": "Point", "coordinates": [ 6.130302, 46.216305 ] } },
{ "type": "Feature", "properties": { "stop_id": "unmatched_GPRE99", "stop_code": "GPRE99", "stop_name": "Grand-Pré", "stop_desc": null, "stop_lat": 46.215687, "stop_lon": 6.131356, "zone_id": null, "stop_url": null, "location_type": 1, "parent_station": null, "active": false }, "geometry": { "type": "Point", "coordinates": [ 6.131356, 46.215687 ] } },
{ "type": "Feature", "properties": { "stop_id": "unmatched_GUYE00", "stop_code": "GUYE00", "stop_name": "Guye", "stop_desc": null, "stop_lat": 46.208981, "stop_lon": 6.123506, "zone_id": null, "stop_url": null, "location_type": 1, "parent_station": null, "active": true }, "geometry": { "type": "Point", "coordinates": [ 6.123506, 46.208981 ] } },
{ "type": "Feature", "properties": { "stop_id": "unmatched_HAVI00", "stop_code": "HAVI00", "stop_name": "Thônex, Hameau de Villette", "stop_desc": null, "stop_lat": 46.183483, "stop_lon": 6.184434, "zone_id": null, "stop_url": null, "location_type": 1, "parent_station": null, "active": false }, "geometry": { "type": "Point", "coordinates": [ 6.184434, 46.183483 ] } },
{ "type": "Feature", "properties": { "stop_id": "unmatched_IBCE01", "stop_code": "IBCE01", "stop_name": "Ibis Centre Gare", "stop_desc": null, "stop_lat": 46.207745, "stop_lon": 6.138211, "zone_id": null, "stop_url": null, "location_type": 1, "parent_station": null, "active": false }, "geometry": { "type": "Point", "coordinates": [ 6.138211, 46.207745 ] } },
{ "type": "Feature", "properties": { "stop_id": "unmatched_IBIS00", "stop_code": "IBIS00", "stop_name": "Ibis-Nations", "stop_desc": null, "stop_lat": 46.214741, "stop_lon": 6.134479, "zone_id": null, "stop_url": null, "location_type": 1, "parent_station": null, "active": false }, "geometry": { "type": "Point", "coordinates": [ 6.134479, 46.214741 ] } },
{ "type": "Feature", "properties": { "stop_id": "unmatched_IBIS01", "stop_code": "IBIS01", "stop_name": "Ibis-Nations", "stop_desc": null, "stop_lat": 46.212143, "stop_lon": 6.132698, "zone_id": null, "stop_url": null, "location_type": 1, "parent_station": null, "active": false }, "geometry": { "type": "Point", "coordinates": [ 6.132698, 46.212143 ] } },
{ "type": "Feature", "properties": { "stop_id": "unmatched_IBLA00", "stop_code": "IBLA00", "stop_name": "Ibis Lancy", "stop_desc": null, "stop_lat": 46.18885, "stop_lon": 6.115147, "zone_id": null, "stop_url": null, "location_type": 1, "parent_station": null, "active": false }, "geometry": { "type": "Point", "coordinates": [ 6.115147, 46.18885 ] } },
{ "type": "Feature", "properties": { "stop_id": "unmatched_INDE00", "stop_code": "INDE00", "stop_name": "Coq-d'Inde", "stop_desc": null, "stop_lat": 46.20528, "stop_lon": 6.19345, "zone_id": null, "stop_url": null, "location_type": 1, "parent_station": null, "active": false }, "geometry": { "type": "Point", "coordinates": [ 6.19345, 46.20528 ] } },
{ "type": "Feature", "properties": { "stop_id": "unmatched_INDE01", "stop_code": "INDE01", "stop_name": "Coq-d'Inde", "stop_desc": null, "stop_lat": 46.205437, "stop_lon": 6.19416, "zone_id": null, "stop_url": null, "location_type": 1, "parent_station": null, "active": false }, "geometry": { "type": "Point", "coordinates": [ 6.19416, 46.205437 ] } },
{ "type": "Feature", "properties": { "stop_id": "unmatched_INDT01", "stop_code": "INDT01", "stop_name": "Industrielle", "stop_desc": null, "stop_lat": 46.190495, "stop_lon": 6.133992, "zone_id": null, "stop_url": null, "location_type": 1, "parent_station": null, "active": true }, "geometry": { "type": "Point", "coordinates": [ 6.133992, 46.190495 ] } },
{ "type": "Feature", "properties": { "stop_id": "unmatched_INTR00", "stop_code": "INTR00", "stop_name": "Intercontinental", "stop_desc": null, "stop_lat": 46.224808, "stop_lon": 6.133429, "zone_id": null, "stop_url": null, "location_type": 1, "parent_station": null, "active": false }, "geometry": { "type": "Point", "coordinates": [ 6.133429, 46.224808 ] } },
{ "type": "Feature", "properties": { "stop_id": "unmatched_INTR05", "stop_code": "INTR05", "stop_name": "Intercontinental", "stop_desc": null, "stop_lat": 46.223682, "stop_lon": 6.131861, "zone_id": null, "stop_url": null, "location_type": 1, "parent_station": null, "active": true }, "geometry": { "type": "Point", "coordinates": [ 6.131861, 46.223682 ] } },
{ "type": "Feature", "properties": { "stop_id": "unmatched_ISAM02", "stop_code": "ISAM02", "stop_name": "Mercier", "stop_desc": null, "stop_lat": 46.20723, "stop_lon": 6.139525, "zone_id": null, "stop_url": null, "location_type": 1, "parent_station": null, "active": true }, "geometry": { "type": "Point", "coordinates": [ 6.139525, 46.20723 ] } },
{ "type": "Feature", "properties": { "stop_id": "unmatched_JARB03", "stop_code": "JARB03", "stop_name": "Jardin Botanique", "stop_desc": null, "stop_lat": 46.223766, "stop_lon": 6.148344, "zone_id": null, "stop_url": null, "location_type": 1, "parent_station": null, "active": false }, "geometry": { "type": "Point", "coordinates": [ 6.148344, 46.223766 ] } },
{ "type": "Feature", "properties": { "stop_id": "unmatched_JARB99", "stop_code": "JARB99", "stop_name": "Jardin Botanique", "stop_desc": null, "stop_lat": 46.223988, "stop_lon": 6.147234, "zone_id": null, "stop_url": null, "location_type": 1, "parent_station": null, "active": false }, "geometry": { "type": "Point", "coordinates": [ 6.147234, 46.223988 ] } },
{ "type": "Feature", "properties": { "stop_id": "unmatched_JARBST", "stop_code": "JARBST", "stop_name": "Jardin Botanique", "stop_desc": null, "stop_lat": 46.223244, "stop_lon": 6.148618, "zone_id": null, "stop_url": null, "location_type": 1, "parent_station": null, "active": false }, "geometry": { "type": "Point", "coordinates": [ 6.148618, 46.223244 ] } },
{ "type": "Feature", "properties": { "stop_id": "unmatched_JJAC01", "stop_code": "JJAC01", "stop_name": "Jean-Jacques", "stop_desc": null, "stop_lat": 46.204334, "stop_lon": 6.125289, "zone_id": null, "stop_url": null, "location_type": 1, "parent_station": null, "active": true }, "geometry": { "type": "Point", "coordinates": [ 6.125289, 46.204334 ] } },
{ "type": "Feature", "properties": { "stop_id": "unmatched_JOCT03", "stop_code": "JOCT03", "stop_name": "Jonction", "stop_desc": null, "stop_lat": 46.201351, "stop_lon": 6.129456, "zone_id": null, "stop_url": null, "location_type": 1, "parent_station": null, "active": false }, "geometry": { "type": "Point", "coordinates": [ 6.129456, 46.201351 ] } },
{ "type": "Feature", "properties": { "stop_id": "unmatched_JOCT06", "stop_code": "JOCT06", "stop_name": "Jonction", "stop_desc": null, "stop_lat": 46.201656, "stop_lon": 6.13046, "zone_id": null, "stop_url": null, "location_type": 1, "parent_station": null, "active": false }, "geometry": { "type": "Point", "coordinates": [ 6.13046, 46.201656 ] } },
{ "type": "Feature", "properties": { "stop_id": "unmatched_JOPA00", "stop_code": "JOPA00", "stop_name": "Jonction-Parc", "stop_desc": null, "stop_lat": 46.200989, "stop_lon": 6.125656, "zone_id": null, "stop_url": null, "location_type": 1, "parent_station": null, "active": false }, "geometry": { "type": "Point", "coordinates": [ 6.125656, 46.200989 ] } },
{ "type": "Feature", "properties": { "stop_id": "unmatched_JPTH01", "stop_code": "JPTH01", "stop_name": "Jacques Pictet-Thellusson", "stop_desc": null, "stop_lat": 46.189011, "stop_lon": 6.131177, "zone_id": null, "stop_url": null, "location_type": 1, "parent_station": null, "active": false }, "geometry": { "type": "Point", "coordinates": [ 6.131177, 46.189011 ] } },
{ "type": "Feature", "properties": { "stop_id": "unmatched_KEMP00", "stop_code": "KEMP00", "stop_name": "Kempinski", "stop_desc": null, "stop_lat": 46.210091, "stop_lon": 6.151139, "zone_id": null, "stop_url": null, "location_type": 1, "parent_station": null, "active": false }, "geometry": { "type": "Point", "coordinates": [ 6.151139, 46.210091 ] } },
{ "type": "Feature", "properties": { "stop_id": "unmatched_L_EVIV", "stop_code": "L_EVIV", "stop_name": "LEX-Genève-Eaux-Vives", "stop_desc": null, "stop_lat": 46.201271, "stop_lon": 6.167012, "zone_id": null, "stop_url": null, "location_type": 1, "parent_station": null, "active": false }, "geometry": { "type": "Point", "coordinates": [ 6.167012, 46.201271 ] } },
{ "type": "Feature", "properties": { "stop_id": "unmatched_LAPR06", "stop_code": "LAPR06", "stop_name": "Lancy-Pont-Rouge-Gare_EB", "stop_desc": null, "stop_lat": 46.188198, "stop_lon": 6.124933, "zone_id": null, "stop_url": null, "location_type": 1, "parent_station": null, "active": false }, "geometry": { "type": "Point", "coordinates": [ 6.124933, 46.188198 ] } },
{ "type": "Feature", "properties": { "stop_id": "unmatched_LAPR07", "stop_code": "LAPR07", "stop_name": "Lancy-Pont-Rouge-Gare", "stop_desc": null, "stop_lat": 46.187881, "stop_lon": 6.124733, "zone_id": null, "stop_url": null, "location_type": 1, "parent_station": null, "active": false }, "geometry": { "type": "Point", "coordinates": [ 6.124733, 46.187881 ] } },
{ "type": "Feature", "properties": { "stop_id": "unmatched_LAPR99", "stop_code": "LAPR99", "stop_name": "Lancy-Pont-Rouge-Gare", "stop_desc": null, "stop_lat": 46.187126, "stop_lon": 6.127867, "zone_id": null, "stop_url": null, "location_type": 1, "parent_station": null, "active": false }, "geometry": { "type": "Point", "coordinates": [ 6.127867, 46.187126 ] } },
{ "type": "Feature", "properties": { "stop_id": "unmatched_LAUB00", "stop_code": "LAUB00", "stop_name": "Aubert", "stop_desc": null, "stop_lat": 46.192459, "stop_lon": 6.163637, "zone_id": null, "stop_url": null, "location_type": 1, "parent_station": null, "active": true }, "geometry": { "type": "Point", "coordinates": [ 6.163637, 46.192459 ] } },
{ "type": "Feature", "properties": { "stop_id": "unmatched_LAUB02", "stop_code": "LAUB02", "stop_name": "Aubert", "stop_desc": null, "stop_lat": 46.191929, "stop_lon": 6.163611, "zone_id": null, "stop_url": null, "location_type": 1, "parent_station": null, "active": true }, "geometry": { "type": "Point", "coordinates": [ 6.163611, 46.191929 ] } },
{ "type": "Feature", "properties": { "stop_id": "unmatched_LONG00", "stop_code": "LONG00", "stop_name": "Longemalle", "stop_desc": null, "stop_lat": 46.202541, "stop_lon": 6.149612, "zone_id": null, "stop_url": null, "location_type": 1, "parent_station": null, "active": false }, "geometry": { "type": "Point", "coordinates": [ 6.149612, 46.202541 ] } },
{ "type": "Feature", "properties": { "stop_id": "unmatched_MALAST", "stop_code": "MALAST", "stop_name": "Malagnou Stationnement", "stop_desc": null, "stop_lat": 46.19268, "stop_lon": 6.176199, "zone_id": null, "stop_url": null, "location_type": 1, "parent_station": null, "active": false }, "geometry": { "type": "Point", "coordinates": [ 6.176199, 46.19268 ] } },
{ "type": "Feature", "properties": { "stop_id": "unmatched_MERV01", "stop_code": "MERV01", "stop_name": "Mervelet", "stop_desc": null, "stop_lat": 46.219585, "stop_lon": 6.123055, "zone_id": null, "stop_url": null, "location_type": 1, "parent_station": null, "active": true }, "geometry": { "type": "Point", "coordinates": [ 6.123055, 46.219585 ] } },
{ "type": "Feature", "properties": { "stop_id": "unmatched_MINE00", "stop_code": "MINE00", "stop_name": "Mines", "stop_desc": null, "stop_lat": 46.223297, "stop_lon": 6.147542, "zone_id": null, "stop_url": null, "location_type": 1, "parent_station": null, "active": false }, "geometry": { "type": "Point", "coordinates": [ 6.147542, 46.223297 ] } },
{ "type": "Feature", "properties": { "stop_id": "unmatched_MINE99", "stop_code": "MINE99", "stop_name": "Mines", "stop_desc": null, "stop_lat": 46.222569, "stop_lon": 6.149205, "zone_id": null, "stop_url": null, "location_type": 1, "parent_station": null, "active": false }, "geometry": { "type": "Point", "coordinates": [ 6.149205, 46.222569 ] } },
{ "type": "Feature", "properties": { "stop_id": "unmatched_MIRE_E", "stop_code": "MIRE_E", "stop_name": "Miremont - Netplan", "stop_desc": null, "stop_lat": 46.189194, "stop_lon": 6.156084, "zone_id": null, "stop_url": null, "location_type": 1, "parent_station": null, "active": false }, "geometry": { "type": "Point", "coordinates": [ 6.156084, 46.189194 ] } },
{ "type": "Feature", "properties": { "stop_id": "unmatched_MISE00", "stop_code": "MISE00", "stop_name": "Michel-Servet", "stop_desc": null, "stop_lat": 46.193325, "stop_lon": 6.151866, "zone_id": null, "stop_url": null, "location_type": 1, "parent_station": null, "active": false }, "geometry": { "type": "Point", "coordinates": [ 6.151866, 46.193325 ] } },
{ "type": "Feature", "properties": { "stop_id": "unmatched_MPAR01", "stop_code": "MPAR01", "stop_name": "Maison des Parlements", "stop_desc": null, "stop_lat": 46.225975, "stop_lon": 6.123808, "zone_id": null, "stop_url": null, "location_type": 1, "parent_station": null, "active": true }, "geometry": { "type": "Point", "coordinates": [ 6.123808, 46.225975 ] } },
{ "type": "Feature", "properties": { "stop_id": "unmatched_MRCH96", "stop_code": "MRCH96", "stop_name": "Carouge-Marché", "stop_desc": null, "stop_lat": 46.183235, "stop_lon": 6.13785, "zone_id": null, "stop_url": null, "location_type": 1, "parent_station": null, "active": false }, "geometry": { "type": "Point", "coordinates": [ 6.13785, 46.183235 ] } },
{ "type": "Feature", "properties": { "stop_id": "unmatched_MRCH99", "stop_code": "MRCH99", "stop_name": "Marché", "stop_desc": null, "stop_lat": 46.18388, "stop_lon": 6.137579, "zone_id": null, "stop_url": null, "location_type": 1, "parent_station": null, "active": false }, "geometry": { "type": "Point", "coordinates": [ 6.137579, 46.18388 ] } },
{ "type": "Feature", "properties": { "stop_id": "unmatched_MTBL99", "stop_code": "MTBL99", "stop_name": "Mont-Blanc", "stop_desc": null, "stop_lat": 46.208107, "stop_lon": 6.148756, "zone_id": null, "stop_url": null, "location_type": 1, "parent_station": null, "active": false }, "geometry": { "type": "Point", "coordinates": [ 6.148756, 46.208107 ] } },
{ "type": "Feature", "properties": { "stop_id": "unmatched_MTCH00", "stop_code": "MTCH00", "stop_name": "Montchoisy", "stop_desc": null, "stop_lat": 46.203056, "stop_lon": 6.16611, "zone_id": null, "stop_url": null, "location_type": 1, "parent_station": null, "active": false }, "geometry": { "type": "Point", "coordinates": [ 6.16611, 46.203056 ] } },
{ "type": "Feature", "properties": { "stop_id": "unmatched_MUCA01", "stop_code": "MUCA01", "stop_name": "Musée de Carouge", "stop_desc": null, "stop_lat": 46.184372, "stop_lon": 6.139352, "zone_id": null, "stop_url": null, "location_type": 1, "parent_station": null, "active": false }, "geometry": { "type": "Point", "coordinates": [ 6.139352, 46.184372 ] } },
{ "type": "Feature", "properties": { "stop_id": "unmatched_MUET00", "stop_code": "MUET00", "stop_name": "Musée d'ethnographie", "stop_desc": null, "stop_lat": 46.197083, "stop_lon": 6.137461, "zone_id": null, "stop_url": null, "location_type": 1, "parent_station": null, "active": false }, "geometry": { "type": "Point", "coordinates": [ 6.137461, 46.197083 ] } },
{ "type": "Feature", "properties": { "stop_id": "unmatched_MUSE98", "stop_code": "MUSE98", "stop_name": "Muséum", "stop_desc": null, "stop_lat": 46.199039, "stop_lon": 6.156489, "zone_id": null, "stop_url": null, "location_type": 1, "parent_station": null, "active": false }, "geometry": { "type": "Point", "coordinates": [ 6.156489, 46.199039 ] } },
{ "type": "Feature", "properties": { "stop_id": "unmatched_NATI02", "stop_code": "NATI02", "stop_name": "Nations", "stop_desc": null, "stop_lat": 46.222157, "stop_lon": 6.139066, "zone_id": null, "stop_url": null, "location_type": 1, "parent_station": null, "active": false }, "geometry": { "type": "Point", "coordinates": [ 6.139066, 46.222157 ] } },
{ "type": "Feature", "properties": { "stop_id": "unmatched_NAVI01", "stop_code": "NAVI01", "stop_name": "Navigation", "stop_desc": null, "stop_lat": 46.211781, "stop_lon": 6.149591, "zone_id": null, "stop_url": null, "location_type": 1, "parent_station": null, "active": true }, "geometry": { "type": "Point", "coordinates": [ 6.149591, 46.211781 ] } },
{ "type": "Feature", "properties": { "stop_id": "unmatched_NREX00", "stop_code": "NREX00", "stop_name": "NH Geneva City", "stop_desc": null, "stop_lat": 46.214081, "stop_lon": 6.128955, "zone_id": null, "stop_url": null, "location_type": 1, "parent_station": null, "active": false }, "geometry": { "type": "Point", "coordinates": [ 6.128955, 46.214081 ] } },
{ "type": "Feature", "properties": { "stop_id": "unmatched_NREX01", "stop_code": "NREX01", "stop_name": "NH Geneva City", "stop_desc": null, "stop_lat": 46.213898, "stop_lon": 6.128923, "zone_id": null, "stop_url": null, "location_type": 1, "parent_station": null, "active": false }, "geometry": { "type": "Point", "coordinates": [ 6.128923, 46.213898 ] } },
{ "type": "Feature", "properties": { "stop_id": "unmatched_OMS03", "stop_code": "OMS03", "stop_name": "OMS", "stop_desc": null, "stop_lat": 46.231339, "stop_lon": 6.133807, "zone_id": null, "stop_url": null, "location_type": 1, "parent_station": null, "active": false }, "geometry": { "type": "Point", "coordinates": [ 6.133807, 46.231339 ] } },
{ "type": "Feature", "properties": { "stop_id": "unmatched_OMS99", "stop_code": "OMS99", "stop_name": "OMS", "stop_desc": null, "stop_lat": 46.231033, "stop_lon": 6.134059, "zone_id": null, "stop_url": null, "location_type": 1, "parent_station": null, "active": false }, "geometry": { "type": "Point", "coordinates": [ 6.134059, 46.231033 ] } },
{ "type": "Feature", "properties": { "stop_id": "unmatched_OPHT00", "stop_code": "OPHT00", "stop_name": "Ophtalmologie", "stop_desc": null, "stop_lat": 46.191391, "stop_lon": 6.148091, "zone_id": null, "stop_url": null, "location_type": 1, "parent_station": null, "active": false }, "geometry": { "type": "Point", "coordinates": [ 6.148091, 46.191391 ] } },
{ "type": "Feature", "properties": { "stop_id": "unmatched_OPHT98", "stop_code": "OPHT98", "stop_name": "Ophtalmologie", "stop_desc": null, "stop_lat": 46.190796, "stop_lon": 6.148843, "zone_id": null, "stop_url": null, "location_type": 1, "parent_station": null, "active": false }, "geometry": { "type": "Point", "coordinates": [ 6.148843, 46.190796 ] } },
{ "type": "Feature", "properties": { "stop_id": "unmatched_ORMA00", "stop_code": "ORMA00", "stop_name": "Ormeaux", "stop_desc": null, "stop_lat": 46.206154, "stop_lon": 6.136519, "zone_id": null, "stop_url": null, "location_type": 1, "parent_station": null, "active": true }, "geometry": { "type": "Point", "coordinates": [ 6.136519, 46.206154 ] } },
{ "type": "Feature", "properties": { "stop_id": "unmatched_OUCH00", "stop_code": "OUCH00", "stop_name": "Les Ouches", "stop_desc": null, "stop_lat": 46.210262, "stop_lon": 6.117319, "zone_id": null, "stop_url": null, "location_type": 1, "parent_station": null, "active": true }, "geometry": { "type": "Point", "coordinates": [ 6.117319, 46.210262 ] } },
{ "type": "Feature", "properties": { "stop_id": "unmatched_PACH01", "stop_code": "PACH01", "stop_name": "Parc Chuit", "stop_desc": null, "stop_lat": 46.191479, "stop_lon": 6.12056, "zone_id": null, "stop_url": null, "location_type": 1, "parent_station": null, "active": false }, "geometry": { "type": "Point", "coordinates": [ 6.12056, 46.191479 ] } },
{ "type": "Feature", "properties": { "stop_id": "unmatched_PAIL00", "stop_code": "PAIL00", "stop_name": "Balexert-Pailly", "stop_desc": null, "stop_lat": 46.219734, "stop_lon": 6.114082, "zone_id": null, "stop_url": null, "location_type": 1, "parent_station": null, "active": true }, "geometry": { "type": "Point", "coordinates": [ 6.114082, 46.219734 ] } },
{ "type": "Feature", "properties": { "stop_id": "unmatched_PARC00", "stop_code": "PARC00", "stop_name": "Parc et plage des Eaux-Vives", "stop_desc": null, "stop_lat": 46.209572, "stop_lon": 6.167747, "zone_id": null, "stop_url": null, "location_type": 1, "parent_station": null, "active": true }, "geometry": { "type": "Point", "coordinates": [ 6.167747, 46.209572 ] } },
{ "type": "Feature", "properties": { "stop_id": "unmatched_PCHA00", "stop_code": "PCHA00", "stop_name": "Plateau-de-Champel", "stop_desc": null, "stop_lat": 46.19101, "stop_lon": 6.152802, "zone_id": null, "stop_url": null, "location_type": 1, "parent_station": null, "active": false }, "geometry": { "type": "Point", "coordinates": [ 6.152802, 46.19101 ] } },
{ "type": "Feature", "properties": { "stop_id": "unmatched_PCHA01", "stop_code": "PCHA01", "stop_name": "Plateau-de-Champel", "stop_desc": null, "stop_lat": 46.191071, "stop_lon": 6.152827, "zone_id": null, "stop_url": null, "location_type": 1, "parent_station": null, "active": false }, "geometry": { "type": "Point", "coordinates": [ 6.152827, 46.191071 ] } },
{ "type": "Feature", "properties": { "stop_id": "unmatched_PCRO00", "stop_code": "PCRO00", "stop_name": "Parc des Cropettes", "stop_desc": null, "stop_lat": 46.213318, "stop_lon": 6.139257, "zone_id": null, "stop_url": null, "location_type": 1, "parent_station": null, "active": false }, "geometry": { "type": "Point", "coordinates": [ 6.139257, 46.213318 ] } },
{ "type": "Feature", "properties": { "stop_id": "unmatched_PEDI98", "stop_code": "PEDI98", "stop_name": "Pédiatrie", "stop_desc": null, "stop_lat": 46.191242, "stop_lon": 6.145957, "zone_id": null, "stop_url": null, "location_type": 1, "parent_station": null, "active": false }, "geometry": { "type": "Point", "coordinates": [ 6.145957, 46.191242 ] } },
{ "type": "Feature", "properties": { "stop_id": "unmatched_PENT98", "stop_code": "PENT98", "stop_name": "Penthes", "stop_desc": null, "stop_lat": 46.232643, "stop_lon": 6.139116, "zone_id": null, "stop_url": null, "location_type": 1, "parent_station": null, "active": false }, "geometry": { "type": "Point", "coordinates": [ 6.139116, 46.232643 ] } },
{ "type": "Feature", "properties": { "stop_id": "unmatched_PLDIST", "stop_code": "PLDIST", "stop_name": "Palladium Stationnement", "stop_desc": null, "stop_lat": 46.203377, "stop_lon": 6.138674, "zone_id": null, "stop_url": null, "location_type": 1, "parent_station": null, "active": false }, "geometry": { "type": "Point", "coordinates": [ 6.138674, 46.203377 ] } },
{ "type": "Feature", "properties": { "stop_id": "unmatched_PLEV98", "stop_code": "PLEV98", "stop_name": "Place des Eaux-Vives", "stop_desc": null, "stop_lat": 46.201733, "stop_lon": 6.157694, "zone_id": null, "stop_url": null, "location_type": 1, "parent_station": null, "active": false }, "geometry": { "type": "Point", "coordinates": [ 6.157694, 46.201733 ] } },
{ "type": "Feature", "properties": { "stop_id": "unmatched_PLEY02", "stop_code": "PLEY02", "stop_name": "Palais Eynard", "stop_desc": null, "stop_lat": 46.19968, "stop_lon": 6.147648, "zone_id": null, "stop_url": null, "location_type": 1, "parent_station": null, "active": false }, "geometry": { "type": "Point", "coordinates": [ 6.147648, 46.19968 ] } },
{ "type": "Feature", "properties": { "stop_id": "unmatched_PLEY99", "stop_code": "PLEY99", "stop_name": "Palais Eynard", "stop_desc": null, "stop_lat": 46.198769, "stop_lon": 6.147545, "zone_id": null, "stop_url": null, "location_type": 1, "parent_station": null, "active": false }, "geometry": { "type": "Point", "coordinates": [ 6.147545, 46.198769 ] } },
{ "type": "Feature", "properties": { "stop_id": "unmatched_PLPA08", "stop_code": "PLPA08", "stop_name": "Plainpalais", "stop_desc": null, "stop_lat": 46.198124, "stop_lon": 6.142787, "zone_id": null, "stop_url": null, "location_type": 1, "parent_station": null, "active": true }, "geometry": { "type": "Point", "coordinates": [ 6.142787, 46.198124 ] } },
{ "type": "Feature", "properties": { "stop_id": "unmatched_PLPA09", "stop_code": "PLPA09", "stop_name": "Plainpalais", "stop_desc": null, "stop_lat": 46.197586, "stop_lon": 6.142088, "zone_id": null, "stop_url": null, "location_type": 1, "parent_station": null, "active": false }, "geometry": { "type": "Point", "coordinates": [ 6.142088, 46.197586 ] } },
{ "type": "Feature", "properties": { "stop_id": "unmatched_PMEY00", "stop_code": "PMEY00", "stop_name": "Pedro-Meylan", "stop_desc": null, "stop_lat": 46.195423, "stop_lon": 6.165576, "zone_id": null, "stop_url": null, "location_type": 1, "parent_station": null, "active": false }, "geometry": { "type": "Point", "coordinates": [ 6.165576, 46.195423 ] } },
{ "type": "Feature", "properties": { "stop_id": "unmatched_PMEY01", "stop_code": "PMEY01", "stop_name": "Pedro-Meylan", "stop_desc": null, "stop_lat": 46.195404, "stop_lon": 6.165355, "zone_id": null, "stop_url": null, "location_type": 1, "parent_station": null, "active": false }, "geometry": { "type": "Point", "coordinates": [ 6.165355, 46.195404 ] } },
{ "type": "Feature", "properties": { "stop_id": "unmatched_PNEV04", "stop_code": "PNEV04", "stop_name": "Place de Neuve", "stop_desc": null, "stop_lat": 46.201, "stop_lon": 6.1436, "zone_id": null, "stop_url": null, "location_type": 1, "parent_station": null, "active": true }, "geometry": { "type": "Point", "coordinates": [ 6.1436, 46.201 ] } },
{ "type": "Feature", "properties": { "stop_id": "unmatched_PNEV05", "stop_code": "PNEV05", "stop_name": "Place de Neuve", "stop_desc": null, "stop_lat": 46.201504, "stop_lon": 6.144029, "zone_id": null, "stop_url": null, "location_type": 1, "parent_station": null, "active": true }, "geometry": { "type": "Point", "coordinates": [ 6.144029, 46.201504 ] } },
{ "type": "Feature", "properties": { "stop_id": "unmatched_PNEV95", "stop_code": "PNEV95", "stop_name": "Place de Neuve", "stop_desc": null, "stop_lat": 46.202244, "stop_lon": 6.143519, "zone_id": null, "stop_url": null, "location_type": 1, "parent_station": null, "active": false }, "geometry": { "type": "Point", "coordinates": [ 6.143519, 46.202244 ] } },
{ "type": "Feature", "properties": { "stop_id": "unmatched_PNEV99", "stop_code": "PNEV99", "stop_name": "Place de Neuve", "stop_desc": null, "stop_lat": 46.201061, "stop_lon": 6.143638, "zone_id": null, "stop_url": null, "location_type": 1, "parent_station": null, "active": false }, "geometry": { "type": "Point", "coordinates": [ 6.143638, 46.201061 ] } },
{ "type": "Feature", "properties": { "stop_id": "unmatched_PNEVST", "stop_code": "PNEVST", "stop_name": "Place de Neuve (ST)", "stop_desc": null, "stop_lat": 46.200901, "stop_lon": 6.143353, "zone_id": null, "stop_url": null, "location_type": 1, "parent_station": null, "active": false }, "geometry": { "type": "Point", "coordinates": [ 6.143353, 46.200901 ] } },
{ "type": "Feature", "properties": { "stop_id": "unmatched_PRPI98", "stop_code": "PRPI98", "stop_name": "Pré-Picot", "stop_desc": null, "stop_lat": 46.205902, "stop_lon": 6.175766, "zone_id": null, "stop_url": null, "location_type": 1, "parent_station": null, "active": false }, "geometry": { "type": "Point", "coordinates": [ 6.175766, 46.205902 ] } },
{ "type": "Feature", "properties": { "stop_id": "unmatched_PSAC04", "stop_code": "PSAC04", "stop_name": "Petit-Saconnex", "stop_desc": null, "stop_lat": 46.223137, "stop_lon": 6.130513, "zone_id": null, "stop_url": null, "location_type": 1, "parent_station": null, "active": true }, "geometry": { "type": "Point", "coordinates": [ 6.130513, 46.223137 ] } },
{ "type": "Feature", "properties": { "stop_id": "unmatched_PSAC05", "stop_code": "PSAC05", "stop_name": "Petit-Saconnex", "stop_desc": null, "stop_lat": 46.223129, "stop_lon": 6.130657, "zone_id": null, "stop_url": null, "location_type": 1, "parent_station": null, "active": true }, "geometry": { "type": "Point", "coordinates": [ 6.130657, 46.223129 ] } },
{ "type": "Feature", "properties": { "stop_id": "unmatched_PSAC97", "stop_code": "PSAC97", "stop_name": "Petit-Saconnex", "stop_desc": null, "stop_lat": 46.221958, "stop_lon": 6.125565, "zone_id": null, "stop_url": null, "location_type": 1, "parent_station": null, "active": true }, "geometry": { "type": "Point", "coordinates": [ 6.125565, 46.221958 ] } },
{ "type": "Feature", "properties": { "stop_id": "unmatched_PSAC99", "stop_code": "PSAC99", "stop_name": "Petit-Saconnex", "stop_desc": null, "stop_lat": 46.222099, "stop_lon": 6.12556, "zone_id": null, "stop_url": null, "location_type": 1, "parent_station": null, "active": false }, "geometry": { "type": "Point", "coordinates": [ 6.12556, 46.222099 ] } },
{ "type": "Feature", "properties": { "stop_id": "unmatched_RIEU02", "stop_code": "RIEU02", "stop_name": "Rieu", "stop_desc": null, "stop_lat": 46.195404, "stop_lon": 6.165563, "zone_id": null, "stop_url": null, "location_type": 1, "parent_station": null, "active": true }, "geometry": { "type": "Point", "coordinates": [ 6.165563, 46.195404 ] } },
{ "type": "Feature", "properties": { "stop_id": "unmatched_RIEU99", "stop_code": "RIEU99", "stop_name": "Rieu", "stop_desc": null, "stop_lat": 46.196877, "stop_lon": 6.166669, "zone_id": null, "stop_url": null, "location_type": 1, "parent_station": null, "active": false }, "geometry": { "type": "Point", "coordinates": [ 6.166669, 46.196877 ] } },
{ "type": "Feature", "properties": { "stop_id": "unmatched_RIVE01", "stop_code": "RIVE01", "stop_name": "Rive", "stop_desc": null, "stop_lat": 46.20155, "stop_lon": 6.153603, "zone_id": null, "stop_url": null, "location_type": 1, "parent_station": null, "active": true }, "geometry": { "type": "Point", "coordinates": [ 6.153603, 46.20155 ] } },
{ "type": "Feature", "properties": { "stop_id": "unmatched_RIVE06", "stop_code": "RIVE06", "stop_name": "Rive", "stop_desc": null, "stop_lat": 46.20171, "stop_lon": 6.152692, "zone_id": null, "stop_url": null, "location_type": 1, "parent_station": null, "active": true }, "geometry": { "type": "Point", "coordinates": [ 6.152692, 46.20171 ] } },
{ "type": "Feature", "properties": { "stop_id": "unmatched_RIVE07", "stop_code": "RIVE07", "stop_name": "Rive", "stop_desc": null, "stop_lat": 46.202446, "stop_lon": 6.15364, "zone_id": null, "stop_url": null, "location_type": 1, "parent_station": null, "active": false }, "geometry": { "type": "Point", "coordinates": [ 6.15364, 46.202446 ] } },
{ "type": "Feature", "properties": { "stop_id": "unmatched_RIVE08", "stop_code": "RIVE08", "stop_name": "Rive", "stop_desc": null, "stop_lat": 46.201912, "stop_lon": 6.152286, "zone_id": null, "stop_url": null, "location_type": 1, "parent_station": null, "active": true }, "geometry": { "type": "Point", "coordinates": [ 6.152286, 46.201912 ] } },
{ "type": "Feature", "properties": { "stop_id": "unmatched_RIVE09", "stop_code": "RIVE09", "stop_name": "Rive", "stop_desc": null, "stop_lat": 46.201645, "stop_lon": 6.151813, "zone_id": null, "stop_url": null, "location_type": 1, "parent_station": null, "active": true }, "geometry": { "type": "Point", "coordinates": [ 6.151813, 46.201645 ] } },
{ "type": "Feature", "properties": { "stop_id": "unmatched_RIVE12", "stop_code": "RIVE12", "stop_name": "Rive", "stop_desc": null, "stop_lat": 46.202091, "stop_lon": 6.15359, "zone_id": null, "stop_url": null, "location_type": 1, "parent_station": null, "active": false }, "geometry": { "type": "Point", "coordinates": [ 6.15359, 46.202091 ] } },
{ "type": "Feature", "properties": { "stop_id": "unmatched_RIVE14", "stop_code": "RIVE14", "stop_name": "Rive", "stop_desc": null, "stop_lat": 46.202648, "stop_lon": 6.15366, "zone_id": null, "stop_url": null, "location_type": 1, "parent_station": null, "active": false }, "geometry": { "type": "Point", "coordinates": [ 6.15366, 46.202648 ] } },
{ "type": "Feature", "properties": { "stop_id": "unmatched_RIVE98", "stop_code": "RIVE98", "stop_name": "Rive", "stop_desc": null, "stop_lat": 46.201443, "stop_lon": 6.153061, "zone_id": null, "stop_url": null, "location_type": 1, "parent_station": null, "active": false }, "geometry": { "type": "Point", "coordinates": [ 6.153061, 46.201443 ] } },
{ "type": "Feature", "properties": { "stop_id": "unmatched_ROIS00", "stop_code": "ROIS00", "stop_name": "Rois", "stop_desc": null, "stop_lat": 46.202801, "stop_lon": 6.137817, "zone_id": null, "stop_url": null, "location_type": 1, "parent_station": null, "active": false }, "geometry": { "type": "Point", "coordinates": [ 6.137817, 46.202801 ] } },
{ "type": "Feature", "properties": { "stop_id": "unmatched_ROSE98", "stop_code": "ROSE98", "stop_name": "Roseraie", "stop_desc": null, "stop_lat": 46.19241, "stop_lon": 6.149838, "zone_id": null, "stop_url": null, "location_type": 1, "parent_station": null, "active": false }, "geometry": { "type": "Point", "coordinates": [ 6.149838, 46.19241 ] } },
{ "type": "Feature", "properties": { "stop_id": "unmatched_SAUT03", "stop_code": "SAUT03", "stop_name": "Hôpital", "stop_desc": null, "stop_lat": 46.194775, "stop_lon": 6.149534, "zone_id": null, "stop_url": null, "location_type": 1, "parent_station": null, "active": false }, "geometry": { "type": "Point", "coordinates": [ 6.149534, 46.194775 ] } },
{ "type": "Feature", "properties": { "stop_id": "unmatched_SAVS01", "stop_code": "SAVS01", "stop_name": "Savoises", "stop_desc": null, "stop_lat": 46.20097, "stop_lon": 6.137809, "zone_id": null, "stop_url": null, "location_type": 1, "parent_station": null, "active": false }, "geometry": { "type": "Point", "coordinates": [ 6.137809, 46.20097 ] } },
{ "type": "Feature", "properties": { "stop_id": "unmatched_SCLO99", "stop_code": "SCLO99", "stop_name": "Sainte-Clotilde", "stop_desc": null, "stop_lat": 46.199261, "stop_lon": 6.132382, "zone_id": null, "stop_url": null, "location_type": 1, "parent_station": null, "active": false }, "geometry": { "type": "Point", "coordinates": [ 6.132382, 46.199261 ] } },
{ "type": "Feature", "properties": { "stop_id": "unmatched_SECH01", "stop_code": "SECH01", "stop_name": "Perle du Lac", "stop_desc": null, "stop_lat": 46.220501, "stop_lon": 6.150032, "zone_id": null, "stop_url": null, "location_type": 1, "parent_station": null, "active": true }, "geometry": { "type": "Point", "coordinates": [ 6.150032, 46.220501 ] } },
{ "type": "Feature", "properties": { "stop_id": "unmatched_SECH02", "stop_code": "SECH02", "stop_name": "Collège de Sécheron", "stop_desc": null, "stop_lat": 46.220692, "stop_lon": 6.150014, "zone_id": null, "stop_url": null, "location_type": 1, "parent_station": null, "active": false }, "geometry": { "type": "Point", "coordinates": [ 6.150014, 46.220692 ] } },
{ "type": "Feature", "properties": { "stop_id": "unmatched_SECH03", "stop_code": "SECH03", "stop_name": "Sécheron", "stop_desc": null, "stop_lat": 46.220371, "stop_lon": 6.149672, "zone_id": null, "stop_url": null, "location_type": 1, "parent_station": null, "active": false }, "geometry": { "type": "Point", "coordinates": [ 6.149672, 46.220371 ] } },
{ "type": "Feature", "properties": { "stop_id": "unmatched_SEUJ00", "stop_code": "SEUJ00", "stop_name": "Seujet", "stop_desc": null, "stop_lat": 46.203949, "stop_lon": 6.132179, "zone_id": null, "stop_url": null, "location_type": 1, "parent_station": null, "active": true }, "geometry": { "type": "Point", "coordinates": [ 6.132179, 46.203949 ] } },
{ "type": "Feature", "properties": { "stop_id": "unmatched_SOCI98", "stop_code": "SOCI98", "stop_name": "Contrat-Social", "stop_desc": null, "stop_lat": 46.206711, "stop_lon": 6.119524, "zone_id": null, "stop_url": null, "location_type": 1, "parent_station": null, "active": false }, "geometry": { "type": "Point", "coordinates": [ 6.119524, 46.206711 ] } },
{ "type": "Feature", "properties": { "stop_id": "unmatched_SPOR02", "stop_code": "SPOR02", "stop_name": "Parc-des-Sports", "stop_desc": null, "stop_lat": 46.21019, "stop_lon": 6.117062, "zone_id": null, "stop_url": null, "location_type": 1, "parent_station": null, "active": false }, "geometry": { "type": "Point", "coordinates": [ 6.117062, 46.21019 ] } },
{ "type": "Feature", "properties": { "stop_id": "unmatched_STAL98", "stop_code": "STAL98", "stop_name": "De-Staël", "stop_desc": null, "stop_lat": 46.17617, "stop_lon": 6.132598, "zone_id": null, "stop_url": null, "location_type": 1, "parent_station": null, "active": false }, "geometry": { "type": "Point", "coordinates": [ 6.132598, 46.17617 ] } },
{ "type": "Feature", "properties": { "stop_id": "unmatched_STGE04", "stop_code": "STGE04", "stop_name": "Grand-Lancy, Stade de Genève", "stop_desc": null, "stop_lat": 46.181446, "stop_lon": 6.128923, "zone_id": null, "stop_url": null, "location_type": 1, "parent_station": null, "active": true }, "geometry": { "type": "Point", "coordinates": [ 6.128923, 46.181446 ] } },
{ "type": "Feature", "properties": { "stop_id": "unmatched_STGEST", "stop_code": "STGEST", "stop_name": "Grand-Lancy, Stade de Genève Stationnement", "stop_desc": null, "stop_lat": 46.181187, "stop_lon": 6.128948, "zone_id": null, "stop_url": null, "location_type": 1, "parent_station": null, "active": false }, "geometry": { "type": "Point", "coordinates": [ 6.128948, 46.181187 ] } },
{ "type": "Feature", "properties": { "stop_id": "unmatched_STND00", "stop_code": "STND00", "stop_name": "Stand", "stop_desc": null, "stop_lat": 46.203667, "stop_lon": 6.139831, "zone_id": null, "stop_url": null, "location_type": 1, "parent_station": null, "active": true }, "geometry": { "type": "Point", "coordinates": [ 6.139831, 46.203667 ] } },
{ "type": "Feature", "properties": { "stop_id": "unmatched_STND03", "stop_code": "STND03", "stop_name": "Stand", "stop_desc": null, "stop_lat": 46.20414, "stop_lon": 6.140182, "zone_id": null, "stop_url": null, "location_type": 1, "parent_station": null, "active": true }, "geometry": { "type": "Point", "coordinates": [ 6.140182, 46.20414 ] } },
{ "type": "Feature", "properties": { "stop_id": "unmatched_STND05", "stop_code": "STND05", "stop_name": "Stand", "stop_desc": null, "stop_lat": 46.203651, "stop_lon": 6.141438, "zone_id": null, "stop_url": null, "location_type": 1, "parent_station": null, "active": false }, "geometry": { "type": "Point", "coordinates": [ 6.141438, 46.203651 ] } },
{ "type": "Feature", "properties": { "stop_id": "unmatched_STND97", "stop_code": "STND97", "stop_name": "Stand", "stop_desc": null, "stop_lat": 46.204212, "stop_lon": 6.14026, "zone_id": null, "stop_url": null, "location_type": 1, "parent_station": null, "active": true }, "geometry": { "type": "Point", "coordinates": [ 6.14026, 46.204212 ] } },
{ "type": "Feature", "properties": { "stop_id": "unmatched_STND99", "stop_code": "STND99", "stop_name": "Stand", "stop_desc": null, "stop_lat": 46.203583, "stop_lon": 6.141012, "zone_id": null, "stop_url": null, "location_type": 1, "parent_station": null, "active": false }, "geometry": { "type": "Point", "coordinates": [ 6.141012, 46.203583 ] } },
{ "type": "Feature", "properties": { "stop_id": "unmatched_STRC01", "stop_code": "STRC01", "stop_name": "Stade Trois-Chêne", "stop_desc": null, "stop_lat": 46.192028, "stop_lon": 6.192057, "zone_id": null, "stop_url": null, "location_type": 1, "parent_station": null, "active": true }, "geometry": { "type": "Point", "coordinates": [ 6.192057, 46.192028 ] } },
{ "type": "Feature", "properties": { "stop_id": "unmatched_SUIT01", "stop_code": "SUIT01", "stop_name": "Suite-Novotel", "stop_desc": null, "stop_lat": 46.21899, "stop_lon": 6.114792, "zone_id": null, "stop_url": null, "location_type": 1, "parent_station": null, "active": false }, "geometry": { "type": "Point", "coordinates": [ 6.114792, 46.21899 ] } },
{ "type": "Feature", "properties": { "stop_id": "unmatched_SVEY00", "stop_code": "SVEY00", "stop_name": "Vessy-Stand de tir", "stop_desc": null, "stop_lat": 46.174725, "stop_lon": 6.167743, "zone_id": null, "stop_url": null, "location_type": 1, "parent_station": null, "active": true }, "geometry": { "type": "Point", "coordinates": [ 6.167743, 46.174725 ] } },
{ "type": "Feature", "properties": { "stop_id": "unmatched_SWIS00", "stop_code": "SWIS00", "stop_name": "Swissôtel", "stop_desc": null, "stop_lat": 46.203289, "stop_lon": 6.151844, "zone_id": null, "stop_url": null, "location_type": 1, "parent_station": null, "active": false }, "geometry": { "type": "Point", "coordinates": [ 6.151844, 46.203289 ] } },
{ "type": "Feature", "properties": { "stop_id": "unmatched_TCAR03", "stop_code": "TCAR03", "stop_name": "Carouge-Tours", "stop_desc": null, "stop_lat": 46.183674, "stop_lon": 6.135878, "zone_id": null, "stop_url": null, "location_type": 1, "parent_station": null, "active": true }, "geometry": { "type": "Point", "coordinates": [ 6.135878, 46.183674 ] } },
{ "type": "Feature", "properties": { "stop_id": "unmatched_TCAR98", "stop_code": "TCAR98", "stop_name": "Carouge-Tours", "stop_desc": null, "stop_lat": 46.183495, "stop_lon": 6.137671, "zone_id": null, "stop_url": null, "location_type": 1, "parent_station": null, "active": false }, "geometry": { "type": "Point", "coordinates": [ 6.137671, 46.183495 ] } },
{ "type": "Feature", "properties": { "stop_id": "unmatched_TCARST", "stop_code": "TCARST", "stop_name": "Carouge-Tours (Stationnement)", "stop_desc": null, "stop_lat": 46.182426, "stop_lon": 6.136217, "zone_id": null, "stop_url": null, "location_type": 1, "parent_station": null, "active": false }, "geometry": { "type": "Point", "coordinates": [ 6.136217, 46.182426 ] } },
{ "type": "Feature", "properties": { "stop_id": "unmatched_TIFF00", "stop_code": "TIFF00", "stop_name": "Tiffany", "stop_desc": null, "stop_lat": 46.203526, "stop_lon": 6.139727, "zone_id": null, "stop_url": null, "location_type": 1, "parent_station": null, "active": false }, "geometry": { "type": "Point", "coordinates": [ 6.139727, 46.203526 ] } },
{ "type": "Feature", "properties": { "stop_id": "unmatched_TRMB98", "stop_code": "TRMB98", "stop_name": "Trembley", "stop_desc": null, "stop_lat": 46.217541, "stop_lon": 6.126845, "zone_id": null, "stop_url": null, "location_type": 1, "parent_station": null, "active": false }, "geometry": { "type": "Point", "coordinates": [ 6.126845, 46.217541 ] } },
{ "type": "Feature", "properties": { "stop_id": "unmatched_TRSI02", "stop_code": "TRSI02", "stop_name": "Terrassière", "stop_desc": null, "stop_lat": 46.200729, "stop_lon": 6.155241, "zone_id": null, "stop_url": null, "location_type": 1, "parent_station": null, "active": true }, "geometry": { "type": "Point", "coordinates": [ 6.155241, 46.200729 ] } },
{ "type": "Feature", "properties": { "stop_id": "unmatched_TRSI03", "stop_code": "TRSI03", "stop_name": "Terrassière", "stop_desc": null, "stop_lat": 46.201035, "stop_lon": 6.155883, "zone_id": null, "stop_url": null, "location_type": 1, "parent_station": null, "active": true }, "geometry": { "type": "Point", "coordinates": [ 6.155883, 46.201035 ] } },
{ "type": "Feature", "properties": { "stop_id": "unmatched_TRSI97", "stop_code": "TRSI97", "stop_name": "Terrassière", "stop_desc": null, "stop_lat": 46.201054, "stop_lon": 6.156063, "zone_id": null, "stop_url": null, "location_type": 1, "parent_station": null, "active": false }, "geometry": { "type": "Point", "coordinates": [ 6.156063, 46.201054 ] } },
{ "type": "Feature", "properties": { "stop_id": "unmatched_UIT01", "stop_code": "UIT01", "stop_name": "UIT", "stop_desc": null, "stop_lat": 46.221024, "stop_lon": 6.136825, "zone_id": null, "stop_url": null, "location_type": 1, "parent_station": null, "active": false }, "geometry": { "type": "Point", "coordinates": [ 6.136825, 46.221024 ] } },
{ "type": "Feature", "properties": { "stop_id": "unmatched_UNIM99", "stop_code": "UNIM99", "stop_name": "Uni-Mail", "stop_desc": null, "stop_lat": 46.195499, "stop_lon": 6.141982, "zone_id": null, "stop_url": null, "location_type": 1, "parent_station": null, "active": true }, "geometry": { "type": "Point", "coordinates": [ 6.141982, 46.195499 ] } },
{ "type": "Feature", "properties": { "stop_id": "unmatched_VARV98", "stop_code": "VARV98", "stop_name": "Val-d'Arve", "stop_desc": null, "stop_lat": 46.184692, "stop_lon": 6.15024, "zone_id": null, "stop_url": null, "location_type": 1, "parent_station": null, "active": false }, "geometry": { "type": "Point", "coordinates": [ 6.15024, 46.184692 ] } },
{ "type": "Feature", "properties": { "stop_id": "unmatched_VARV99", "stop_code": "VARV99", "stop_name": "Val-d'Arve", "stop_desc": null, "stop_lat": 46.184666, "stop_lon": 6.149782, "zone_id": null, "stop_url": null, "location_type": 1, "parent_station": null, "active": false }, "geometry": { "type": "Point", "coordinates": [ 6.149782, 46.184666 ] } },
{ "type": "Feature", "properties": { "stop_id": "unmatched_VEBO01", "stop_code": "VEBO01", "stop_name": "Vessy, Bochère", "stop_desc": null, "stop_lat": 46.178669, "stop_lon": 6.164413, "zone_id": null, "stop_url": null, "location_type": 1, "parent_station": null, "active": true }, "geometry": { "type": "Point", "coordinates": [ 6.164413, 46.178669 ] } },
{ "type": "Feature", "properties": { "stop_id": "unmatched_VEGE00", "stop_code": "VEGE00", "stop_name": "Vessy-Grands-Esserts_EB", "stop_desc": null, "stop_lat": 46.176304, "stop_lon": 6.162289, "zone_id": null, "stop_url": null, "location_type": 1, "parent_station": null, "active": false }, "geometry": { "type": "Point", "coordinates": [ 6.162289, 46.176304 ] } },
{ "type": "Feature", "properties": { "stop_id": "unmatched_VGES00", "stop_code": "VGES00", "stop_name": "Vessy, Grands-Esserts", "stop_desc": null, "stop_lat": 46.176331, "stop_lon": 6.162279, "zone_id": null, "stop_url": null, "location_type": 1, "parent_station": null, "active": true }, "geometry": { "type": "Point", "coordinates": [ 6.162279, 46.176331 ] } },
{ "type": "Feature", "properties": { "stop_id": "unmatched_VGES01", "stop_code": "VGES01", "stop_name": "Vessy, Grands-Esserts", "stop_desc": null, "stop_lat": 46.176785, "stop_lon": 6.162851, "zone_id": null, "stop_url": null, "location_type": 1, "parent_station": null, "active": true }, "geometry": { "type": "Point", "coordinates": [ 6.162851, 46.176785 ] } },
{ "type": "Feature", "properties": { "stop_id": "unmatched_VGES02", "stop_code": "VGES02", "stop_name": "Vessy, Grands-Esserts", "stop_desc": null, "stop_lat": 46.175838, "stop_lon": 6.162562, "zone_id": null, "stop_url": null, "location_type": 1, "parent_station": null, "active": true }, "geometry": { "type": "Point", "coordinates": [ 6.162562, 46.175838 ] } },
{ "type": "Feature", "properties": { "stop_id": "unmatched_VIDO97", "stop_code": "VIDO97", "stop_name": "Vidollet", "stop_desc": null, "stop_lat": 46.217491, "stop_lon": 6.136268, "zone_id": null, "stop_url": null, "location_type": 1, "parent_station": null, "active": false }, "geometry": { "type": "Point", "coordinates": [ 6.136268, 46.217491 ] } },
{ "type": "Feature", "properties": { "stop_id": "unmatched_VIDO98", "stop_code": "VIDO98", "stop_name": "Vidollet", "stop_desc": null, "stop_lat": 46.216808, "stop_lon": 6.137527, "zone_id": null, "stop_url": null, "location_type": 1, "parent_station": null, "active": false }, "geometry": { "type": "Point", "coordinates": [ 6.137527, 46.216808 ] } },
{ "type": "Feature", "properties": { "stop_id": "unmatched_VILL99", "stop_code": "VILL99", "stop_name": "Villereuse", "stop_desc": null, "stop_lat": 46.200764, "stop_lon": 6.157975, "zone_id": null, "stop_url": null, "location_type": 1, "parent_station": null, "active": false }, "geometry": { "type": "Point", "coordinates": [ 6.157975, 46.200764 ] } },
{ "type": "Feature", "properties": { "stop_id": "unmatched_VRBE01", "stop_code": "VRBE01", "stop_name": "Varembé", "stop_desc": null, "stop_lat": 46.220779, "stop_lon": 6.14055, "zone_id": null, "stop_url": null, "location_type": 1, "parent_station": null, "active": true }, "geometry": { "type": "Point", "coordinates": [ 6.14055, 46.220779 ] } },
{ "type": "Feature", "properties": { "stop_id": "unmatched_VRBE02", "stop_code": "VRBE02", "stop_name": "Varembé", "stop_desc": null, "stop_lat": 46.221046, "stop_lon": 6.140117, "zone_id": null, "stop_url": null, "location_type": 1, "parent_station": null, "active": true }, "geometry": { "type": "Point", "coordinates": [ 6.140117, 46.221046 ] } },
{ "type": "Feature", "properties": { "stop_id": "unmatched_VSUI01", "stop_code": "VSUI01", "stop_name": "Village-Suisse", "stop_desc": null, "stop_lat": 46.201454, "stop_lon": 6.135983, "zone_id": null, "stop_url": null, "location_type": 1, "parent_station": null, "active": true }, "geometry": { "type": "Point", "coordinates": [ 6.135983, 46.201454 ] } },
{ "type": "Feature", "properties": { "stop_id": "unmatched_VTTE00", "stop_code": "VTTE00", "stop_name": "Villette", "stop_desc": null, "stop_lat": 46.181541, "stop_lon": 6.181623, "zone_id": null, "stop_url": null, "location_type": 1, "parent_station": null, "active": true }, "geometry": { "type": "Point", "coordinates": [ 6.181623, 46.181541 ] } },
{ "type": "Feature", "properties": { "stop_id": "unmatched_WARW00", "stop_code": "WARW00", "stop_name": "Warwick / Cristal", "stop_desc": null, "stop_lat": 46.210865, "stop_lon": 6.14419, "zone_id": null, "stop_url": null, "location_type": 1, "parent_station": null, "active": false }, "geometry": { "type": "Point", "coordinates": [ 6.14419, 46.210865 ] } },
{ "type": "Feature", "properties": { "stop_id": "unmatched_WARW01", "stop_code": "WARW01", "stop_name": "Warwick / Cristal", "stop_desc": null, "stop_lat": 46.210957, "stop_lon": 6.143984, "zone_id": null, "stop_url": null, "location_type": 1, "parent_station": null, "active": false }, "geometry": { "type": "Point", "coordinates": [ 6.143984, 46.210957 ] } },
{ "type": "Feature", "properties": { "stop_id": "unmatched_WILS00", "stop_code": "WILS00", "stop_name": "Wilson", "stop_desc": null, "stop_lat": 46.214954, "stop_lon": 6.149865, "zone_id": null, "stop_url": null, "location_type": 1, "parent_station": null, "active": false }, "geometry": { "type": "Point", "coordinates": [ 6.149865, 46.214954 ] } },
{ "type": "Feature", "properties": { "stop_id": "unmatched_WILS98", "stop_code": "WILS98", "stop_name": "Président Wilson", "stop_desc": null, "stop_lat": 46.214176, "stop_lon": 6.152129, "zone_id": null, "stop_url": null, "location_type": 1, "parent_station": null, "active": false }, "geometry": { "type": "Point", "coordinates": [ 6.152129, 46.214176 ] } },
{ "type": "Feature", "properties": { "stop_id": "unmatched_WILS99", "stop_code": "WILS99", "stop_name": "Président Wilson", "stop_desc": null, "stop_lat": 46.214165, "stop_lon": 6.151923, "zone_id": null, "stop_url": null, "location_type": 1, "parent_station": null, "active": false }, "geometry": { "type": "Point", "coordinates": [ 6.151923, 46.214165 ] } },
{ "type": "Feature", "properties": { "stop_id": "unmatched_XPAQU1", "stop_code": "XPAQU1", "stop_name": "Pâquis", "stop_desc": null, "stop_lat": 46.209145, "stop_lon": 6.151313, "zone_id": null, "stop_url": null, "location_type": 1, "parent_station": null, "active": false }, "geometry": { "type": "Point", "coordinates": [ 6.151313, 46.209145 ] } }
]
}
