{
  "type": "FeatureCollection",
  "name": "hub_polygons",
  "crs": {
    "type": "name",
    "properties": {
      "name": "urn:ogc:def:crs:OGC:1.3:CRS84"
    }
  },
  "features": [
    {
      "type": "Feature",
      "properties": {
        "cluster": 0
      },
      "geometry": {
        "type": "Polygon",
        "coordinates": [
          [
            [
              6.141984935104739,
              46.19936165943155
            ],
            [
              6.141947243351153,
              46.19930650013118
            ],
            [
              6.141901921861011,
              46.19925416349769
            ],
            [
              6.14184940710504,
              46.199205153570226
            ],
            [
              6.141790204829044,
              46.19915994235068
            ],
            [
              6.141724885183307,
              46.1991189652577
            ],
            [
              6.141654077231722,
              46.19908261693298
            ],
            [
              6.141578462893575,
              46.199051247440245
            ],
            [
              6.141498770376272,
              46.19902515889363
            ],
            [
              6.141415767162323,
              46.19900460254777
            ],
            [
              6.14133025261805,
              46.19898977637781
            ],
            [
              6.141243050295264,
              46.19898082317255
            ],
            [
              6.141155,
              46.19897782915915
            ],
            [
              6.141066949704736,
              46.19898082317255
            ],
            [
              6.140979747381948,
              46.19898977637781
            ],
            [
              6.140894232837676,
              46.19900460254777
            ],
            [
              6.140811229623726,
              46.19902515889363
            ],
            [
              6.140731537106424,
              46.199051247440245
            ],
            [
              6.140655922768276,
              46.19908261693298
            ],
            [
              6.140585114816693,
              46.1991189652577
            ],
            [
              6.140519795170955,
              46.19915994235068
            ],
            [
              6.14046059289496,
              46.199205153570226
            ],
            [
              6.140408078138988,
              46.19925416349769
            ],
            [
              6.140362756648845,
              46.19930650013118
            ],
            [
              6.140325064895259,
              46.19936165943155
            ],
            [
              6.14029536587042,
              46.19941911017691
            ],
            [
              6.140273945592174,
              46.19947829907886
            ],
            [
              6.140261010349508,
              46.19953865611126
            ],
            [
              6.14025668471588,
              46.1995996
            ],
            [
              6.140261010349508,
              46.19966054382114
            ],
            [
              6.140273945592174,
              46.19972090065334
            ],
            [
              6.14029536587042,
              46.199780089230195
            ],
            [
              6.140325064895259,
              46.199837539538045
            ],
            [
              6.140327158263079,
              46.199840603010344
            ],
            [
              6.140268484816693,
              46.19987072183365
            ],
            [
              6.140203165170956,
              46.199911698365995
            ],
            [
              6.14014396289496,
              46.19995690896696
            ],
            [
              6.140091448138988,
              46.20000591822389
            ],
            [
              6.140046126648846,
              46.20005825414132
            ],
            [
              6.14000843489526,
              46.20011341268701
            ],
            [
              6.139978735870421,
              46.20017086264633
            ],
            [
              6.139957315592175,
              46.20023005073848
            ],
            [
              6.139944380349508,
              46.20029040694508
            ],
            [
              6.139940054715881,
              46.20035135
            ],
            [
              6.139944380349508,
              46.2004122929873
            ],
            [
              6.139957315592175,
              46.20047264899372
            ],
            [
              6.139978735870421,
              46.20053183676076
            ],
            [
              6.14000843489526,
              46.20058928628258
            ],
            [
              6.140046126648846,
              46.20064444429517
            ],
            [
              6.140091448138988,
              46.200696779604385
            ],
            [
              6.14014396289496,
              46.20074578820137
            ],
            [
              6.140178500344551,
              46.20077216278561
            ],
            [
              6.140189365870421,
              46.20080218587268
            ],
            [
              6.14021906489526,
              46.200859635111826
            ],
            [
              6.140256756648845,
              46.20091479285301
            ],
            [
              6.140302078138988,
              46.20096712790472
            ],
            [
              6.140354592894959,
              46.20101613626054
            ],
            [
              6.140413795170955,
              46.20106134595273
            ],
            [
              6.140479114816693,
              46.201102321597126
            ],
            [
              6.140549922768276,
              46.20113866858575
            ],
            [
              6.140625537106425,
              46.201170036886744
            ],
            [
              6.140705229623727,
              46.20119612441495
            ],
            [
              6.140788232837676,
              46.20121667994092
            ],
            [
              6.140841396990753,
              46.201225896956224
            ],
            [
              6.140844310349508,
              46.20126694203933
            ],
            [
              6.140857245592175,
              46.20132729710691
            ],
            [
              6.140878665870421,
              46.20138648395328
            ],
            [
              6.14090836489526,
              46.20144393258147
            ],
            [
              6.140946056648846,
              46.20149908973607
            ],
            [
              6.140950874739841,
              46.201504653376325
            ],
            [
              6.140917898138988,
              46.201535427839914
            ],
            [
              6.140872576648845,
              46.20158776230044
            ],
            [
              6.140834884895259,
              46.20164291931065
            ],
            [
              6.140805185870421,
              46.201700367670696
            ],
            [
              6.140783765592174,
              46.20175955411518
            ],
            [
              6.140770830349508,
              46.2018199086416
            ],
            [
              6.14076650471588,
              46.20188085
            ],
            [
              6.140770830349508,
              46.20194179129079
            ],
            [
              6.140783765592174,
              46.202002145617016
            ],
            [
              6.140805185870421,
              46.2020613317364
            ],
            [
              6.140834884895259,
              46.202118779658946
            ],
            [
              6.140872576648845,
              46.20217393613606
            ],
            [
              6.140881688715666,
              46.20218445807034
            ],
            [
              6.140871265870421,
              46.202204619327176
            ],
            [
              6.140849845592174,
              46.20226380522844
            ],
            [
              6.140836910349509,
              46.20232415920093
            ],
            [
              6.140832584715881,
              46.2023851
            ],
            [
              6.140836910349509,
              46.20244604073147
            ],
            [
              6.140849845592174,
              46.202506394503764
            ],
            [
              6.140871265870421,
              46.20256558007993
            ],
            [
              6.14090096489526,
              46.20262302747522
            ],
            [
              6.140938656648846,
              46.20267818344609
            ],
            [
              6.140983978138989,
              46.202730516818086
            ],
            [
              6.141036492894959,
              46.20277952360096
            ],
            [
              6.141095695170955,
              46.20282473184213
            ],
            [
              6.141161014816693,
              46.20286570617138
            ],
            [
              6.141231822768277,
              46.20290205199344
            ],
            [
              6.141307437106425,
              46.20293341928764
            ],
            [
              6.141387129623727,
              46.20295950597855
            ],
            [
              6.141470132837677,
              46.20298006084479
            ],
            [
              6.141555647381949,
              46.20299488593801
            ],
            [
              6.141642849704736,
              46.20300383848918
            ],
            [
              6.1417309,
              46.2030068322832
            ],
            [
              6.141818950295264,
              46.20300383848918
            ],
            [
              6.141906152618051,
              46.20299488593801
            ],
            [
              6.141991667162324,
              46.20298006084479
            ],
            [
              6.142074670376274,
              46.20295950597855
            ],
            [
              6.142122804948491,
              46.202943749523214
            ],
            [
              6.142132197162323,
              46.20294212125565
            ],
            [
              6.142215200376272,
              46.202921566375224
            ],
            [
              6.142294892893575,
              46.2028954796663
            ],
            [
              6.142369608562945,
              46.202864485147906
            ],
            [
              6.142370534816693,
              46.20286506617698
            ],
            [
              6.142441342768277,
              46.20290141199944
            ],
            [
              6.142516957106424,
              46.20293277929402
            ],
            [
              6.142596649623727,
              46.20295886598524
            ],
            [
              6.142679652837676,
              46.202979420851705
            ],
            [
              6.142765167381949,
              46.20299424594511
            ],
            [
              6.142852369704736,
              46.203003198496376
            ],
            [
              6.14294042,
              46.20300619229044
            ],
            [
              6.143028470295263,
              46.203003198496376
            ],
            [
              6.14311567261805,
              46.20299424594511
            ],
            [
              6.143201187162323,
              46.202979420851705
            ],
            [
              6.143284190376272,
              46.20295886598524
            ],
            [
              6.143363882893575,
              46.20293277929402
            ],
            [
              6.143439497231722,
              46.20290141199944
            ],
            [
              6.143510305183306,
              46.20286506617698
            ],
            [
              6.143575624829044,
              46.20282409184724
            ],
            [
              6.143634827105039,
              46.20277888360555
            ],
            [
              6.143687341861011,
              46.2027298768221
            ],
            [
              6.143732663351154,
              46.202677543449504
            ],
            [
              6.143770355104739,
              46.20262238747799
            ],
            [
              6.143800054129579,
              46.20256494008203
            ],
            [
              6.143821474407825,
              46.202505754505175
            ],
            [
              6.143834409650491,
              46.202445400732174
            ],
            [
              6.143838735284119,
              46.20238446
            ],
            [
              6.143838698867759,
              46.20238394695587
            ],
            [
              6.143918150295264,
              46.20238124550093
            ],
            [
              6.144005352618049,
              46.20237229284831
            ],
            [
              6.144090867162323,
              46.20235746758707
            ],
            [
              6.144173870376272,
              46.202336912487915
            ],
            [
              6.144253562893574,
              46.202310825501364
            ],
            [
              6.144329177231722,
              46.202279457851695
            ],
            [
              6.144399985183306,
              46.20224311161777
            ],
            [
              6.144465304829043,
              46.20220213682418
            ],
            [
              6.144524507105039,
              46.20215692807069
            ],
            [
              6.144577021861011,
              46.202107920732445
            ],
            [
              6.144622343351153,
              46.2020555867674
            ],
            [
              6.144660035104739,
              46.20200043017149
            ],
            [
              6.144689734129578,
              46.20194298212518
            ],
            [
              6.14470378448675,
              46.20190415967177
            ],
            [
              6.144738371861011,
              46.20187188221645
            ],
            [
              6.144783693351153,
              46.20181954802657
            ],
            [
              6.14482138510474,
              46.20176439119368
            ],
            [
              6.144839586281525,
              46.201729183764044
            ],
            [
              6.144878184829044,
              46.201704970802496
            ],
            [
              6.144937387105039,
              46.20165976163992
            ],
            [
              6.144989901861011,
              46.2016107538582
            ],
            [
              6.145035223351154,
              46.20155841941957
            ],
            [
              6.145063029389671,
              46.20151772881854
            ],
            [
              6.145070682893575,
              46.20151522344171
            ],
            [
              6.145146297231723,
              46.20148385533779
            ],
            [
              6.145217105183307,
              46.20144750857753
            ],
            [
              6.145282424829045,
              46.20140653319057
            ],
            [
              6.14534162710504,
              46.20136132378242
            ],
            [
              6.145394141861011,
              46.2013123157345
            ],
            [
              6.145439463351154,
              46.201259981011596
            ],
            [
              6.14547715510474,
              46.20120482361695
            ],
            [
              6.14550685412958,
              46.201147374738746
            ],
            [
              6.145528274407826,
              46.20108818763479
            ],
            [
              6.145541209650491,
              46.201027832304554
            ],
            [
              6.14554553528412,
              46.20096688999999
            ],
            [
              6.145541209650491,
              46.20090594762783
            ],
            [
              6.145528274407826,
              46.2008455920974
            ],
            [
              6.14550685412958,
              46.20078640466835
            ],
            [
              6.14547715510474,
              46.20072895535264
            ],
            [
              6.145439463351154,
              46.20067379742489
            ],
            [
              6.145394141861011,
              46.20062146209378
            ],
            [
              6.14534162710504,
              46.2005724533859
            ],
            [
              6.145282424829045,
              46.20052724329142
            ],
            [
              6.145217105183307,
              46.20048626721815
            ],
            [
              6.145146297231723,
              46.20044991979794
            ],
            [
              6.145070682893575,
              46.20041855108582
            ],
            [
              6.144990990376273,
              46.2003924631884
            ],
            [
              6.144907987162324,
              46.20037190735407
            ],
            [
              6.144822472618051,
              46.20035708155305
            ],
            [
              6.144735270295264,
              46.200348128570596
            ],
            [
              6.14464722,
              46.2003451346317
            ],
            [
              6.144559169704736,
              46.200348128570596
            ],
            [
              6.144471967381949,
              46.20035708155305
            ],
            [
              6.144386452837677,
              46.20037190735407
            ],
            [
              6.144303449623727,
              46.2003924631884
            ],
            [
              6.144223757106425,
              46.20041855108582
            ],
            [
              6.14421513128094,
              46.20042212952228
            ],
            [
              6.144200480376274,
              46.20041733344842
            ],
            [
              6.144117477162323,
              46.20039677762339
            ],
            [
              6.144090315653356,
              46.20039206858926
            ],
            [
              6.144046671861011,
              46.20034167033475
            ],
            [
              6.143994157105039,
              46.200292661377304
            ],
            [
              6.143934954829043,
              46.2002474510526
            ],
            [
              6.143869635183306,
              46.20020647477066
            ],
            [
              6.143798827231722,
              46.20017012716536
            ],
            [
              6.143723212893574,
              46.20013875829349
            ],
            [
              6.143643520376272,
              46.20011267026323
            ],
            [
              6.143598491213099,
              46.200101518687184
            ],
            [
              6.143601304829044,
              46.20009975364722
            ],
            [
              6.143660507105039,
              46.20005454316379
            ],
            [
              6.143713021861012,
              46.20000553395023
            ],
            [
              6.143758343351155,
              46.19995319798258
            ],
            [
              6.14379603510474,
              46.19989803927605
            ],
            [
              6.143825734129579,
              46.19984058903146
            ],
            [
              6.143847154407825,
              46.199781400519775
            ],
            [
              6.143860089650492,
              46.19972104375403
            ],
            [
              6.14386441528412,
              46.1996601
            ],
            [
              6.143860089650492,
              46.199599156178365
            ],
            [
              6.143847154407825,
              46.199538799212434
            ],
            [
              6.143825734129579,
              46.19947961037565
            ],
            [
              6.14379603510474,
              46.199422159693555
            ],
            [
              6.143758343351155,
              46.19936700045391
            ],
            [
              6.143713021861012,
              46.19931466387805
            ],
            [
              6.143660507105039,
              46.199265654004556
            ],
            [
              6.143601304829044,
              46.199220442834786
            ],
            [
              6.143535985183306,
              46.19917946578693
            ],
            [
              6.143465177231723,
              46.19914311750223
            ],
            [
              6.143389562893574,
              46.19911174804403
            ],
            [
              6.143309870376274,
              46.19908565952615
            ],
            [
              6.143226867162324,
              46.199065103202905
            ],
            [
              6.143141352618051,
              46.19905027704928
            ],
            [
              6.143054150295264,
              46.19904132385388
            ],
            [
              6.1429661,
              46.19903832984377
            ],
            [
              6.142878049704735,
              46.19904132385388
            ],
            [
              6.142790847381949,
              46.19905027704928
            ],
            [
              6.142705332837676,
              46.199065103202905
            ],
            [
              6.142622329623727,
              46.19908565952615
            ],
            [
              6.142542637106425,
              46.19911174804403
            ],
            [
              6.142467022768277,
              46.19914311750223
            ],
            [
              6.142396214816693,
              46.19917946578693
            ],
            [
              6.142330895170955,
              46.199220442834786
            ],
            [
              6.142271692894959,
              46.199265654004556
            ],
            [
              6.142219178138989,
              46.19931466387805
            ],
            [
              6.142173856648845,
              46.19936700045391
            ],
            [
              6.14213616489526,
              46.199422159693555
            ],
            [
              6.142106465870421,
              46.19947961037565
            ],
            [
              6.142085045592173,
              46.199538799212434
            ],
            [
              6.142072110349508,
              46.199599156178365
            ],
            [
              6.14206778471588,
              46.1996601
            ],
            [
              6.142072110349508,
              46.19972104375403
            ],
            [
              6.14207768604688,
              46.19974706036415
            ],
            [
              6.142039285183307,
              46.1997229705412
            ],
            [
              6.142035928838975,
              46.19972124762574
            ],
            [
              6.142036054407825,
              46.19972090065334
            ],
            [
              6.142048989650491,
              46.19966054382114
            ],
            [
              6.142053315284119,
              46.1995996
            ],
            [
              6.142048989650491,
              46.19953865611126
            ],
            [
              6.142036054407825,
              46.19947829907886
            ],
            [
              6.142014634129579,
              46.19941911017691
            ],
            [
              6.141984935104739,
              46.19936165943155
            ]
          ],
          [
            [
              6.142363389650491,
              46.20026454315119
            ],
            [
              6.142367715284119,
              46.2002036
            ],
            [
              6.142363389650491,
              46.200142656781196
            ],
            [
              6.14235781395312,
              46.200116640358395
            ],
            [
              6.142396214816693,
              46.200140730008755
            ],
            [
              6.142467022768277,
              46.200177077633505
            ],
            [
              6.142511856529815,
              46.20019567706501
            ],
            [
              6.142467622768276,
              46.200214027578404
            ],
            [
              6.142396814816692,
              46.20025037515467
            ],
            [
              6.142361705882986,
              46.20027239965661
            ],
            [
              6.142363389650491,
              46.20026454315119
            ]
          ]
        ]
      }
    },
    {
      "type": "Feature",
      "properties": {
        "cluster": 1
      },
      "geometry": {
        "type": "Polygon",
        "coordinates": [
          [
            [
              6.141627562893575,
              46.20816823843294
            ],
            [
              6.141547870376272,
              46.20814215421539
            ],
            [
              6.141464867162323,
              46.20812160128059
            ],
            [
              6.14137935261805,
              46.208106777570855
            ],
            [
              6.141292150295263,
              46.20809782585127
            ],
            [
              6.1412041,
              46.20809483233468
            ],
            [
              6.141116049704735,
              46.20809782585127
            ],
            [
              6.141028847381948,
              46.208106777570855
            ],
            [
              6.140943332837676,
              46.20812160128059
            ],
            [
              6.140860329623727,
              46.20814215421539
            ],
            [
              6.140780637106424,
              46.20816823843294
            ],
            [
              6.140705022768276,
              46.2081996027203
            ],
            [
              6.140634214816692,
              46.20823594501347
            ],
            [
              6.140568895170955,
              46.2082769153068
            ],
            [
              6.140509692894959,
              46.20832211902409
            ],
            [
              6.140457178138988,
              46.20837112081894
            ],
            [
              6.140411856648845,
              46.20842344876778
            ],
            [
              6.140374164895259,
              46.208478598915114
            ],
            [
              6.14034446587042,
              46.20853604012718
            ],
            [
              6.140323045592174,
              46.2085952192074
            ],
            [
              6.140310110349508,
              46.20865556622423
            ],
            [
              6.14030578471588,
              46.2087165
            ],
            [
              6.140310110349508,
              46.20877743370818
            ],
            [
              6.140323045592174,
              46.208837780524796
            ],
            [
              6.14034446587042,
              46.20889695927994
            ],
            [
              6.140374164895259,
              46.2089544000545
            ],
            [
              6.140411856648845,
              46.209009549668735
            ],
            [
              6.140457178138988,
              46.209061877009376
            ],
            [
              6.140509692894959,
              46.20911087814429
            ],
            [
              6.140568895170955,
              46.20915608117526
            ],
            [
              6.140634214816692,
              46.20919705078227
            ],
            [
              6.140705022768276,
              46.209233392415506
            ],
            [
              6.140780637106424,
              46.209264756094655
            ],
            [
              6.140860329623727,
              46.2092908397791
            ],
            [
              6.140943332837676,
              46.209311392276405
            ],
            [
              6.141024221730899,
              46.209325413834925
            ],
            [
              6.141014544895258,
              46.20933957264411
            ],
            [
              6.140988260898718,
              46.20939040801844
            ],
            [
              6.140959122768276,
              46.20940249404001
            ],
            [
              6.140947150769872,
              46.209408638554265
            ],
            [
              6.140927267162324,
              46.20940371516649
            ],
            [
              6.140841752618051,
              46.20938889180275
            ],
            [
              6.140754550295264,
              46.209379940292116
            ],
            [
              6.1406665,
              46.2093769468454
            ],
            [
              6.140578449704735,
              46.209379940292116
            ],
            [
              6.14049124738195,
              46.20938889180275
            ],
            [
              6.140405732837675,
              46.20940371516649
            ],
            [
              6.140322729623727,
              46.20942426762155
            ],
            [
              6.140243037106424,
              46.209450351230245
            ],
            [
              6.140167422768276,
              46.20948171478552
            ],
            [
              6.140096614816692,
              46.2095180562304
            ],
            [
              6.140031295170956,
              46.20955902556742
            ],
            [
              6.139972092894959,
              46.20960422822958
            ],
            [
              6.139919578138987,
              46.209653228880654
            ],
            [
              6.139874256648845,
              46.20970555560809
            ],
            [
              6.13983656489526,
              46.209760704468124
            ],
            [
              6.139806865870421,
              46.20981814433941
            ],
            [
              6.139785445592174,
              46.209877322038295
            ],
            [
              6.139772510349507,
              46.209937667646514
            ],
            [
              6.13976818471588,
              46.209998599999984
            ],
            [
              6.139772510349507,
              46.21005953228586
            ],
            [
              6.139785445592174,
              46.2101198776939
            ],
            [
              6.139806865870421,
              46.21017905506769
            ],
            [
              6.13983656489526,
              46.21023649450149
            ],
            [
              6.139874256648845,
              46.21029164282843
            ],
            [
              6.139919578138987,
              46.21034396894765
            ],
            [
              6.139972092894959,
              46.21039296893878
            ],
            [
              6.140031295170956,
              46.21043817091462
            ],
            [
              6.140096614816692,
              46.21047913956533
            ],
            [
              6.140167422768276,
              46.210515480350274
            ],
            [
              6.140243037106424,
              46.210546843297344
            ],
            [
              6.140322729623727,
              46.21057292637294
            ],
            [
              6.140405732837675,
              46.21059347839051
            ],
            [
              6.140466947078364,
              46.21060408922984
            ],
            [
              6.140419122768276,
              46.21062392553444
            ],
            [
              6.140348314816692,
              46.210660266223584
            ],
            [
              6.140282995170955,
              46.21070123470863
            ],
            [
              6.140223792894959,
              46.210746436430775
            ],
            [
              6.140171278138988,
              46.21079543606286
            ],
            [
              6.140125956648845,
              46.21084776170212
            ],
            [
              6.140088264895259,
              46.2109029094153
            ],
            [
              6.140058565870421,
              46.2109603480921
            ],
            [
              6.140037145592174,
              46.21101952456035
            ],
            [
              6.140024210349507,
              46.21107986891365
            ],
            [
              6.14001988471588,
              46.2111408
            ],
            [
              6.140024210349507,
              46.21120173101874
            ],
            [
              6.140037145592174,
              46.21126207517185
            ],
            [
              6.140058565870421,
              46.211321251315006
            ],
            [
              6.140088264895259,
              46.21137868955431
            ],
            [
              6.140125956648845,
              46.21143383673439
            ],
            [
              6.140171278138988,
              46.21148616176545
            ],
            [
              6.140223792894959,
              46.211535160737604
            ],
            [
              6.140282995170955,
              46.21158036177344
            ],
            [
              6.140348314816692,
              46.21162132957217
            ],
            [
              6.140419122768276,
              46.21165766960137
            ],
            [
              6.140494737106424,
              46.21168903189622
            ],
            [
              6.140574429623726,
              46.2117151144294
            ],
            [
              6.140657432837676,
              46.21173566601957
            ],
            [
              6.140742947381948,
              46.211750488749956
            ],
            [
              6.140830149704735,
              46.21175943987425
            ],
            [
              6.1409182,
              46.21176243319112
            ],
            [
              6.141006250295264,
              46.21175943987425
            ],
            [
              6.14109345261805,
              46.211750488749956
            ],
            [
              6.141178967162323,
              46.21173566601957
            ],
            [
              6.141261970376273,
              46.2117151144294
            ],
            [
              6.141341662893574,
              46.21168903189622
            ],
            [
              6.141417277231723,
              46.21165766960137
            ],
            [
              6.141488085183306,
              46.21162132957217
            ],
            [
              6.141553404829044,
              46.21158036177344
            ],
            [
              6.141612607105039,
              46.211535160737604
            ],
            [
              6.141665121861011,
              46.21148616176545
            ],
            [
              6.141710443351154,
              46.21143383673439
            ],
            [
              6.14174813510474,
              46.21137868955431
            ],
            [
              6.141777834129579,
              46.211321251315006
            ],
            [
              6.141799254407825,
              46.21126207517185
            ],
            [
              6.141812189650491,
              46.21120173101874
            ],
            [
              6.141816515284119,
              46.2111408
            ],
            [
              6.141814150100088,
              46.21110748391072
            ],
            [
              6.141882820376273,
              46.211090480961055
            ],
            [
              6.141962512893576,
              46.211064398131235
            ],
            [
              6.142038127231723,
              46.2110330354797
            ],
            [
              6.142108935183308,
              46.2109966950372
            ],
            [
              6.142174254829045,
              46.21095572677254
            ],
            [
              6.142233457105041,
              46.21091052522263
            ],
            [
              6.142285971861012,
              46.21086152569323
            ],
            [
              6.142331293351154,
              46.21080920006708
            ],
            [
              6.14236898510474,
              46.2107540522598
            ],
            [
              6.14239868412958,
              46.21069661336727
            ],
            [
              6.142420104407826,
              46.2106374365511
            ],
            [
              6.142433039650491,
              46.210577091711706
            ],
            [
              6.14243736528412,
              46.21051616
            ],
            [
              6.142433039650491,
              46.21045522822069
            ],
            [
              6.142420104407826,
              46.21039488318111
            ],
            [
              6.142405104063659,
              46.21035344220017
            ],
            [
              6.14243737,
              46.21035453912603
            ],
            [
              6.142525420295263,
              46.21035154573243
            ],
            [
              6.14261262261805,
              46.21034259437868
            ],
            [
              6.142698137162323,
              46.21032777126833
            ],
            [
              6.142781140376273,
              46.210307219151346
            ],
            [
              6.142860832893575,
              46.21028113594956
            ],
            [
              6.142936447231722,
              46.210249772850766
            ],
            [
              6.143007255183306,
              46.21021343189002
            ],
            [
              6.143072574829044,
              46.21017246304112
            ],
            [
              6.143131777105039,
              46.210127260846605
            ],
            [
              6.143184291861012,
              46.21007826061842
            ],
            [
              6.143229613351154,
              46.21002593424606
            ],
            [
              6.14326730510474,
              46.20997078565233
            ],
            [
              6.143297004129579,
              46.20991334594066
            ],
            [
              6.143318424407825,
              46.20985416828059
            ],
            [
              6.143331359650491,
              46.209793822580636
            ],
            [
              6.143335685284119,
              46.20973289
            ],
            [
              6.143331359650491,
              46.20967195735176
            ],
            [
              6.143318944923203,
              46.20961403977756
            ],
            [
              6.14333503510474,
              46.20959049729945
            ],
            [
              6.143364734129579,
              46.20953305719009
            ],
            [
              6.143386154407825,
              46.209473879120296
            ],
            [
              6.143399089650492,
              46.20941353300251
            ],
            [
              6.14340341528412,
              46.2093526
            ],
            [
              6.143399089650492,
              46.209291666929886
            ],
            [
              6.143386154407825,
              46.20923132061191
            ],
            [
              6.143364734129579,
              46.20917214221702
            ],
            [
              6.14333503510474,
              46.20911470167017
            ],
            [
              6.143297343351154,
              46.209059552161506
            ],
            [
              6.143252021861011,
              46.209007224818656
            ],
            [
              6.14319950710504,
              46.208958223591274
            ],
            [
              6.143140304829044,
              46.208913020397475
            ],
            [
              6.143139820028361,
              46.208912716320675
            ],
            [
              6.143154221861012,
              46.20889927803177
            ],
            [
              6.143199543351155,
              46.208846950536234
            ],
            [
              6.143237235104741,
              46.208791800758746
            ],
            [
              6.143266934129579,
              46.20873435981414
            ],
            [
              6.143288354407826,
              46.20867518088382
            ],
            [
              6.143301289650492,
              46.20861483388855
            ],
            [
              6.14330561528412,
              46.2085539
            ],
            [
              6.143301289650492,
              46.20849296604385
            ],
            [
              6.143288354407826,
              46.208432618848384
            ],
            [
              6.143266934129579,
              46.208373439592975
            ],
            [
              6.143237235104741,
              46.208315998210864
            ],
            [
              6.143199543351155,
              46.20826084790028
            ],
            [
              6.143154221861012,
              46.20820851979654
            ],
            [
              6.143101707105041,
              46.20815951785662
            ],
            [
              6.143042504829045,
              46.20811431400552
            ],
            [
              6.142977185183307,
              46.20807334359092
            ],
            [
              6.142906377231724,
              46.20803700119016
            ],
            [
              6.142830762893575,
              46.20800563680996
            ],
            [
              6.142751070376273,
              46.2079795525152
            ],
            [
              6.142668067162324,
              46.20795899951956
            ],
            [
              6.142582552618051,
              46.20794417576593
            ],
            [
              6.142495350295264,
              46.207935224019856
            ],
            [
              6.1424073,
              46.20793223049441
            ],
            [
              6.142319249704737,
              46.207935224019856
            ],
            [
              6.14223204738195,
              46.20794417576593
            ],
            [
              6.142146532837677,
              46.20795899951956
            ],
            [
              6.142063529623727,
              46.2079795525152
            ],
            [
              6.141983837106426,
              46.20800563680996
            ],
            [
              6.141908222768277,
              46.20803700119016
            ],
            [
              6.141837414816694,
              46.20807334359092
            ],
            [
              6.141772095170956,
              46.20811431400552
            ],
            [
              6.14171289289496,
              46.20815951785662
            ],
            [
              6.141680164339816,
              46.20819005713901
            ],
            [
              6.141627562893575,
              46.20816823843294
            ]
          ]
        ]
      }
    },
    {
      "type": "Feature",
      "properties": {
        "cluster": 2
      },
      "geometry": {
        "type": "Polygon",
        "coordinates": [
          [
            [
              6.149422277231723,
              46.19763950335504
            ],
            [
              6.149346662893575,
              46.19760813303842
            ],
            [
              6.149266970376273,
              46.197582043806634
            ],
            [
              6.149183967162323,
              46.197561486920875
            ],
            [
              6.149098452618051,
              46.19754666036153
            ],
            [
              6.149011250295263,
              46.197537706921125
            ],
            [
              6.1489232,
              46.19753471282909
            ],
            [
              6.148835149704736,
              46.197537706921125
            ],
            [
              6.148747947381949,
              46.19754666036153
            ],
            [
              6.148667261138916,
              46.19756064978743
            ],
            [
              6.148610579704735,
              46.197562577201204
            ],
            [
              6.14852337738195,
              46.197571530637546
            ],
            [
              6.148437862837675,
              46.19758635719018
            ],
            [
              6.148354859623727,
              46.19760691406663
            ],
            [
              6.148275167106425,
              46.19763300328662
            ],
            [
              6.148199552768276,
              46.197664373589035
            ],
            [
              6.148128744816693,
              46.197700722851955
            ],
            [
              6.148063425170956,
              46.1977417010026
            ],
            [
              6.14800422289496,
              46.19778691338909
            ],
            [
              6.147951708138987,
              46.197835924581554
            ],
            [
              6.147906386648845,
              46.19788826256592
            ],
            [
              6.14786869489526,
              46.19794342329001
            ],
            [
              6.147838995870421,
              46.19800087551824
            ],
            [
              6.147817575592174,
              46.198060065947935
            ],
            [
              6.147811505237056,
              46.198088391522774
            ],
            [
              6.147778854895259,
              46.1981361741247
            ],
            [
              6.14774915587042,
              46.19819362615139
            ],
            [
              6.147727735592174,
              46.198252816373454
            ],
            [
              6.147714800349508,
              46.19831317475201
            ],
            [
              6.14771047471588,
              46.19837412
            ],
            [
              6.147714800349508,
              46.19843506518039
            ],
            [
              6.147727735592174,
              46.19849542335875
            ],
            [
              6.14774915587042,
              46.198554613255716
            ],
            [
              6.147778854895259,
              46.198612064844895
            ],
            [
              6.147816546648845,
              46.1986672248424
            ],
            [
              6.147861868138987,
              46.19871956203495
            ],
            [
              6.147914382894959,
              46.198768572395544
            ],
            [
              6.147973585170955,
              46.19881378393711
            ],
            [
              6.148038904816691,
              46.198854761257685
            ],
            [
              6.148109712768276,
              46.19889110973315
            ],
            [
              6.148185327106424,
              46.198922479317304
            ],
            [
              6.148190415129847,
              46.198924144961936
            ],
            [
              6.148218574816692,
              46.19894181049623
            ],
            [
              6.148289382768275,
              46.19897815891411
            ],
            [
              6.148364997106423,
              46.19900952844857
            ],
            [
              6.148444689623726,
              46.19903561700261
            ],
            [
              6.148527692837675,
              46.19905617333687
            ],
            [
              6.148613207381947,
              46.19907099948892
            ],
            [
              6.148646424231537,
              46.199074409911816
            ],
            [
              6.14865326489526,
              46.19908764278544
            ],
            [
              6.148690956648846,
              46.19914280230552
            ],
            [
              6.148736278138988,
              46.199195139045074
            ],
            [
              6.14878879289496,
              46.19924414898148
            ],
            [
              6.148847995170955,
              46.199289360131736
            ],
            [
              6.148913314816693,
              46.199330337097635
            ],
            [
              6.148984122768277,
              46.19936668525848
            ],
            [
              6.149059737106424,
              46.199398054571134
            ],
            [
              6.149139429623727,
              46.1994241429407
            ],
            [
              6.149222432837676,
              46.199444699129614
            ],
            [
              6.149307947381949,
              46.19945952517681
            ],
            [
              6.149395149704736,
              46.19946847830407
            ],
            [
              6.1494832,
              46.19947147229074
            ],
            [
              6.149571250295264,
              46.19946847830407
            ],
            [
              6.14965845261805,
              46.19945952517681
            ],
            [
              6.149743967162324,
              46.199444699129614
            ],
            [
              6.1497968148334,
              46.19943161112271
            ],
            [
              6.149798900349508,
              46.19946099404246
            ],
            [
              6.149811835592174,
              46.19952135109387
            ],
            [
              6.14983325587042,
              46.19958053988569
            ],
            [
              6.149857207315556,
              46.199626872148805
            ],
            [
              6.149814029623727,
              46.19963756529612
            ],
            [
              6.149734337106425,
              46.199663653551966
            ],
            [
              6.149658722768276,
              46.19969502269507
            ],
            [
              6.149587914816693,
              46.19973137061468
            ],
            [
              6.149522595170955,
              46.19977234725094
            ],
            [
              6.149463392894959,
              46.199817557966576
            ],
            [
              6.149410878138988,
              46.1998665673478
            ],
            [
              6.149365556648845,
              46.19991890339796
            ],
            [
              6.149327864895259,
              46.19997406208355
            ],
            [
              6.14929816587042,
              46.20003151218859
            ],
            [
              6.149276745592173,
              46.200090700430835
            ],
            [
              6.149263810349508,
              46.20015105679052
            ],
            [
              6.14925948471588,
              46.200212
            ],
            [
              6.149263810349508,
              46.200272943141876
            ],
            [
              6.149276745592173,
              46.200333299301356
            ],
            [
              6.14929816587042,
              46.200392487218515
            ],
            [
              6.149327864895259,
              46.20044993688604
            ],
            [
              6.149365556648845,
              46.20050509503852
            ],
            [
              6.149410878138988,
              46.20055743048048
            ],
            [
              6.149463392894959,
              46.20060643920175
            ],
            [
              6.149522595170955,
              46.20065164923106
            ],
            [
              6.149587914816693,
              46.200692625181006
            ],
            [
              6.149658722768276,
              46.20072897244066
            ],
            [
              6.149734337106425,
              46.200760340975556
            ],
            [
              6.149814029623727,
              46.20078642869829
            ],
            [
              6.149897032837676,
              46.20080698437754
            ],
            [
              6.149982547381949,
              46.20082181005716
            ],
            [
              6.150069749704735,
              46.200830762962426
            ],
            [
              6.1501578,
              46.200833756874864
            ],
            [
              6.150245850295263,
              46.200830762962426
            ],
            [
              6.15033305261805,
              46.20082181005716
            ],
            [
              6.150418567162323,
              46.20080698437754
            ],
            [
              6.150501570376273,
              46.20078642869829
            ],
            [
              6.150581262893574,
              46.200760340975556
            ],
            [
              6.150656877231723,
              46.20072897244066
            ],
            [
              6.150727685183306,
              46.200692625181006
            ],
            [
              6.150793004829043,
              46.20065164923106
            ],
            [
              6.150852207105039,
              46.20060643920175
            ],
            [
              6.150904721861012,
              46.20055743048048
            ],
            [
              6.150911846830668,
              46.20054920285414
            ],
            [
              6.15094441,
              46.20055031008244
            ],
            [
              6.151032460295264,
              46.200547316154555
            ],
            [
              6.151119662618052,
              46.200538363203094
            ],
            [
              6.151205177162324,
              46.200523537447
            ],
            [
              6.151288180376274,
              46.20050298166171
            ],
            [
              6.151367872893575,
              46.20047689380438
            ],
            [
              6.15141233935748,
              46.20045844684192
            ],
            [
              6.151478827381949,
              46.200469973962136
            ],
            [
              6.151566029704735,
              46.20047892692474
            ],
            [
              6.15165408,
              46.200481920856355
            ],
            [
              6.151742130295263,
              46.20047892692474
            ],
            [
              6.151829332618051,
              46.200469973962136
            ],
            [
              6.151914847162323,
              46.20045514818759
            ],
            [
              6.151997850376273,
              46.2004345923767
            ],
            [
              6.152077542893575,
              46.2004085044869
            ],
            [
              6.152153157231723,
              46.20037713575114
            ],
            [
              6.152223965183306,
              46.200340788258735
            ],
            [
              6.152289284829044,
              46.200299812046396
            ],
            [
              6.152348487105039,
              46.20025460172758
            ],
            [
              6.152401001861011,
              46.20020559269248
            ],
            [
              6.152446323351154,
              46.200153256915385
            ],
            [
              6.15248401510474,
              46.2000980984097
            ],
            [
              6.152513714129578,
              46.20004064837429
            ],
            [
              6.152535134407825,
              46.199981460078114
            ],
            [
              6.152548069650491,
              46.199921103532134
            ],
            [
              6.152552395284119,
              46.19986016
            ],
            [
              6.152548069650491,
              46.199799216400265
            ],
            [
              6.152535134407825,
              46.19973885965409
            ],
            [
              6.152513714129578,
              46.19967967103282
            ],
            [
              6.15248401510474,
              46.19962222055991
            ],
            [
              6.152446323351154,
              46.199567061521115
            ],
            [
              6.152401001861011,
              46.19951472513581
            ],
            [
              6.152348487105039,
              46.19946571544075
            ],
            [
              6.152289284829044,
              46.199420504435615
            ],
            [
              6.152223965183306,
              46.19937952753696
            ],
            [
              6.152153157231723,
              46.1993431793846
            ],
            [
              6.152077542893575,
              46.19931181004061
            ],
            [
              6.151997850376273,
              46.19928572161772
            ],
            [
              6.151914847162323,
              46.19926516536933
            ],
            [
              6.151857396279342,
              46.1992552048125
            ],
            [
              6.15183644710504,
              46.19923565378918
            ],
            [
              6.151777244829043,
              46.19919044259474
            ],
            [
              6.151711925183307,
              46.199149465524506
            ],
            [
              6.151641117231723,
              46.19911311721996
            ],
            [
              6.151565502893575,
              46.19908174774463
            ],
            [
              6.151485810376273,
              46.1990556592125
            ],
            [
              6.151424723185445,
              46.19904053053731
            ],
            [
              6.151387297105039,
              46.19900560213768
            ],
            [
              6.151328094829044,
              46.198960390753946
            ],
            [
              6.151262775183306,
              46.19891941351215
            ],
            [
              6.151191967231723,
              46.19888306505542
            ],
            [
              6.151116352893575,
              46.19885169544876
            ],
            [
              6.151036660376272,
              46.1988256068074
            ],
            [
              6.150953657162323,
              46.19880505038688
            ],
            [
              6.150942616885712,
              46.198803136261105
            ],
            [
              6.15095660710504,
              46.19879245222412
            ],
            [
              6.151009121861012,
              46.19874344188482
            ],
            [
              6.151054443351154,
              46.19869110471502
            ],
            [
              6.15109213510474,
              46.19863594474149
            ],
            [
              6.151121834129579,
              46.19857849317727
            ],
            [
              6.151143254407826,
              46.19851930330603
            ],
            [
              6.151146755366507,
              46.1985029672142
            ],
            [
              6.151149050295264,
              46.19850288917805
            ],
            [
              6.151236252618051,
              46.19849393589346
            ],
            [
              6.151321767162324,
              46.19847910958571
            ],
            [
              6.151404770376273,
              46.19845855303556
            ],
            [
              6.151484462893575,
              46.198432464207535
            ],
            [
              6.151560077231724,
              46.19840109434362
            ],
            [
              6.151630885183307,
              46.198364745544005
            ],
            [
              6.151696204829045,
              46.198323767858
            ],
            [
              6.151754046924408,
              46.19827959466446
            ],
            [
              6.151805010295263,
              46.198277861712164
            ],
            [
              6.15189221261805,
              46.19826890839091
            ],
            [
              6.151906764560221,
              46.198266385399826
            ],
            [
              6.151895925592173,
              46.19829633646953
            ],
            [
              6.151882990349507,
              46.19835669480028
            ],
            [
              6.15187866471588,
              46.19841764
            ],
            [
              6.151882990349507,
              46.19847858513212
            ],
            [
              6.151895925592173,
              46.19853894326268
            ],
            [
              6.15191734587042,
              46.19859813311277
            ],
            [
              6.15194704489526,
              46.19865558465644
            ],
            [
              6.151984736648845,
              46.19871074461026
            ],
            [
              6.152030058138987,
              46.198763081761356
            ],
            [
              6.152082572894959,
              46.19881209208313
            ],
            [
              6.152141775170955,
              46.19885730358889
            ],
            [
              6.152207094816692,
              46.198898280877
            ],
            [
              6.152277902768276,
              46.198934629323674
            ],
            [
              6.152353517106424,
              46.19896599888299
            ],
            [
              6.152433209623727,
              46.1989920874577
            ],
            [
              6.152516212837675,
              46.199012643808246
            ],
            [
              6.152601727381949,
              46.19902746997203
            ],
            [
              6.152688929704735,
              46.19903642316968
            ],
            [
              6.15277698,
              46.199039417179904
            ],
            [
              6.152790455,
              46.19903895898398
            ],
            [
              6.15280393,
              46.199039417179904
            ],
            [
              6.152891980295264,
              46.19903642316968
            ],
            [
              6.152979182618051,
              46.19902746997203
            ],
            [
              6.153064697162324,
              46.199012643808246
            ],
            [
              6.153147700376273,
              46.1989920874577
            ],
            [
              6.153227392893575,
              46.19896599888299
            ],
            [
              6.153303007231723,
              46.198934629323674
            ],
            [
              6.153373815183307,
              46.198898280877
            ],
            [
              6.153439134829044,
              46.19885730358889
            ],
            [
              6.15349833710504,
              46.19881209208313
            ],
            [
              6.153550851861012,
              46.198763081761356
            ],
            [
              6.153596173351154,
              46.19871074461026
            ],
            [
              6.15363386510474,
              46.19865558465644
            ],
            [
              6.153663564129579,
              46.19859813311277
            ],
            [
              6.153684984407826,
              46.19853894326268
            ],
            [
              6.153697919650492,
              46.19847858513212
            ],
            [
              6.153702245284119,
              46.19841764
            ],
            [
              6.153697919650492,
              46.19835669480028
            ],
            [
              6.153684984407826,
              46.19829633646953
            ],
            [
              6.153663564129579,
              46.198237146294346
            ],
            [
              6.15363386510474,
              46.198179694313154
            ],
            [
              6.153596173351154,
              46.19812453382624
            ],
            [
              6.153550851861012,
              46.198072196066924
            ],
            [
              6.15349833710504,
              46.198023185085205
            ],
            [
              6.153439134829044,
              46.19797797289312
            ],
            [
              6.153373815183307,
              46.19793699491868
            ],
            [
              6.153303007231723,
              46.197900645812055
            ],
            [
              6.153227392893575,
              46.19786927564452
            ],
            [
              6.153147700376273,
              46.19784318653672
            ],
            [
              6.153064697162324,
              46.19782262974866
            ],
            [
              6.152979182618051,
              46.19780780325977
            ],
            [
              6.152891980295264,
              46.19779884986193
            ],
            [
              6.15280393,
              46.197795855784115
            ],
            [
              6.152790455,
              46.19779631399041
            ],
            [
              6.15277698,
              46.197795855784115
            ],
            [
              6.152688929704735,
              46.19779884986193
            ],
            [
              6.152601727381949,
              46.19780780325977
            ],
            [
              6.152587175439778,
              46.19781032627191
            ],
            [
              6.152598014407825,
              46.197780374937295
            ],
            [
              6.152610949650491,
              46.19772001597348
            ],
            [
              6.152615275284118,
              46.19765907
            ],
            [
              6.152610949650491,
              46.19759812395891
            ],
            [
              6.152598014407825,
              46.1975377647949
            ],
            [
              6.152576594129578,
              46.1974785738026
            ],
            [
              6.152546895104739,
              46.19742112102828
            ],
            [
              6.152509203351153,
              46.19736595977985
            ],
            [
              6.152463881861011,
              46.197313621298015
            ],
            [
              6.152411367105039,
              46.19726460963968
            ],
            [
              6.152409758821666,
              46.19726338139312
            ],
            [
              6.15238442710504,
              46.197239739461146
            ],
            [
              6.152325224829044,
              46.197194526624436
            ],
            [
              6.152259905183307,
              46.19715354806574
            ],
            [
              6.152189097231724,
              46.19711719844087
            ],
            [
              6.152113482893575,
              46.19708582782608
            ],
            [
              6.152033790376272,
              46.19705973834629
            ],
            [
              6.151950787162324,
              46.19703918126515
            ],
            [
              6.151865272618051,
              46.19702435456487
            ],
            [
              6.151778070295264,
              46.19701540103937
            ],
            [
              6.15169002,
              46.197012406918866
            ],
            [
              6.151601969704735,
              46.19701540103937
            ],
            [
              6.15151476738195,
              46.19702435456487
            ],
            [
              6.151429252837675,
              46.19703918126515
            ],
            [
              6.151346249623727,
              46.19705973834629
            ],
            [
              6.151266557106425,
              46.19708582782608
            ],
            [
              6.151190942768276,
              46.19711719844087
            ],
            [
              6.151120134816693,
              46.19715354806574
            ],
            [
              6.151054815170956,
              46.197194526624436
            ],
            [
              6.15099561289496,
              46.197239739461146
            ],
            [
              6.150967636822837,
              46.19726584935292
            ],
            [
              6.15088574738195,
              46.19727425733834
            ],
            [
              6.150800232837677,
              46.19728908397119
            ],
            [
              6.150717229623727,
              46.197309640958856
            ],
            [
              6.150637537106426,
              46.197335730319985
            ],
            [
              6.150561922768277,
              46.19736710079211
            ],
            [
              6.150491114816694,
              46.19740345025167
            ],
            [
              6.150425795170956,
              46.19744442862401
            ],
            [
              6.150366592894961,
              46.197489641255096
            ],
            [
              6.150314078138988,
              46.197538652712716
            ],
            [
              6.150268756648845,
              46.19759099098021
            ],
            [
              6.150231064895261,
              46.197646152002726
            ],
            [
              6.150201365870422,
              46.19770360454177
            ],
            [
              6.150179945592175,
              46.19776279529168
            ],
            [
              6.150176444633494,
              46.19777913160357
            ],
            [
              6.150174149704736,
              46.19777920964075
            ],
            [
              6.15008694738195,
              46.1977881630418
            ],
            [
              6.150001432837676,
              46.19780298953599
            ],
            [
              6.149978933403694,
              46.19780856180605
            ],
            [
              6.149913760376273,
              46.19778722595167
            ],
            [
              6.149830757162323,
              46.19776666914268
            ],
            [
              6.14974524261805,
              46.197751842638695
            ],
            [
              6.149658040295264,
              46.197742889231726
            ],
            [
              6.149589473382838,
              46.19774055766795
            ],
            [
              6.149558404829044,
              46.19771683080359
            ],
            [
              6.149493085183306,
              46.19767585263441
            ],
            [
              6.149422277231723,
              46.19763950335504
            ]
          ]
        ]
      }
    },
    {
      "type": "Feature",
      "properties": {
        "cluster": 3
      },
      "geometry": {
        "type": "Polygon",
        "coordinates": [
          [
            [
              6.136652477162324,
              46.205376831554425
            ],
            [
              6.13656696261805,
              46.20536200710397
            ],
            [
              6.136479760295264,
              46.20535305493709
            ],
            [
              6.13639171,
              46.20535006127092
            ],
            [
              6.136303659704735,
              46.20535305493709
            ],
            [
              6.136216457381948,
              46.20536200710397
            ],
            [
              6.136130942837676,
              46.205376831554425
            ],
            [
              6.136047939623727,
              46.20539738551622
            ],
            [
              6.135968247106424,
              46.20542347103714
            ],
            [
              6.135892632768276,
              46.20545483689173
            ],
            [
              6.135821824816692,
              46.205491181000866
            ],
            [
              6.135756505170955,
              46.20553215334141
            ],
            [
              6.135697302894959,
              46.20557735931745
            ],
            [
              6.135644788138988,
              46.20562636356084
            ],
            [
              6.135599466648845,
              46.20567869412443
            ],
            [
              6.135561774895259,
              46.205733847027524
            ],
            [
              6.135532075870421,
              46.20579129110984
            ],
            [
              6.135510655592174,
              46.20585047314716
            ],
            [
              6.135497720349507,
              46.205910823179444
            ],
            [
              6.13549339471588,
              46.20597176
            ],
            [
              6.135497720349507,
              46.20603269675294
            ],
            [
              6.135510655592174,
              46.20609304658503
            ],
            [
              6.135532075870421,
              46.20615222829725
            ],
            [
              6.135561774895259,
              46.20620967194208
            ],
            [
              6.135599466648845,
              46.20626482431207
            ],
            [
              6.135644788138988,
              46.206317154267445
            ],
            [
              6.135697302894959,
              46.20636615785091
            ],
            [
              6.135706054899618,
              46.20637284065216
            ],
            [
              6.135734206648845,
              46.20641403351605
            ],
            [
              6.135779528138988,
              46.20646636332929
            ],
            [
              6.135832042894959,
              46.20651536677964
            ],
            [
              6.135891245170956,
              46.20656057194657
            ],
            [
              6.135956564816693,
              46.20660154348951
            ],
            [
              6.136027372768276,
              46.20663788683998
            ],
            [
              6.136102987106425,
              46.206669252001156
            ],
            [
              6.136182679623726,
              46.20669533691813
            ],
            [
              6.136265682837676,
              46.20671589038659
            ],
            [
              6.136351197381948,
              46.20673071447168
            ],
            [
              6.136438399704736,
              46.20673966641406
            ],
            [
              6.13652645,
              46.2067426600045
            ],
            [
              6.136614500295264,
              46.20673966641406
            ],
            [
              6.13670170261805,
              46.20673071447168
            ],
            [
              6.136787217162324,
              46.20671589038659
            ],
            [
              6.136870220376273,
              46.20669533691813
            ],
            [
              6.136949912893574,
              46.206669252001156
            ],
            [
              6.137025527231724,
              46.20663788683998
            ],
            [
              6.137096335183307,
              46.20660154348951
            ],
            [
              6.137151985564526,
              46.20656663696434
            ],
            [
              6.137160465870422,
              46.206590066858844
            ],
            [
              6.13719016489526,
              46.20664751004581
            ],
            [
              6.137227856648845,
              46.206702661976216
            ],
            [
              6.137273178138988,
              46.206754991514494
            ],
            [
              6.137325692894961,
              46.20680399470737
            ],
            [
              6.137384895170957,
              46.20684919963678
            ],
            [
              6.137450214816694,
              46.206890170964435
            ],
            [
              6.137521022768277,
              46.20692651412396
            ],
            [
              6.137596637106426,
              46.20695787912034
            ],
            [
              6.137676329623727,
              46.20698396390024
            ],
            [
              6.137759332837676,
              46.20700451726072
            ],
            [
              6.13784484738195,
              46.20701934126792
            ],
            [
              6.137932049704736,
              46.20702829316326
            ],
            [
              6.1380201,
              46.207031286737966
            ],
            [
              6.138108150295265,
              46.20702829316326
            ],
            [
              6.138195352618051,
              46.20701934126792
            ],
            [
              6.138199349897046,
              46.20701864833685
            ],
            [
              6.138211804895259,
              46.20704273833409
            ],
            [
              6.138249496648845,
              46.207097889867676
            ],
            [
              6.138294818138988,
              46.20715021902945
            ],
            [
              6.13834733289496,
              46.20719922186975
            ],
            [
              6.138406535170955,
              46.20724442647392
            ],
            [
              6.138471854816693,
              46.207285397506794
            ],
            [
              6.138542662768276,
              46.20732174040482
            ],
            [
              6.138618277106424,
              46.20735310517552
            ],
            [
              6.138634534967097,
              46.207358426625525
            ],
            [
              6.13866095489526,
              46.20740952674551
            ],
            [
              6.138698646648845,
              46.20746467791084
            ],
            [
              6.138743968138988,
              46.2075170067232
            ],
            [
              6.138796482894961,
              46.207566009236295
            ],
            [
              6.138855685170957,
              46.20761121353862
            ],
            [
              6.138860108019145,
              46.20761398770417
            ],
            [
              6.13889530289496,
              46.20764682865602
            ],
            [
              6.138954505170956,
              46.20769203289183
            ],
            [
              6.139019824816693,
              46.207733003590846
            ],
            [
              6.139090632768277,
              46.207769346192734
            ],
            [
              6.139166247106425,
              46.20780071070786
            ],
            [
              6.139245939623727,
              46.20782679508754
            ],
            [
              6.139328942837676,
              46.20784734813265
            ],
            [
              6.13941445738195,
              46.2078621719124
            ],
            [
              6.139501659704736,
              46.207871123670394
            ],
            [
              6.13958971,
              46.20787411719917
            ],
            [
              6.139677760295265,
              46.207871123670394
            ],
            [
              6.139764962618051,
              46.2078621719124
            ],
            [
              6.139850477162324,
              46.20784734813265
            ],
            [
              6.139933480376273,
              46.20782679508754
            ],
            [
              6.140013172893576,
              46.20780071070786
            ],
            [
              6.140088787231724,
              46.207769346192734
            ],
            [
              6.140159595183308,
              46.207733003590846
            ],
            [
              6.140224914829044,
              46.20769203289183
            ],
            [
              6.140284117105041,
              46.20764682865602
            ],
            [
              6.140336631861012,
              46.20759782621503
            ],
            [
              6.140381953351155,
              46.20754549747966
            ],
            [
              6.140419645104741,
              46.20749034639546
            ],
            [
              6.140449344129579,
              46.20743290408988
            ],
            [
              6.14045349856814,
              46.2074214261368
            ],
            [
              6.140526062893574,
              46.20739767473066
            ],
            [
              6.140601677231722,
              46.2073663099854
            ],
            [
              6.140672485183306,
              46.20732996711686
            ],
            [
              6.140737804829043,
              46.20728899611723
            ],
            [
              6.140797007105039,
              46.20724379154975
            ],
            [
              6.140849521861011,
              46.207194788749206
            ],
            [
              6.140894843351154,
              46.20714245962989
            ],
            [
              6.140932535104739,
              46.20708730814104
            ],
            [
              6.140962234129578,
              46.207029865413986
            ],
            [
              6.140983654407825,
              46.20697068464729
            ],
            [
              6.140996589650491,
              46.206910335779384
            ],
            [
              6.141000915284119,
              46.2068494
            ],
            [
              6.140996589650491,
              46.20678846415301
            ],
            [
              6.140983654407825,
              46.20672811508492
            ],
            [
              6.140962234129578,
              46.20666893399312
            ],
            [
              6.140932535104739,
              46.20661149082857
            ],
            [
              6.140894843351154,
              46.20655633880662
            ],
            [
              6.140880885742425,
              46.20654022288416
            ],
            [
              6.14088328528412,
              46.20650642
            ],
            [
              6.140878959650492,
              46.206445483772534
            ],
            [
              6.140866024407826,
              46.20638513432764
            ],
            [
              6.14084460412958,
              46.20632595286634
            ],
            [
              6.140814905104741,
              46.20626850934312
            ],
            [
              6.140777213351155,
              46.20621335697681
            ],
            [
              6.140731891861012,
              46.20616102692256
            ],
            [
              6.140679377105041,
              46.206112023156116
            ],
            [
              6.140620174829046,
              46.206066817620055
            ],
            [
              6.140591485130505,
              46.206048821925215
            ],
            [
              6.140590089650492,
              46.20602916331071
            ],
            [
              6.140577154407825,
              46.20596881340845
            ],
            [
              6.140555734129578,
              46.20590963149862
            ],
            [
              6.14052603510474,
              46.205852187540046
            ],
            [
              6.140488343351154,
              46.20579703475576
            ],
            [
              6.140443021861011,
              46.20574470430491
            ],
            [
              6.14039050710504,
              46.20569570016708
            ],
            [
              6.140331304829044,
              46.20565049428842
            ],
            [
              6.140265985183307,
              46.20560952203614
            ],
            [
              6.140195177231723,
              46.20557317800531
            ],
            [
              6.140119562893575,
              46.2055418122183
            ],
            [
              6.140039870376272,
              46.20551572675357
            ],
            [
              6.139956867162323,
              46.20549517283605
            ],
            [
              6.139871352618051,
              46.20548034841753
            ],
            [
              6.139784150295264,
              46.205471396269935
            ],
            [
              6.1396961,
              46.205468402610215
            ],
            [
              6.139608049704735,
              46.205471396269935
            ],
            [
              6.139520847381949,
              46.20548034841753
            ],
            [
              6.139435332837675,
              46.20549517283605
            ],
            [
              6.139352329623726,
              46.20551572675357
            ],
            [
              6.139272637106424,
              46.2055418122183
            ],
            [
              6.139197022768276,
              46.20557317800531
            ],
            [
              6.139126214816693,
              46.20560952203614
            ],
            [
              6.139060895170955,
              46.20565049428842
            ],
            [
              6.13900169289496,
              46.20569570016708
            ],
            [
              6.138949178138987,
              46.20574470430491
            ],
            [
              6.138903856648845,
              46.20579703475576
            ],
            [
              6.138866164895259,
              46.205852187540046
            ],
            [
              6.13883646587042,
              46.20590963149862
            ],
            [
              6.138815045592174,
              46.20596881340845
            ],
            [
              6.138802110349508,
              46.20602916331071
            ],
            [
              6.13879778471588,
              46.2060901
            ],
            [
              6.138798529064988,
              46.20610058589517
            ],
            [
              6.138767021861012,
              46.2060642063138
            ],
            [
              6.138714507105041,
              46.20601520246098
            ],
            [
              6.138655304829045,
              46.205969996845255
            ],
            [
              6.138589985183307,
              46.20592902483127
            ],
            [
              6.138519177231724,
              46.20589268101181
            ],
            [
              6.138443562893575,
              46.20586131540723
            ],
            [
              6.138363870376273,
              46.205835230094216
            ],
            [
              6.138280867162324,
              46.20581467629624
            ],
            [
              6.138195352618051,
              46.205799851963945
            ],
            [
              6.138108150295265,
              46.20579089986842
            ],
            [
              6.1380201,
              46.20578790622611
            ],
            [
              6.137932049704736,
              46.20579089986842
            ],
            [
              6.13784484738195,
              46.205799851963945
            ],
            [
              6.137759332837676,
              46.20581467629624
            ],
            [
              6.137676329623727,
              46.205835230094216
            ],
            [
              6.137596637106426,
              46.20586131540723
            ],
            [
              6.137521022768277,
              46.20589268101181
            ],
            [
              6.137450214816694,
              46.20592902483127
            ],
            [
              6.137418009592947,
              46.205949225692926
            ],
            [
              6.137407504407825,
              46.20590021325698
            ],
            [
              6.137386084129578,
              46.20584103127325
            ],
            [
              6.13735638510474,
              46.20578358724295
            ],
            [
              6.137318693351155,
              46.20572843438979
            ],
            [
              6.137273371861012,
              46.205676103873586
            ],
            [
              6.13722085710504,
              46.20562709967456
            ],
            [
              6.137161654829044,
              46.20558189373945
            ],
            [
              6.137096335183307,
              46.20554092143601
            ],
            [
              6.137025527231724,
              46.20550457735978
            ],
            [
              6.136949912893574,
              46.20547321153361
            ],
            [
              6.13687959956631,
              46.20545019609728
            ],
            [
              6.136815172893575,
              46.20542347103714
            ],
            [
              6.136735480376273,
              46.20539738551622
            ],
            [
              6.136652477162324,
              46.205376831554425
            ]
          ]
        ]
      }
    },
    {
      "type": "Feature",
      "properties": {
        "cluster": 4
      },
      "geometry": {
        "type": "Polygon",
        "coordinates": [
          [
            [
              6.155701507231723,
              46.20021364757483
            ],
            [
              6.155625892893575,
              46.20018227872781
            ],
            [
              6.155546200376272,
              46.20015619071822
            ],
            [
              6.155463197162323,
              46.20013563479549
            ],
            [
              6.155377682618051,
              46.20012080893072
            ],
            [
              6.155290480295264,
              46.20011185590977
            ],
            [
              6.15520243,
              46.20010886195799
            ],
            [
              6.155114379704735,
              46.20011185590977
            ],
            [
              6.155027177381949,
              46.20012080893072
            ],
            [
              6.154941662837675,
              46.20013563479549
            ],
            [
              6.154858659623726,
              46.20015619071822
            ],
            [
              6.154778967106424,
              46.20018227872781
            ],
            [
              6.154703352768276,
              46.20021364757483
            ],
            [
              6.154632544816693,
              46.200249995151346
            ],
            [
              6.154567225170955,
              46.20029097140083
            ],
            [
              6.15450802289496,
              46.20033618168972
            ],
            [
              6.154455508138987,
              46.200385190608344
            ],
            [
              6.154410186648845,
              46.20043752616451
            ],
            [
              6.154372494895259,
              46.200492684329454
            ],
            [
              6.15434279587042,
              46.200550133892214
            ],
            [
              6.154321375592174,
              46.20060932157579
            ],
            [
              6.154308440349508,
              46.20066967736576
            ],
            [
              6.15430411471588,
              46.20073061999999
            ],
            [
              6.154308440349508,
              46.20079156256662
            ],
            [
              6.154321375592174,
              46.2008519181564
            ],
            [
              6.15434279587042,
              46.200911105514884
            ],
            [
              6.154372494895259,
              46.200968554640134
            ],
            [
              6.154410186648845,
              46.20102371227197
            ],
            [
              6.154455508138987,
              46.20107604721993
            ],
            [
              6.15450802289496,
              46.201125055478606
            ],
            [
              6.154567225170955,
              46.20117026508117
            ],
            [
              6.154632544816693,
              46.201211240644334
            ],
            [
              6.154703352768276,
              46.2012475875609
            ],
            [
              6.154778967106424,
              46.2012789557997
            ],
            [
              6.154858659623726,
              46.20130504327619
            ],
            [
              6.154927086180185,
              46.201321988898535
            ],
            [
              6.154929510349509,
              46.201356141940394
            ],
            [
              6.154942445592174,
              46.20141649690998
            ],
            [
              6.15496386587042,
              46.20147568366026
            ],
            [
              6.154984250784506,
              46.20151511538056
            ],
            [
              6.154956394895259,
              46.2015558789337
            ],
            [
              6.15492669587042,
              46.20161332738477
            ],
            [
              6.154905275592173,
              46.201672513923015
            ],
            [
              6.154892340349508,
              46.20173286854506
            ],
            [
              6.15488801471588,
              46.20179381
            ],
            [
              6.154892340349508,
              46.20185475138734
            ],
            [
              6.154905275592173,
              46.201915105809185
            ],
            [
              6.15492669587042,
              46.20197429202233
            ],
            [
              6.15495397623037,
              46.20202706151775
            ],
            [
              6.154918942768276,
              46.20204159477439
            ],
            [
              6.154848134816692,
              46.20207794114163
            ],
            [
              6.154782815170956,
              46.20211891602786
            ],
            [
              6.154723612894959,
              46.20216412481262
            ],
            [
              6.154671098138987,
              46.20221313210073
            ],
            [
              6.154625776648845,
              46.202265465915694
            ],
            [
              6.154588084895259,
              46.20232062224555
            ],
            [
              6.15455838587042,
              46.20237806989697
            ],
            [
              6.154536965592174,
              46.20243725561138
            ],
            [
              6.154524030349507,
              46.202497609393326
            ],
            [
              6.15451970471588,
              46.20255855
            ],
            [
              6.154524030349507,
              46.20261949053907
            ],
            [
              6.154536965592174,
              46.20267984412082
            ],
            [
              6.15455838587042,
              46.20273902951015
            ],
            [
              6.154588084895259,
              46.20279647672406
            ],
            [
              6.154625776648845,
              46.202851632520805
            ],
            [
              6.154671098138987,
              46.20290396572757
            ],
            [
              6.154723612894959,
              46.20295297235573
            ],
            [
              6.154782815170956,
              46.20299818045417
            ],
            [
              6.154848134816692,
              46.20303915465407
            ],
            [
              6.154918942768276,
              46.203075500361365
            ],
            [
              6.154994557106424,
              46.20310686755655
            ],
            [
              6.155074249623726,
              46.2031329541651
            ],
            [
              6.155157252837675,
              46.20315350896644
            ],
            [
              6.155242767381949,
              46.20316833401286
            ],
            [
              6.155329969704735,
              46.20317728653576
            ],
            [
              6.15541802,
              46.20318028032034
            ],
            [
              6.155506070295264,
              46.20317728653576
            ],
            [
              6.15559327261805,
              46.20316833401286
            ],
            [
              6.155678787162324,
              46.20315350896644
            ],
            [
              6.155761790376272,
              46.2031329541651
            ],
            [
              6.155841482893575,
              46.20310686755655
            ],
            [
              6.155917097231723,
              46.203075500361365
            ],
            [
              6.155945247114587,
              46.203061051035036
            ],
            [
              6.155976232893575,
              46.20305090811503
            ],
            [
              6.156051847231722,
              46.203019540887915
            ],
            [
              6.156122655183306,
              46.20298319514359
            ],
            [
              6.156187974829043,
              46.20294222090195
            ],
            [
              6.156216769269641,
              46.202920232846026
            ],
            [
              6.156276249704736,
              46.20292633936199
            ],
            [
              6.1563643,
              46.202929333160235
            ],
            [
              6.156389759207864,
              46.20292846752168
            ],
            [
              6.15641057738195,
              46.202932076635136
            ],
            [
              6.156497779704736,
              46.20294102919654
            ],
            [
              6.15658583,
              46.20294402299399
            ],
            [
              6.156673880295265,
              46.20294102919654
            ],
            [
              6.156761082618051,
              46.202932076635136
            ],
            [
              6.156846597162324,
              46.202917251524966
            ],
            [
              6.156929600376274,
              46.202896696635236
            ],
            [
              6.157009292893576,
              46.2028706099145
            ],
            [
              6.157084907231724,
              46.20283924258443
            ],
            [
              6.157155715183307,
              46.202802896720826
            ],
            [
              6.157221034829045,
              46.20276192234473
            ],
            [
              6.157280237105041,
              46.202716714051874
            ],
            [
              6.157332751861012,
              46.202667707212974
            ],
            [
              6.157378073351155,
              46.20261537378116
            ],
            [
              6.157415765104741,
              46.20256021774722
            ],
            [
              6.157445464129579,
              46.20250277028626
            ],
            [
              6.157466884407826,
              46.202443584642424
            ],
            [
              6.157479819650492,
              46.20238323080113
            ],
            [
              6.15748414528412,
              46.20232229
            ],
            [
              6.157479819650492,
              46.20226134913125
            ],
            [
              6.157473871007492,
              46.202233593599395
            ],
            [
              6.157479115183308,
              46.202230901724576
            ],
            [
              6.157544434829044,
              46.202189926921875
            ],
            [
              6.157603637105041,
              46.202144718158344
            ],
            [
              6.157656151861012,
              46.20209571080921
            ],
            [
              6.157701473351154,
              46.20204337683254
            ],
            [
              6.15773916510474,
              46.20198822022435
            ],
            [
              6.157768864129579,
              46.20193077216529
            ],
            [
              6.157790284407826,
              46.20187158590526
            ],
            [
              6.157803219650491,
              46.201811231435606
            ],
            [
              6.157807545284119,
              46.201750289999985
            ],
            [
              6.157803219650491,
              46.20168934849678
            ],
            [
              6.157790284407826,
              46.20162899382693
            ],
            [
              6.157768864129579,
              46.2015698072418
            ],
            [
              6.15773916510474,
              46.201512358745234
            ],
            [
              6.157701473351154,
              46.20145720160395
            ],
            [
              6.157656151861012,
              46.201404867019065
            ],
            [
              6.157603637105041,
              46.201355859009986
            ],
            [
              6.157544434829044,
              46.201310649560135
            ],
            [
              6.157479115183308,
              46.201269674071106
            ],
            [
              6.157408307231723,
              46.20123332716915
            ],
            [
              6.157332692893576,
              46.2012019589043
            ],
            [
              6.157321065165545,
              46.20119815254205
            ],
            [
              6.157337674129578,
              46.20116602467748
            ],
            [
              6.157359094407824,
              46.20110683759361
            ],
            [
              6.157372029650491,
              46.20104648228387
            ],
            [
              6.157376355284118,
              46.20098554
            ],
            [
              6.157372029650491,
              46.20092459764851
            ],
            [
              6.157363423200546,
              46.200884440181575
            ],
            [
              6.157390834895259,
              46.20093746477478
            ],
            [
              6.157428526648845,
              46.20099262243783
            ],
            [
              6.157473848138988,
              46.20104495741539
            ],
            [
              6.157526362894958,
              46.20109396570181
            ],
            [
              6.157585565170955,
              46.201139175329956
            ],
            [
              6.157650884816692,
              46.2011801509163
            ],
            [
              6.157721692768276,
              46.20121649785343
            ],
            [
              6.157797307106424,
              46.20124786610999
            ],
            [
              6.157876999623726,
              46.20127395360125
            ],
            [
              6.157960002837676,
              46.201294509098105
            ],
            [
              6.158045517381948,
              46.20130933464616
            ],
            [
              6.158132719704735,
              46.20131828747199
            ],
            [
              6.15822077,
              46.20132128135787
            ],
            [
              6.158308820295263,
              46.20131828747199
            ],
            [
              6.15839602261805,
              46.20130933464616
            ],
            [
              6.158481537162323,
              46.201294509098105
            ],
            [
              6.158564540376273,
              46.20127395360125
            ],
            [
              6.158644232893574,
              46.20124786610999
            ],
            [
              6.158719847231723,
              46.20121649785343
            ],
            [
              6.158790655183306,
              46.2011801509163
            ],
            [
              6.158855974829043,
              46.201139175329956
            ],
            [
              6.158915177105039,
              46.20109396570181
            ],
            [
              6.158967691861011,
              46.20104495741539
            ],
            [
              6.159013013351154,
              46.20099262243783
            ],
            [
              6.15905070510474,
              46.20093746477478
            ],
            [
              6.159080404129578,
              46.20088001561702
            ],
            [
              6.159101824407824,
              46.200820828225055
            ],
            [
              6.159114759650491,
              46.20076047260112
            ],
            [
              6.159119085284119,
              46.20069953
            ],
            [
              6.159114759650491,
              46.200638587331284
            ],
            [
              6.159101824407824,
              46.20057823150716
            ],
            [
              6.159080404129578,
              46.200519043790095
            ],
            [
              6.15905070510474,
              46.20046159419483
            ],
            [
              6.159013013351154,
              46.20040643599867
            ],
            [
              6.158967691861011,
              46.20035410041289
            ],
            [
              6.158915177105039,
              46.20030509146654
            ],
            [
              6.158855974829043,
              46.200259881152064
            ],
            [
              6.158790655183306,
              46.20021890487939
            ],
            [
              6.158719847231723,
              46.20018255728231
            ],
            [
              6.158644232893574,
              46.20015118841754
            ],
            [
              6.158564540376273,
              46.20012510039318
            ],
            [
              6.158481537162323,
              46.200104544458824
            ],
            [
              6.15839602261805,
              46.200089718585666
            ],
            [
              6.158308820295263,
              46.20008076555965
            ],
            [
              6.15822077,
              46.200077771606175
            ],
            [
              6.158132719704735,
              46.20008076555965
            ],
            [
              6.158045517381948,
              46.200089718585666
            ],
            [
              6.157960002837676,
              46.200104544458824
            ],
            [
              6.157876999623726,
              46.20012510039318
            ],
            [
              6.157797307106424,
              46.20015118841754
            ],
            [
              6.157721692768276,
              46.20018255728231
            ],
            [
              6.157650884816692,
              46.20021890487939
            ],
            [
              6.157585565170955,
              46.200259881152064
            ],
            [
              6.157526362894958,
              46.20030509146654
            ],
            [
              6.157473848138988,
              46.20035410041289
            ],
            [
              6.157428526648845,
              46.20040643599867
            ],
            [
              6.157390834895259,
              46.20046159419483
            ],
            [
              6.15736113587042,
              46.200519043790095
            ],
            [
              6.157339715592173,
              46.20057823150716
            ],
            [
              6.157326780349508,
              46.200638587331284
            ],
            [
              6.15732245471588,
              46.20069953
            ],
            [
              6.157326780349508,
              46.20076047260112
            ],
            [
              6.157335386799452,
              46.20080063015867
            ],
            [
              6.157307975104739,
              46.2007476054334
            ],
            [
              6.157270283351153,
              46.200692447524375
            ],
            [
              6.157224961861011,
              46.200640112211026
            ],
            [
              6.157172447105038,
              46.20059110351979
            ],
            [
              6.157113244829043,
              46.20054589344067
            ],
            [
              6.157047925183305,
              46.200504917381295
            ],
            [
              6.156977117231722,
              46.200468569973424
            ],
            [
              6.156901502893574,
              46.200437201271946
            ],
            [
              6.156821810376272,
              46.20041111338339
            ],
            [
              6.156738807162323,
              46.20039055755603
            ],
            [
              6.156653292618049,
              46.20037573176005
            ],
            [
              6.156566090295263,
              46.200366778780634
            ],
            [
              6.15647804,
              46.20036378484275
            ],
            [
              6.156389989704734,
              46.200366778780634
            ],
            [
              6.156302787381948,
              46.20037573176005
            ],
            [
              6.156217272837675,
              46.20039055755603
            ],
            [
              6.156138763061575,
              46.200410000579296
            ],
            [
              6.156085190376273,
              46.2003924631884
            ],
            [
              6.156002187162324,
              46.20037190735407
            ],
            [
              6.155919815982405,
              46.20035762652352
            ],
            [
              6.15589683710504,
              46.20033618168972
            ],
            [
              6.155837634829044,
              46.20029097140083
            ],
            [
              6.155772315183307,
              46.200249995151346
            ],
            [
              6.155701507231723,
              46.20021364757483
            ]
          ]
        ]
      }
    },
    {
      "type": "Feature",
      "properties": {
        "cluster": 5
      },
      "geometry": {
        "type": "Polygon",
        "coordinates": [
          [
            [
              6.147656262893575,
              46.20953405206572
            ],
            [
              6.147576570376273,
              46.20950796849677
            ],
            [
              6.147493567162323,
              46.209487416073024
            ],
            [
              6.147408052618051,
              46.20947259273188
            ],
            [
              6.147320850295263,
              46.20946364123488
            ],
            [
              6.1472328,
              46.20946064779273
            ],
            [
              6.147144749704736,
              46.20946364123488
            ],
            [
              6.147057547381949,
              46.20947259273188
            ],
            [
              6.146972032837676,
              46.209487416073024
            ],
            [
              6.146889029623726,
              46.20950796849677
            ],
            [
              6.146809337106425,
              46.20953405206572
            ],
            [
              6.146733722768277,
              46.209565415573195
            ],
            [
              6.146662914816693,
              46.209601756962705
            ],
            [
              6.146597595170955,
              46.209642726237284
            ],
            [
              6.14653839289496,
              46.20968792883056
            ],
            [
              6.146485878138988,
              46.20973692940698
            ],
            [
              6.146440556648845,
              46.209789256054655
            ],
            [
              6.14640286489526,
              46.20984440483065
            ],
            [
              6.146373165870421,
              46.20990184461441
            ],
            [
              6.146351745592175,
              46.20996102222312
            ],
            [
              6.146338810349508,
              46.21002136773938
            ],
            [
              6.14633448471588,
              46.2100823
            ],
            [
              6.146338810349508,
              46.21014323219302
            ],
            [
              6.146346844005324,
              46.210180710701366
            ],
            [
              6.146302456648845,
              46.2102319584166
            ],
            [
              6.14626476489526,
              46.2102871067481
            ],
            [
              6.146235065870421,
              46.21034454606889
            ],
            [
              6.146213645592174,
              46.21040372320062
            ],
            [
              6.146200710349508,
              46.21046406823049
            ],
            [
              6.14619638471588,
              46.210525
            ],
            [
              6.146200710349508,
              46.2105859317019
            ],
            [
              6.146205159536561,
              46.210606687828296
            ],
            [
              6.146188737106424,
              46.210612062826044
            ],
            [
              6.146113122768276,
              46.21064342571795
            ],
            [
              6.146042314816692,
              46.2106797663942
            ],
            [
              6.145976995170956,
              46.210720734864694
            ],
            [
              6.145917792894959,
              46.210765936570795
            ],
            [
              6.145865278138987,
              46.21081493618548
            ],
            [
              6.145819956648845,
              46.21086726180617
            ],
            [
              6.14578226489526,
              46.210922409499766
            ],
            [
              6.145752565870421,
              46.21097984815617
            ],
            [
              6.145731145592173,
              46.211039024603416
            ],
            [
              6.145718210349508,
              46.21109936893529
            ],
            [
              6.14571388471588,
              46.2111603
            ],
            [
              6.145718210349508,
              46.21122123099711
            ],
            [
              6.145731145592173,
              46.211281575128794
            ],
            [
              6.145752565870421,
              46.211340751250944
            ],
            [
              6.14578226489526,
              46.211398189469854
            ],
            [
              6.145819956648845,
              46.21145333663036
            ],
            [
              6.145865278138987,
              46.211505661642846
            ],
            [
              6.145917792894959,
              46.211554660597585
            ],
            [
              6.145976995170956,
              46.21159986161738
            ],
            [
              6.146042314816692,
              46.21164082940156
            ],
            [
              6.146113122768276,
              46.21167716941787
            ],
            [
              6.146188737106424,
              46.211708531701575
            ],
            [
              6.146268429623727,
              46.2117346142255
            ],
            [
              6.146351432837675,
              46.21175516580837
            ],
            [
              6.146353498301635,
              46.2117555238271
            ],
            [
              6.146355845592174,
              46.211766474058095
            ],
            [
              6.14637726587042,
              46.2118256496578
            ],
            [
              6.146406964895259,
              46.21188308736959
            ],
            [
              6.146444656648844,
              46.211938234043224
            ],
            [
              6.146489978138987,
              46.21199055859374
            ],
            [
              6.14654249289496,
              46.21203955711588
            ],
            [
              6.146601695170955,
              46.2120847577366
            ],
            [
              6.146667014816693,
              46.21212572515909
            ],
            [
              6.146737822768276,
              46.21216206485456
            ],
            [
              6.146813437106424,
              46.212193426861376
            ],
            [
              6.146893129623726,
              46.21221950915502
            ],
            [
              6.146976132837676,
              46.21224006055645
            ],
            [
              6.147061647381948,
              46.2122548831507
            ],
            [
              6.147148849704736,
              46.21226383419279
            ],
            [
              6.1472369,
              46.21226682748217
            ],
            [
              6.147324950295264,
              46.21226383419279
            ],
            [
              6.14741215261805,
              46.2122548831507
            ],
            [
              6.147497667162323,
              46.21224006055645
            ],
            [
              6.147580670376272,
              46.21221950915502
            ],
            [
              6.147660362893575,
              46.212193426861376
            ],
            [
              6.147667448513669,
              46.21219048801123
            ],
            [
              6.147703295170955,
              46.21221785667136
            ],
            [
              6.147768614816693,
              46.21225882399456
            ],
            [
              6.147839422768277,
              46.21229516360196
            ],
            [
              6.147915037106425,
              46.212326525532774
            ],
            [
              6.147994729623727,
              46.21235260776322
            ],
            [
              6.148077732837677,
              46.21237315911484
            ],
            [
              6.148163247381949,
              46.212387981673174
            ],
            [
              6.148250449704736,
              46.212396932693565
            ],
            [
              6.1483385,
              46.212399925975696
            ],
            [
              6.148426550295264,
              46.212396932693565
            ],
            [
              6.148513752618051,
              46.212387981673174
            ],
            [
              6.148599267162323,
              46.21237315911484
            ],
            [
              6.148682270376273,
              46.21235260776322
            ],
            [
              6.148746638057156,
              46.21233154113531
            ],
            [
              6.14876296587042,
              46.21237664784744
            ],
            [
              6.148792664895259,
              46.212434084983
            ],
            [
              6.148830356648845,
              46.212489231103376
            ],
            [
              6.148875678138987,
              46.21254155512895
            ],
            [
              6.148928192894959,
              46.21259055315952
            ],
            [
              6.148987395170955,
              46.212635753326765
            ],
            [
              6.149052714816692,
              46.212676720338244
            ],
            [
              6.149123522768276,
              46.21271305966913
            ],
            [
              6.149199137106424,
              46.212744421361315
            ],
            [
              6.149278829623726,
              46.212770503393294
            ],
            [
              6.149361832837675,
              46.212791054588536
            ],
            [
              6.149447347381948,
              46.21280587703409
            ],
            [
              6.149534549704735,
              46.21281482798637
            ],
            [
              6.1496226,
              46.21281782124572
            ],
            [
              6.149710650295264,
              46.21281482798637
            ],
            [
              6.14979785261805,
              46.21280587703409
            ],
            [
              6.149883367162324,
              46.212791054588536
            ],
            [
              6.149966370376273,
              46.212770503393294
            ],
            [
              6.150046062893574,
              46.212744421361315
            ],
            [
              6.150121677231724,
              46.21271305966913
            ],
            [
              6.150192485183307,
              46.212676720338244
            ],
            [
              6.150257804829043,
              46.212635753326765
            ],
            [
              6.150317007105039,
              46.21259055315952
            ],
            [
              6.150369521861011,
              46.21254155512895
            ],
            [
              6.150414843351155,
              46.212489231103376
            ],
            [
              6.15045253510474,
              46.212434084983
            ],
            [
              6.150482234129578,
              46.21237664784744
            ],
            [
              6.150503654407825,
              46.21231747284141
            ],
            [
              6.150516589650492,
              46.21225712984789
            ],
            [
              6.150520915284119,
              46.2121962
            ],
            [
              6.150516589650492,
              46.21213527008451
            ],
            [
              6.150513954068034,
              46.212122975039314
            ],
            [
              6.150531894407825,
              46.21207341338034
            ],
            [
              6.150544829650491,
              46.212013070118644
            ],
            [
              6.150549155284119,
              46.21195214
            ],
            [
              6.150544829650491,
              46.21189120981375
            ],
            [
              6.150538001055255,
              46.211859354132336
            ],
            [
              6.150535849650492,
              46.21182904974479
            ],
            [
              6.150522914407826,
              46.21176870621463
            ],
            [
              6.150501494129579,
              46.21170953055357
            ],
            [
              6.15047179510474,
              46.211652092660266
            ],
            [
              6.150461940779548,
              46.21163767476156
            ],
            [
              6.150472689650492,
              46.211587530590734
            ],
            [
              6.150477015284119,
              46.2115266
            ],
            [
              6.150472689650492,
              46.21146566934165
            ],
            [
              6.150459754407826,
              46.21140532541223
            ],
            [
              6.150438334129579,
              46.211346149359656
            ],
            [
              6.150408635104741,
              46.21128871108632
            ],
            [
              6.150370943351155,
              46.211233563760516
            ],
            [
              6.150325621861012,
              46.211181238488805
            ],
            [
              6.15027310710504,
              46.211132239200914
            ],
            [
              6.150213904829044,
              46.21108703779628
            ],
            [
              6.150148585183307,
              46.211046069599014
            ],
            [
              6.150077777231724,
              46.211009729165134
            ],
            [
              6.150002162893575,
              46.210978366482394
            ],
            [
              6.149922470376273,
              46.21095228359932
            ],
            [
              6.149839467162324,
              46.210931731716016
            ],
            [
              6.149753952618051,
              46.210916908764666
            ],
            [
              6.149666750295264,
              46.21090795750305
            ],
            [
              6.1495787,
              46.21090496413962
            ],
            [
              6.149490649704735,
              46.21090795750305
            ],
            [
              6.14940344738195,
              46.210916908764666
            ],
            [
              6.149317932837676,
              46.210931731716016
            ],
            [
              6.149234929623727,
              46.21095228359932
            ],
            [
              6.149185490390454,
              46.210968464765386
            ],
            [
              6.149159243351154,
              46.21093006214123
            ],
            [
              6.149144011635118,
              46.210912476491906
            ],
            [
              6.14919540710504,
              46.21087323549039
            ],
            [
              6.149247921861012,
              46.21082423592772
            ],
            [
              6.149293243351155,
              46.21077191026605
            ],
            [
              6.149330935104741,
              46.21071676242132
            ],
            [
              6.14936063412958,
              46.210659323489786
            ],
            [
              6.149382054407826,
              46.210600146633446
            ],
            [
              6.149394989650492,
              46.21053980175307
            ],
            [
              6.14939931528412,
              46.21047887
            ],
            [
              6.149394989650492,
              46.21041793817933
            ],
            [
              6.149382054407826,
              46.21035759309877
            ],
            [
              6.14936063412958,
              46.210298415917336
            ],
            [
              6.149330935104741,
              46.2102409765483
            ],
            [
              6.149293243351155,
              46.21018582817049
            ],
            [
              6.149247921861012,
              46.21013350190061
            ],
            [
              6.14919540710504,
              46.210084501678
            ],
            [
              6.149185573575947,
              46.21007699356033
            ],
            [
              6.149184424407826,
              46.210071632467354
            ],
            [
              6.14916300412958,
              46.210012454977814
            ],
            [
              6.149133305104741,
              46.20995501530973
            ],
            [
              6.149095613351155,
              46.2098998666448
            ],
            [
              6.149050291861012,
              46.20984754010249
            ],
            [
              6.14899777710504,
              46.209798539624764
            ],
            [
              6.148938574829045,
              46.20975333712251
            ],
            [
              6.148873255183307,
              46.209712367930436
            ],
            [
              6.148802447231724,
              46.20967602661411
            ],
            [
              6.148726832893575,
              46.20964466316979
            ],
            [
              6.148647140376274,
              46.209618579653366
            ],
            [
              6.148564137162324,
              46.209598027271014
            ],
            [
              6.148478622618051,
              46.209583203959724
            ],
            [
              6.148391420295265,
              46.209574252480756
            ],
            [
              6.14830337,
              46.20957125904463
            ],
            [
              6.148215319704737,
              46.209574252480756
            ],
            [
              6.148128117381949,
              46.209583203959724
            ],
            [
              6.148042602837677,
              46.209598027271014
            ],
            [
              6.147959599623727,
              46.209618579653366
            ],
            [
              6.147879907106425,
              46.20964466316979
            ],
            [
              6.147873838421534,
              46.20964718034994
            ],
            [
              6.147868004829045,
              46.209642726237284
            ],
            [
              6.147802685183306,
              46.209601756962705
            ],
            [
              6.147731877231723,
              46.209565415573195
            ],
            [
              6.147656262893575,
              46.20953405206572
            ]
          ]
        ]
      }
    },
    {
      "type": "Feature",
      "properties": {
        "cluster": 6
      },
      "geometry": {
        "type": "MultiPolygon",
        "coordinates": [
          [
            [
              [
                6.145622754407825,
                46.20628621410924
              ],
              [
                6.145601334129579,
                46.20622703254137
              ],
              [
                6.145571635104741,
                46.20616958891471
              ],
              [
                6.145533943351155,
                46.20611443644909
              ],
              [
                6.145488621861012,
                46.2060621063006
              ],
              [
                6.14543610710504,
                46.206013102445915
              ],
              [
                6.145376904829044,
                46.205967896828454
              ],
              [
                6.145311585183307,
                46.205926924812914
              ],
              [
                6.145240777231724,
                46.20589058099207
              ],
              [
                6.145165162893575,
                46.20585921538628
              ],
              [
                6.145085470376274,
                46.20583313007227
              ],
              [
                6.145002467162324,
                46.205812576273516
              ],
              [
                6.144916952618051,
                46.20579775194065
              ],
              [
                6.144829750295264,
                46.20578879984477
              ],
              [
                6.1447417,
                46.20578580620235
              ],
              [
                6.144653649704736,
                46.20578879984477
              ],
              [
                6.144566447381949,
                46.20579775194065
              ],
              [
                6.144480932837676,
                46.205812576273516
              ],
              [
                6.144397929623727,
                46.20583313007227
              ],
              [
                6.144318237106425,
                46.20585921538628
              ],
              [
                6.144242622768277,
                46.20589058099207
              ],
              [
                6.144171814816693,
                46.205926924812914
              ],
              [
                6.144106495170956,
                46.205967896828454
              ],
              [
                6.144047292894959,
                46.206013102445915
              ],
              [
                6.143994778138989,
                46.2060621063006
              ],
              [
                6.143949456648845,
                46.20611443644909
              ],
              [
                6.14391176489526,
                46.20616958891471
              ],
              [
                6.143882065870421,
                46.20622703254137
              ],
              [
                6.143862485444133,
                46.206281130829346
              ],
              [
                6.143858732837677,
                46.20628178135499
              ],
              [
                6.143775729623727,
                46.2063023349782
              ],
              [
                6.143696037106426,
                46.206328420069404
              ],
              [
                6.143620422768278,
                46.20635978540728
              ],
              [
                6.143549614816693,
                46.206396128917696
              ],
              [
                6.143484295170956,
                46.20643710058329
              ],
              [
                6.14342509289496,
                46.20648230581463
              ],
              [
                6.143372578138989,
                46.20653130925075
              ],
              [
                6.143327256648846,
                46.20658363895227
              ],
              [
                6.143289564895261,
                46.206638790946805
              ],
              [
                6.143259865870421,
                46.20669623408281
              ],
              [
                6.143238445592175,
                46.206755415145196
              ],
              [
                6.143225510349509,
                46.206815764183304
              ],
              [
                6.14322118471588,
                46.2068767
              ],
              [
                6.143225510349509,
                46.20693763574911
              ],
              [
                6.143238445592175,
                46.206997984587005
              ],
              [
                6.143259865870421,
                46.20705716532431
              ],
              [
                6.143289564895261,
                46.20711460802281
              ],
              [
                6.143327256648846,
                46.207169759484245
              ],
              [
                6.143372578138989,
                46.207222088577566
              ],
              [
                6.14342509289496,
                46.20727109135374
              ],
              [
                6.143484295170956,
                46.20731629589877
              ],
              [
                6.143549614816693,
                46.20735726687804
              ],
              [
                6.143620422768278,
                46.20739360972851
              ],
              [
                6.143696037106426,
                46.207424974458185
              ],
              [
                6.143775729623727,
                46.20745105901629
              ],
              [
                6.143858732837677,
                46.20747161220199
              ],
              [
                6.14394424738195,
                46.207486436083144
              ],
              [
                6.144031449704736,
                46.20749538790236
              ],
              [
                6.1441195,
                46.20749838145163
              ],
              [
                6.144207550295264,
                46.20749538790236
              ],
              [
                6.144294752618052,
                46.207486436083144
              ],
              [
                6.144380267162324,
                46.20747161220199
              ],
              [
                6.144463270376273,
                46.20745105901629
              ],
              [
                6.144542962893576,
                46.207424974458185
              ],
              [
                6.144618577231724,
                46.20739360972851
              ],
              [
                6.144689385183307,
                46.20735726687804
              ],
              [
                6.144754704829045,
                46.20731629589877
              ],
              [
                6.14481390710504,
                46.20727109135374
              ],
              [
                6.144866421861012,
                46.207222088577566
              ],
              [
                6.144911743351155,
                46.207169759484245
              ],
              [
                6.144949435104741,
                46.20711460802281
              ],
              [
                6.14497913412958,
                46.20705716532431
              ],
              [
                6.144998714555868,
                46.20700306780058
              ],
              [
                6.145002467162324,
                46.20700241728347
              ],
              [
                6.145085470376274,
                46.20698186392222
              ],
              [
                6.145165162893575,
                46.2069557791413
              ],
              [
                6.145240777231724,
                46.20692441414373
              ],
              [
                6.145311585183307,
                46.20688807098282
              ],
              [
                6.145376904829044,
                46.2068470996536
              ],
              [
                6.14543610710504,
                46.20680189472245
              ],
              [
                6.145488621861012,
                46.206752891527714
              ],
              [
                6.145533943351155,
                46.206700561987425
              ],
              [
                6.145571635104741,
                46.20664541005491
              ],
              [
                6.145601334129579,
                46.206587966865754
              ],
              [
                6.145622754407825,
                46.206528785622965
              ],
              [
                6.145635689650492,
                46.20646843626958
              ],
              [
                6.14564001528412,
                46.2064075
              ],
              [
                6.145635689650492,
                46.20634656366282
              ],
              [
                6.145622754407825,
                46.20628621410924
              ]
            ]
          ],
          [
            [
              [
                6.143463229704736,
                46.20753518951422
              ],
              [
                6.143376027381948,
                46.20754414132549
              ],
              [
                6.143290512837676,
                46.20755896518707
              ],
              [
                6.143207509623726,
                46.20757951833239
              ],
              [
                6.143127817106424,
                46.207605602817125
              ],
              [
                6.143052202768276,
                46.20763696742574
              ],
              [
                6.142981394816693,
                46.20767331009116
              ],
              [
                6.142916075170955,
                46.20771428080414
              ],
              [
                6.14285687289496,
                46.20775948498445
              ],
              [
                6.142804358138988,
                46.20780848728123
              ],
              [
                6.142759036648845,
                46.20786081576606
              ],
              [
                6.142721344895259,
                46.207915966478296
              ],
              [
                6.14269164587042,
                46.207973408278725
              ],
              [
                6.142670225592174,
                46.20803258796512
              ],
              [
                6.142657290349508,
                46.208092935600085
              ],
              [
                6.14265296471588,
                46.20815387
              ],
              [
                6.142657290349508,
                46.208214804332314
              ],
              [
                6.142670225592174,
                46.20827515176708
              ],
              [
                6.14269164587042,
                46.208334331128384
              ],
              [
                6.142721344895259,
                46.20839177249132
              ],
              [
                6.142759036648845,
                46.208446922670454
              ],
              [
                6.142804358138988,
                46.208499250547085
              ],
              [
                6.14285687289496,
                46.20854825218392
              ],
              [
                6.142916075170955,
                46.20859345567791
              ],
              [
                6.142981394816693,
                46.208634425704574
              ],
              [
                6.143052202768276,
                46.20867076771005
              ],
              [
                6.143127817106424,
                46.208702131710474
              ],
              [
                6.143207509623726,
                46.2087282156621
              ],
              [
                6.143290512837676,
                46.20874876836992
              ],
              [
                6.143376027381948,
                46.208763591906404
              ],
              [
                6.143463229704736,
                46.20877254351749
              ],
              [
                6.14355128,
                46.20877553699714
              ],
              [
                6.143591705,
                46.20877416265294
              ],
              [
                6.14363213,
                46.20877553699714
              ],
              [
                6.143720180295264,
                46.20877254351749
              ],
              [
                6.143807382618051,
                46.208763591906404
              ],
              [
                6.143892897162323,
                46.20874876836992
              ],
              [
                6.143893151972265,
                46.208748705275575
              ],
              [
                6.14389138471588,
                46.2087736
              ],
              [
                6.143895710349507,
                46.208834533644826
              ],
              [
                6.143908645592173,
                46.20889488039873
              ],
              [
                6.14393006587042,
                46.20895405909235
              ],
              [
                6.143959764895259,
                46.20901149980719
              ],
              [
                6.143997456648844,
                46.209066649364104
              ],
              [
                6.144042778138988,
                46.20911897665034
              ],
              [
                6.144095292894959,
                46.20916797773431
              ],
              [
                6.144154495170955,
                46.20921318071829
              ],
              [
                6.144219814816692,
                46.20925415028272
              ],
              [
                6.144290622768276,
                46.20929049187817
              ],
              [
                6.144366237106424,
                46.20932185552472
              ],
              [
                6.144445929623726,
                46.20934793918206
              ],
              [
                6.144528932837675,
                46.20936849165799
              ],
              [
                6.144614447381948,
                46.209383315027225
              ],
              [
                6.144701649704735,
                46.20939226653731
              ],
              [
                6.1447897,
                46.20939525998319
              ],
              [
                6.144877750295263,
                46.20939226653731
              ],
              [
                6.14496495261805,
                46.209383315027225
              ],
              [
                6.145050467162323,
                46.20936849165799
              ],
              [
                6.145133470376273,
                46.20934793918206
              ],
              [
                6.145213162893574,
                46.20932185552472
              ],
              [
                6.145288777231722,
                46.20929049187817
              ],
              [
                6.145359585183306,
                46.20925415028272
              ],
              [
                6.145424904829044,
                46.20921318071829
              ],
              [
                6.145484107105039,
                46.20916797773431
              ],
              [
                6.145536621861011,
                46.20911897665034
              ],
              [
                6.145581943351154,
                46.209066649364104
              ],
              [
                6.145619635104739,
                46.20901149980719
              ],
              [
                6.145649334129579,
                46.20895405909235
              ],
              [
                6.145670754407825,
                46.20889488039873
              ],
              [
                6.14568368965049,
                46.208834533644826
              ],
              [
                6.145688015284119,
                46.2087736
              ],
              [
                6.14568368965049,
                46.208712666287575
              ],
              [
                6.145670754407825,
                46.208652319333474
              ],
              [
                6.145649334129579,
                46.208593140314775
              ],
              [
                6.145619635104739,
                46.20853569916242
              ],
              [
                6.145581943351154,
                46.20848054907242
              ],
              [
                6.145536621861011,
                46.208428221177975
              ],
              [
                6.145484107105039,
                46.20837921943406
              ],
              [
                6.145424904829044,
                46.20833401576377
              ],
              [
                6.145359585183306,
                46.208293045513024
              ],
              [
                6.145288777231722,
                46.20825670325764
              ],
              [
                6.145213162893574,
                46.20822533900288
              ],
              [
                6.145133470376273,
                46.20819925481245
              ],
              [
                6.145050467162323,
                46.208178701899016
              ],
              [
                6.14496495261805,
                46.20816387820469
              ],
              [
                6.144877750295263,
                46.20815492649441
              ],
              [
                6.1447897,
                46.208151932980925
              ],
              [
                6.144701649704735,
                46.20815492649441
              ],
              [
                6.144614447381948,
                46.20816387820469
              ],
              [
                6.144528932837675,
                46.208178701899016
              ],
              [
                6.144528678027734,
                46.20817876499401
              ],
              [
                6.144530445284119,
                46.20815387
              ],
              [
                6.144526119650492,
                46.208092935600085
              ],
              [
                6.144513184407826,
                46.20803258796512
              ],
              [
                6.14449176412958,
                46.207973408278725
              ],
              [
                6.14446206510474,
                46.207915966478296
              ],
              [
                6.144424373351154,
                46.20786081576606
              ],
              [
                6.144379051861011,
                46.20780848728123
              ],
              [
                6.144326537105041,
                46.20775948498445
              ],
              [
                6.144267334829045,
                46.20771428080414
              ],
              [
                6.144202015183307,
                46.20767331009116
              ],
              [
                6.144131207231723,
                46.20763696742574
              ],
              [
                6.144055592893575,
                46.207605602817125
              ],
              [
                6.143975900376273,
                46.20757951833239
              ],
              [
                6.143892897162323,
                46.20755896518707
              ],
              [
                6.143807382618051,
                46.20754414132549
              ],
              [
                6.143720180295264,
                46.20753518951422
              ],
              [
                6.14363213,
                46.20753219596696
              ],
              [
                6.143591705,
                46.20753357034224
              ],
              [
                6.14355128,
                46.20753219596696
              ],
              [
                6.143463229704736,
                46.20753518951422
              ]
            ]
          ]
        ]
      }
    },
    {
      "type": "Feature",
      "properties": {
        "cluster": 7
      },
      "geometry": {
        "type": "Polygon",
        "coordinates": [
          [
            [
              6.139748950295264,
              46.200137136194456
            ],
            [
              6.1396609,
              46.20013414224406
            ],
            [
              6.139572849704735,
              46.200137136194456
            ],
            [
              6.139485647381948,
              46.200146089211295
            ],
            [
              6.139400132837675,
              46.20016091506925
            ],
            [
              6.139317129623726,
              46.200181470982514
            ],
            [
              6.139237437106424,
              46.20020755898011
            ],
            [
              6.139161822768275,
              46.2002389278127
            ],
            [
              6.139091014816692,
              46.20027527537248
            ],
            [
              6.139025695170955,
              46.20031625160312
            ],
            [
              6.138966492894959,
              46.2003614618712
            ],
            [
              6.138913978138987,
              46.20041047076728
            ],
            [
              6.138868656648844,
              46.20046280629936
            ],
            [
              6.138850609455948,
              46.20048921658146
            ],
            [
              6.138844370376273,
              46.2004871741786
            ],
            [
              6.138761367162324,
              46.2004666183797
            ],
            [
              6.138675852618051,
              46.200451792604234
            ],
            [
              6.138588650295264,
              46.20044283963722
            ],
            [
              6.1385006,
              46.20043984570347
            ],
            [
              6.138412549704736,
              46.20044283963722
            ],
            [
              6.138346372600505,
              46.2004496339682
            ],
            [
              6.138316507105039,
              46.200421762304096
            ],
            [
              6.138257304829043,
              46.20037655208563
            ],
            [
              6.138191985183306,
              46.20033557589996
            ],
            [
              6.138121177231723,
              46.20029922838007
            ],
            [
              6.138045562893574,
              46.200267859581906
            ],
            [
              6.137965870376272,
              46.200241771612944
            ],
            [
              6.137882867162324,
              46.20022121572224
            ],
            [
              6.13779735261805,
              46.200206389880556
            ],
            [
              6.137710150295264,
              46.200197436873545
            ],
            [
              6.1376221,
              46.20019444292644
            ],
            [
              6.137534049704735,
              46.200197436873545
            ],
            [
              6.137446847381949,
              46.200206389880556
            ],
            [
              6.137361332837675,
              46.20022121572224
            ],
            [
              6.137278329623727,
              46.200241771612944
            ],
            [
              6.137198637106424,
              46.200267859581906
            ],
            [
              6.137123022768276,
              46.20029922838007
            ],
            [
              6.137052214816692,
              46.20033557589996
            ],
            [
              6.136986895170955,
              46.20037655208563
            ],
            [
              6.136927692894959,
              46.200421762304096
            ],
            [
              6.136875178138987,
              46.200470771146385
            ],
            [
              6.136829856648845,
              46.20052310662103
            ],
            [
              6.13679216489526,
              46.200578264700056
            ],
            [
              6.136762465870421,
              46.20063571417334
            ],
            [
              6.136741045592173,
              46.20069490176472
            ],
            [
              6.136728110349508,
              46.20075525746069
            ],
            [
              6.136725274129398,
              46.2007952161126
            ],
            [
              6.136722822768277,
              46.200796233056444
            ],
            [
              6.136652014816693,
              46.20083258024756
            ],
            [
              6.136586695170956,
              46.20087355606256
            ],
            [
              6.13652749289496,
              46.200918765872075
            ],
            [
              6.136474978138988,
              46.20096777427105
            ],
            [
              6.136429656648846,
              46.20102010927228
            ],
            [
              6.13639196489526,
              46.201075266852364
            ],
            [
              6.136362265870421,
              46.20113271580597
            ],
            [
              6.136340845592175,
              46.20119190286196
            ],
            [
              6.136327910349508,
              46.201252258011955
            ],
            [
              6.13632358471588,
              46.2013132
            ],
            [
              6.136327910349508,
              46.201374141920425
            ],
            [
              6.136340845592175,
              46.20143449687024
            ],
            [
              6.136362265870421,
              46.20149368360113
            ],
            [
              6.13639196489526,
              46.20155113211723
            ],
            [
              6.136429656648846,
              46.20160628916421
            ],
            [
              6.136474978138988,
              46.20165862355723
            ],
            [
              6.13652749289496,
              46.20170763129625
            ],
            [
              6.136586695170956,
              46.20175284041944
            ],
            [
              6.136652014816693,
              46.20179381554812
            ],
            [
              6.136722822768277,
              46.20183016207928
            ],
            [
              6.136798437106425,
              46.20186152998548
            ],
            [
              6.136878129623727,
              46.201887617185356
            ],
            [
              6.136961132837676,
              46.20190817245262
            ],
            [
              6.13704664738195,
              46.20192299783509
            ],
            [
              6.137133849704735,
              46.201931950560926
            ],
            [
              6.1372219,
              46.20193494441336
            ],
            [
              6.137309950295264,
              46.201931950560926
            ],
            [
              6.137397152618051,
              46.20192299783509
            ],
            [
              6.137482667162324,
              46.20190817245262
            ],
            [
              6.137565670376273,
              46.201887617185356
            ],
            [
              6.137645362893576,
              46.20186152998548
            ],
            [
              6.137720977231723,
              46.20183016207928
            ],
            [
              6.137791785183307,
              46.20179381554812
            ],
            [
              6.137857104829044,
              46.20175284041944
            ],
            [
              6.13791630710504,
              46.20170763129625
            ],
            [
              6.137968821861012,
              46.20165862355723
            ],
            [
              6.138014143351154,
              46.20160628916421
            ],
            [
              6.138026117046232,
              46.201588767203226
            ],
            [
              6.138077137106425,
              46.201609932496496
            ],
            [
              6.138156829623727,
              46.20163601981583
            ],
            [
              6.138239832837676,
              46.201656575177225
            ],
            [
              6.138325347381949,
              46.20167140062759
            ],
            [
              6.138412549704736,
              46.20168035339442
            ],
            [
              6.1385006,
              46.20168334726056
            ],
            [
              6.138548821756602,
              46.201681707635366
            ],
            [
              6.138551010349508,
              46.20171254154508
            ],
            [
              6.138563945592175,
              46.201772896123146
            ],
            [
              6.138585365870421,
              46.201832082489496
            ],
            [
              6.13861506489526,
              46.20188953065175
            ],
            [
              6.138652756648845,
              46.201944687359
            ],
            [
              6.138698078138988,
              46.20199702142968
            ],
            [
              6.13875059289496,
              46.20204602886685
            ],
            [
              6.138809795170956,
              46.20209123771159
            ],
            [
              6.138875114816694,
              46.2021322125879
            ],
            [
              6.138945922768277,
              46.20216855889519
            ],
            [
              6.139021537106425,
              46.20219992660818
            ],
            [
              6.139101229623726,
              46.202226013647376
            ],
            [
              6.139184232837676,
              46.202246568788034
            ],
            [
              6.139269747381949,
              46.202261394079194
            ],
            [
              6.139356949704736,
              46.20227034674988
            ],
            [
              6.139445,
              46.20227334058387
            ],
            [
              6.139533050295264,
              46.20227034674988
            ],
            [
              6.139620252618051,
              46.202261394079194
            ],
            [
              6.139705767162323,
              46.202246568788034
            ],
            [
              6.139788770376273,
              46.202226013647376
            ],
            [
              6.139868462893575,
              46.20219992660818
            ],
            [
              6.139944077231723,
              46.20216855889519
            ],
            [
              6.140014885183307,
              46.2021322125879
            ],
            [
              6.140080204829045,
              46.20209123771159
            ],
            [
              6.140139407105041,
              46.20204602886685
            ],
            [
              6.140191921861011,
              46.20199702142968
            ],
            [
              6.140237243351154,
              46.201944687359
            ],
            [
              6.14027493510474,
              46.20188953065175
            ],
            [
              6.140280762394253,
              46.20187825866775
            ],
            [
              6.140310770376273,
              46.2018708273609
            ],
            [
              6.140390462893576,
              46.20184474015305
            ],
            [
              6.140466077231723,
              46.20181337223726
            ],
            [
              6.140536885183308,
              46.201777025694994
            ],
            [
              6.140602204829045,
              46.2017360505538
            ],
            [
              6.140661407105041,
              46.201690841416784
            ],
            [
              6.140708539568587,
              46.20164685652092
            ],
            [
              6.140749792893574,
              46.20163335226275
            ],
            [
              6.140825407231722,
              46.201601984226286
            ],
            [
              6.140896215183306,
              46.201565637544164
            ],
            [
              6.140961534829043,
              46.20152466224532
            ],
            [
              6.141020737105039,
              46.20147945293436
            ],
            [
              6.141073251861011,
              46.201430444991814
            ],
            [
              6.141118573351153,
              46.201378110381434
            ],
            [
              6.14115626510474,
              46.20132295310538
            ],
            [
              6.141175811350025,
              46.20128514353905
            ],
            [
              6.141240004829045,
              46.20124487448416
            ],
            [
              6.14129920710504,
              46.20119966494298
            ],
            [
              6.141351721861012,
              46.20115065675087
            ],
            [
              6.141397043351155,
              46.20109832187398
            ],
            [
              6.141434735104741,
              46.201043164317035
            ],
            [
              6.141464434129579,
              46.2009857152698
            ],
            [
              6.141485854407826,
              46.20092652799169
            ],
            [
              6.141498789650492,
              46.20086617248388
            ],
            [
              6.141503115284119,
              46.20080523
            ],
            [
              6.141498789650492,
              46.20074428744853
            ],
            [
              6.141485854407826,
              46.20068393174051
            ],
            [
              6.141464434129579,
              46.200624744137315
            ],
            [
              6.141434735104741,
              46.200567294652565
            ],
            [
              6.141397043351155,
              46.20051213656252
            ],
            [
              6.141351721861012,
              46.20045980107743
            ],
            [
              6.14129920710504,
              46.200410792225355
            ],
            [
              6.141240004829045,
              46.20036558199786
            ],
            [
              6.141174685183307,
              46.20032460580401
            ],
            [
              6.141103877231724,
              46.20028825827686
            ],
            [
              6.141028262893576,
              46.20025688947244
            ],
            [
              6.140948570376274,
              46.200230801498265
            ],
            [
              6.140865567162324,
              46.20021024560346
            ],
            [
              6.140780052618052,
              46.20019541975881
            ],
            [
              6.140692850295264,
              46.20018646675002
            ],
            [
              6.1406048,
              46.20018347280231
            ],
            [
              6.140516749704735,
              46.20018646675002
            ],
            [
              6.14042954738195,
              46.20019541975881
            ],
            [
              6.140380571235664,
              46.20020391086152
            ],
            [
              6.140310770376273,
              46.20018106097824
            ],
            [
              6.140227767162324,
              46.2001605050648
            ],
            [
              6.140142252618052,
              46.20014567920675
            ],
            [
              6.140055050295265,
              46.20013672618985
            ],
            [
              6.139967,
              46.20013373223942
            ],
            [
              6.139878949704737,
              46.20013672618985
            ],
            [
              6.13981195327909,
              46.20014360467798
            ],
            [
              6.139748950295264,
              46.200137136194456
            ]
          ]
        ]
      }
    },
    {
      "type": "Feature",
      "properties": {
        "cluster": 8
      },
      "geometry": {
        "type": "Polygon",
        "coordinates": [
          [
            [
              6.142347921861011,
              46.205141100509756
            ],
            [
              6.142295407105039,
              46.20509209583347
            ],
            [
              6.142236204829044,
              46.20504688945811
            ],
            [
              6.142170885183306,
              46.20500591675563
            ],
            [
              6.142100077231722,
              46.20496957232546
            ],
            [
              6.142024462893574,
              46.20493820619381
            ],
            [
              6.141944770376273,
              46.20491212044245
            ],
            [
              6.141861767162323,
              46.204891566299096
            ],
            [
              6.14177625261805,
              46.20487674171768
            ],
            [
              6.141689050295263,
              46.20486778947173
            ],
            [
              6.141601,
              46.2048647957791
            ],
            [
              6.141512949704736,
              46.20486778947173
            ],
            [
              6.141425747381948,
              46.20487674171768
            ],
            [
              6.141340232837676,
              46.204891566299096
            ],
            [
              6.141257229623726,
              46.20491212044245
            ],
            [
              6.141177537106424,
              46.20493820619381
            ],
            [
              6.141101922768276,
              46.20496957232546
            ],
            [
              6.141031114816693,
              46.20500591675563
            ],
            [
              6.140965795170955,
              46.20504688945811
            ],
            [
              6.140906592894959,
              46.20509209583347
            ],
            [
              6.140854078138988,
              46.205141100509756
            ],
            [
              6.140808756648845,
              46.205193431535605
            ],
            [
              6.140771064895259,
              46.2052485849259
            ],
            [
              6.14074136587042,
              46.205306029515654
            ],
            [
              6.140719945592174,
              46.20536521207576
            ],
            [
              6.140707010349508,
              46.205425562641146
            ],
            [
              6.14070268471588,
              46.205486499999985
            ],
            [
              6.140707010349508,
              46.20554743729123
            ],
            [
              6.140712654748642,
              46.20557377167577
            ],
            [
              6.140701837106424,
              46.205577312572636
            ],
            [
              6.140626222768277,
              46.20560867833938
            ],
            [
              6.140555414816693,
              46.20564502234673
            ],
            [
              6.140490095170955,
              46.20568599457253
            ],
            [
              6.14043089289496,
              46.20573120042197
            ],
            [
              6.140378378138988,
              46.20578020452813
            ],
            [
              6.140333056648846,
              46.205832534945166
            ],
            [
              6.14029536489526,
              46.2058876876938
            ],
            [
              6.14026566587042,
              46.20594513161526
            ],
            [
              6.140244245592174,
              46.20600431348683
            ],
            [
              6.140231310349509,
              46.206064663350105
            ],
            [
              6.140226984715881,
              46.2061256
            ],
            [
              6.140231310349509,
              46.2061865365823
            ],
            [
              6.140244245592174,
              46.206246886245374
            ],
            [
              6.14026566587042,
              46.206306067791864
            ],
            [
              6.14029536489526,
              46.20636351127581
            ],
            [
              6.140333056648846,
              46.20641866349135
            ],
            [
              6.140378378138988,
              46.20647099330018
            ],
            [
              6.14043089289496,
              46.2065199967464
            ],
            [
              6.140490095170955,
              46.20656520190953
            ],
            [
              6.140555414816693,
              46.20660617344901
            ],
            [
              6.140626222768277,
              46.20664251679641
            ],
            [
              6.140701837106424,
              46.20667388195495
            ],
            [
              6.140781529623727,
              46.20669996686973
            ],
            [
              6.140799124395903,
              46.20670432373256
            ],
            [
              6.140735322768277,
              46.206730788898454
            ],
            [
              6.140664514816693,
              46.206767132163414
            ],
            [
              6.140599195170956,
              46.20680810355228
            ],
            [
              6.14053999289496,
              46.20685330847831
            ],
            [
              6.140487478138988,
              46.206902311583484
            ],
            [
              6.140442156648846,
              46.20695464093157
            ],
            [
              6.14040446489526,
              46.20700979255362
            ],
            [
              6.140374765870421,
              46.207067235301665
            ],
            [
              6.140353345592175,
              46.207126415964346
            ],
            [
              6.140340410349508,
              46.20718676459486
            ],
            [
              6.140339590386549,
              46.20719831545698
            ],
            [
              6.140330995170957,
              46.20720370671816
            ],
            [
              6.140271792894961,
              46.20724891131863
            ],
            [
              6.140219278138988,
              46.207297914070885
            ],
            [
              6.140173956648845,
              46.207350243042114
            ],
            [
              6.14013626489526,
              46.207405394266964
            ],
            [
              6.140106565870422,
              46.20746283660132
            ],
            [
              6.140085145592175,
              46.2075220168378
            ],
            [
              6.140072210349508,
              46.207582365033694
            ],
            [
              6.14006788471588,
              46.2076433
            ],
            [
              6.140072210349508,
              46.20770423489869
            ],
            [
              6.140085145592175,
              46.2077645828944
            ],
            [
              6.140106565870422,
              46.20782376280578
            ],
            [
              6.14013626489526,
              46.20788120470264
            ],
            [
              6.140173956648845,
              46.207936355394395
            ],
            [
              6.140219278138988,
              46.207988683757414
            ],
            [
              6.140271792894961,
              46.20803768584973
            ],
            [
              6.140330995170957,
              46.208082889763894
            ],
            [
              6.140396314816694,
              46.208123860171376
            ],
            [
              6.140467122768277,
              46.20816020251466
            ],
            [
              6.140542737106426,
              46.20819156680661
            ],
            [
              6.140622429623727,
              46.20821765100069
            ],
            [
              6.140705432837676,
              46.208238203899555
            ],
            [
              6.14079094738195,
              46.208253027573825
            ],
            [
              6.140878149704736,
              46.208261979268116
            ],
            [
              6.1409662,
              46.208264972775595
            ],
            [
              6.141054250295265,
              46.208261979268116
            ],
            [
              6.141141452618051,
              46.208253027573825
            ],
            [
              6.141226967162324,
              46.208238203899555
            ],
            [
              6.141309970376273,
              46.20821765100069
            ],
            [
              6.14131533768089,
              46.20821589422617
            ],
            [
              6.141354817381949,
              46.208222737910056
            ],
            [
              6.141442019704735,
              46.208231689609285
            ],
            [
              6.14153007,
              46.20823468311841
            ],
            [
              6.141618120295264,
              46.208231689609285
            ],
            [
              6.141705322618051,
              46.208222737910056
            ],
            [
              6.141790837162324,
              46.20820791422761
            ],
            [
              6.141873840376273,
              46.208187361317414
            ],
            [
              6.141911855,
              46.20817491872832
            ],
            [
              6.141949869623726,
              46.208187361317414
            ],
            [
              6.142032872837675,
              46.20820791422761
            ],
            [
              6.142118387381949,
              46.208222737910056
            ],
            [
              6.142205589704735,
              46.208231689609285
            ],
            [
              6.14229364,
              46.20823468311841
            ],
            [
              6.142381690295263,
              46.208231689609285
            ],
            [
              6.142468892618051,
              46.208222737910056
            ],
            [
              6.142540372846395,
              46.20821034703326
            ],
            [
              6.142540752618051,
              46.20821030804803
            ],
            [
              6.142626267162324,
              46.20819548436222
            ],
            [
              6.142709270376272,
              46.20817493144738
            ],
            [
              6.142788962893575,
              46.20814884723301
            ],
            [
              6.142864577231724,
              46.20811748291667
            ],
            [
              6.142935385183307,
              46.20808114054512
            ],
            [
              6.143000704829044,
              46.20804017010576
            ],
            [
              6.14305990710504,
              46.20799496615645
            ],
            [
              6.143112421861012,
              46.20794596402603
            ],
            [
              6.143157743351155,
              46.20789363562231
            ],
            [
              6.14319543510474,
              46.20783848488765
            ],
            [
              6.143225134129579,
              46.207781042946124
            ],
            [
              6.143246554407826,
              46.20772186298872
            ],
            [
              6.143259489650492,
              46.20766151494609
            ],
            [
              6.143263815284119,
              46.20760058
            ],
            [
              6.143259579722501,
              46.20754091382749
            ],
            [
              6.143312862893574,
              46.207523473475035
            ],
            [
              6.143388477231723,
              46.20749210880162
            ],
            [
              6.143459285183306,
              46.2074557660163
            ],
            [
              6.143524604829044,
              46.2074147951105
            ],
            [
              6.14358380710504,
              46.207369590646536
            ],
            [
              6.143636321861011,
              46.20732058795823
            ],
            [
              6.143681643351155,
              46.20726825895875
            ],
            [
              6.143719335104739,
              46.207213107596196
            ],
            [
              6.143749034129579,
              46.2071556650007
            ],
            [
              6.143770454407825,
              46.20709648436953
            ],
            [
              6.143783389650491,
              46.20703613563983
            ],
            [
              6.14378771528412,
              46.2069752
            ],
            [
              6.143783389650491,
              46.206914264292564
            ],
            [
              6.143770454407825,
              46.20685391536268
            ],
            [
              6.143749034129579,
              46.206794734406415
            ],
            [
              6.143719335104739,
              46.20673729137341
            ],
            [
              6.143681643351155,
              46.20668213947776
            ],
            [
              6.143636321861011,
              46.20662980987007
            ],
            [
              6.14358380710504,
              46.20658080652183
            ],
            [
              6.143524604829044,
              46.20653560137155
            ],
            [
              6.143459285183306,
              46.20649462977942
            ],
            [
              6.143388477231723,
              46.20645828633417
            ],
            [
              6.143312862893574,
              46.20642692105254
            ],
            [
              6.143233170376273,
              46.2064008360081
            ],
            [
              6.143150167162323,
              46.20638028242176
            ],
            [
              6.14306465261805,
              46.2063654582421
            ],
            [
              6.142977450295263,
              46.206356506238734
            ],
            [
              6.1428894,
              46.20635351262725
            ],
            [
              6.142801349704736,
              46.206356506238734
            ],
            [
              6.142714147381948,
              46.2063654582421
            ],
            [
              6.142628632837676,
              46.20638028242176
            ],
            [
              6.142545629623726,
              46.2064008360081
            ],
            [
              6.142465937106425,
              46.20642692105254
            ],
            [
              6.142390322768276,
              46.20645828633417
            ],
            [
              6.142319514816693,
              46.20649462977942
            ],
            [
              6.142254195170955,
              46.20653560137155
            ],
            [
              6.14219499289496,
              46.20658080652183
            ],
            [
              6.142142478138988,
              46.20662980987007
            ],
            [
              6.142135405392525,
              46.206637976287276
            ],
            [
              6.142094230295263,
              46.20663374936129
            ],
            [
              6.14200618,
              46.20663075576491
            ],
            [
              6.141965755,
              46.206632130162745
            ],
            [
              6.14192533,
              46.20663075576491
            ],
            [
              6.141837279704736,
              46.20663374936129
            ],
            [
              6.141750077381948,
              46.20664270131946
            ],
            [
              6.141664562837676,
              46.206657525424305
            ],
            [
              6.141587874488349,
              46.206676515203156
            ],
            [
              6.141578170376273,
              46.20667333885737
            ],
            [
              6.141560575604097,
              46.20666898199208
            ],
            [
              6.141624377231723,
              46.20664251679641
            ],
            [
              6.141695185183306,
              46.20660617344901
            ],
            [
              6.141760504829044,
              46.20656520190953
            ],
            [
              6.141819707105039,
              46.2065199967464
            ],
            [
              6.141872221861012,
              46.20647099330018
            ],
            [
              6.141917543351155,
              46.20641866349135
            ],
            [
              6.14195523510474,
              46.20636351127581
            ],
            [
              6.141984934129579,
              46.206306067791864
            ],
            [
              6.142006354407825,
              46.206246886245374
            ],
            [
              6.142019289650491,
              46.2061865365823
            ],
            [
              6.142023615284119,
              46.2061256
            ],
            [
              6.142019289650491,
              46.206064663350105
            ],
            [
              6.142013645251358,
              46.206038329200894
            ],
            [
              6.142024304879416,
              46.206034840055466
            ],
            [
              6.142046178138988,
              46.206060095883736
            ],
            [
              6.142098692894958,
              46.2061090996965
            ],
            [
              6.142157895170954,
              46.206154305197764
            ],
            [
              6.142223214816692,
              46.20619527704371
            ],
            [
              6.142294022768276,
              46.20623162066297
            ],
            [
              6.142369637106424,
              46.20626298605611
            ],
            [
              6.142449329623726,
              46.20628907116601
            ],
            [
              6.142532332837676,
              46.206309624786485
            ],
            [
              6.142617847381948,
              46.20632444898121
            ],
            [
              6.142705049704735,
              46.2063334009898
            ],
            [
              6.1427931,
              46.20633639460238
            ],
            [
              6.142881150295262,
              46.2063334009898
            ],
            [
              6.14296835261805,
              46.20632444898121
            ],
            [
              6.143053867162322,
              46.206309624786485
            ],
            [
              6.143136870376273,
              46.20628907116601
            ],
            [
              6.143216562893574,
              46.20626298605611
            ],
            [
              6.143292177231722,
              46.20623162066297
            ],
            [
              6.143362985183305,
              46.20619527704371
            ],
            [
              6.143428304829043,
              46.206154305197764
            ],
            [
              6.143487507105038,
              46.2061090996965
            ],
            [
              6.143540021861011,
              46.206060095883736
            ],
            [
              6.143585343351154,
              46.206007765683474
            ],
            [
              6.143623035104739,
              46.20595261305539
            ],
            [
              6.143652734129578,
              46.20589516914176
            ],
            [
              6.143674154407824,
              46.2058359871526
            ],
            [
              6.14368708965049,
              46.20577563703811
            ],
            [
              6.143691415284119,
              46.2057147
            ],
            [
              6.14368708965049,
              46.2056537628943
            ],
            [
              6.143674154407824,
              46.20559341257961
            ],
            [
              6.143652734129578,
              46.20553423026535
            ],
            [
              6.143623035104739,
              46.20547678591422
            ],
            [
              6.143585343351154,
              46.205421632753044
            ],
            [
              6.143540021861011,
              46.20536930194458
            ],
            [
              6.143487507105038,
              46.205320297471864
            ],
            [
              6.143428304829043,
              46.205275091284285
            ],
            [
              6.143362985183305,
              46.20523411875202
            ],
            [
              6.143292177231722,
              46.205197774472815
            ],
            [
              6.143216562893574,
              46.205166408471456
            ],
            [
              6.143136870376273,
              46.20514032282847
            ],
            [
              6.143053867162322,
              46.205119768770494
            ],
            [
              6.14296835261805,
              46.20510494425067
            ],
            [
              6.142881150295262,
              46.20509599204189
            ],
            [
              6.1427931,
              46.205092998361714
            ],
            [
              6.142705049704735,
              46.20509599204189
            ],
            [
              6.142617847381948,
              46.20510494425067
            ],
            [
              6.142532332837676,
              46.205119768770494
            ],
            [
              6.142449329623726,
              46.20514032282847
            ],
            [
              6.142369795120582,
              46.20516635674892
            ],
            [
              6.142347921861011,
              46.205141100509756
            ]
          ]
        ]
      }
    },
    {
      "type": "Feature",
      "properties": {
        "cluster": 9
      },
      "geometry": {
        "type": "MultiPolygon",
        "coordinates": [
          [
            [
              [
                6.150596943351155,
                46.210114357789166
              ],
              [
                6.150551621861012,
                46.2100620314512
              ],
              [
                6.15049910710504,
                46.21001303116483
              ],
              [
                6.150439904829045,
                46.209967828839105
              ],
              [
                6.150374585183307,
                46.209926859807005
              ],
              [
                6.150303777231724,
                46.2098905186326
              ],
              [
                6.150228162893575,
                46.20985915531076
              ],
              [
                6.150148470376274,
                46.2098330718962
              ],
              [
                6.150065467162324,
                46.2098125195941
              ],
              [
                6.149979952618051,
                46.209797696340694
              ],
              [
                6.149892750295264,
                46.209788744896684
              ],
              [
                6.1498047,
                46.20978575147225
              ],
              [
                6.149716649704737,
                46.209788744896684
              ],
              [
                6.149629447381949,
                46.209797696340694
              ],
              [
                6.149543932837677,
                46.2098125195941
              ],
              [
                6.149460929623727,
                46.2098330718962
              ],
              [
                6.149381237106425,
                46.20985915531076
              ],
              [
                6.149305622768277,
                46.2098905186326
              ],
              [
                6.149234814816694,
                46.209926859807005
              ],
              [
                6.149169495170956,
                46.209967828839105
              ],
              [
                6.14911029289496,
                46.21001303116483
              ],
              [
                6.149057778138989,
                46.2100620314512
              ],
              [
                6.149012456648846,
                46.210114357789166
              ],
              [
                6.14897476489526,
                46.21016950623874
              ],
              [
                6.148945065870421,
                46.21022694568252
              ],
              [
                6.148923645592175,
                46.21028612294096
              ],
              [
                6.148910710349509,
                46.21034646810004
              ],
              [
                6.148906384715881,
                46.2104074
              ],
              [
                6.148910710349509,
                46.21046833183236
              ],
              [
                6.148923645592175,
                46.210528676791256
              ],
              [
                6.148945065870421,
                46.210587853724604
              ],
              [
                6.14897476489526,
                46.21064529273088
              ],
              [
                6.149012456648846,
                46.21070044064736
              ],
              [
                6.149057778138989,
                46.21075276637712
              ],
              [
                6.14911029289496,
                46.21080176600355
              ],
              [
                6.149169495170956,
                46.210846967642965
              ],
              [
                6.149234814816694,
                46.210887935988744
              ],
              [
                6.149305622768277,
                46.21092427650321
              ],
              [
                6.149381237106425,
                46.21095563921684
              ],
              [
                6.149460929623727,
                46.21098172209832
              ],
              [
                6.149543932837677,
                46.21100227396292
              ],
              [
                6.149629447381949,
                46.21101709689123
              ],
              [
                6.149716649704737,
                46.211026048135054
              ],
              [
                6.1498047,
                46.211029041491884
              ],
              [
                6.149892750295264,
                46.211026048135054
              ],
              [
                6.149979952618051,
                46.21101709689123
              ],
              [
                6.150065467162324,
                46.21100227396292
              ],
              [
                6.150148470376274,
                46.21098172209832
              ],
              [
                6.150206614729207,
                46.21096269180263
              ],
              [
                6.150229364895259,
                46.21100669116556
              ],
              [
                6.150267056648845,
                46.21106183871916
              ],
              [
                6.150312378138987,
                46.21111416410462
              ],
              [
                6.150364892894959,
                46.21116316340864
              ],
              [
                6.150424095170955,
                46.21120836475063
              ],
              [
                6.150489414816692,
                46.21124933282684
              ],
              [
                6.150560222768276,
                46.21128567310218
              ],
              [
                6.150635837106424,
                46.21131703560945
              ],
              [
                6.150715529623726,
                46.21134311831929
              ],
              [
                6.150798532837675,
                46.211363670048655
              ],
              [
                6.150884047381949,
                46.21137849287944
              ],
              [
                6.150971249704735,
                46.21138744406436
              ],
              [
                6.1510593,
                46.211390437401505
              ],
              [
                6.151147350295264,
                46.21138744406436
              ],
              [
                6.15123455261805,
                46.21137849287944
              ],
              [
                6.151320067162323,
                46.211363670048655
              ],
              [
                6.151403070376272,
                46.21134311831929
              ],
              [
                6.151466581986369,
                46.211322331489185
              ],
              [
                6.151498959623727,
                46.21133292842585
              ],
              [
                6.151581962837677,
                46.21135348015902
              ],
              [
                6.151657080661573,
                46.21136650085658
              ],
              [
                6.151658410349508,
                46.21138523081517
              ],
              [
                6.151671345592174,
                46.211445574766664
              ],
              [
                6.15169276587042,
                46.211504750712116
              ],
              [
                6.15172246489526,
                46.21156218875951
              ],
              [
                6.151760156648845,
                46.21161733575535
              ],
              [
                6.151805478138987,
                46.21166966061159
              ],
              [
                6.151857992894959,
                46.21171865942002
              ],
              [
                6.151907797849387,
                46.211756685460706
              ],
              [
                6.151890395870421,
                46.21179034081907
              ],
              [
                6.151868975592174,
                46.21184951639305
              ],
              [
                6.151856040349507,
                46.21190985983444
              ],
              [
                6.15185171471588,
                46.21197079
              ],
              [
                6.151856040349507,
                46.21203172009796
              ],
              [
                6.151868975592174,
                46.212092063339156
              ],
              [
                6.151890395870421,
                46.212151238588035
              ],
              [
                6.151920094895259,
                46.21220867595934
              ],
              [
                6.151957786648846,
                46.21226382230604
              ],
              [
                6.152003108138988,
                46.21231614654637
              ],
              [
                6.152055622894959,
                46.21236514477803
              ],
              [
                6.152114825170956,
                46.21241034513079
              ],
              [
                6.152180144816692,
                46.21245131231042
              ],
              [
                6.152250952768277,
                46.212487651790454
              ],
              [
                6.152326567106424,
                46.212519013611356
              ],
              [
                6.152406259623727,
                46.212545095750386
              ],
              [
                6.152489262837676,
                46.21256564702997
              ],
              [
                6.152574777381949,
                46.212580469536356
              ],
              [
                6.152661979704735,
                46.21258942052538
              ],
              [
                6.15275003,
                46.21259241379701
              ],
              [
                6.152838080295264,
                46.21258942052538
              ],
              [
                6.15292528261805,
                46.212580469536356
              ],
              [
                6.153010797162324,
                46.21256564702997
              ],
              [
                6.153093800376273,
                46.212545095750386
              ],
              [
                6.153173492893576,
                46.212519013611356
              ],
              [
                6.153249107231723,
                46.212487651790454
              ],
              [
                6.153319915183307,
                46.21245131231042
              ],
              [
                6.153385234829044,
                46.21241034513079
              ],
              [
                6.15344443710504,
                46.21236514477803
              ],
              [
                6.153496951861012,
                46.21231614654637
              ],
              [
                6.153542273351154,
                46.21226382230604
              ],
              [
                6.15357996510474,
                46.21220867595934
              ],
              [
                6.153609664129579,
                46.212151238588035
              ],
              [
                6.153631084407825,
                46.212092063339156
              ],
              [
                6.153644019650492,
                46.21203172009796
              ],
              [
                6.153648345284119,
                46.21197079
              ],
              [
                6.153644019650492,
                46.21190985983444
              ],
              [
                6.153631084407825,
                46.21184951639305
              ],
              [
                6.153609664129579,
                46.21179034081907
              ],
              [
                6.15357996510474,
                46.21173290301028
              ],
              [
                6.153542273351154,
                46.21167775613048
              ],
              [
                6.153496951861012,
                46.21162543128196
              ],
              [
                6.15344443710504,
                46.211576432390345
              ],
              [
                6.153415552399372,
                46.21155437887277
              ],
              [
                6.153417821861012,
                46.21155226134981
              ],
              [
                6.153463143351155,
                46.21149993638173
              ],
              [
                6.15350083510474,
                46.21144478926801
              ],
              [
                6.153530534129579,
                46.211387351097834
              ],
              [
                6.153551954407826,
                46.21132817502589
              ],
              [
                6.153564889650492,
                46.2112678309454
              ],
              [
                6.153569215284119,
                46.2112069
              ],
              [
                6.153564889650492,
                46.211145968986976
              ],
              [
                6.153551954407826,
                46.21108562470631
              ],
              [
                6.153530534129579,
                46.21102644830927
              ],
              [
                6.15350083510474,
                46.21096900970161
              ],
              [
                6.153463143351155,
                46.21091386205478
              ],
              [
                6.153417821861012,
                46.2108615364785
              ],
              [
                6.15336530710504,
                46.21081253690539
              ],
              [
                6.153306104829044,
                46.21076733523764
              ],
              [
                6.153240785183307,
                46.21072636680191
              ],
              [
                6.153169977231724,
                46.210690026156485
              ],
              [
                6.153094362893575,
                46.210658663291184
              ],
              [
                6.153014670376273,
                46.210632580256295
              ],
              [
                6.152931667162324,
                46.21061202825336
              ],
              [
                6.152846152618051,
                46.21059720521573
              ],
              [
                6.152758950295264,
                46.21058825390201
              ],
              [
                6.152705359497896,
                46.210586432015276
              ],
              [
                6.152702364129579,
                46.21057815683642
              ],
              [
                6.152672665104741,
                46.21052071775993
              ],
              [
                6.152634973351155,
                46.21046556966299
              ],
              [
                6.152589651861012,
                46.21041324365962
              ],
              [
                6.15253713710504,
                46.21036424368657
              ],
              [
                6.152477934829045,
                46.21031904164989
              ],
              [
                6.152412615183307,
                46.21027807287977
              ],
              [
                6.152341807231724,
                46.21024173193774
              ],
              [
                6.152266192893575,
                46.21021036881645
              ],
              [
                6.152186500376274,
                46.210184285568666
              ],
              [
                6.152103497162324,
                46.21016373339799
              ],
              [
                6.152017982618052,
                46.21014891023937
              ],
              [
                6.151930780295264,
                46.210139958852594
              ],
              [
                6.15184273,
                46.210136965447305
              ],
              [
                6.151754679704736,
                46.210139958852594
              ],
              [
                6.15166747738195,
                46.21014891023937
              ],
              [
                6.151581962837677,
                46.21016373339799
              ],
              [
                6.151498959623727,
                46.210184285568666
              ],
              [
                6.151435448013631,
                46.21020507282949
              ],
              [
                6.151403070376272,
                46.21019447567522
              ],
              [
                6.151320067162323,
                46.210173923508364
              ],
              [
                6.15123455261805,
                46.21015910035248
              ],
              [
                6.151147350295264,
                46.21015014896737
              ],
              [
                6.1510593,
                46.21014715556263
              ],
              [
                6.150971249704735,
                46.21015014896737
              ],
              [
                6.150884047381949,
                46.21015910035248
              ],
              [
                6.150798532837675,
                46.210173923508364
              ],
              [
                6.150715529623726,
                46.21019447567522
              ],
              [
                6.150657385270793,
                46.21021350623709
              ],
              [
                6.150634635104741,
                46.21016950623874
              ],
              [
                6.150596943351155,
                46.210114357789166
              ]
            ]
          ],
          [
            [
              [
                6.151064407105038,
                46.21190594475635
              ],
              [
                6.151005204829043,
                46.211860743988474
              ],
              [
                6.150939885183305,
                46.21181977636833
              ],
              [
                6.150869077231722,
                46.21178343644638
              ],
              [
                6.150793462893574,
                46.21175207420545
              ],
              [
                6.150713770376273,
                46.21172599168981
              ],
              [
                6.150630767162323,
                46.211705440096026
              ],
              [
                6.15054525261805,
                46.211690617353476
              ],
              [
                6.150458050295263,
                46.21168166621796
              ],
              [
                6.15037,
                46.211678672896696
              ],
              [
                6.150281949704734,
                46.21168166621796
              ],
              [
                6.150194747381948,
                46.211690617353476
              ],
              [
                6.150109232837675,
                46.211705440096026
              ],
              [
                6.150026229623726,
                46.21172599168981
              ],
              [
                6.149946537106424,
                46.21175207420545
              ],
              [
                6.149870922768276,
                46.21178343644638
              ],
              [
                6.149800114816691,
                46.21181977636833
              ],
              [
                6.149734795170954,
                46.211860743988474
              ],
              [
                6.149675592894958,
                46.21190594475635
              ],
              [
                6.149623078138987,
                46.211954943353994
              ],
              [
                6.149577756648845,
                46.21200726788858
              ],
              [
                6.149540064895259,
                46.212062414437526
              ],
              [
                6.14951036587042,
                46.21211985190171
              ],
              [
                6.149488945592173,
                46.21217902712066
              ],
              [
                6.149476010349508,
                46.21223937020001
              ],
              [
                6.14947168471588,
                46.2123003
              ],
              [
                6.149476010349508,
                46.21236122973241
              ],
              [
                6.149488945592173,
                46.21242157261156
              ],
              [
                6.14951036587042,
                46.212480747505424
              ],
              [
                6.149540064895259,
                46.212538184532114
              ],
              [
                6.149577756648845,
                46.21259333054795
              ],
              [
                6.149623078138987,
                46.21264565447435
              ],
              [
                6.149675592894958,
                46.212694652412054
              ],
              [
                6.149734795170954,
                46.21273985249362
              ],
              [
                6.149800114816691,
                46.21278081942745
              ],
              [
                6.149870922768276,
                46.21281715868946
              ],
              [
                6.149946537106424,
                46.2128485203222
              ],
              [
                6.150026229623726,
                46.212874602304744
              ],
              [
                6.150109232837675,
                46.21289515346103
              ],
              [
                6.150119469549169,
                46.21289692781217
              ],
              [
                6.15012606489526,
                46.212909682922984
              ],
              [
                6.150163756648846,
                46.21296482856581
              ],
              [
                6.150209078138988,
                46.21301715213827
              ],
              [
                6.15026159289496,
                46.21306614974452
              ],
              [
                6.150320795170956,
                46.21311134952035
              ],
              [
                6.150386114816693,
                46.213152316177066
              ],
              [
                6.150456922768277,
                46.21318865519326
              ],
              [
                6.150532537106424,
                46.21322001661386
              ],
              [
                6.150612229623727,
                46.21324609841997
              ],
              [
                6.150695232837676,
                46.213266649437244
              ],
              [
                6.150780747381949,
                46.213281471754435
              ],
              [
                6.150867949704736,
                46.21329042262921
              ],
              [
                6.150956,
                46.21329341586264
              ],
              [
                6.151044050295264,
                46.21329042262921
              ],
              [
                6.15113125261805,
                46.213281471754435
              ],
              [
                6.151216767162324,
                46.213266649437244
              ],
              [
                6.151299770376273,
                46.21324609841997
              ],
              [
                6.151379462893575,
                46.21322001661386
              ],
              [
                6.151455077231723,
                46.21318865519326
              ],
              [
                6.151525885183307,
                46.213152316177066
              ],
              [
                6.151591204829044,
                46.21311134952035
              ],
              [
                6.15165040710504,
                46.21306614974452
              ],
              [
                6.151702921861012,
                46.21301715213827
              ],
              [
                6.151748243351154,
                46.21296482856581
              ],
              [
                6.15178593510474,
                46.212909682922984
              ],
              [
                6.151815634129579,
                46.21285224628481
              ],
              [
                6.151837054407825,
                46.212793071791225
              ],
              [
                6.151849989650492,
                46.21273272932025
              ],
              [
                6.151854315284119,
                46.21267179999999
              ],
              [
                6.151849989650492,
                46.21261087061214
              ],
              [
                6.151837054407825,
                46.21255052794097
              ],
              [
                6.151815634129579,
                46.2124913531223
              ],
              [
                6.15178593510474,
                46.212433916046635
              ],
              [
                6.151748243351154,
                46.21237876987072
              ],
              [
                6.151702921861012,
                46.21232644569006
              ],
              [
                6.15165040710504,
                46.21227744742386
              ],
              [
                6.151591204829044,
                46.212232246961726
              ],
              [
                6.151525885183307,
                46.2121912796187
              ],
              [
                6.151455077231723,
                46.212154939942565
              ],
              [
                6.151379462893575,
                46.212123577913765
              ],
              [
                6.151299770376273,
                46.212097495574554
              ],
              [
                6.151216767162324,
                46.21207694411979
              ],
              [
                6.15120653045083,
                46.21207516974216
              ],
              [
                6.15119993510474,
                46.212062414437526
              ],
              [
                6.151162243351154,
                46.21200726788858
              ],
              [
                6.151116921861011,
                46.211954943353994
              ],
              [
                6.151064407105038,
                46.21190594475635
              ]
            ]
          ]
        ]
      }
    },
    {
      "type": "Feature",
      "properties": {
        "cluster": 10
      },
      "geometry": {
        "type": "Polygon",
        "coordinates": [
          [
            [
              6.158423521861011,
              46.201991080704644
            ],
            [
              6.158371007105039,
              46.20194207321846
            ],
            [
              6.158311804829044,
              46.20189686425099
            ],
            [
              6.158246485183306,
              46.20185588919916
            ],
            [
              6.158175677231722,
              46.201819542685016
            ],
            [
              6.158100062893575,
              46.20178817475485
            ],
            [
              6.158020370376272,
              46.20176208750776
            ],
            [
              6.157937367162323,
              46.20174153218584
            ],
            [
              6.15785185261805,
              46.2017267067544
            ],
            [
              6.157764650295263,
              46.201717753995126
            ],
            [
              6.1576766,
              46.201714760130855
            ],
            [
              6.157588549704735,
              46.201717753995126
            ],
            [
              6.157501347381949,
              46.2017267067544
            ],
            [
              6.157415832837676,
              46.20174153218584
            ],
            [
              6.157332829623726,
              46.20176208750776
            ],
            [
              6.157253137106424,
              46.20178817475485
            ],
            [
              6.157177522768277,
              46.201819542685016
            ],
            [
              6.157106714816692,
              46.20185588919916
            ],
            [
              6.157041395170955,
              46.20189686425099
            ],
            [
              6.156982192894959,
              46.20194207321846
            ],
            [
              6.156929678138988,
              46.201991080704644
            ],
            [
              6.156884356648845,
              46.20204341473114
            ],
            [
              6.15684666489526,
              46.202098571283905
            ],
            [
              6.15681696587042,
              46.20215601916752
            ],
            [
              6.156795545592174,
              46.202215205121135
            ],
            [
              6.156782610349508,
              46.20227555914701
            ],
            [
              6.15677828471588,
              46.2023365
            ],
            [
              6.156782610349508,
              46.20239744078537
            ],
            [
              6.156795545592174,
              46.20245779461106
            ],
            [
              6.15681696587042,
              46.20251698023957
            ],
            [
              6.15684666489526,
              46.20257442768568
            ],
            [
              6.156884356648845,
              46.202629583705345
            ],
            [
              6.156929678138988,
              46.20268191712363
            ],
            [
              6.156982192894959,
              46.20273092394986
            ],
            [
              6.157041395170955,
              46.202776132231016
            ],
            [
              6.157106714816692,
              46.20281710659652
            ],
            [
              6.157177522768277,
              46.20285345245072
            ],
            [
              6.157253137106424,
              46.20288481977267
            ],
            [
              6.157330705100442,
              46.202910211040965
            ],
            [
              6.15730889738195,
              46.20291244991513
            ],
            [
              6.157223382837677,
              46.20292727502661
            ],
            [
              6.157140379623727,
              46.20294782990491
            ],
            [
              6.157060687106426,
              46.202973916588974
            ],
            [
              6.156985072768277,
              46.203005283842145
            ],
            [
              6.156914264816693,
              46.20304162957185
            ],
            [
              6.156848945170956,
              46.203082603739354
            ],
            [
              6.15678974289496,
              46.203127811731115
            ],
            [
              6.156737228138989,
              46.203176818159605
            ],
            [
              6.156691906648846,
              46.20322915105661
            ],
            [
              6.15665421489526,
              46.203284306418965
            ],
            [
              6.156624515870421,
              46.203341753062716
            ],
            [
              6.156603095592175,
              46.20340093773896
            ],
            [
              6.156590160349509,
              46.20346129046226
            ],
            [
              6.156585834715881,
              46.20352222999998
            ],
            [
              6.156590160349509,
              46.20358316947012
            ],
            [
              6.156603095592175,
              46.203643521993214
            ],
            [
              6.156624515870421,
              46.20370270634437
            ],
            [
              6.15665421489526,
              46.203760152550615
            ],
            [
              6.156691906648846,
              46.20381530737988
            ],
            [
              6.156737228138989,
              46.203867639668665
            ],
            [
              6.15678974289496,
              46.20391664543722
            ],
            [
              6.156848945170956,
              46.20396185274265
            ],
            [
              6.156883735120793,
              46.20398367566571
            ],
            [
              6.15688238471588,
              46.20400269999998
            ],
            [
              6.156886710349507,
              46.20406363893716
            ],
            [
              6.156899645592174,
              46.20412399093243
            ],
            [
              6.15692106587042,
              46.20418317476597
            ],
            [
              6.156950764895258,
              46.2042406204698
            ],
            [
              6.156988456648845,
              46.20429577481669
            ],
            [
              6.157033778138987,
              46.2043481066478
            ],
            [
              6.157086292894959,
              46.204397111987745
            ],
            [
              6.157145495170955,
              46.20444231889782
            ],
            [
              6.157210814816692,
              46.20448329202065
            ],
            [
              6.157281622768276,
              46.204519636772545
            ],
            [
              6.157357237106424,
              46.20455100314318
            ],
            [
              6.157436929623726,
              46.20457708906601
            ],
            [
              6.157519932837675,
              46.20459764332703
            ],
            [
              6.157605447381948,
              46.20461246798375
            ],
            [
              6.157692649704735,
              46.20462142027132
            ],
            [
              6.1577807,
              46.20462441397719
            ],
            [
              6.157868750295264,
              46.20462142027132
            ],
            [
              6.15795595261805,
              46.20461246798375
            ],
            [
              6.158006402929637,
              46.20460372200356
            ],
            [
              6.158045082768276,
              46.204623575794514
            ],
            [
              6.158120697106424,
              46.2046549421058
            ],
            [
              6.158200389623726,
              46.20468102797928
            ],
            [
              6.158283392837675,
              46.20470158220141
            ],
            [
              6.158368383985271,
              46.2047163160951
            ],
            [
              6.158370414816694,
              46.20471758997097
            ],
            [
              6.158441222768277,
              46.204753934567854
            ],
            [
              6.158516837106426,
              46.20478530080472
            ],
            [
              6.158596529623727,
              46.2048113866163
            ],
            [
              6.158679532837676,
              46.20483194078965
            ],
            [
              6.15876504738195,
              46.204846765383145
            ],
            [
              6.158852249704736,
              46.20485571763253
            ],
            [
              6.1589403,
              46.20485871132564
            ],
            [
              6.159028350295265,
              46.20485571763253
            ],
            [
              6.159115552618051,
              46.204846765383145
            ],
            [
              6.159201067162324,
              46.20483194078965
            ],
            [
              6.159284070376273,
              46.2048113866163
            ],
            [
              6.159363762893575,
              46.20478530080472
            ],
            [
              6.159439377231724,
              46.204753934567854
            ],
            [
              6.159510185183307,
              46.20471758997097
            ],
            [
              6.159575504829045,
              46.20467661702289
            ],
            [
              6.159634707105041,
              46.20463141030562
            ],
            [
              6.159687221861012,
              46.204582405174676
            ],
            [
              6.159732543351155,
              46.204530073566765
            ],
            [
              6.159770235104741,
              46.2044749194551
            ],
            [
              6.159799934129579,
              46.204417473996266
            ],
            [
              6.159821354407827,
              46.204358290415136
            ],
            [
              6.159834289650492,
              46.204297938677264
            ],
            [
              6.15983861528412,
              46.204237
            ],
            [
              6.159834289650492,
              46.204176061255126
            ],
            [
              6.159821354407827,
              46.20411570931705
            ],
            [
              6.159799934129579,
              46.20405652541083
            ],
            [
              6.159770235104741,
              46.203999079514496
            ],
            [
              6.159732543351155,
              46.203943924869726
            ],
            [
              6.159687221861012,
              46.203891592653605
            ],
            [
              6.159634707105041,
              46.20384258686271
            ],
            [
              6.159575504829045,
              46.203797379459125
            ],
            [
              6.159510185183307,
              46.20375640582473
            ],
            [
              6.159497126887199,
              46.203749703088846
            ],
            [
              6.159507554407825,
              46.2037208918224
            ],
            [
              6.15952048965049,
              46.203660539384295
            ],
            [
              6.159524815284119,
              46.20359959999998
            ],
            [
              6.15952048965049,
              46.203538660548084
            ],
            [
              6.159513186233642,
              46.20350458462223
            ],
            [
              6.15955033510474,
              46.20345022389286
            ],
            [
              6.159572704097326,
              46.20340695577707
            ],
            [
              6.159651352618051,
              46.20339888145392
            ],
            [
              6.159736867162324,
              46.20338405646971
            ],
            [
              6.159819870376273,
              46.20336350175464
            ],
            [
              6.159899562893575,
              46.20333741525555
            ],
            [
              6.159975177231723,
              46.203306048192005
            ],
            [
              6.160045985183307,
              46.20326970263723
            ],
            [
              6.160111304829044,
              46.203228728609275
            ],
            [
              6.16017050710504,
              46.20318352070055
            ],
            [
              6.160223021861012,
              46.20313451427804
            ],
            [
              6.160268343351154,
              46.20308218129089
            ],
            [
              6.16030603510474,
              46.2030270257256
            ],
            [
              6.160335734129579,
              46.20296957875276
            ],
            [
              6.160357154407825,
              46.202910393611816
            ],
            [
              6.160370089650491,
              46.20285004028333
            ],
            [
              6.160374415284119,
              46.20278909999998
            ],
            [
              6.160370089650491,
              46.20272815964904
            ],
            [
              6.160357154407825,
              46.20266780612036
            ],
            [
              6.160335734129579,
              46.202608620654324
            ],
            [
              6.16030603510474,
              46.202551173243975
            ],
            [
              6.160268343351154,
              46.202496017145585
            ],
            [
              6.160223021861012,
              46.20244368355022
            ],
            [
              6.16017050710504,
              46.202394676467776
            ],
            [
              6.160156709117353,
              46.20238413992285
            ],
            [
              6.160169754407825,
              46.20234809485325
            ],
            [
              6.160182689650492,
              46.20228774090706
            ],
            [
              6.160187015284119,
              46.2022268
            ],
            [
              6.160182689650492,
              46.20216585902534
            ],
            [
              6.160169754407825,
              46.20210550487895
            ],
            [
              6.160148334129579,
              46.202046318807156
            ],
            [
              6.16011863510474,
              46.20198887080884
            ],
            [
              6.160080943351154,
              46.20193371414594
            ],
            [
              6.160035621861011,
              46.20188138001496
            ],
            [
              6.15998310710504,
              46.20183237243092
            ],
            [
              6.159923904829044,
              46.20178716337317
            ],
            [
              6.159858585183307,
              46.20174618823953
            ],
            [
              6.159787777231723,
              46.201709841652814
            ],
            [
              6.159712162893575,
              46.20167847366002
            ],
            [
              6.159632470376273,
              46.201652386360834
            ],
            [
              6.159549467162323,
              46.201631830997876
            ],
            [
              6.159463952618051,
              46.20161700553684
            ],
            [
              6.159376750295264,
              46.20160805275968
            ],
            [
              6.1592887,
              46.201605058889434
            ],
            [
              6.159200649704736,
              46.20160805275968
            ],
            [
              6.159113447381949,
              46.20161700553684
            ],
            [
              6.159027932837676,
              46.201631830997876
            ],
            [
              6.158944929623726,
              46.201652386360834
            ],
            [
              6.158865237106425,
              46.20167847366002
            ],
            [
              6.158789622768277,
              46.201709841652814
            ],
            [
              6.158718814816693,
              46.20174618823953
            ],
            [
              6.158653495170955,
              46.20178716337317
            ],
            [
              6.15859429289496,
              46.20183237243092
            ],
            [
              6.158541778138988,
              46.20188138001496
            ],
            [
              6.158496456648845,
              46.20193371414594
            ],
            [
              6.15845876489526,
              46.20198887080884
            ],
            [
              6.158444875257764,
              46.20201573809145
            ],
            [
              6.158423521861011,
              46.201991080704644
            ]
          ],
          [
            [
              6.157830044899558,
              46.20294852535012
            ],
            [
              6.15785185261805,
              46.20294628647742
            ],
            [
              6.157917428716075,
              46.20293491797158
            ],
            [
              6.15789385564863,
              46.20296941326991
            ],
            [
              6.157830044899558,
              46.20294852535012
            ]
          ],
          [
            [
              6.158506535104739,
              46.20257442768568
            ],
            [
              6.158520424742235,
              46.20254756067628
            ],
            [
              6.158541778138988,
              46.202572217813334
            ],
            [
              6.15857136160423,
              46.20259982519512
            ],
            [
              6.158545147381949,
              46.202602516475125
            ],
            [
              6.158479571283924,
              46.20261388504975
            ],
            [
              6.158506535104739,
              46.20257442768568
            ]
          ]
        ]
      }
    },
    {
      "type": "Feature",
      "properties": {
        "cluster": 11
      },
      "geometry": {
        "type": "Polygon",
        "coordinates": [
          [
            [
              6.154816854407826,
              46.20251807578981
            ],
            [
              6.154795434129579,
              46.20245889016246
            ],
            [
              6.154765735104739,
              46.20240144259555
            ],
            [
              6.154728043351154,
              46.202346286346845
            ],
            [
              6.154682721861012,
              46.20229395260885
            ],
            [
              6.15463020710504,
              46.20224494539284
            ],
            [
              6.154571004829044,
              46.20219973667458
            ],
            [
              6.154505685183307,
              46.20215876184864
            ],
            [
              6.154434877231723,
              46.20212241553486
            ],
            [
              6.154359262893575,
              46.202091047777614
            ],
            [
              6.154279570376272,
              46.20206496067433
            ],
            [
              6.154196567162324,
              46.20204440546573
            ],
            [
              6.15411105261805,
              46.20202958011602
            ],
            [
              6.154023850295264,
              46.202020627406085
            ],
            [
              6.1539358,
              46.202017633558334
            ],
            [
              6.153847749704735,
              46.202020627406085
            ],
            [
              6.153760547381949,
              46.20202958011602
            ],
            [
              6.153675032837675,
              46.20204440546573
            ],
            [
              6.153592029623727,
              46.20206496067433
            ],
            [
              6.153512337106425,
              46.202091047777614
            ],
            [
              6.153436722768276,
              46.20212241553486
            ],
            [
              6.153365914816693,
              46.20215876184864
            ],
            [
              6.153300595170956,
              46.20219973667458
            ],
            [
              6.153241515485345,
              46.20224485177901
            ],
            [
              6.153214739623727,
              46.20225148262445
            ],
            [
              6.153135047106424,
              46.202277569639165
            ],
            [
              6.153059432768276,
              46.20230893728991
            ],
            [
              6.152988624816692,
              46.20234528348029
            ],
            [
              6.152923305170956,
              46.20238625816713
            ],
            [
              6.152864102894959,
              46.2024314667319
            ],
            [
              6.152811588138987,
              46.20248047378154
            ],
            [
              6.152766266648845,
              46.20253280734186
            ],
            [
              6.152728574895259,
              46.20258796340331
            ],
            [
              6.152698875870421,
              46.20264541077519
            ],
            [
              6.152677455592173,
              46.2027045962016
            ],
            [
              6.152664520349507,
              46.20276494968986
            ],
            [
              6.15266019471588,
              46.20282589
            ],
            [
              6.152664520349507,
              46.20288683024253
            ],
            [
              6.152677455592173,
              46.2029471835306
            ],
            [
              6.152698875870421,
              46.20300636863191
            ],
            [
              6.152728574895259,
              46.20306381556628
            ],
            [
              6.152766266648845,
              46.20311897109463
            ],
            [
              6.152811588138987,
              46.20317130404674
            ],
            [
              6.152864102894959,
              46.20322031043643
            ],
            [
              6.152923305170956,
              46.20326551831488
            ],
            [
              6.152988624816692,
              46.2033064923154
            ],
            [
              6.153059432768276,
              46.20334283784583
            ],
            [
              6.153135047106424,
              46.20337420488837
            ],
            [
              6.153214739623727,
              46.20340029136999
            ],
            [
              6.153297742837675,
              46.2034208460713
            ],
            [
              6.153383257381948,
              46.20343567104559
            ],
            [
              6.153470459704735,
              46.20344462352493
            ],
            [
              6.15355851,
              46.203447617294934
            ],
            [
              6.153574573684603,
              46.20344707111873
            ],
            [
              6.153609214816693,
              46.20346880089552
            ],
            [
              6.153680022768277,
              46.20350514631858
            ],
            [
              6.153755637106425,
              46.203536513268446
            ],
            [
              6.153835329623727,
              46.20356259967299
            ],
            [
              6.153918332837677,
              46.20358315431358
            ],
            [
              6.154003847381949,
              46.203597979244066
            ],
            [
              6.154091049704736,
              46.20360693169695
            ],
            [
              6.1541791,
              46.20360992545811
            ],
            [
              6.154267150295264,
              46.20360693169695
            ],
            [
              6.154354352618051,
              46.203597979244066
            ],
            [
              6.154439867162324,
              46.20358315431358
            ],
            [
              6.154522870376273,
              46.20356259967299
            ],
            [
              6.154602562893575,
              46.203536513268446
            ],
            [
              6.154678177231723,
              46.20350514631858
            ],
            [
              6.154748985183307,
              46.20346880089552
            ],
            [
              6.154799498927749,
              46.203437114503515
            ],
            [
              6.154833878138987,
              46.20347681212593
            ],
            [
              6.15488639289496,
              46.2035258182431
            ],
            [
              6.154945595170955,
              46.20357102587015
            ],
            [
              6.155010914816692,
              46.20361199964281
            ],
            [
              6.155081722768276,
              46.203648344971135
            ],
            [
              6.155157337106424,
              46.20367971183924
            ],
            [
              6.155223610461237,
              46.20370140558372
            ],
            [
              6.15521036587042,
              46.20372702432839
            ],
            [
              6.155188945592173,
              46.203786208589584
            ],
            [
              6.155176010349507,
              46.20384656088963
            ],
            [
              6.15517168471588,
              46.2039075
            ],
            [
              6.155176010349507,
              46.20396843904277
            ],
            [
              6.155188945592173,
              46.204028791142626
            ],
            [
              6.15521036587042,
              46.20408797507873
            ],
            [
              6.155240064895258,
              46.20414542088211
            ],
            [
              6.155277756648844,
              46.20420057532458
            ],
            [
              6.155323078138987,
              46.204252907246364
            ],
            [
              6.155375592894959,
              46.20430191267124
            ],
            [
              6.155434795170954,
              46.20434711965965
            ],
            [
              6.155500114816692,
              46.20438809285348
            ],
            [
              6.155570922768275,
              46.20442443766835
            ],
            [
              6.155646537106424,
              46.20445580409334
            ],
            [
              6.155726229623726,
              46.20448189006138
            ],
            [
              6.155809232837675,
              46.20450244435801
            ],
            [
              6.155894747381947,
              46.20451726904044
            ],
            [
              6.155981949704735,
              46.20452622134352
            ],
            [
              6.15607,
              46.20452921505458
            ],
            [
              6.156158050295264,
              46.20452622134352
            ],
            [
              6.156245252618049,
              46.20451726904044
            ],
            [
              6.156330767162324,
              46.20450244435801
            ],
            [
              6.156413770376272,
              46.20448189006138
            ],
            [
              6.156493462893574,
              46.20445580409334
            ],
            [
              6.156569077231722,
              46.20442443766835
            ],
            [
              6.156639885183306,
              46.20438809285348
            ],
            [
              6.156705204829043,
              46.20434711965965
            ],
            [
              6.156764407105039,
              46.20430191267124
            ],
            [
              6.156816921861011,
              46.204252907246364
            ],
            [
              6.156862243351154,
              46.20420057532458
            ],
            [
              6.156899935104739,
              46.20414542088211
            ],
            [
              6.156929634129578,
              46.20408797507873
            ],
            [
              6.156951054407825,
              46.204028791142626
            ],
            [
              6.156963989650491,
              46.20396843904277
            ],
            [
              6.156968315284119,
              46.2039075
            ],
            [
              6.156963989650491,
              46.20384656088963
            ],
            [
              6.156951054407825,
              46.203786208589584
            ],
            [
              6.156929634129578,
              46.20372702432839
            ],
            [
              6.156899935104739,
              46.2036695780875
            ],
            [
              6.156862243351154,
              46.20361442311193
            ],
            [
              6.156816921861011,
              46.20356209058193
            ],
            [
              6.156764407105039,
              46.20351308449712
            ],
            [
              6.156705204829043,
              46.20346787682238
            ],
            [
              6.156639885183306,
              46.20342690294223
            ],
            [
              6.156569077231722,
              46.203390557467415
            ],
            [
              6.156493462893574,
              46.203359190434206
            ],
            [
              6.156427189538761,
              46.203337496554596
            ],
            [
              6.156440434129578,
              46.20331187762829
            ],
            [
              6.156461854407825,
              46.2032526928561
            ],
            [
              6.156474789650491,
              46.20319233990365
            ],
            [
              6.156479115284118,
              46.2031314
            ],
            [
              6.156474789650491,
              46.20307046002874
            ],
            [
              6.156461854407825,
              46.2030101068761
            ],
            [
              6.156440434129578,
              46.20295092177881
            ],
            [
              6.15641073510474,
              46.20289347472639
            ],
            [
              6.156373043351153,
              46.20283831897165
            ],
            [
              6.156327721861011,
              46.202785985702356
            ],
            [
              6.15627520710504,
              46.20273697892524
            ],
            [
              6.156216004829044,
              46.202691770611864
            ],
            [
              6.156150685183307,
              46.20265079615288
            ],
            [
              6.156079877231722,
              46.20261445016461
            ],
            [
              6.156004262893575,
              46.20258308268829
            ],
            [
              6.155924570376272,
              46.20255699581864
            ],
            [
              6.155841567162323,
              46.20253644079413
            ],
            [
              6.155756052618051,
              46.20252161557719
            ],
            [
              6.155668850295264,
              46.20251266294744
            ],
            [
              6.1555808,
              46.20250966912649
            ],
            [
              6.155492749704735,
              46.20251266294744
            ],
            [
              6.155405547381949,
              46.20252161557719
            ],
            [
              6.155320032837675,
              46.20253644079413
            ],
            [
              6.155237029623726,
              46.20255699581864
            ],
            [
              6.155157337106424,
              46.20258308268829
            ],
            [
              6.155081722768276,
              46.20261445016461
            ],
            [
              6.155010914816692,
              46.20265079615288
            ],
            [
              6.154960401072251,
              46.202682482998405
            ],
            [
              6.154926021861012,
              46.20264278480202
            ],
            [
              6.15487350710504,
              46.202593777897164
            ],
            [
              6.154825167804602,
              46.20255686472556
            ],
            [
              6.154816854407826,
              46.20251807578981
            ]
          ]
        ]
      }
    },
    {
      "type": "Feature",
      "properties": {
        "cluster": 12
      },
      "geometry": {
        "type": "MultiPolygon",
        "coordinates": [
          [
            [
              [
                6.151763659704735,
                46.201013406062806
              ],
              [
                6.151676457381949,
                46.20102235893687
              ],
              [
                6.151590942837676,
                46.201037184558366
              ],
              [
                6.151507939623727,
                46.201057740143796
              ],
              [
                6.151428247106424,
                46.20108382772533
              ],
              [
                6.151352632768277,
                46.20111519605763
              ],
              [
                6.151281824816692,
                46.20115154303773
              ],
              [
                6.151216505170956,
                46.20119251861486
              ],
              [
                6.151204556825349,
                46.201201642917276
              ],
              [
                6.151165777231723,
                46.20118173668372
              ],
              [
                6.151090162893575,
                46.20115036838941
              ],
              [
                6.151010470376273,
                46.20112428083948
              ],
              [
                6.150927467162323,
                46.20110372527894
              ],
              [
                6.150841952618051,
                46.2010888996754
              ],
              [
                6.150754750295264,
                46.201079946812186
              ],
              [
                6.1506667,
                46.20107695291316
              ],
              [
                6.150578649704736,
                46.201079946812186
              ],
              [
                6.150491447381949,
                46.2010888996754
              ],
              [
                6.150405932837677,
                46.20110372527894
              ],
              [
                6.150322929623727,
                46.20112428083948
              ],
              [
                6.150243237106425,
                46.20115036838941
              ],
              [
                6.150167622768277,
                46.20118173668372
              ],
              [
                6.150096814816693,
                46.201218083619814
              ],
              [
                6.150031495170955,
                46.20125905914731
              ],
              [
                6.14997229289496,
                46.20130426863961
              ],
              [
                6.149919778138988,
                46.20135327669472
              ],
              [
                6.149874456648845,
                46.201405611328745
              ],
              [
                6.14983676489526,
                46.20146076852181
              ],
              [
                6.14980706587042,
                46.201518217072326
              ],
              [
                6.149785645592174,
                46.20157740371303
              ],
              [
                6.149772710349509,
                46.20163775843955
              ],
              [
                6.14976838471588,
                46.20169869999999
              ],
              [
                6.149772710349509,
                46.20175964149283
              ],
              [
                6.149785645592174,
                46.20181999601916
              ],
              [
                6.14980706587042,
                46.201879182334764
              ],
              [
                6.14983676489526,
                46.201936630447776
              ],
              [
                6.149874456648845,
                46.201991787107744
              ],
              [
                6.149919778138988,
                46.20204412113356
              ],
              [
                6.14997229289496,
                46.202093128528716
              ],
              [
                6.150031495170955,
                46.202138337334695
              ],
              [
                6.150096814816693,
                46.20217931217587
              ],
              [
                6.150167622768277,
                46.20221565845201
              ],
              [
                6.150243237106425,
                46.2022470261381
              ],
              [
                6.150322929623727,
                46.20227311315494
              ],
              [
                6.150405932837677,
                46.202293668277974
              ],
              [
                6.150491447381949,
                46.20230849355643
              ],
              [
                6.150578649704736,
                46.20231744621944
              ],
              [
                6.1506667,
                46.20232044005087
              ],
              [
                6.150754750295264,
                46.20231744621944
              ],
              [
                6.150841952618051,
                46.20230849355643
              ],
              [
                6.150927467162323,
                46.202293668277974
              ],
              [
                6.151010470376273,
                46.20227311315494
              ],
              [
                6.151090162893575,
                46.2022470261381
              ],
              [
                6.151165777231723,
                46.20221565845201
              ],
              [
                6.151236585183307,
                46.20217931217587
              ],
              [
                6.151301904829044,
                46.202138337334695
              ],
              [
                6.15131385317465,
                46.20212921318783
              ],
              [
                6.151352632768277,
                46.2021491190781
              ],
              [
                6.151428247106424,
                46.20218048680219
              ],
              [
                6.151457798552733,
                46.20219016035941
              ],
              [
                6.151463706648845,
                46.20219880600339
              ],
              [
                6.151509028138987,
                46.20225113983201
              ],
              [
                6.151561542894959,
                46.2023001470425
              ],
              [
                6.151620745170955,
                46.20234535567813
              ],
              [
                6.151686064816692,
                46.20238633036492
              ],
              [
                6.151756872768276,
                46.2024226765041
              ],
              [
                6.151832487106424,
                46.202454044072
              ],
              [
                6.151912179623727,
                46.20248013099053
              ],
              [
                6.151995182837675,
                46.20250068603612
              ],
              [
                6.152080697381949,
                46.2025155112587
              ],
              [
                6.152167899704735,
                46.20252446388798
              ],
              [
                6.15225595,
                46.202527457708136
              ],
              [
                6.152264771223327,
                46.20252715777552
              ],
              [
                6.152269347381949,
                46.202527951120636
              ],
              [
                6.152356549704735,
                46.20253690374788
              ],
              [
                6.1524446,
                46.202539897567355
              ],
              [
                6.152532650295264,
                46.20253690374788
              ],
              [
                6.15261985261805,
                46.202527951120636
              ],
              [
                6.152705367162323,
                46.2025131259014
              ],
              [
                6.152788370376272,
                46.20249257086048
              ],
              [
                6.152814954528438,
                46.202483868684055
              ],
              [
                6.152900960295264,
                46.20248094437811
              ],
              [
                6.152923311083339,
                46.20247864973205
              ],
              [
                6.152934724816692,
                46.20248580949468
              ],
              [
                6.153005532768276,
                46.202522155568055
              ],
              [
                6.153081147106424,
                46.20255352307916
              ],
              [
                6.153160839623727,
                46.20257960995047
              ],
              [
                6.153243842837675,
                46.202600164958824
              ],
              [
                6.153329357381948,
                46.20261499015457
              ],
              [
                6.153416559704735,
                46.20262394276764
              ],
              [
                6.15350461,
                46.20262693658236
              ],
              [
                6.153592660295264,
                46.20262394276764
              ],
              [
                6.153679862618049,
                46.20261499015457
              ],
              [
                6.153765377162324,
                46.202600164958824
              ],
              [
                6.153848380376272,
                46.20257960995047
              ],
              [
                6.153928072893574,
                46.20255352307916
              ],
              [
                6.154003687231723,
                46.202522155568055
              ],
              [
                6.154074495183306,
                46.20248580949468
              ],
              [
                6.154139814829043,
                46.2024448348821
              ],
              [
                6.154199017105039,
                46.20239962632832
              ],
              [
                6.154251531861012,
                46.20235061920657
              ],
              [
                6.154296853351154,
                46.20229828547271
              ],
              [
                6.154307444572181,
                46.20228278677999
              ],
              [
                6.154337262893575,
                46.20227302587863
              ],
              [
                6.154412877231723,
                46.202241658207384
              ],
              [
                6.154483685183306,
                46.20220531194844
              ],
              [
                6.154549004829044,
                46.20216433712666
              ],
              [
                6.154608207105039,
                46.20211912834207
              ],
              [
                6.154660721861012,
                46.20207012097011
              ],
              [
                6.154706043351154,
                46.20201778696906
              ],
              [
                6.15474373510474,
                46.201962630335196
              ],
              [
                6.154773434129579,
                46.20190518224937
              ],
              [
                6.154794854407825,
                46.20184599596177
              ],
              [
                6.154807789650491,
                46.20178564146401
              ],
              [
                6.154812115284119,
                46.2017247
              ],
              [
                6.154807789650491,
                46.201663758468406
              ],
              [
                6.154794854407825,
                46.20160340377045
              ],
              [
                6.154773434129579,
                46.20154421715775
              ],
              [
                6.15474373510474,
                46.201486768634425
              ],
              [
                6.154706043351154,
                46.201431611467456
              ],
              [
                6.154660721861012,
                46.20137927685819
              ],
              [
                6.154608207105039,
                46.20133026882629
              ],
              [
                6.154549004829044,
                46.20128505935538
              ],
              [
                6.154483685183306,
                46.20124408384727
              ],
              [
                6.154412877231723,
                46.20120773692838
              ],
              [
                6.154337262893575,
                46.201176368648916
              ],
              [
                6.154300083338305,
                46.20116419783344
              ],
              [
                6.154287873351155,
                46.20114632994561
              ],
              [
                6.154242551861012,
                46.2010939950646
              ],
              [
                6.15419003710504,
                46.201044986778214
              ],
              [
                6.154130834829044,
                46.20099977707257
              ],
              [
                6.154065515183307,
                46.200958801351696
              ],
              [
                6.153994707231724,
                46.200922454244086
              ],
              [
                6.153919092893575,
                46.20089108580175
              ],
              [
                6.153839400376272,
                46.2008649981287
              ],
              [
                6.153756397162324,
                46.20084444247115
              ],
              [
                6.153670882618051,
                46.20082961679764
              ],
              [
                6.153583680295264,
                46.20082066389219
              ],
              [
                6.15349563,
                46.20081766997903
              ],
              [
                6.153407579704735,
                46.20082066389219
              ],
              [
                6.15332037738195,
                46.20082961679764
              ],
              [
                6.153284602344473,
                46.200835819123476
              ],
              [
                6.15323775261805,
                46.20082769677633
              ],
              [
                6.153150550295264,
                46.20081874387056
              ],
              [
                6.1530625,
                46.20081574995731
              ],
              [
                6.152974449704735,
                46.20081874387056
              ],
              [
                6.152887247381948,
                46.20082769677633
              ],
              [
                6.152801732837675,
                46.20084252245036
              ],
              [
                6.152718729623726,
                46.20086307810862
              ],
              [
                6.152639037106423,
                46.200889165782584
              ],
              [
                6.152563422768276,
                46.200920534226015
              ],
              [
                6.152492614816692,
                46.200956881334896
              ],
              [
                6.152427295170955,
                46.2009978570572
              ],
              [
                6.152368092894959,
                46.201043066764434
              ],
              [
                6.152343621357083,
                46.201065904316316
              ],
              [
                6.152328077162323,
                46.201062054827695
              ],
              [
                6.15224256261805,
                46.201047229212904
              ],
              [
                6.152155360295263,
                46.201038276342906
              ],
              [
                6.15210984860561,
                46.20103672884662
              ],
              [
                6.15202696261805,
                46.20102235893687
              ],
              [
                6.151939760295264,
                46.201013406062806
              ],
              [
                6.15185171,
                46.20101041216016
              ],
              [
                6.151763659704735,
                46.201013406062806
              ]
            ]
          ],
          [
            [
              [
                6.15225503510474,
                46.202942674939464
              ],
              [
                6.152217343351154,
                46.20288751923413
              ],
              [
                6.152172021861011,
                46.20283518601169
              ],
              [
                6.15211950710504,
                46.20278617927847
              ],
              [
                6.152060304829043,
                46.20274097100558
              ],
              [
                6.151994985183307,
                46.20269999658329
              ],
              [
                6.151924177231723,
                46.20266365062757
              ],
              [
                6.151848562893575,
                46.20263228317935
              ],
              [
                6.151768870376273,
                46.20260619633305
              ],
              [
                6.151685867162323,
                46.20258564132695
              ],
              [
                6.15160035261805,
                46.202570816123284
              ],
              [
                6.151513150295263,
                46.20256186350155
              ],
              [
                6.1514251,
                46.20255886968329
              ],
              [
                6.151337049704735,
                46.20256186350155
              ],
              [
                6.151249847381949,
                46.202570816123284
              ],
              [
                6.151164332837676,
                46.20258564132695
              ],
              [
                6.151081329623726,
                46.20260619633305
              ],
              [
                6.151001637106424,
                46.20263228317935
              ],
              [
                6.150926022768276,
                46.20266365062757
              ],
              [
                6.150855214816692,
                46.20269999658329
              ],
              [
                6.150789895170955,
                46.20274097100558
              ],
              [
                6.150758278481568,
                46.202765114269866
              ],
              [
                6.150683642837676,
                46.20277805341064
              ],
              [
                6.150600639623727,
                46.20279860834476
              ],
              [
                6.150520947106425,
                46.202824695099686
              ],
              [
                6.150445332768277,
                46.20285606243806
              ],
              [
                6.150374524816693,
                46.202892408266486
              ],
              [
                6.150309205170956,
                46.202933382545275
              ],
              [
                6.15025000289496,
                46.20297859065983
              ],
              [
                6.150197488138989,
                46.20302759722142
              ],
              [
                6.150152166648845,
                46.20307993026057
              ],
              [
                6.15011447489526,
                46.20313508577274
              ],
              [
                6.150084775870421,
                46.20319253257253
              ],
              [
                6.150063355592175,
                46.20325171740953
              ],
              [
                6.150050420349508,
                46.20331207029674
              ],
              [
                6.15004609471588,
                46.20337301
              ],
              [
                6.150050420349508,
                46.203433949635645
              ],
              [
                6.150063355592175,
                46.20349430232267
              ],
              [
                6.150084775870421,
                46.20355348683458
              ],
              [
                6.15011447489526,
                46.20361093319686
              ],
              [
                6.150152166648845,
                46.20366608817593
              ],
              [
                6.150197488138989,
                46.20371842060686
              ],
              [
                6.15025000289496,
                46.20376742650852
              ],
              [
                6.150309205170956,
                46.20381263393675
              ],
              [
                6.150374524816693,
                46.20385360752921
              ],
              [
                6.150445332768277,
                46.2038899526977
              ],
              [
                6.150520947106425,
                46.203921319427856
              ],
              [
                6.150600639623727,
                46.203947405649686
              ],
              [
                6.150683642837676,
                46.203967960146294
              ],
              [
                6.15076915738195,
                46.20398278497294
              ],
              [
                6.150856359704736,
                46.203991737363125
              ],
              [
                6.15094441,
                46.203994731103315
              ],
              [
                6.151032460295264,
                46.203991737363125
              ],
              [
                6.151119662618052,
                46.20398278497294
              ],
              [
                6.15117751151941,
                46.203972756270765
              ],
              [
                6.151258572837676,
                46.20399282987697
              ],
              [
                6.15134408738195,
                46.204007654696895
              ],
              [
                6.151431289704736,
                46.20401660708303
              ],
              [
                6.15151934,
                46.20401960082186
              ],
              [
                6.151607390295264,
                46.20401660708303
              ],
              [
                6.151694592618052,
                46.204007654696895
              ],
              [
                6.151780107162324,
                46.20399282987697
              ],
              [
                6.151863110376274,
                46.20397227538966
              ],
              [
                6.151942802893575,
                46.20394618917964
              ],
              [
                6.152018417231724,
                46.20391482246367
              ],
              [
                6.152089225183307,
                46.20387847731165
              ],
              [
                6.152154544829044,
                46.20383750373774
              ],
              [
                6.152213747105041,
                46.20379229632996
              ],
              [
                6.152266261861012,
                46.2037432904505
              ],
              [
                6.152311583351155,
                46.203690958043246
              ],
              [
                6.152349275104741,
                46.20363580308914
              ],
              [
                6.152378974129579,
                46.20357835675287
              ],
              [
                6.152400394407826,
                46.20351917226776
              ],
              [
                6.152413329650492,
                46.20345881960806
              ],
              [
                6.15241765528412,
                46.20339787999998
              ],
              [
                6.152413329650492,
                46.20333694032433
              ],
              [
                6.152400394407826,
                46.20327658746442
              ],
              [
                6.15239142041029,
                46.20325179207341
              ],
              [
                6.152391404407825,
                46.20325171740953
              ],
              [
                6.152369984129579,
                46.20319253257253
              ],
              [
                6.15234028510474,
                46.20313508577274
              ],
              [
                6.15231422142627,
                46.20309694598948
              ],
              [
                6.152306154407825,
                46.203059306984734
              ],
              [
                6.152284734129578,
                46.20300012194045
              ],
              [
                6.15225503510474,
                46.202942674939464
              ]
            ]
          ]
        ]
      }
    },
    {
      "type": "Feature",
      "properties": {
        "cluster": 13
      },
      "geometry": {
        "type": "MultiPolygon",
        "coordinates": [
          [
            [
              [
                6.146604754407825,
                46.209567721354695
              ],
              [
                6.146583334129578,
                46.20950854332224
              ],
              [
                6.146553635104739,
                46.20945110312717
              ],
              [
                6.146515943351154,
                46.20939595395628
              ],
              [
                6.146470621861011,
                46.20934362693391
              ],
              [
                6.146418107105039,
                46.209294626006624
              ],
              [
                6.146358904829043,
                46.20924942308968
              ],
              [
                6.146293585183306,
                46.209208453521725
              ],
              [
                6.146222777231723,
                46.20917211187201
              ],
              [
                6.146147162893574,
                46.20914074813995
              ],
              [
                6.146067470376272,
                46.20911466438422
              ],
              [
                6.145984467162323,
                46.20909411181331
              ],
              [
                6.14589895261805,
                46.20907928836602
              ],
              [
                6.145811750295263,
                46.20907033680493
              ],
              [
                6.1457237,
                46.209067343341346
              ],
              [
                6.145635649704735,
                46.20907033680493
              ],
              [
                6.145548447381948,
                46.20907928836602
              ],
              [
                6.145462932837675,
                46.20909411181331
              ],
              [
                6.145379929623726,
                46.20911466438422
              ],
              [
                6.145300237106424,
                46.20914074813995
              ],
              [
                6.145237480957926,
                46.20916677848247
              ],
              [
                6.1451953,
                46.209165344450504
              ],
              [
                6.145107249704735,
                46.20916833790875
              ],
              [
                6.145020047381948,
                46.209177289453876
              ],
              [
                6.144934532837675,
                46.20919211287471
              ],
              [
                6.144851529623726,
                46.209212665408955
              ],
              [
                6.144771837106424,
                46.20923874911814
              ],
              [
                6.144696222768276,
                46.209270112794236
              ],
              [
                6.144625414816692,
                46.209306454379124
              ],
              [
                6.144560095170955,
                46.20934742387398
              ],
              [
                6.144500892894959,
                46.20939262671028
              ],
              [
                6.144448378138987,
                46.20944162755013
              ],
              [
                6.144403056648844,
                46.209493954479136
              ],
              [
                6.144365364895259,
                46.20954910355163
              ],
              [
                6.14433566587042,
                46.20960654364421
              ],
              [
                6.144314245592174,
                46.20966572157108
              ],
              [
                6.144301310349507,
                46.20972606741178
              ],
              [
                6.14429698471588,
                46.209787
              ],
              [
                6.144301310349507,
                46.20984793252061
              ],
              [
                6.144314245592174,
                46.209908278161116
              ],
              [
                6.14433566587042,
                46.20996745576289
              ],
              [
                6.144365364895259,
                46.21002489541797
              ],
              [
                6.144403056648844,
                46.21008004395737
              ],
              [
                6.144448378138987,
                46.21013237027818
              ],
              [
                6.144500892894959,
                46.21018137045808
              ],
              [
                6.144560095170955,
                46.21022657260807
              ],
              [
                6.144625414816692,
                46.210267541416606
              ],
              [
                6.144696222768276,
                46.210303882341556
              ],
              [
                6.144771837106424,
                46.21033524540945
              ],
              [
                6.144851529623726,
                46.21036132858554
              ],
              [
                6.144934532837675,
                46.210381880682284
              ],
              [
                6.145020047381948,
                46.21039670377803
              ],
              [
                6.145107249704735,
                46.21040565512296
              ],
              [
                6.1451953,
                46.21040864851361
              ],
              [
                6.145283350295263,
                46.21040565512296
              ],
              [
                6.14537055261805,
                46.21039670377803
              ],
              [
                6.145456067162323,
                46.210381880682284
              ],
              [
                6.145539070376272,
                46.21036132858554
              ],
              [
                6.145618762893575,
                46.21033524540945
              ],
              [
                6.145681519042072,
                46.210309215620676
              ],
              [
                6.1457237,
                46.21031064962277
              ],
              [
                6.145811750295263,
                46.21030765622679
              ],
              [
                6.14589895261805,
                46.21029870486588
              ],
              [
                6.145984467162323,
                46.210283881743685
              ],
              [
                6.146067470376272,
                46.21026332961028
              ],
              [
                6.146147162893574,
                46.21023724638765
              ],
              [
                6.146222777231723,
                46.2102058832638
              ],
              [
                6.146293585183306,
                46.210169542274
              ],
              [
                6.146358904829043,
                46.210128573392375
              ],
              [
                6.146418107105039,
                46.21008337116174
              ],
              [
                6.146470621861011,
                46.2100343708944
              ],
              [
                6.146515943351154,
                46.20998204448023
              ],
              [
                6.146553635104739,
                46.20992689584243
              ],
              [
                6.146583334129578,
                46.20986945608487
              ],
              [
                6.146604754407825,
                46.2098102783775
              ],
              [
                6.146617689650491,
                46.20974993262932
              ],
              [
                6.146622015284119,
                46.209689
              ],
              [
                6.146617689650491,
                46.209628067303065
              ],
              [
                6.146604754407825,
                46.209567721354695
              ]
            ]
          ],
          [
            [
              [
                6.143809044129578,
                46.20971406399746
              ],
              [
                6.143779345104739,
                46.20965662401733
              ],
              [
                6.143741653351154,
                46.209601475052786
              ],
              [
                6.143696331861012,
                46.20954914822621
              ],
              [
                6.14364381710504,
                46.20950014748229
              ],
              [
                6.143584614829043,
                46.20945494473447
              ],
              [
                6.143519295183307,
                46.20941397531981
              ],
              [
                6.143448487231723,
                46.209377633806064
              ],
              [
                6.143372872893575,
                46.20934627019136
              ],
              [
                6.143293180376272,
                46.20932018653324
              ],
              [
                6.143210177162324,
                46.20929963403923
              ],
              [
                6.14312466261805,
                46.209284810647404
              ],
              [
                6.143037460295264,
                46.209275859119806
              ],
              [
                6.14294941,
                46.209272865667415
              ],
              [
                6.142861359704735,
                46.209275859119806
              ],
              [
                6.142774157381949,
                46.209284810647404
              ],
              [
                6.142688642837675,
                46.20929963403923
              ],
              [
                6.142605639623727,
                46.20932018653324
              ],
              [
                6.142525947106424,
                46.20934627019136
              ],
              [
                6.142450332768276,
                46.209377633806064
              ],
              [
                6.142379524816692,
                46.20941397531981
              ],
              [
                6.142314205170956,
                46.20945494473447
              ],
              [
                6.142255002894959,
                46.20950014748229
              ],
              [
                6.142202488138987,
                46.20954914822621
              ],
              [
                6.142157166648845,
                46.209601475052786
              ],
              [
                6.142119474895259,
                46.20965662401733
              ],
              [
                6.142089775870421,
                46.20971406399746
              ],
              [
                6.142068355592174,
                46.209773241808485
              ],
              [
                6.142068047283205,
                46.209774680137706
              ],
              [
                6.142040386648845,
                46.209806616147276
              ],
              [
                6.14200269489526,
                46.20986176490584
              ],
              [
                6.141972995870421,
                46.20991920467144
              ],
              [
                6.141951575592174,
                46.20997838226145
              ],
              [
                6.141938640349508,
                46.210038727758636
              ],
              [
                6.14193431471588,
                46.21009966
              ],
              [
                6.141938640349508,
                46.21016059217375
              ],
              [
                6.141951575592174,
                46.21022093747076
              ],
              [
                6.141972995870421,
                46.21028011473567
              ],
              [
                6.14200269489526,
                46.21033755406378
              ],
              [
                6.142040386648845,
                46.21039270228924
              ],
              [
                6.142085708138987,
                46.210445028312186
              ],
              [
                6.142138222894959,
                46.21049402821316
              ],
              [
                6.142197425170956,
                46.21053923010584
              ],
              [
                6.142262744816692,
                46.210580198681164
              ],
              [
                6.142333552768276,
                46.21061653939925
              ],
              [
                6.14238524016297,
                46.21063797800767
              ],
              [
                6.142386215870419,
                46.21064067355106
              ],
              [
                6.142415914895258,
                46.2106981125021
              ],
              [
                6.142453606648845,
                46.21075326036555
              ],
              [
                6.142498928138987,
                46.21080558604499
              ],
              [
                6.142551442894959,
                46.2108545856243
              ],
              [
                6.142610645170955,
                46.21089978722024
              ],
              [
                6.142675964816692,
                46.21094075552663
              ],
              [
                6.142746772768276,
                46.21097709600615
              ],
              [
                6.142822387106424,
                46.21100845868961
              ],
              [
                6.142902079623726,
                46.211034541546006
              ],
              [
                6.142985082837675,
                46.21105509339084
              ],
              [
                6.143070597381947,
                46.21106991630489
              ],
              [
                6.143157799704735,
                46.2110788675401
              ],
              [
                6.14324585,
                46.211081860894076
              ],
              [
                6.143333900295263,
                46.2110788675401
              ],
              [
                6.143421102618049,
                46.21106991630489
              ],
              [
                6.143469538310511,
                46.21106152056273
              ],
              [
                6.143455556648845,
                46.21107766292873
              ],
              [
                6.143417864895258,
                46.21113281041107
              ],
              [
                6.143388165870419,
                46.21119024884745
              ],
              [
                6.143366745592173,
                46.211249425068
              ],
              [
                6.143353810349507,
                46.2113097691687
              ],
              [
                6.14334948471588,
                46.2113707
              ],
              [
                6.143353810349507,
                46.2114316307637
              ],
              [
                6.143366745592173,
                46.21149197466421
              ],
              [
                6.143388165870419,
                46.211551150559664
              ],
              [
                6.143417864895258,
                46.21160858855854
              ],
              [
                6.143455556648845,
                46.21166373550779
              ],
              [
                6.143500878138987,
                46.21171606031983
              ],
              [
                6.143553392894959,
                46.211765059086865
              ],
              [
                6.143612595170954,
                46.21181025993349
              ],
              [
                6.143677914816692,
                46.21185122756073
              ],
              [
                6.143748722768275,
                46.21188756743783
              ],
              [
                6.143824337106423,
                46.211918929601396
              ],
              [
                6.143904029623726,
                46.2119450120254
              ],
              [
                6.143987032837675,
                46.211965563529546
              ],
              [
                6.144072547381947,
                46.21198038619789
              ],
              [
                6.144159749704735,
                46.21198933728471
              ],
              [
                6.1442478,
                46.21199233058904
              ],
              [
                6.144335850295263,
                46.21198933728471
              ],
              [
                6.144423052618049,
                46.21198038619789
              ],
              [
                6.144508567162323,
                46.211965563529546
              ],
              [
                6.144591570376272,
                46.2119450120254
              ],
              [
                6.144671262893574,
                46.211918929601396
              ],
              [
                6.144746877231722,
                46.21188756743783
              ],
              [
                6.144817685183306,
                46.21185122756073
              ],
              [
                6.144883004829043,
                46.21181025993349
              ],
              [
                6.144942207105039,
                46.211765059086865
              ],
              [
                6.144994721861011,
                46.21171606031983
              ],
              [
                6.145040043351153,
                46.21166373550779
              ],
              [
                6.145077735104739,
                46.21160858855854
              ],
              [
                6.145107434129578,
                46.211551150559664
              ],
              [
                6.145128854407824,
                46.21149197466421
              ],
              [
                6.145141789650491,
                46.2114316307637
              ],
              [
                6.145146115284118,
                46.2113707
              ],
              [
                6.145141789650491,
                46.2113097691687
              ],
              [
                6.145128854407824,
                46.211249425068
              ],
              [
                6.145107434129578,
                46.21119024884745
              ],
              [
                6.145077735104739,
                46.21113281041107
              ],
              [
                6.145040043351153,
                46.21107766292873
              ],
              [
                6.144994721861011,
                46.2110253375085
              ],
              [
                6.144942207105039,
                46.210976338081515
              ],
              [
                6.144883004829043,
                46.21093113654858
              ],
              [
                6.144817685183306,
                46.210890168235025
              ],
              [
                6.144746877231722,
                46.21085382769799
              ],
              [
                6.144671262893574,
                46.21082246492621
              ],
              [
                6.144591570376272,
                46.21079638196912
              ],
              [
                6.144508567162323,
                46.21077583002747
              ],
              [
                6.144423052618049,
                46.21076100703405
              ],
              [
                6.144366428747456,
                46.21075519461429
              ],
              [
                6.144379051861011,
                46.21074341643592
              ],
              [
                6.144424373351154,
                46.21069109069724
              ],
              [
                6.14446206510474,
                46.21063594277138
              ],
              [
                6.14449176412958,
                46.210578503755315
              ],
              [
                6.144513184407826,
                46.2105193268119
              ],
              [
                6.144526119650492,
                46.210458981842734
              ],
              [
                6.144530445284119,
                46.21039805
              ],
              [
                6.144526119650492,
                46.21033711808967
              ],
              [
                6.144513184407826,
                46.21027677292031
              ],
              [
                6.14449176412958,
                46.210217595651805
              ],
              [
                6.14446206510474,
                46.21016015619824
              ],
              [
                6.144424373351154,
                46.21010500773929
              ],
              [
                6.144379051861011,
                46.210052681392405
              ],
              [
                6.144326537105041,
                46.21000368109769
              ],
              [
                6.144267334829045,
                46.20995847876428
              ],
              [
                6.144202015183307,
                46.20991750972521
              ],
              [
                6.144131207231723,
                46.20988116854462
              ],
              [
                6.144055592893575,
                46.20984980521744
              ],
              [
                6.143975900376273,
                46.20982372179843
              ],
              [
                6.143892897162323,
                46.20980316949283
              ],
              [
                6.143834717745314,
                46.20979308456099
              ],
              [
                6.143830464407825,
                46.209773241808485
              ],
              [
                6.143809044129578,
                46.20971406399746
              ]
            ]
          ]
        ]
      }
    },
    {
      "type": "Feature",
      "properties": {
        "cluster": 14
      },
      "geometry": {
        "type": "Polygon",
        "coordinates": [
          [
            [
              6.148207434129579,
              46.20218801927263
            ],
            [
              6.14817773510474,
              46.20213057142249
            ],
            [
              6.148140043351155,
              46.20207541490185
            ],
            [
              6.148094721861011,
              46.20202308090583
            ],
            [
              6.14804220710504,
              46.2019740734482
            ],
            [
              6.147983004829044,
              46.20192886450705
            ],
            [
              6.147917685183307,
              46.201887889479096
            ],
            [
              6.147846877231723,
              46.20185154298612
            ],
            [
              6.147771262893575,
              46.20182017507422
            ],
            [
              6.147691570376272,
              46.20179408784232
            ],
            [
              6.147608567162323,
              46.20177353253238
            ],
            [
              6.147523052618051,
              46.201758707109576
            ],
            [
              6.147435850295264,
              46.20174975435551
            ],
            [
              6.1473478,
              46.20174676049299
            ],
            [
              6.147259749704736,
              46.20174975435551
            ],
            [
              6.147172547381949,
              46.201758707109576
            ],
            [
              6.147087032837676,
              46.20177353253238
            ],
            [
              6.147004029623726,
              46.20179408784232
            ],
            [
              6.146924337106425,
              46.20182017507422
            ],
            [
              6.146848722768277,
              46.20185154298612
            ],
            [
              6.146777914816693,
              46.201887889479096
            ],
            [
              6.146712595170955,
              46.20192886450705
            ],
            [
              6.14665339289496,
              46.2019740734482
            ],
            [
              6.146600878138988,
              46.20202308090583
            ],
            [
              6.146555556648845,
              46.20207541490185
            ],
            [
              6.14651786489526,
              46.20213057142249
            ],
            [
              6.14648816587042,
              46.20218801927263
            ],
            [
              6.146466745592174,
              46.20224720519179
            ],
            [
              6.146453810349509,
              46.20230755918251
            ],
            [
              6.14644948471588,
              46.2023685
            ],
            [
              6.146453810349509,
              46.202429440749874
            ],
            [
              6.146466745592174,
              46.202489794540405
            ],
            [
              6.14648816587042,
              46.20254898013446
            ],
            [
              6.14651786489526,
              46.202606427547096
            ],
            [
              6.146543749264725,
              46.20264430528025
            ],
            [
              6.146505477106424,
              46.20265683342436
            ],
            [
              6.146429862768276,
              46.202688200858574
            ],
            [
              6.146359054816692,
              46.20272454679805
            ],
            [
              6.146293735170954,
              46.20276552120203
            ],
            [
              6.146234532894959,
              46.20281072945472
            ],
            [
              6.146218817248536,
              46.20282539528291
            ],
            [
              6.14618923510474,
              46.20276817418376
            ],
            [
              6.146151543351154,
              46.20271301830323
            ],
            [
              6.146106221861011,
              46.20266068491458
            ],
            [
              6.14605370710504,
              46.20261167802569
            ],
            [
              6.145994504829043,
              46.2025664696092
            ],
            [
              6.145929185183306,
              46.202525495056776
            ],
            [
              6.145858377231723,
              46.20248914898561
            ],
            [
              6.145782762893575,
              46.20245778143775
            ],
            [
              6.145703070376273,
              46.2024316945086
            ],
            [
              6.145620067162323,
              46.20241113943721
            ],
            [
              6.14553455261805,
              46.20239631418646
            ],
            [
              6.145447350295263,
              46.202387361536296
            ],
            [
              6.1453593,
              46.20238436770851
            ],
            [
              6.145271249704735,
              46.202387361536296
            ],
            [
              6.145184047381949,
              46.20239631418646
            ],
            [
              6.145098532837676,
              46.20241113943721
            ],
            [
              6.145015529623726,
              46.2024316945086
            ],
            [
              6.144935837106424,
              46.20245778143775
            ],
            [
              6.144860222768276,
              46.20248914898561
            ],
            [
              6.144789414816692,
              46.202525495056776
            ],
            [
              6.144724095170955,
              46.2025664696092
            ],
            [
              6.144664892894959,
              46.20261167802569
            ],
            [
              6.144612378138988,
              46.20266068491458
            ],
            [
              6.144567056648845,
              46.20271301830323
            ],
            [
              6.144529364895259,
              46.20276817418376
            ],
            [
              6.144499665870421,
              46.202825621367204
            ],
            [
              6.144478245592174,
              46.20288480659947
            ],
            [
              6.144465310349508,
              46.202945159889765
            ],
            [
              6.14446098471588,
              46.2030061
            ],
            [
              6.144464142551462,
              46.2030505879711
            ],
            [
              6.144386452837677,
              46.20306405650789
            ],
            [
              6.144303449623727,
              46.203084611335
            ],
            [
              6.144223757106425,
              46.20311069795413
            ],
            [
              6.144148142768277,
              46.203142065129214
            ],
            [
              6.144077334816693,
              46.20317841076842
            ],
            [
              6.144012015170956,
              46.2032193848339
            ],
            [
              6.14395281289496,
              46.20326459271311
            ],
            [
              6.143900298138989,
              46.203313599019594
            ],
            [
              6.143854976648846,
              46.2033659317863
            ],
            [
              6.14381728489526,
              46.20342108701134
            ],
            [
              6.143787585870421,
              46.20347853351206
            ],
            [
              6.143766165592175,
              46.203537718040955
            ],
            [
              6.143753230349509,
              46.20359807061399
            ],
            [
              6.143748904715881,
              46.20365901
            ],
            [
              6.143753230349509,
              46.203719949318405
            ],
            [
              6.143766165592175,
              46.20378030169124
            ],
            [
              6.143787585870421,
              46.203839485895045
            ],
            [
              6.14381728489526,
              46.20389693195826
            ],
            [
              6.143854976648846,
              46.203952086650204
            ],
            [
              6.143900298138989,
              46.20400441880871
            ],
            [
              6.14395281289496,
              46.20405342445523
            ],
            [
              6.144012015170956,
              46.20409863164812
            ],
            [
              6.144077334816693,
              46.20413960502729
            ],
            [
              6.144148142768277,
              46.20417595000656
            ],
            [
              6.144223757106425,
              46.204207316573424
            ],
            [
              6.144303449623727,
              46.20423340265945
            ],
            [
              6.144386452837677,
              46.20425395704906
            ],
            [
              6.144471967381949,
              46.204268781798525
            ],
            [
              6.144559169704736,
              46.2042777341421
            ],
            [
              6.14464722,
              46.2042807278667
            ],
            [
              6.144735270295264,
              46.2042777341421
            ],
            [
              6.144822472618051,
              46.204268781798525
            ],
            [
              6.144907987162324,
              46.20425395704906
            ],
            [
              6.144990990376273,
              46.20423340265945
            ],
            [
              6.145070682893575,
              46.204207316573424
            ],
            [
              6.145146297231723,
              46.20417595000656
            ],
            [
              6.145196696551178,
              46.20415008056668
            ],
            [
              6.14519608471588,
              46.2041587
            ],
            [
              6.145200410349507,
              46.20421963876412
            ],
            [
              6.145213345592174,
              46.20427999058802
            ],
            [
              6.14523476587042,
              46.204339174253505
            ],
            [
              6.145264464895258,
              46.2043966197942
            ],
            [
              6.145302156648844,
              46.204451773984474
            ],
            [
              6.145347478138987,
              46.20450410566699
            ],
            [
              6.145399992894959,
              46.20455311086778
            ],
            [
              6.145459195170955,
              46.20459831764948
            ],
            [
              6.145524514816692,
              46.204639290655955
            ],
            [
              6.145595322768275,
              46.204675635304646
            ],
            [
              6.145670937106424,
              46.20470700158621
            ],
            [
              6.145750629623726,
              46.20473308743497
            ],
            [
              6.145833632837675,
              46.204753641637616
            ],
            [
              6.145919147381948,
              46.20476846625224
            ],
            [
              6.146006349704735,
              46.20477741851439
            ],
            [
              6.1460944,
              46.20478041221177
            ],
            [
              6.146182450295264,
              46.20477741851439
            ],
            [
              6.14626965261805,
              46.20476846625224
            ],
            [
              6.146355167162324,
              46.204753641637616
            ],
            [
              6.146438170376272,
              46.20473308743497
            ],
            [
              6.146455926690077,
              46.20472727524021
            ],
            [
              6.146463045592173,
              46.20476048952716
            ],
            [
              6.146484465870421,
              46.204819672674994
            ],
            [
              6.14651416489526,
              46.20487711771325
            ],
            [
              6.146551856648845,
              46.20493227142112
            ],
            [
              6.146597178138987,
              46.2049846026459
            ],
            [
              6.146649692894959,
              46.205033607418066
            ],
            [
              6.146708895170955,
              46.20507881380437
            ],
            [
              6.146774214816692,
              46.20511978645247
            ],
            [
              6.146845022768276,
              46.20515613078327
            ],
            [
              6.146920637106424,
              46.20518749679049
            ],
            [
              6.147000329623727,
              46.20521358241109
            ],
            [
              6.147083332837675,
              46.20523413643396
            ],
            [
              6.147168847381949,
              46.20524896091893
            ],
            [
              6.147256049704735,
              46.20525791310276
            ],
            [
              6.1473441,
              46.20526090677396
            ],
            [
              6.147432150295264,
              46.20525791310276
            ],
            [
              6.147519352618049,
              46.20524896091893
            ],
            [
              6.147604867162324,
              46.20523413643396
            ],
            [
              6.147687870376272,
              46.20521358241109
            ],
            [
              6.147767562893574,
              46.20518749679049
            ],
            [
              6.147843177231723,
              46.20515613078327
            ],
            [
              6.147913985183306,
              46.20511978645247
            ],
            [
              6.147979304829043,
              46.20507881380437
            ],
            [
              6.148038507105039,
              46.205033607418066
            ],
            [
              6.148091021861012,
              46.2049846026459
            ],
            [
              6.148136343351154,
              46.20493227142112
            ],
            [
              6.14817403510474,
              46.20487711771325
            ],
            [
              6.148203734129578,
              46.204819672674994
            ],
            [
              6.148225154407825,
              46.20476048952716
            ],
            [
              6.148238089650492,
              46.204700138231125
            ],
            [
              6.148242415284119,
              46.2046392
            ],
            [
              6.148238089650492,
              46.20457826170127
            ],
            [
              6.148225154407825,
              46.20451791020505
            ],
            [
              6.148203734129578,
              46.20445872673213
            ],
            [
              6.14817403510474,
              46.20440128125636
            ],
            [
              6.148136343351154,
              46.2043461270154
            ],
            [
              6.148091021861012,
              46.20429379518241
            ],
            [
              6.148038507105039,
              46.20424478975029
            ],
            [
              6.147979304829043,
              46.204199582677674
            ],
            [
              6.147913985183306,
              46.20415860934325
            ],
            [
              6.147843177231723,
              46.20412226435251
            ],
            [
              6.147767562893574,
              46.20409089773708
            ],
            [
              6.147687870376272,
              46.20406481158338
            ],
            [
              6.147604867162324,
              46.20404425712301
            ],
            [
              6.147519352618049,
              46.20402943231295
            ],
            [
              6.147432150295264,
              46.204020479928914
            ],
            [
              6.1473441,
              46.204017486190125
            ],
            [
              6.147256049704735,
              46.204020479928914
            ],
            [
              6.147168847381949,
              46.20402943231295
            ],
            [
              6.147083332837675,
              46.20404425712301
            ],
            [
              6.147000329623727,
              46.20406481158338
            ],
            [
              6.146982573309922,
              46.204070623848224
            ],
            [
              6.146975454407825,
              46.204037409144185
            ],
            [
              6.146954034129578,
              46.203978225153605
            ],
            [
              6.146924335104739,
              46.2039207791754
            ],
            [
              6.146886643351154,
              46.20386562445202
            ],
            [
              6.146850781909647,
              46.20382421559301
            ],
            [
              6.14692894,
              46.20382687300295
            ],
            [
              6.147016990295263,
              46.20382387925361
            ],
            [
              6.14710419261805,
              46.20381492683608
            ],
            [
              6.147189707162322,
              46.20380010196414
            ],
            [
              6.147272710376273,
              46.20377954740473
            ],
            [
              6.147352402893574,
              46.20375346110318
            ],
            [
              6.147428017231722,
              46.20372209427719
            ],
            [
              6.147473103730774,
              46.20369895166146
            ],
            [
              6.147524240376272,
              46.203686288379785
            ],
            [
              6.147603932893575,
              46.20366020203396
            ],
            [
              6.147679547231722,
              46.20362883515471
            ],
            [
              6.147750155455276,
              46.203592592332846
            ],
            [
              6.147828512893574,
              46.20356694296475
            ],
            [
              6.147904127231723,
              46.20353557603226
            ],
            [
              6.147974935183306,
              46.20349923062933
            ],
            [
              6.148040254829043,
              46.203458256772564
            ],
            [
              6.148099457105039,
              46.20341304905271
            ],
            [
              6.148151971861012,
              46.20336404283495
            ],
            [
              6.148197293351154,
              46.203311710066444
            ],
            [
              6.14823498510474,
              46.203256554731595
            ],
            [
              6.148264684129579,
              46.20319910799876
            ],
            [
              6.148286104407825,
              46.20313992310508
            ],
            [
              6.148299039650491,
              46.20307957002874
            ],
            [
              6.148303365284119,
              46.20301863
            ],
            [
              6.148299039650491,
              46.20295768990366
            ],
            [
              6.148286104407825,
              46.20289733662713
            ],
            [
              6.148264684129579,
              46.202838151408365
            ],
            [
              6.14823498510474,
              46.202780704238016
            ],
            [
              6.148197293351154,
              46.20272554837007
            ],
            [
              6.148151971861012,
              46.202673214993354
            ],
            [
              6.148139803996454,
              46.20266185992115
            ],
            [
              6.148140043351155,
              46.20266158353464
            ],
            [
              6.14817773510474,
              46.202606427547096
            ],
            [
              6.148207434129579,
              46.20254898013446
            ],
            [
              6.148228854407826,
              46.202489794540405
            ],
            [
              6.148241789650492,
              46.202429440749874
            ],
            [
              6.148246115284119,
              46.2023685
            ],
            [
              6.148241789650492,
              46.20230755918251
            ],
            [
              6.148228854407826,
              46.20224720519179
            ],
            [
              6.148207434129579,
              46.20218801927263
            ]
          ],
          [
            [
              6.145620067162323,
              46.203601054119744
            ],
            [
              6.145703070376273,
              46.20358049948586
            ],
            [
              6.145782762893575,
              46.20355441308981
            ],
            [
              6.145858377231723,
              46.20352304615016
            ],
            [
              6.145929185183306,
              46.20348670073894
            ],
            [
              6.145994504829043,
              46.203445726872836
            ],
            [
              6.14605370710504,
              46.20340051914267
            ],
            [
              6.146069422751463,
              46.203385853468006
            ],
            [
              6.146099004895259,
              46.20344307392382
            ],
            [
              6.146136696648845,
              46.203498229071414
            ],
            [
              6.146172558090351,
              46.20353963817614
            ],
            [
              6.1460944,
              46.2035369807523
            ],
            [
              6.146006349704735,
              46.20353997451727
            ],
            [
              6.145919147381948,
              46.203548926979614
            ],
            [
              6.145833632837675,
              46.203563751919326
            ],
            [
              6.145750629623726,
              46.203584306559485
            ],
            [
              6.145670937106424,
              46.20361039294134
            ],
            [
              6.145595322768275,
              46.20364175983112
            ],
            [
              6.145544923448821,
              46.20366762951036
            ],
            [
              6.14554553528412,
              46.20365901
            ],
            [
              6.145542377448537,
              46.20361452252158
            ],
            [
              6.145620067162323,
              46.203601054119744
            ]
          ]
        ]
      }
    },
    {
      "type": "Feature",
      "properties": {
        "cluster": 15
      },
      "geometry": {
        "type": "MultiPolygon",
        "coordinates": [
          [
            [
              [
                6.145478242618051,
                46.2125111164618
              ],
              [
                6.145391040295264,
                46.21250216546001
              ],
              [
                6.14530299,
                46.212499172183456
              ],
              [
                6.145214939704736,
                46.21250216546001
              ],
              [
                6.14512773738195,
                46.2125111164618
              ],
              [
                6.145042222837676,
                46.2125259389829
              ],
              [
                6.144959219623727,
                46.21254649026965
              ],
              [
                6.144879527106426,
                46.21257257239563
              ],
              [
                6.144803912768277,
                46.21260393416804
              ],
              [
                6.144733104816694,
                46.212640273547095
              ],
              [
                6.144667785170956,
                46.2126812405552
              ],
              [
                6.14460858289496,
                46.2127264406478
              ],
              [
                6.144556068138988,
                46.21277543851343
              ],
              [
                6.144510746648845,
                46.21282776226632
              ],
              [
                6.14447305489526,
                46.21288290799141
              ],
              [
                6.144443355870421,
                46.212940344597506
              ],
              [
                6.144421935592174,
                46.212999518932406
              ],
              [
                6.144409000349508,
                46.21305986111026
              ],
              [
                6.14440467471588,
                46.21312079
              ],
              [
                6.144409000349508,
                46.213181718822135
              ],
              [
                6.144421935592174,
                46.21324206079979
              ],
              [
                6.144443355870421,
                46.2133012348096
              ],
              [
                6.14447305489526,
                46.21335867097821
              ],
              [
                6.144510746648845,
                46.213413816170196
              ],
              [
                6.144556068138988,
                46.21346613931488
              ],
              [
                6.14460858289496,
                46.21351513652057
              ],
              [
                6.144667785170956,
                46.213560335926864
              ],
              [
                6.144723461347906,
                46.213595254185854
              ],
              [
                6.14474255489526,
                46.21363217979351
              ],
              [
                6.144780246648846,
                46.21368732471086
              ],
              [
                6.144825568138989,
                46.21373964759497
              ],
              [
                6.144878082894961,
                46.213788644556644
              ],
              [
                6.144937285170957,
                46.21383384373783
              ],
              [
                6.145002604816694,
                46.213874809855604
              ],
              [
                6.145073412768277,
                46.21391114839375
              ],
              [
                6.145149027106426,
                46.21394250940176
              ],
              [
                6.145228719623727,
                46.21396859086476
              ],
              [
                6.145311722837677,
                46.21398914161167
              ],
              [
                6.145383657452857,
                46.21400160994308
              ],
              [
                6.145445137106425,
                46.21402710855727
              ],
              [
                6.145524829623727,
                46.21405318998008
              ],
              [
                6.145607832837676,
                46.21407374069534
              ],
              [
                6.14569334738195,
                46.21408856279469
              ],
              [
                6.145780549704735,
                46.21409751353792
              ],
              [
                6.1458686,
                46.21410050672737
              ],
              [
                6.145956650295264,
                46.21409751353792
              ],
              [
                6.146043852618051,
                46.21408856279469
              ],
              [
                6.146129367162324,
                46.21407374069534
              ],
              [
                6.146212370376274,
                46.21405318998008
              ],
              [
                6.146292062893575,
                46.21402710855727
              ],
              [
                6.146367677231724,
                46.21399574759756
              ],
              [
                6.146438485183307,
                46.2139594091154
              ],
              [
                6.146503804829043,
                46.21391844306073
              ],
              [
                6.14656300710504,
                46.21387324394917
              ],
              [
                6.146615521861012,
                46.21382424706298
              ],
              [
                6.146660843351155,
                46.21377192425947
              ],
              [
                6.146698535104741,
                46.21371677942706
              ],
              [
                6.146728234129579,
                46.21365934363298
              ],
              [
                6.146749654407826,
                46.21360017000902
              ],
              [
                6.146762589650492,
                46.21353982842484
              ],
              [
                6.14676691528412,
                46.2134789
              ],
              [
                6.146762589650492,
                46.21341797150755
              ],
              [
                6.146749654407826,
                46.21335762972318
              ],
              [
                6.146728234129579,
                46.21329845577412
              ],
              [
                6.146698535104741,
                46.21324101954255
              ],
              [
                6.146660843351155,
                46.21318587417706
              ],
              [
                6.146615521861012,
                46.21313355076534
              ],
              [
                6.14656300710504,
                46.21308455321921
              ],
              [
                6.146503804829043,
                46.21303935342135
              ],
              [
                6.146438485183307,
                46.21299838668036
              ],
              [
                6.146367677231724,
                46.212962047538255
              ],
              [
                6.146340623466428,
                46.2129508268047
              ],
              [
                6.14632157510474,
                46.21291398812602
              ],
              [
                6.146283883351154,
                46.212858842432155
              ],
              [
                6.146238561861011,
                46.21280651870887
              ],
              [
                6.146186047105041,
                46.21275752087097
              ],
              [
                6.146126844829045,
                46.212712320803945
              ],
              [
                6.146061525183307,
                46.21267135381902
              ],
              [
                6.145990717231723,
                46.212635014460524
              ],
              [
                6.145915102893575,
                46.212603652705866
              ],
              [
                6.145835410376273,
                46.21257757059466
              ],
              [
                6.145752407162323,
                46.212557019319526
              ],
              [
                6.145666892618051,
                46.212542196806815
              ],
              [
                6.145602883415404,
                46.21253562649845
              ],
              [
                6.145563757162324,
                46.2125259389829
              ],
              [
                6.145478242618051,
                46.2125111164618
              ]
            ]
          ],
          [
            [
              [
                6.148405834129579,
                46.214586060004784
              ],
              [
                6.14837613510474,
                46.21452862511983
              ],
              [
                6.148338443351154,
                46.21447348104726
              ],
              [
                6.148293121861011,
                46.2144211588623
              ],
              [
                6.14824060710504,
                46.214372162464954
              ],
              [
                6.148181404829044,
                46.21432696372682
              ],
              [
                6.148116085183307,
                46.21428599794633
              ],
              [
                6.148045277231723,
                46.21424965965622
              ],
              [
                6.147969662893574,
                46.2142182988236
              ],
              [
                6.147889970376273,
                46.2141922174792
              ],
              [
                6.147806967162323,
                46.214171666808284
              ],
              [
                6.14772145261805,
                46.214156844731356
              ],
              [
                6.147634250295265,
                46.21414789399779
              ],
              [
                6.1475462,
                46.214144900810936
              ],
              [
                6.147458149704736,
                46.21414789399779
              ],
              [
                6.147370947381948,
                46.214156844731356
              ],
              [
                6.147285432837676,
                46.214171666808284
              ],
              [
                6.147202429623726,
                46.2141922174792
              ],
              [
                6.147122737106424,
                46.2142182988236
              ],
              [
                6.147047122768276,
                46.21424965965622
              ],
              [
                6.146976314816693,
                46.21428599794633
              ],
              [
                6.146910995170956,
                46.21432696372682
              ],
              [
                6.14685179289496,
                46.214372162464954
              ],
              [
                6.146799278138988,
                46.2144211588623
              ],
              [
                6.146753956648845,
                46.21447348104726
              ],
              [
                6.146716264895259,
                46.21452862511983
              ],
              [
                6.146686565870421,
                46.214586060004784
              ],
              [
                6.146665145592174,
                46.21464523256645
              ],
              [
                6.146652210349508,
                46.214705572936076
              ],
              [
                6.14664788471588,
                46.2147665
              ],
              [
                6.146652210349508,
                46.21482742699633
              ],
              [
                6.146665145592174,
                46.214887767165756
              ],
              [
                6.146686565870421,
                46.21494693940235
              ],
              [
                6.146716264895259,
                46.215004373849794
              ],
              [
                6.146753956648845,
                46.21505951738928
              ],
              [
                6.146799278138988,
                46.21511183896603
              ],
              [
                6.14685179289496,
                46.21516083470345
              ],
              [
                6.146910995170956,
                46.215206032755276
              ],
              [
                6.146976314816693,
                46.21524699784946
              ],
              [
                6.147047122768276,
                46.215283335479626
              ],
              [
                6.147122737106424,
                46.215314695704045
              ],
              [
                6.147202429623726,
                46.215340776515355
              ],
              [
                6.147285432837676,
                46.21536132674877
              ],
              [
                6.147370947381948,
                46.21537614850061
              ],
              [
                6.147458149704736,
                46.21538509903398
              ],
              [
                6.1475462,
                46.215388092153255
              ],
              [
                6.147634250295265,
                46.21538509903398
              ],
              [
                6.14772145261805,
                46.21537614850061
              ],
              [
                6.147806967162323,
                46.21536132674877
              ],
              [
                6.147889970376273,
                46.215340776515355
              ],
              [
                6.147969662893574,
                46.215314695704045
              ],
              [
                6.148045277231723,
                46.215283335479626
              ],
              [
                6.148116085183307,
                46.21524699784946
              ],
              [
                6.148181404829044,
                46.215206032755276
              ],
              [
                6.14824060710504,
                46.21516083470345
              ],
              [
                6.148293121861011,
                46.21511183896603
              ],
              [
                6.148338443351154,
                46.21505951738928
              ],
              [
                6.14837613510474,
                46.215004373849794
              ],
              [
                6.148405834129579,
                46.21494693940235
              ],
              [
                6.148427254407825,
                46.214887767165756
              ],
              [
                6.148440189650492,
                46.21482742699633
              ],
              [
                6.14844451528412,
                46.2147665
              ],
              [
                6.148440189650492,
                46.214705572936076
              ],
              [
                6.148427254407825,
                46.21464523256645
              ],
              [
                6.148405834129579,
                46.214586060004784
              ]
            ]
          ],
          [
            [
              [
                6.146568634129579,
                46.21460976008266
              ],
              [
                6.14653893510474,
                46.2145523252225
              ],
              [
                6.146501243351154,
                46.21449718117372
              ],
              [
                6.146455921861012,
                46.21444485901135
              ],
              [
                6.14640340710504,
                46.21439586263514
              ],
              [
                6.146344204829044,
                46.21435066391651
              ],
              [
                6.146278885183307,
                46.2143096981537
              ],
              [
                6.146208077231723,
                46.21427335987928
              ],
              [
                6.146132462893575,
                46.21424199906019
              ],
              [
                6.146052770376273,
                46.214215917727046
              ],
              [
                6.145969767162324,
                46.214195367065
              ],
              [
                6.145884252618051,
                46.21418054499446
              ],
              [
                6.145797050295264,
                46.21417159426477
              ],
              [
                6.145709,
                46.2141686010792
              ],
              [
                6.145620949704735,
                46.21417159426477
              ],
              [
                6.145533747381949,
                46.21418054499446
              ],
              [
                6.145448232837676,
                46.214195367065
              ],
              [
                6.145365229623727,
                46.214215917727046
              ],
              [
                6.145285537106425,
                46.21424199906019
              ],
              [
                6.145209922768276,
                46.21427335987928
              ],
              [
                6.145139114816693,
                46.2143096981537
              ],
              [
                6.145073795170956,
                46.21435066391651
              ],
              [
                6.14501459289496,
                46.21439586263514
              ],
              [
                6.144962078138988,
                46.21444485901135
              ],
              [
                6.144916756648845,
                46.21449718117372
              ],
              [
                6.144879064895259,
                46.2145523252225
              ],
              [
                6.144849365870421,
                46.21460976008266
              ],
              [
                6.144827945592174,
                46.21466893261879
              ],
              [
                6.144815010349507,
                46.21472927296237
              ],
              [
                6.14481068471588,
                46.2147902
              ],
              [
                6.144815010349507,
                46.21485112697004
              ],
              [
                6.144827945592174,
                46.214911467113424
              ],
              [
                6.144849365870421,
                46.21497063932448
              ],
              [
                6.144879064895259,
                46.21502807374714
              ],
              [
                6.144916756648845,
                46.21508321726282
              ],
              [
                6.144962078138988,
                46.215135538817
              ],
              [
                6.14501459289496,
                46.21518453453327
              ],
              [
                6.145073795170956,
                46.21522973256558
              ],
              [
                6.145139114816693,
                46.21527069764208
              ],
              [
                6.145209922768276,
                46.21530703525657
              ],
              [
                6.145285537106425,
                46.21533839546746
              ],
              [
                6.145365229623727,
                46.21536447626752
              ],
              [
                6.145448232837676,
                46.21538502649207
              ],
              [
                6.145533747381949,
                46.21539984823752
              ],
              [
                6.145620949704735,
                46.21540879876702
              ],
              [
                6.145709,
                46.21541179188498
              ],
              [
                6.145797050295264,
                46.21540879876702
              ],
              [
                6.145884252618051,
                46.21539984823752
              ],
              [
                6.145969767162324,
                46.21538502649207
              ],
              [
                6.146052770376273,
                46.21536447626752
              ],
              [
                6.146132462893575,
                46.21533839546746
              ],
              [
                6.146208077231723,
                46.21530703525657
              ],
              [
                6.146278885183307,
                46.21527069764208
              ],
              [
                6.146344204829044,
                46.21522973256558
              ],
              [
                6.14640340710504,
                46.21518453453327
              ],
              [
                6.146455921861012,
                46.215135538817
              ],
              [
                6.146501243351154,
                46.21508321726282
              ],
              [
                6.14653893510474,
                46.21502807374714
              ],
              [
                6.146568634129579,
                46.21497063932448
              ],
              [
                6.146590054407826,
                46.214911467113424
              ],
              [
                6.146602989650491,
                46.21485112697004
              ],
              [
                6.146607315284119,
                46.2147902
              ],
              [
                6.146602989650491,
                46.21472927296237
              ],
              [
                6.146590054407826,
                46.21466893261879
              ],
              [
                6.146568634129579,
                46.21460976008266
              ]
            ]
          ]
        ]
      }
    },
    {
      "type": "Feature",
      "properties": {
        "cluster": 16
      },
      "geometry": {
        "type": "Polygon",
        "coordinates": [
          [
            [
              6.144419894129578,
              46.19750344388428
            ],
            [
              6.14439019510474,
              46.19744599113595
            ],
            [
              6.144352503351154,
              46.19739082991251
            ],
            [
              6.144307181861012,
              46.19733849145436
            ],
            [
              6.14425466710504,
              46.19728947981821
            ],
            [
              6.144195464829044,
              46.19724426702243
            ],
            [
              6.144130145183307,
              46.19720328850083
            ],
            [
              6.144059337231723,
              46.19716693890886
            ],
            [
              6.143983722893575,
              46.19713556832245
            ],
            [
              6.143904030376272,
              46.197109478866295
            ],
            [
              6.143821027162324,
              46.197088921803754
            ],
            [
              6.143735512618051,
              46.197074095116896
            ],
            [
              6.143648310295264,
              46.197065141599495
            ],
            [
              6.14356026,
              46.19706214748171
            ],
            [
              6.143472209704735,
              46.197065141599495
            ],
            [
              6.14338500738195,
              46.197074095116896
            ],
            [
              6.143299492837675,
              46.197088921803754
            ],
            [
              6.143216489623727,
              46.197109478866295
            ],
            [
              6.143136797106425,
              46.19713556832245
            ],
            [
              6.143061182768276,
              46.19716693890886
            ],
            [
              6.142990374816693,
              46.19720328850083
            ],
            [
              6.142925055170956,
              46.19724426702243
            ],
            [
              6.14286585289496,
              46.19728947981821
            ],
            [
              6.142813338138987,
              46.19733849145436
            ],
            [
              6.142768016648845,
              46.19739082991251
            ],
            [
              6.142748899425641,
              46.19741880764189
            ],
            [
              6.142726609704735,
              46.197419565590714
            ],
            [
              6.142639407381949,
              46.19742851905036
            ],
            [
              6.142553892837676,
              46.19744334564159
            ],
            [
              6.142470889623727,
              46.197463902571535
            ],
            [
              6.142391197106424,
              46.19748999185943
            ],
            [
              6.142315582768276,
              46.19752136224349
            ],
            [
              6.142244774816692,
              46.19755771160101
            ],
            [
              6.142179455170956,
              46.197598689858296
            ],
            [
              6.142120252894959,
              46.19764390236246
            ],
            [
              6.142093915048402,
              46.197668483128176
            ],
            [
              6.142031340295264,
              46.197662058321484
            ],
            [
              6.14194329,
              46.19765906423622
            ],
            [
              6.141855239704736,
              46.197662058321484
            ],
            [
              6.141768037381949,
              46.19767101174161
            ],
            [
              6.141682522837677,
              46.19768583826741
            ],
            [
              6.141599519623727,
              46.19770639510664
            ],
            [
              6.141519827106425,
              46.1977324842794
            ],
            [
              6.141444212768277,
              46.19776385452503
            ],
            [
              6.141373404816693,
              46.19780020372213
            ],
            [
              6.141308085170956,
              46.19784118179858
            ],
            [
              6.14124888289496,
              46.19788639410323
            ],
            [
              6.141196368138989,
              46.19793540520696
            ],
            [
              6.141151046648845,
              46.19798774309656
            ],
            [
              6.14111335489526,
              46.1980429037208
            ],
            [
              6.141083655870421,
              46.198100355845014
            ],
            [
              6.141062235592175,
              46.198159546167545
            ],
            [
              6.141049300349508,
              46.19821990464856
            ],
            [
              6.141044974715881,
              46.19828085
            ],
            [
              6.141049300349508,
              46.19834179528383
            ],
            [
              6.141062235592175,
              46.19840215356465
            ],
            [
              6.141083655870421,
              46.19846134356209
            ],
            [
              6.14111335489526,
              46.1985187952488
            ],
            [
              6.141149894064911,
              46.198572268588904
            ],
            [
              6.141148120349508,
              46.19858054504856
            ],
            [
              6.14114379471588,
              46.19864149
            ],
            [
              6.141148120349508,
              46.19870243488383
            ],
            [
              6.141161055592174,
              46.1987627927685
            ],
            [
              6.14118247587042,
              46.198821982377446
            ],
            [
              6.14121217489526,
              46.19887943368708
            ],
            [
              6.141249866648845,
              46.198934593416176
            ],
            [
              6.141295188138988,
              46.198986930354046
            ],
            [
              6.14134770289496,
              46.199035940476165
            ],
            [
              6.141406905170956,
              46.19908115179774
            ],
            [
              6.141472224816693,
              46.19912212891892
            ],
            [
              6.141543032768277,
              46.1991584772175
            ],
            [
              6.141618647106426,
              46.19918984664902
            ],
            [
              6.141698339623726,
              46.19921593511745
            ],
            [
              6.141781342837676,
              46.19923649138425
            ],
            [
              6.141866857381949,
              46.199251317487644
            ],
            [
              6.141954059704736,
              46.199260270648814
            ],
            [
              6.14204211,
              46.19926326464683
            ],
            [
              6.142130160295264,
              46.199260270648814
            ],
            [
              6.142217362618051,
              46.199251317487644
            ],
            [
              6.142302877162324,
              46.19923649138425
            ],
            [
              6.142385880376273,
              46.19921593511745
            ],
            [
              6.142465572893575,
              46.19918984664902
            ],
            [
              6.142541187231724,
              46.1991584772175
            ],
            [
              6.142611995183307,
              46.19912212891892
            ],
            [
              6.142677314829044,
              46.19908115179774
            ],
            [
              6.14273651710504,
              46.199035940476165
            ],
            [
              6.142789031861012,
              46.198986930354046
            ],
            [
              6.142834353351155,
              46.198934593416176
            ],
            [
              6.14287204510474,
              46.19887943368708
            ],
            [
              6.142901744129579,
              46.198821982377446
            ],
            [
              6.142923164407826,
              46.1987627927685
            ],
            [
              6.142935684313522,
              46.19870437291274
            ],
            [
              6.142960169704735,
              46.198706886880736
            ],
            [
              6.14304822,
              46.19870988090891
            ],
            [
              6.143057205,
              46.19870957538645
            ],
            [
              6.14306619,
              46.19870988090891
            ],
            [
              6.143154240295264,
              46.198706886880736
            ],
            [
              6.14324144261805,
              46.19869793362939
            ],
            [
              6.14326608931467,
              46.19869366046019
            ],
            [
              6.14326188471588,
              46.1987529
            ],
            [
              6.143266210349506,
              46.19881384476026
            ],
            [
              6.143279145592174,
              46.19887420252255
            ],
            [
              6.14330056587042,
              46.1989333920115
            ],
            [
              6.143330264895259,
              46.19899084320463
            ],
            [
              6.143367956648845,
              46.19904600282189
            ],
            [
              6.143413278138987,
              46.19909833965365
            ],
            [
              6.143465792894959,
              46.19914734967639
            ],
            [
              6.143524995170955,
              46.1991925609063
            ],
            [
              6.143590314816691,
              46.19923353794439
            ],
            [
              6.143661122768276,
              46.199269886169276
            ],
            [
              6.143736737106424,
              46.19930125553719
            ],
            [
              6.143816429623726,
              46.19932734395271
            ],
            [
              6.143899432837675,
              46.19934790017784
            ],
            [
              6.143984947381949,
              46.19936272625116
            ],
            [
              6.144072149704734,
              46.19937167939418
            ],
            [
              6.1441602,
              46.19937467338613
            ],
            [
              6.144248250295263,
              46.19937167939418
            ],
            [
              6.14433545261805,
              46.19936272625116
            ],
            [
              6.144420967162323,
              46.19934790017784
            ],
            [
              6.144503970376272,
              46.19932734395271
            ],
            [
              6.144583662893575,
              46.19930125553719
            ],
            [
              6.144659277231722,
              46.199269886169276
            ],
            [
              6.144730085183306,
              46.19923353794439
            ],
            [
              6.144795404829043,
              46.1991925609063
            ],
            [
              6.144854607105039,
              46.19914734967639
            ],
            [
              6.144907121861011,
              46.19909833965365
            ],
            [
              6.144952443351153,
              46.19904600282189
            ],
            [
              6.144990135104739,
              46.19899084320463
            ],
            [
              6.145019834129578,
              46.1989333920115
            ],
            [
              6.145041254407825,
              46.19887420252255
            ],
            [
              6.145054189650491,
              46.19881384476026
            ],
            [
              6.145058515284118,
              46.1987529
            ],
            [
              6.145054189650491,
              46.19869195517213
            ],
            [
              6.145041254407825,
              46.198631597209655
            ],
            [
              6.145019834129578,
              46.198572407395616
            ],
            [
              6.144990135104739,
              46.19851495576497
            ],
            [
              6.144952443351153,
              46.19845979561461
            ],
            [
              6.144907121861011,
              46.198407458174636
            ],
            [
              6.144854607105039,
              46.19835844749194
            ],
            [
              6.144795404829043,
              46.19831323557571
            ],
            [
              6.144730085183306,
              46.19827225785129
            ],
            [
              6.144659277231722,
              46.19823590896645
            ],
            [
              6.144583662893575,
              46.198204538990325
            ],
            [
              6.144503970376272,
              46.1981784500417
            ],
            [
              6.144420967162323,
              46.19815789337907
            ],
            [
              6.14433545261805,
              46.19814306698065
            ],
            [
              6.144248250295263,
              46.19813411363742
            ],
            [
              6.144182295860443,
              46.19813187092486
            ],
            [
              6.144195464829044,
              46.19812360945956
            ],
            [
              6.14425466710504,
              46.1980783973501
            ],
            [
              6.144307181861012,
              46.1980293863739
            ],
            [
              6.144352503351154,
              46.197977048523974
            ],
            [
              6.14439019510474,
              46.19792188783363
            ],
            [
              6.144419894129578,
              46.19786443552281
            ],
            [
              6.144441314407826,
              46.19780524488239
            ],
            [
              6.144454249650492,
              46.19774488594589
            ],
            [
              6.144458575284119,
              46.19768394
            ],
            [
              6.144454249650492,
              46.1976229939865
            ],
            [
              6.144441314407826,
              46.1975626348498
            ],
            [
              6.144419894129578,
              46.19750344388428
            ]
          ]
        ]
      }
    },
    {
      "type": "Feature",
      "properties": {
        "cluster": 17
      },
      "geometry": {
        "type": "Polygon",
        "coordinates": [
          [
            [
              6.141377607162323,
              46.21206593400054
            ],
            [
              6.14129209261805,
              46.212051111355294
            ],
            [
              6.141204890295263,
              46.212042160278536
            ],
            [
              6.14111684,
              46.21203916697691
            ],
            [
              6.141028789704736,
              46.212042160278536
            ],
            [
              6.140941587381948,
              46.212051111355294
            ],
            [
              6.140856072837676,
              46.21206593400054
            ],
            [
              6.140773069623726,
              46.21208648545944
            ],
            [
              6.140693377106424,
              46.21211256780387
            ],
            [
              6.140617762768276,
              46.21214392983895
            ],
            [
              6.140546954816693,
              46.21218026952237
            ],
            [
              6.140481635170955,
              46.212221236873624
            ],
            [
              6.140422432894959,
              46.212266437344816
            ],
            [
              6.140369918138988,
              46.21231543562083
            ],
            [
              6.140324596648845,
              46.212367759811976
            ],
            [
              6.140286904895259,
              46.21242290599895
            ],
            [
              6.14025720587042,
              46.212480343086135
            ],
            [
              6.140235785592174,
              46.212539517916674
            ],
            [
              6.140222850349508,
              46.21259986059994
            ],
            [
              6.14021852471588,
              46.21266079
            ],
            [
              6.140222850349508,
              46.21272171933247
            ],
            [
              6.140235785592174,
              46.21278206181555
            ],
            [
              6.14025720587042,
              46.212841236321005
            ],
            [
              6.140286904895259,
              46.21289867297069
            ],
            [
              6.140324596648845,
              46.21295381862456
            ],
            [
              6.1403377802968,
              46.212969039128744
            ],
            [
              6.140339640349509,
              46.21299523902902
            ],
            [
              6.140352575592175,
              46.21305558121157
            ],
            [
              6.140373995870421,
              46.2131147554223
            ],
            [
              6.140403694895261,
              46.21317219178594
            ],
            [
              6.140441386648845,
              46.21322733716518
            ],
            [
              6.140477788299108,
              46.21326936260286
            ],
            [
              6.140465400349507,
              46.2133271514068
            ],
            [
              6.14046107471588,
              46.21338808
            ],
            [
              6.140465400349507,
              46.21344900852561
            ],
            [
              6.140478335592173,
              46.21350935020958
            ],
            [
              6.140499755870421,
              46.21356852393139
            ],
            [
              6.140529454895259,
              46.213625959820455
            ],
            [
              6.140567146648844,
              46.21368110474405
            ],
            [
              6.140612468138987,
              46.21373342763409
            ],
            [
              6.140664982894959,
              46.213782424601305
            ],
            [
              6.140724185170956,
              46.213827623787616
            ],
            [
              6.140789504816692,
              46.213868589910035
            ],
            [
              6.140860312768275,
              46.21390492845229
            ],
            [
              6.140935927106424,
              46.21393628946386
            ],
            [
              6.141015619623726,
              46.213962370929806
            ],
            [
              6.141098622837675,
              46.21398292167904
            ],
            [
              6.141184137381948,
              46.21399774380291
            ],
            [
              6.141271339704735,
              46.21400669456095
            ],
            [
              6.14135939,
              46.214009687755336
            ],
            [
              6.141447440295264,
              46.21400669456095
            ],
            [
              6.14153464261805,
              46.21399774380291
            ],
            [
              6.141620157162324,
              46.21398292167904
            ],
            [
              6.141703160376273,
              46.213962370929806
            ],
            [
              6.141782852893575,
              46.21393628946386
            ],
            [
              6.141858467231723,
              46.21390492845229
            ],
            [
              6.141929275183307,
              46.213868589910035
            ],
            [
              6.141994594829043,
              46.213827623787616
            ],
            [
              6.14205379710504,
              46.213782424601305
            ],
            [
              6.142106311861011,
              46.21373342763409
            ],
            [
              6.142151633351154,
              46.21368110474405
            ],
            [
              6.14218932510474,
              46.213625959820455
            ],
            [
              6.142219024129579,
              46.21356852393139
            ],
            [
              6.142240444407825,
              46.21350935020958
            ],
            [
              6.142253379650491,
              46.21344900852561
            ],
            [
              6.142257705284119,
              46.21338808
            ],
            [
              6.142253379650491,
              46.2133271514068
            ],
            [
              6.142240444407825,
              46.213266809522636
            ],
            [
              6.142225362689723,
              46.21322514591109
            ],
            [
              6.142242562893575,
              46.21321951661884
            ],
            [
              6.142318177231723,
              46.21318815519796
            ],
            [
              6.142388985183307,
              46.21315181618143
            ],
            [
              6.142454304829044,
              46.21311084952434
            ],
            [
              6.14251350710504,
              46.21306564974812
            ],
            [
              6.142566021861012,
              46.2130166521414
            ],
            [
              6.142611343351154,
              46.21296432856847
            ],
            [
              6.142649035104741,
              46.212909182925145
            ],
            [
              6.142678734129579,
              46.212851746286454
            ],
            [
              6.142700154407826,
              46.212792571792335
            ],
            [
              6.142713089650492,
              46.2127322293208
            ],
            [
              6.142717415284119,
              46.2126713
            ],
            [
              6.142713089650492,
              46.212610370611586
            ],
            [
              6.142700154407826,
              46.21255002793986
            ],
            [
              6.142678734129579,
              46.212490853120656
            ],
            [
              6.142649035104741,
              46.21243341604446
            ],
            [
              6.142611343351154,
              46.21237826986805
            ],
            [
              6.142566021861012,
              46.212325945686906
            ],
            [
              6.14251350710504,
              46.212276947420264
            ],
            [
              6.142454304829044,
              46.21223174695772
            ],
            [
              6.142388985183307,
              46.212190779614325
            ],
            [
              6.142318177231723,
              46.212154439937855
            ],
            [
              6.142242562893575,
              46.212123077908764
            ],
            [
              6.142162870376272,
              46.21209699556932
            ],
            [
              6.142079867162324,
              46.212076444114366
            ],
            [
              6.141994352618051,
              46.212061621471946
            ],
            [
              6.141907150295264,
              46.21205267039691
            ],
            [
              6.1418191,
              46.212049677095855
            ],
            [
              6.141731049704735,
              46.21205267039691
            ],
            [
              6.14164384738195,
              46.212061621471946
            ],
            [
              6.141558332837675,
              46.212076444114366
            ],
            [
              6.141485231919996,
              46.21209454377797
            ],
            [
              6.141460610376273,
              46.21208648545944
            ],
            [
              6.141377607162323,
              46.21206593400054
            ]
          ]
        ]
      }
    },
    {
      "type": "Feature",
      "properties": {
        "cluster": 18
      },
      "geometry": {
        "type": "Polygon",
        "coordinates": [
          [
            [
              6.137806042768276,
              46.20929060298707
            ],
            [
              6.137735234816692,
              46.2093269445584
            ],
            [
              6.137669915170956,
              46.20936791403797
            ],
            [
              6.13761071289496,
              46.20941311685741
            ],
            [
              6.1375856030729,
              46.20943654650444
            ],
            [
              6.137503209623727,
              46.209456947963275
            ],
            [
              6.137423517106424,
              46.20948303155645
            ],
            [
              6.137347902768276,
              46.209514395093066
            ],
            [
              6.137277094816692,
              46.20955073651633
            ],
            [
              6.137211775170956,
              46.20959170582897
            ],
            [
              6.137152572894959,
              46.20963690846423
            ],
            [
              6.137100058138988,
              46.209685909086154
            ],
            [
              6.137092438272309,
              46.20969470673615
            ],
            [
              6.137065929623727,
              46.209701270518025
            ],
            [
              6.136986237106425,
              46.209727353995184
            ],
            [
              6.136910622768276,
              46.20975871739228
            ],
            [
              6.136839814816692,
              46.209795058653896
            ],
            [
              6.136774495170956,
              46.2098360277843
            ],
            [
              6.13671529289496,
              46.20988123021849
            ],
            [
              6.136662778138988,
              46.20993023062245
            ],
            [
              6.136617456648845,
              46.20998255708598
            ],
            [
              6.136579764895259,
              46.21003770566789
            ],
            [
              6.136550065870421,
              46.210095145249504
            ],
            [
              6.136528645592174,
              46.21015432264994
            ],
            [
              6.136515710349508,
              46.210214667953835
            ],
            [
              6.13651138471588,
              46.21027560000001
            ],
            [
              6.136515710349508,
              46.210336531978584
            ],
            [
              6.136528645592174,
              46.21039687708228
            ],
            [
              6.136550065870421,
              46.21045605415763
            ],
            [
              6.136579764895259,
              46.21051349330175
            ],
            [
              6.136617456648845,
              46.210568641350555
            ],
            [
              6.136662778138988,
              46.210620967205884
            ],
            [
              6.136704873932225,
              46.21066024537137
            ],
            [
              6.13668316489526,
              46.21069200850183
            ],
            [
              6.13665346587042,
              46.21074944739918
            ],
            [
              6.136632045592174,
              46.21080862409466
            ],
            [
              6.136619110349509,
              46.210868968679684
            ],
            [
              6.136614784715881,
              46.21092989999999
            ],
            [
              6.136619110349509,
              46.21099083125271
            ],
            [
              6.136632045592174,
              46.21105117563753
            ],
            [
              6.136645857672709,
              46.21108933335615
            ],
            [
              6.136629665870422,
              46.211120648618774
            ],
            [
              6.136608245592175,
              46.21117982491432
            ],
            [
              6.136595310349509,
              46.21124016909148
            ],
            [
              6.13659098471588,
              46.2113011
            ],
            [
              6.136595310349509,
              46.21136203084091
            ],
            [
              6.136608245592175,
              46.21142237481789
            ],
            [
              6.136629665870422,
              46.21148155078834
            ],
            [
              6.136659364895261,
              46.211538988860006
            ],
            [
              6.136697056648845,
              46.21159413587914
            ],
            [
              6.136742378138988,
              46.21164646075748
            ],
            [
              6.136794892894961,
              46.21169545958661
            ],
            [
              6.136854095170957,
              46.21174066049051
            ],
            [
              6.136919414816694,
              46.211781628169675
            ],
            [
              6.136990222768277,
              46.211817968092824
            ],
            [
              6.137065837106426,
              46.21184933029613
            ],
            [
              6.137145529623727,
              46.2118754127532
            ],
            [
              6.137228532837677,
              46.21189596428338
            ],
            [
              6.13731404738195,
              46.211910786970506
            ],
            [
              6.137401249704737,
              46.211919738068666
            ],
            [
              6.1374893,
              46.2119227313768
            ],
            [
              6.137577350295265,
              46.211919738068666
            ],
            [
              6.137664552618051,
              46.211910786970506
            ],
            [
              6.137750067162324,
              46.21189596428338
            ],
            [
              6.137833070376273,
              46.2118754127532
            ],
            [
              6.137912762893575,
              46.21184933029613
            ],
            [
              6.137988377231724,
              46.211817968092824
            ],
            [
              6.138059185183307,
              46.211781628169675
            ],
            [
              6.138081146865925,
              46.21176785407561
            ],
            [
              6.138139437106426,
              46.21179203086808
            ],
            [
              6.138219129623727,
              46.211818113352365
            ],
            [
              6.138302132837677,
              46.211838664903986
            ],
            [
              6.13838764738195,
              46.21185348760657
            ],
            [
              6.138474849704736,
              46.21186243871408
            ],
            [
              6.1385629,
              46.211865432025334
            ],
            [
              6.138650950295264,
              46.21186243871408
            ],
            [
              6.138738152618052,
              46.21185348760657
            ],
            [
              6.138823667162324,
              46.211838664903986
            ],
            [
              6.138906670376274,
              46.211818113352365
            ],
            [
              6.138986362893576,
              46.21179203086808
            ],
            [
              6.139061977231724,
              46.21176066863206
            ],
            [
              6.139132785183307,
              46.211724328670996
            ],
            [
              6.139198104829044,
              46.211683360949095
            ],
            [
              6.13925730710504,
              46.21163815999803
            ],
            [
              6.139309821861012,
              46.211589161117786
            ],
            [
              6.139355143351155,
              46.21153683618485
            ],
            [
              6.13938893777545,
              46.211487391321356
            ],
            [
              6.139465570376273,
              46.21146841700907
            ],
            [
              6.139545262893574,
              46.21144233435872
            ],
            [
              6.139620877231723,
              46.21141097192301
            ],
            [
              6.139691685183307,
              46.21137463173057
            ],
            [
              6.139757004829043,
              46.21133366374782
            ],
            [
              6.13981620710504,
              46.21128846250896
            ],
            [
              6.139868721861011,
              46.21123946331672
            ],
            [
              6.139914043351154,
              46.21118713805064
            ],
            [
              6.13995173510474,
              46.21113199062284
            ],
            [
              6.139960634619617,
              46.21111477879259
            ],
            [
              6.139981870376273,
              46.21110952076197
            ],
            [
              6.140061562893576,
              46.211083437941184
            ],
            [
              6.140137177231723,
              46.21105207530053
            ],
            [
              6.140207985183307,
              46.21101573487063
            ],
            [
              6.140273304829044,
              46.21097476662018
            ],
            [
              6.14033250710504,
              46.21092956508594
            ],
            [
              6.140385021861012,
              46.21088056557352
            ],
            [
              6.140430343351154,
              46.210828239965515
            ],
            [
              6.14046803510474,
              46.210773092177355
            ],
            [
              6.140497734129579,
              46.21071565330472
            ],
            [
              6.140519154407825,
              46.21065647650907
            ],
            [
              6.140532089650491,
              46.21059613169059
            ],
            [
              6.140536415284119,
              46.21053520000001
            ],
            [
              6.140532089650491,
              46.210474268241825
            ],
            [
              6.140519154407825,
              46.21041392322316
            ],
            [
              6.140497734129579,
              46.21035474610241
            ],
            [
              6.14046803510474,
              46.210297306792285
            ],
            [
              6.140430343351154,
              46.21024215847103
            ],
            [
              6.140385021861012,
              46.21018983225482
            ],
            [
              6.14033250710504,
              46.21014083208245
            ],
            [
              6.140273304829044,
              46.21009562986191
            ],
            [
              6.140207985183307,
              46.210054660925145
            ],
            [
              6.140137177231723,
              46.2100183198353
            ],
            [
              6.140061562893576,
              46.209986956586434
            ],
            [
              6.139981870376273,
              46.20996087323256
            ],
            [
              6.139898867162324,
              46.20994032097828
            ],
            [
              6.139813352618051,
              46.20992549775937
            ],
            [
              6.139726150295264,
              46.20991654633618
            ],
            [
              6.1396381,
              46.209913552918714
            ],
            [
              6.139550049704735,
              46.20991654633618
            ],
            [
              6.139462847381949,
              46.20992549775937
            ],
            [
              6.139377332837676,
              46.20994032097828
            ],
            [
              6.139324838157967,
              46.20995331907834
            ],
            [
              6.139359635104741,
              46.209902405948505
            ],
            [
              6.13938933412958,
              46.20984496616534
            ],
            [
              6.139410754407826,
              46.209785788431596
            ],
            [
              6.139423689650492,
              46.209725442656506
            ],
            [
              6.13942801528412,
              46.20966451
            ],
            [
              6.139423689650492,
              46.20960357727591
            ],
            [
              6.139410754407826,
              46.20954323130063
            ],
            [
              6.13938933412958,
              46.20948405324178
            ],
            [
              6.139359635104741,
              46.209426613021115
            ],
            [
              6.139321943351155,
              46.20937146382563
            ],
            [
              6.139276621861012,
              46.20931913677993
            ],
            [
              6.139224107105041,
              46.209270135830806
            ],
            [
              6.139164904829045,
              46.2092249328937
            ],
            [
              6.139099585183307,
              46.20918396330748
            ],
            [
              6.139028777231724,
              46.20914762164155
            ],
            [
              6.138953162893575,
              46.20911625789551
            ],
            [
              6.138873470376274,
              46.20909017412815
            ],
            [
              6.138790467162324,
              46.209069621548075
            ],
            [
              6.138704952618052,
              46.20905479809418
            ],
            [
              6.138617750295264,
              46.209045846529094
            ],
            [
              6.1385297,
              46.209042853064176
            ],
            [
              6.138441649704736,
              46.209045846529094
            ],
            [
              6.13835444738195,
              46.20905479809418
            ],
            [
              6.138268932837676,
              46.209069621548075
            ],
            [
              6.138185929623727,
              46.20909017412815
            ],
            [
              6.138106237106426,
              46.20911625789551
            ],
            [
              6.138030622768277,
              46.20914762164155
            ],
            [
              6.137959814816694,
              46.20918396330748
            ],
            [
              6.137894495170956,
              46.2092249328937
            ],
            [
              6.13783529289496,
              46.209270135830806
            ],
            [
              6.137819212290353,
              46.20928514047316
            ],
            [
              6.137806042768276,
              46.20929060298707
            ]
          ],
          [
            [
              6.138260021861011,
              46.2105845347367
            ],
            [
              6.138258751592404,
              46.21058334949066
            ],
            [
              6.138270442893575,
              46.210579522971145
            ],
            [
              6.138323352230697,
              46.21055757750881
            ],
            [
              6.138320310349509,
              46.21057176834998
            ],
            [
              6.138316918095982,
              46.21061955224644
            ],
            [
              6.138305200871434,
              46.21063669607727
            ],
            [
              6.138260021861011,
              46.2105845347367
            ]
          ]
        ]
      }
    },
    {
      "type": "Feature",
      "properties": {
        "cluster": 19
      },
      "geometry": {
        "type": "Polygon",
        "coordinates": [
          [
            [
              6.140349297231723,
              46.20312340495362
            ],
            [
              6.140273682893575,
              46.203092037767895
            ],
            [
              6.140193990376273,
              46.20306595113991
            ],
            [
              6.140110987162323,
              46.20304539630581
            ],
            [
              6.140025472618051,
              46.20303057122622
            ],
            [
              6.139938270295263,
              46.20302161867941
            ],
            [
              6.13985022,
              46.20301862488619
            ],
            [
              6.139762169704736,
              46.20302161867941
            ],
            [
              6.139674967381949,
              46.20303057122622
            ],
            [
              6.139589452837677,
              46.20304539630581
            ],
            [
              6.139506449623727,
              46.20306595113991
            ],
            [
              6.139426757106425,
              46.203092037767895
            ],
            [
              6.139351142768277,
              46.20312340495362
            ],
            [
              6.139280334816693,
              46.20315975060519
            ],
            [
              6.139215015170955,
              46.20320072468459
            ],
            [
              6.13915581289496,
              46.20324593257916
            ],
            [
              6.139103298138989,
              46.203294938902275
            ],
            [
              6.139057976648846,
              46.20334727168676
            ],
            [
              6.13902028489526,
              46.20340242693054
            ],
            [
              6.138990585870421,
              46.203459873450775
            ],
            [
              6.138969165592175,
              46.20351905799976
            ],
            [
              6.138956230349508,
              46.2035794105933
            ],
            [
              6.138954248545968,
              46.203607330195055
            ],
            [
              6.138921229623726,
              46.203615506885704
            ],
            [
              6.138841537106424,
              46.20364159325275
            ],
            [
              6.138765922768276,
              46.203672960124706
            ],
            [
              6.138695114816692,
              46.2037093054127
            ],
            [
              6.138629795170955,
              46.20375027908223
            ],
            [
              6.138570592894959,
              46.20379548652458
            ],
            [
              6.138518078138987,
              46.20384449235748
            ],
            [
              6.138472756648845,
              46.203896824618475
            ],
            [
              6.138435064895258,
              46.203951979310524
            ],
            [
              6.13840536587042,
              46.20400942525611
            ],
            [
              6.138383945592174,
              46.204068609213074
            ],
            [
              6.138371010349507,
              46.20412896120288
            ],
            [
              6.13836668471588,
              46.2041899
            ],
            [
              6.138371010349507,
              46.204250838729514
            ],
            [
              6.138383945592174,
              46.204311190519135
            ],
            [
              6.13840536587042,
              46.20437037415101
            ],
            [
              6.138435064895258,
              46.2044278196591
            ],
            [
              6.138472756648845,
              46.20448297381804
            ],
            [
              6.138518078138987,
              46.20453530547083
            ],
            [
              6.138570592894959,
              46.20458431064379
            ],
            [
              6.138629795170955,
              46.204629517399816
            ],
            [
              6.138695114816692,
              46.20467049038302
            ],
            [
              6.138765922768276,
              46.20470683501106
            ],
            [
              6.138841537106424,
              46.204738201274814
            ],
            [
              6.138921229623726,
              46.20476428710876
            ],
            [
              6.139004232837675,
              46.20478484129974
            ],
            [
              6.139089747381948,
              46.204799665905945
            ],
            [
              6.139176949704735,
              46.20480861816301
            ],
            [
              6.139265,
              46.20481161185868
            ],
            [
              6.139353050295264,
              46.20480861816301
            ],
            [
              6.13944025261805,
              46.204799665905945
            ],
            [
              6.139525767162323,
              46.20478484129974
            ],
            [
              6.139608770376272,
              46.20476428710876
            ],
            [
              6.139688462893575,
              46.204738201274814
            ],
            [
              6.139764077231722,
              46.20470683501106
            ],
            [
              6.139794949373763,
              46.20469098882028
            ],
            [
              6.139857947106425,
              46.2047171214852
            ],
            [
              6.139937639623727,
              46.20474320732916
            ],
            [
              6.140020642837677,
              46.20476376152802
            ],
            [
              6.14010615738195,
              46.204778586139916
            ],
            [
              6.140150488175747,
              46.204783137175
            ],
            [
              6.14016005738195,
              46.20478479607099
            ],
            [
              6.140247259704736,
              46.204793748330474
            ],
            [
              6.14033531,
              46.204796742026964
            ],
            [
              6.140423360295264,
              46.204793748330474
            ],
            [
              6.140510562618052,
              46.20478479607099
            ],
            [
              6.140596077162324,
              46.20476997146077
            ],
            [
              6.140679080376274,
              46.204749417264225
            ],
            [
              6.140758772893575,
              46.20472333142323
            ],
            [
              6.140834387231724,
              46.204691965150985
            ],
            [
              6.140905195183307,
              46.2046556205131
            ],
            [
              6.140970514829045,
              46.2046146475188
            ],
            [
              6.141029717105041,
              46.20456944075054
            ],
            [
              6.141082231861012,
              46.20452043556432
            ],
            [
              6.141127553351155,
              46.20446810389737
            ],
            [
              6.141165245104741,
              46.20441294972349
            ],
            [
              6.141194944129579,
              46.20435550419985
            ],
            [
              6.141216364407826,
              46.204296320551975
            ],
            [
              6.141229299650492,
              46.20423596874601
            ],
            [
              6.141231411220304,
              46.20420622133996
            ],
            [
              6.141314727162323,
              46.20419177772244
            ],
            [
              6.141397730376272,
              46.20417122330957
            ],
            [
              6.141477422893574,
              46.20414513719402
            ],
            [
              6.141553037231722,
              46.204113770591654
            ],
            [
              6.141623845183306,
              46.20407742557124
            ],
            [
              6.141689164829043,
              46.204036452145715
            ],
            [
              6.141748367105039,
              46.20399124490165
            ],
            [
              6.141800881861011,
              46.203942239199655
            ],
            [
              6.141846203351153,
              46.20388990698193
            ],
            [
              6.141883895104739,
              46.203834752227564
            ],
            [
              6.141913594129578,
              46.20377730609932
            ],
            [
              6.141935014407824,
              46.20371812182854
            ],
            [
              6.141947949650491,
              46.203657769387384
            ],
            [
              6.141952275284118,
              46.20359683
            ],
            [
              6.141947949650491,
              46.20353589054503
            ],
            [
              6.141935014407824,
              46.203475537903685
            ],
            [
              6.141913594129578,
              46.2034163533078
            ],
            [
              6.141885820048473,
              46.203362630145826
            ],
            [
              6.141899277231723,
              46.20335704771213
            ],
            [
              6.141970085183306,
              46.203320702191085
            ],
            [
              6.142035404829044,
              46.203279728201174
            ],
            [
              6.14209460710504,
              46.20323452033442
            ],
            [
              6.142147121861012,
              46.2031855139574
            ],
            [
              6.142192443351155,
              46.203133181018835
            ],
            [
              6.14223013510474,
              46.203078025504745
            ],
            [
              6.142259834129579,
              46.203020578585225
            ],
            [
              6.142281254407825,
              46.20296139349923
            ],
            [
              6.142294189650491,
              46.20290104022677
            ],
            [
              6.14229851528412,
              46.2028401
            ],
            [
              6.142294189650491,
              46.20277915970562
            ],
            [
              6.142281254407825,
              46.20271880623297
            ],
            [
              6.142259834129579,
              46.20265962082187
            ],
            [
              6.14223013510474,
              46.20260217346485
            ],
            [
              6.142192443351155,
              46.202547017417665
            ],
            [
              6.142147121861012,
              46.20249468387088
            ],
            [
              6.14209460710504,
              46.20244567683392
            ],
            [
              6.142035404829044,
              46.20240046828084
            ],
            [
              6.141970085183306,
              46.202359493604604
            ],
            [
              6.141899277231723,
              46.20232314742362
            ],
            [
              6.141823662893575,
              46.202291779780985
            ],
            [
              6.141743970376274,
              46.20226569277302
            ],
            [
              6.141660967162323,
              46.202245137639515
            ],
            [
              6.141575452618051,
              46.202230312343964
            ],
            [
              6.141488250295263,
              46.20222135966675
            ],
            [
              6.1414002,
              46.20221836582993
            ],
            [
              6.141312149704736,
              46.20222135966675
            ],
            [
              6.141224947381949,
              46.202230312343964
            ],
            [
              6.141139432837677,
              46.202245137639515
            ],
            [
              6.141056429623727,
              46.20226569277302
            ],
            [
              6.140976737106425,
              46.202291779780985
            ],
            [
              6.140901122768277,
              46.20232314742362
            ],
            [
              6.140830314816693,
              46.202359493604604
            ],
            [
              6.140764995170955,
              46.20240046828084
            ],
            [
              6.14070579289496,
              46.20244567683392
            ],
            [
              6.140653278138989,
              46.20249468387088
            ],
            [
              6.140607956648846,
              46.202547017417665
            ],
            [
              6.14057026489526,
              46.20260217346485
            ],
            [
              6.140540565870421,
              46.20265962082187
            ],
            [
              6.140519145592175,
              46.20271880623297
            ],
            [
              6.140506210349508,
              46.20277915970562
            ],
            [
              6.14050188471588,
              46.2028401
            ],
            [
              6.140506210349508,
              46.20290104022677
            ],
            [
              6.140519145592175,
              46.20296139349923
            ],
            [
              6.140540565870421,
              46.203020578585225
            ],
            [
              6.140568339951527,
              46.203074302081696
            ],
            [
              6.140554882768276,
              46.203079884544124
            ],
            [
              6.140484074816691,
              46.203116230224474
            ],
            [
              6.140418755170955,
              46.203157204336335
            ],
            [
              6.140417303777732,
              46.203158312646934
            ],
            [
              6.140349297231723,
              46.20312340495362
            ]
          ]
        ]
      }
    },
    {
      "type": "Feature",
      "properties": {
        "cluster": 20
      },
      "geometry": {
        "type": "Polygon",
        "coordinates": [
          [
            [
              6.14863573510474,
              46.19710104964226
            ],
            [
              6.148598043351154,
              46.19704588807254
            ],
            [
              6.148552721861011,
              46.19699354928584
            ],
            [
              6.14850020710504,
              46.19694453734203
            ],
            [
              6.148441004829045,
              46.196899324262425
            ],
            [
              6.148375685183307,
              46.19685834548359
            ],
            [
              6.148304877231723,
              46.19682199566344
            ],
            [
              6.148229262893575,
              46.19679062488011
            ],
            [
              6.148149570376273,
              46.19676453526018
            ],
            [
              6.148066567162323,
              46.1967439780686
            ],
            [
              6.147981052618051,
              46.196729151288665
            ],
            [
              6.147893850295264,
              46.19672019771506
            ],
            [
              6.1478058,
              46.19671720357848
            ],
            [
              6.147717749704736,
              46.19672019771506
            ],
            [
              6.147630547381949,
              46.196729151288665
            ],
            [
              6.147545032837677,
              46.1967439780686
            ],
            [
              6.147462029623727,
              46.19676453526018
            ],
            [
              6.147382337106425,
              46.19679062488011
            ],
            [
              6.147306722768277,
              46.19682199566344
            ],
            [
              6.147235914816693,
              46.19685834548359
            ],
            [
              6.147170595170956,
              46.196899324262425
            ],
            [
              6.14711139289496,
              46.19694453734203
            ],
            [
              6.147058878138989,
              46.19699354928584
            ],
            [
              6.147013556648846,
              46.19704588807254
            ],
            [
              6.146984918144883,
              46.19708780029135
            ],
            [
              6.146945207105039,
              46.197050738104394
            ],
            [
              6.146886004829044,
              46.197005525112175
            ],
            [
              6.146820685183306,
              46.19696454641253
            ],
            [
              6.146749877231723,
              46.19692819666264
            ],
            [
              6.146674262893575,
              46.19689682593994
            ],
            [
              6.146594570376273,
              46.19687073637043
            ],
            [
              6.146511567162324,
              46.19685017921857
            ],
            [
              6.14642605261805,
              46.196835352467296
            ],
            [
              6.146338850295264,
              46.196826398911
            ],
            [
              6.1462508,
              46.196823404780204
            ],
            [
              6.146162749704735,
              46.196826398911
            ],
            [
              6.146075547381948,
              46.196835352467296
            ],
            [
              6.145990032837676,
              46.19685017921857
            ],
            [
              6.145907029623727,
              46.19687073637043
            ],
            [
              6.145827337106424,
              46.19689682593994
            ],
            [
              6.145751722768276,
              46.19692819666264
            ],
            [
              6.145680914816692,
              46.19696454641253
            ],
            [
              6.145615595170955,
              46.197005525112175
            ],
            [
              6.145556392894959,
              46.197050738104394
            ],
            [
              6.145503878138988,
              46.19709974995348
            ],
            [
              6.145458556648846,
              46.19715208863904
            ],
            [
              6.145420864895259,
              46.19720725010214
            ],
            [
              6.145391165870421,
              46.197264703100075
            ],
            [
              6.145369745592174,
              46.19732389432277
            ],
            [
              6.145356810349508,
              46.1973842537217
            ],
            [
              6.145352484715881,
              46.1974452
            ],
            [
              6.145356810349508,
              46.19750614621069
            ],
            [
              6.145369745592174,
              46.19756650540944
            ],
            [
              6.145391165870421,
              46.19762569630702
            ],
            [
              6.145420864895259,
              46.197683148867455
            ],
            [
              6.145458556648846,
              46.197738309797465
            ],
            [
              6.145503878138988,
              46.1977906478748
            ],
            [
              6.145556392894959,
              46.19783965906392
            ],
            [
              6.145615595170955,
              46.197884871369816
            ],
            [
              6.145680914816692,
              46.19792584938314
            ],
            [
              6.145751722768276,
              46.197962198473085
            ],
            [
              6.145827337106424,
              46.19799356858756
            ],
            [
              6.145907029623727,
              46.19801965762397
            ],
            [
              6.145990032837676,
              46.19804021433832
            ],
            [
              6.146075547381948,
              46.19805504076449
            ],
            [
              6.146162749704735,
              46.198063994120595
            ],
            [
              6.14623659519196,
              46.19806650516336
            ],
            [
              6.146242745592175,
              46.19809520424228
            ],
            [
              6.146264165870422,
              46.198154394570366
            ],
            [
              6.14629386489526,
              46.198211846578
            ],
            [
              6.146331556648845,
              46.198267006977275
            ],
            [
              6.146376878138988,
              46.198319344551024
            ],
            [
              6.14642939289496,
              46.198368355268585
            ],
            [
              6.146488595170957,
              46.19841356713946
            ],
            [
              6.146553914816693,
              46.198454544758505
            ],
            [
              6.146561049638969,
              46.198458207368034
            ],
            [
              6.146541945592173,
              46.19851099694341
            ],
            [
              6.146529010349507,
              46.198571355038375
            ],
            [
              6.14652468471588,
              46.1986323
            ],
            [
              6.146529010349507,
              46.19869324489402
            ],
            [
              6.146541945592173,
              46.198753602788784
            ],
            [
              6.14656336587042,
              46.19881279240764
            ],
            [
              6.146593064895259,
              46.19887024372688
            ],
            [
              6.146630756648845,
              46.198925403465196
            ],
            [
              6.146676078138988,
              46.19897774041183
            ],
            [
              6.146728592894958,
              46.19902675054214
            ],
            [
              6.146787795170955,
              46.19907196187127
            ],
            [
              6.146853114816692,
              46.199112938999306
            ],
            [
              6.146923922768276,
              46.199149287303975
            ],
            [
              6.146999537106424,
              46.19918065674074
            ],
            [
              6.147079229623726,
              46.19920674521353
            ],
            [
              6.147162232837676,
              46.199227301483766
            ],
            [
              6.147247747381948,
              46.19924212758963
            ],
            [
              6.147334949704735,
              46.19925108075231
            ],
            [
              6.147423,
              46.199254074750826
            ],
            [
              6.147511050295263,
              46.19925108075231
            ],
            [
              6.14759825261805,
              46.19924212758963
            ],
            [
              6.147683767162323,
              46.199227301483766
            ],
            [
              6.147766770376273,
              46.19920674521353
            ],
            [
              6.147846462893575,
              46.19918065674074
            ],
            [
              6.147922077231723,
              46.199149287303975
            ],
            [
              6.147992885183306,
              46.199112938999306
            ],
            [
              6.148058204829043,
              46.19907196187127
            ],
            [
              6.14811740710504,
              46.19902675054214
            ],
            [
              6.148169921861011,
              46.19897774041183
            ],
            [
              6.148215243351154,
              46.198925403465196
            ],
            [
              6.14825293510474,
              46.19887024372688
            ],
            [
              6.148282634129578,
              46.19881279240764
            ],
            [
              6.148304054407824,
              46.198753602788784
            ],
            [
              6.148316989650491,
              46.19869324489402
            ],
            [
              6.148318572768405,
              46.198670939972295
            ],
            [
              6.148324815104741,
              46.1986618046295
            ],
            [
              6.148354514129579,
              46.19860435309232
            ],
            [
              6.148375934407825,
              46.19854516324894
            ],
            [
              6.148388869650492,
              46.19848480512522
            ],
            [
              6.148393195284119,
              46.19842386
            ],
            [
              6.148389686276584,
              46.19837442051045
            ],
            [
              6.148455752618051,
              46.19836763729517
            ],
            [
              6.148541267162324,
              46.19835281095334
            ],
            [
              6.148624270376273,
              46.19833225435595
            ],
            [
              6.148703962893576,
              46.19830616546795
            ],
            [
              6.148779577231723,
              46.19827479553193
            ],
            [
              6.148850385183307,
              46.19823844664877
            ],
            [
              6.148915704829045,
              46.19819746886858
            ],
            [
              6.14897490710504,
              46.198152256819895
            ],
            [
              6.149027421861012,
              46.19810324590958
            ],
            [
              6.149072743351154,
              46.19805090812999
            ],
            [
              6.14911043510474,
              46.197995747513794
            ],
            [
              6.149140134129579,
              46.19793829528021
            ],
            [
              6.149161554407826,
              46.19787910471934
            ],
            [
              6.149174489650492,
              46.19781874586397
            ],
            [
              6.149178815284119,
              46.1977578
            ],
            [
              6.149174489650492,
              46.197696854068425
            ],
            [
              6.149161554407826,
              46.19763649501286
            ],
            [
              6.149140134129579,
              46.1975773041269
            ],
            [
              6.14911043510474,
              46.1975198514558
            ],
            [
              6.149072743351154,
              46.1974646903065
            ],
            [
              6.149027421861012,
              46.1974123519187
            ],
            [
              6.14897490710504,
              46.19736334034843
            ],
            [
              6.148915704829045,
              46.197318127613414
            ],
            [
              6.148850385183307,
              46.19727714914689
            ],
            [
              6.148779577231723,
              46.19724079960378
            ],
            [
              6.148703962893576,
              46.197209429059555
            ],
            [
              6.148681162210087,
              46.19720196466324
            ],
            [
              6.14866543412958,
              46.197158502751236
            ],
            [
              6.14863573510474,
              46.19710104964226
            ]
          ]
        ]
      }
    },
    {
      "type": "Feature",
      "properties": {
        "cluster": 21
      },
      "geometry": {
        "type": "MultiPolygon",
        "coordinates": [
          [
            [
              [
                6.149823004829044,
                46.2127438510563
              ],
              [
                6.149757685183307,
                46.212702884094895
              ],
              [
                6.149686877231723,
                46.21266654475727
              ],
              [
                6.149611262893575,
                46.212635183020616
              ],
              [
                6.149531570376273,
                46.21260910092438
              ],
              [
                6.149448567162323,
                46.21258854966105
              ],
              [
                6.14936305261805,
                46.21257372715685
              ],
              [
                6.149275850295264,
                46.21256477616526
              ],
              [
                6.1491878,
                46.212561782892124
              ],
              [
                6.149099749704736,
                46.21256477616526
              ],
              [
                6.149012547381949,
                46.21257372715685
              ],
              [
                6.148927032837676,
                46.21258854966105
              ],
              [
                6.148844029623726,
                46.21260910092438
              ],
              [
                6.148764337106424,
                46.212635183020616
              ],
              [
                6.148688722768276,
                46.21266654475727
              ],
              [
                6.148617914816693,
                46.212702884094895
              ],
              [
                6.148552595170956,
                46.2127438510563
              ],
              [
                6.148493392894959,
                46.212789051097374
              ],
              [
                6.148440878138988,
                46.212838048907145
              ],
              [
                6.148395556648845,
                46.21289037260039
              ],
              [
                6.148374770264937,
                46.212920784535484
              ],
              [
                6.1483013,
                46.21291828692724
              ],
              [
                6.148213249704735,
                46.21292128018094
              ],
              [
                6.148126047381949,
                46.21293023111442
              ],
              [
                6.148040532837675,
                46.21294505352241
              ],
              [
                6.147957529623727,
                46.21296560465233
              ],
              [
                6.147877837106424,
                46.21299168657927
              ],
              [
                6.147802222768277,
                46.21302304811235
              ],
              [
                6.147731414816692,
                46.21305938721408
              ],
              [
                6.147666095170956,
                46.21310035390955
              ],
              [
                6.147606892894959,
                46.21314555365723
              ],
              [
                6.147554378138988,
                46.21319455114893
              ],
              [
                6.147509056648845,
                46.21324687450253
              ],
              [
                6.14747136489526,
                46.213302019806775
              ],
              [
                6.147441665870421,
                46.213359455974555
              ],
              [
                6.147420245592174,
                46.21341862985788
              ],
              [
                6.147407310349508,
                46.213478971575235
              ],
              [
                6.14740298471588,
                46.2135399
              ],
              [
                6.147407310349508,
                46.21360082835716
              ],
              [
                6.147420245592174,
                46.21366116987432
              ],
              [
                6.147441665870421,
                46.213720343432556
              ],
              [
                6.14747136489526,
                46.21377777916285
              ],
              [
                6.147509056648845,
                46.213832923934
              ],
              [
                6.147554378138988,
                46.21388524667939
              ],
              [
                6.147606892894959,
                46.21393424351116
              ],
              [
                6.147666095170956,
                46.213979442572516
              ],
              [
                6.147731414816692,
                46.21402040858168
              ],
              [
                6.147802222768277,
                46.21405674702348
              ],
              [
                6.147877837106424,
                46.21408810794835
              ],
              [
                6.147957529623727,
                46.214114189342204
              ],
              [
                6.148040532837675,
                46.21413474003462
              ],
              [
                6.148126047381949,
                46.21414956211752
              ],
              [
                6.148213249704735,
                46.21415851285081
              ],
              [
                6.1483013,
                46.21416150603692
              ],
              [
                6.148389350295264,
                46.21415851285081
              ],
              [
                6.148476552618051,
                46.21414956211752
              ],
              [
                6.148562067162324,
                46.21413474003462
              ],
              [
                6.148645070376273,
                46.214114189342204
              ],
              [
                6.148680794264979,
                46.21410249779673
              ],
              [
                6.148741349704737,
                46.21410871341177
              ],
              [
                6.1488294,
                46.2141117066006
              ],
              [
                6.148917450295265,
                46.21410871341177
              ],
              [
                6.149004652618052,
                46.214099762670365
              ],
              [
                6.149090167162324,
                46.214084940574025
              ],
              [
                6.149173170376274,
                46.21406438986297
              ],
              [
                6.149252862893575,
                46.21403830844547
              ],
              [
                6.149328477231724,
                46.21400694749216
              ],
              [
                6.149399285183307,
                46.21397060901741
              ],
              [
                6.149464604829045,
                46.213929642971095
              ],
              [
                6.149523807105041,
                46.21388444386875
              ],
              [
                6.149576321861012,
                46.21383544699255
              ],
              [
                6.149621643351155,
                46.21378312419971
              ],
              [
                6.149631548819571,
                46.21376863203551
              ],
              [
                6.149649518138987,
                46.21378937728225
              ],
              [
                6.149702032894959,
                46.21383837419955
              ],
              [
                6.149761235170955,
                46.21388357333981
              ],
              [
                6.149785997323674,
                46.21389910325534
              ],
              [
                6.149800852894959,
                46.21391296366396
              ],
              [
                6.149860055170955,
                46.213958162742834
              ],
              [
                6.149925374816693,
                46.213999128767874
              ],
              [
                6.14994285721576,
                46.21400810069167
              ],
              [
                6.149958865170956,
                46.21402032224534
              ],
              [
                6.150024184816694,
                46.214061288224
              ],
              [
                6.150094992768278,
                46.214097626638754
              ],
              [
                6.150170607106426,
                46.214128987540285
              ],
              [
                6.150250299623727,
                46.21415506891472
              ],
              [
                6.150333302837677,
                46.21417561959184
              ],
              [
                6.150363674061807,
                46.2141808837783
              ],
              [
                6.150391878138987,
                46.21421344461556
              ],
              [
                6.150444392894959,
                46.21426244115451
              ],
              [
                6.150503595170955,
                46.214307639945744
              ],
              [
                6.150568914816692,
                46.2143486057101
              ],
              [
                6.150639722768276,
                46.21438494393473
              ],
              [
                6.150715337106424,
                46.214416304672184
              ],
              [
                6.150795029623726,
                46.21444238591017
              ],
              [
                6.150878032837675,
                46.214462936479784
              ],
              [
                6.150963547381949,
                46.214477758474096
              ],
              [
                6.151050749704735,
                46.214486709153896
              ],
              [
                6.1511388,
                46.21448970232212
              ],
              [
                6.151226850295263,
                46.214486709153896
              ],
              [
                6.151314052618051,
                46.214477758474096
              ],
              [
                6.151399567162323,
                46.214462936479784
              ],
              [
                6.151482570376273,
                46.21444238591017
              ],
              [
                6.151562262893575,
                46.214416304672184
              ],
              [
                6.151637877231723,
                46.21438494393473
              ],
              [
                6.151708685183306,
                46.2143486057101
              ],
              [
                6.151774004829043,
                46.214307639945744
              ],
              [
                6.151833207105039,
                46.21426244115451
              ],
              [
                6.151885721861011,
                46.21421344461556
              ],
              [
                6.151931043351154,
                46.21416112218286
              ],
              [
                6.15196873510474,
                46.214105977741255
              ],
              [
                6.151998434129578,
                46.21404854235421
              ],
              [
                6.152019854407825,
                46.213989369149616
              ],
              [
                6.152032789650491,
                46.21392902799305
              ],
              [
                6.152037115284118,
                46.2138681
              ],
              [
                6.152032789650491,
                46.213807171939344
              ],
              [
                6.152019854407825,
                46.21374683058261
              ],
              [
                6.151998434129578,
                46.213687657052915
              ],
              [
                6.15196873510474,
                46.21363022122838
              ],
              [
                6.151931043351154,
                46.21357507625368
              ],
              [
                6.151885721861011,
                46.21352275321278
              ],
              [
                6.151833207105039,
                46.21347375601389
              ],
              [
                6.151774004829043,
                46.21342855653634
              ],
              [
                6.151708685183306,
                46.213387590085674
              ],
              [
                6.151637877231723,
                46.21335125120111
              ],
              [
                6.151562262893575,
                46.21331988985545
              ],
              [
                6.151482570376273,
                46.21329380808439
              ],
              [
                6.151399567162323,
                46.213273257077276
              ],
              [
                6.151369195938194,
                46.213267992803814
              ],
              [
                6.151362431338314,
                46.213260183125215
              ],
              [
                6.151359354407824,
                46.2132458294763
              ],
              [
                6.151337934129578,
                46.21318665540679
              ],
              [
                6.151308235104739,
                46.213129219058295
              ],
              [
                6.151270543351154,
                46.213074073580536
              ],
              [
                6.151225221861011,
                46.2130217500623
              ],
              [
                6.151172707105038,
                46.212972752416434
              ],
              [
                6.151113504829043,
                46.21292755252655
              ],
              [
                6.151048185183305,
                46.212886585702165
              ],
              [
                6.150977377231722,
                46.2128502464861
              ],
              [
                6.150901762893574,
                46.21281888485434
              ],
              [
                6.150822070376273,
                46.21279280284534
              ],
              [
                6.150739067162323,
                46.212772251650755
              ],
              [
                6.15065355261805,
                46.21275742919613
              ],
              [
                6.150566350295263,
                46.21274847823449
              ],
              [
                6.1504783,
                46.212745484971364
              ],
              [
                6.150390249704734,
                46.21274847823449
              ],
              [
                6.150303047381948,
                46.21275742919613
              ],
              [
                6.150217532837675,
                46.212772251650755
              ],
              [
                6.150134529623726,
                46.21279280284534
              ],
              [
                6.150054837106424,
                46.21281888485434
              ],
              [
                6.149979222768276,
                46.2128502464861
              ],
              [
                6.149955730205837,
                46.212862303062685
              ],
              [
                6.149934721861011,
                46.212838048907145
              ],
              [
                6.149882207105041,
                46.212789051097374
              ],
              [
                6.149823004829044,
                46.2127438510563
              ]
            ]
          ],
          [
            [
              [
                6.15037703510474,
                46.21449752498511
              ],
              [
                6.150339343351154,
                46.21444238088131
              ],
              [
                6.150294021861011,
                46.21439005866672
              ],
              [
                6.150241507105039,
                46.21434106224162
              ],
              [
                6.150182304829044,
                46.21429586347789
              ],
              [
                6.150116985183306,
                46.2142548976742
              ],
              [
                6.150046177231723,
                46.21421855936352
              ],
              [
                6.149970562893575,
                46.214187198513144
              ],
              [
                6.149890870376272,
                46.21416111715397
              ],
              [
                6.149807867162323,
                46.214140566471414
              ],
              [
                6.149722352618051,
                46.214125744386095
              ],
              [
                6.149635150295263,
                46.21411679364746
              ],
              [
                6.1495471,
                46.21411380045891
              ],
              [
                6.149459049704735,
                46.21411679364746
              ],
              [
                6.149371847381949,
                46.214125744386095
              ],
              [
                6.149286332837676,
                46.214140566471414
              ],
              [
                6.149203329623727,
                46.21416111715397
              ],
              [
                6.149123637106424,
                46.214187198513144
              ],
              [
                6.149048022768277,
                46.21421855936352
              ],
              [
                6.148977214816692,
                46.2142548976742
              ],
              [
                6.148911895170955,
                46.21429586347789
              ],
              [
                6.148852692894959,
                46.21434106224162
              ],
              [
                6.148800178138988,
                46.21439005866672
              ],
              [
                6.148754856648845,
                46.21444238088131
              ],
              [
                6.14871716489526,
                46.21449752498511
              ],
              [
                6.14868746587042,
                46.214554959902586
              ],
              [
                6.148666045592174,
                46.21461413249777
              ],
              [
                6.148653110349508,
                46.214674472901564
              ],
              [
                6.14864878471588,
                46.21473539999999
              ],
              [
                6.148653110349508,
                46.214796327030825
              ],
              [
                6.148666045592174,
                46.21485666723442
              ],
              [
                6.14868746587042,
                46.21491583950452
              ],
              [
                6.14871716489526,
                46.214973273984505
              ],
              [
                6.148754856648845,
                46.21502841755521
              ],
              [
                6.148800178138988,
                46.2150807391616
              ],
              [
                6.148852692894959,
                46.215129734926755
              ],
              [
                6.148911895170955,
                46.215174933004185
              ],
              [
                6.148977214816692,
                46.21521589812156
              ],
              [
                6.149048022768277,
                46.21525223577231
              ],
              [
                6.149123637106424,
                46.215283596014494
              ],
              [
                6.149203329623727,
                46.215309676840576
              ],
              [
                6.149286332837676,
                46.21533022708563
              ],
              [
                6.149371847381949,
                46.21534504884586
              ],
              [
                6.149459049704735,
                46.215353999384305
              ],
              [
                6.1495471,
                46.21535699250526
              ],
              [
                6.149635150295263,
                46.215353999384305
              ],
              [
                6.149722352618051,
                46.21534504884586
              ],
              [
                6.149807867162323,
                46.21533022708563
              ],
              [
                6.149890870376272,
                46.215309676840576
              ],
              [
                6.149970562893575,
                46.215283596014494
              ],
              [
                6.150046177231723,
                46.21525223577231
              ],
              [
                6.150116985183306,
                46.21521589812156
              ],
              [
                6.150182304829044,
                46.215174933004185
              ],
              [
                6.150241507105039,
                46.215129734926755
              ],
              [
                6.150294021861011,
                46.2150807391616
              ],
              [
                6.150339343351154,
                46.21502841755521
              ],
              [
                6.15037703510474,
                46.214973273984505
              ],
              [
                6.150406734129579,
                46.21491583950452
              ],
              [
                6.150428154407825,
                46.21485666723442
              ],
              [
                6.150441089650491,
                46.214796327030825
              ],
              [
                6.150445415284119,
                46.21473539999999
              ],
              [
                6.150441089650491,
                46.214674472901564
              ],
              [
                6.150428154407825,
                46.21461413249777
              ],
              [
                6.150406734129579,
                46.214554959902586
              ],
              [
                6.15037703510474,
                46.21449752498511
              ]
            ]
          ]
        ]
      }
    },
    {
      "type": "Feature",
      "properties": {
        "cluster": 22
      },
      "geometry": {
        "type": "Polygon",
        "coordinates": [
          [
            [
              6.161110594129579,
              46.20494577833217
            ],
            [
              6.16108089510474,
              46.204888333365695
            ],
            [
              6.161043203351154,
              46.204833179613715
            ],
            [
              6.160997881861012,
              46.204780848244695
            ],
            [
              6.16094536710504,
              46.20473184324705
            ],
            [
              6.160886164829044,
              46.204686636575225
            ],
            [
              6.160820845183307,
              46.20464566360406
            ],
            [
              6.160750037231723,
              46.204609318935546
            ],
            [
              6.160674422893575,
              46.20457795259821
            ],
            [
              6.160594730376273,
              46.204551866675786
            ],
            [
              6.160511727162324,
              46.20453131239764
            ],
            [
              6.16042621261805,
              46.20451648771901
            ],
            [
              6.160339010295264,
              46.20450753541435
            ],
            [
              6.16025096,
              46.20450454170211
            ],
            [
              6.160162909704735,
              46.20450753541435
            ],
            [
              6.160075707381949,
              46.20451648771901
            ],
            [
              6.159990192837676,
              46.20453131239764
            ],
            [
              6.159907189623727,
              46.204551866675786
            ],
            [
              6.159827497106424,
              46.20457795259821
            ],
            [
              6.159751882768277,
              46.204609318935546
            ],
            [
              6.159681074816692,
              46.20464566360406
            ],
            [
              6.159662560784314,
              46.20465727688073
            ],
            [
              6.159661377231724,
              46.20465666938111
            ],
            [
              6.159585762893576,
              46.2046253030708
            ],
            [
              6.159506070376274,
              46.204599217170866
            ],
            [
              6.159423067162324,
              46.20457866291044
            ],
            [
              6.159337552618052,
              46.20456383824459
            ],
            [
              6.159250350295265,
              46.204554885947644
            ],
            [
              6.1591623,
              46.20455189223798
            ],
            [
              6.159074249704736,
              46.204554885947644
            ],
            [
              6.15898704738195,
              46.20456383824459
            ],
            [
              6.158901532837677,
              46.20457866291044
            ],
            [
              6.158818529623727,
              46.204599217170866
            ],
            [
              6.158738837106426,
              46.2046253030708
            ],
            [
              6.158663222768277,
              46.20465666938111
            ],
            [
              6.158592414816694,
              46.204693014018304
            ],
            [
              6.158527095170957,
              46.20473398695415
            ],
            [
              6.158467892894961,
              46.204779193587015
            ],
            [
              6.158415378138989,
              46.20482819854241
            ],
            [
              6.158412465997428,
              46.20483156110377
            ],
            [
              6.158348777231723,
              46.204798870719195
            ],
            [
              6.158273162893575,
              46.20476750449008
            ],
            [
              6.158193470376273,
              46.20474141865767
            ],
            [
              6.158110467162324,
              46.20472086445044
            ],
            [
              6.15802495261805,
              46.20470603982297
            ],
            [
              6.157937750295264,
              46.204697087549185
            ],
            [
              6.1578497,
              46.20469409384728
            ],
            [
              6.157761649704735,
              46.204697087549185
            ],
            [
              6.157674447381949,
              46.20470603982297
            ],
            [
              6.157588932837676,
              46.20472086445044
            ],
            [
              6.157505929623727,
              46.20474141865767
            ],
            [
              6.157426237106424,
              46.20476750449008
            ],
            [
              6.157350622768277,
              46.204798870719195
            ],
            [
              6.157279814816692,
              46.20483521526231
            ],
            [
              6.157214495170956,
              46.20487618809209
            ],
            [
              6.157155292894959,
              46.204921394607936
            ],
            [
              6.157102778138988,
              46.20497039943648
            ],
            [
              6.157057456648846,
              46.20502273062495
            ],
            [
              6.15701976489526,
              46.20507788418663
            ],
            [
              6.156990065870421,
              46.20513532895488
            ],
            [
              6.156968645592174,
              46.205194511698885
            ],
            [
              6.156955710349508,
              46.205254862451795
            ],
            [
              6.156951384715881,
              46.2053158
            ],
            [
              6.156955710349508,
              46.20537673748059
            ],
            [
              6.156968645592174,
              46.20543708803332
            ],
            [
              6.156990065870421,
              46.20549627045223
            ],
            [
              6.15701976489526,
              46.20555371478299
            ],
            [
              6.157057456648846,
              46.20560886781156
            ],
            [
              6.157102778138988,
              46.20566119839181
            ],
            [
              6.157155292894959,
              46.205710202560425
            ],
            [
              6.157214495170956,
              46.20575540838994
            ],
            [
              6.157279814816692,
              46.20579638053341
            ],
            [
              6.157350622768277,
              46.20583272441658
            ],
            [
              6.157426237106424,
              46.20586409003748
            ],
            [
              6.157505929623727,
              46.2058901753368
            ],
            [
              6.157588932837676,
              46.20591072910652
            ],
            [
              6.157674447381949,
              46.205925553408896
            ],
            [
              6.157761649704735,
              46.20593450548248
            ],
            [
              6.1578497,
              46.20593749911681
            ],
            [
              6.157937750295264,
              46.20593450548248
            ],
            [
              6.15802495261805,
              46.205925553408896
            ],
            [
              6.158110467162324,
              46.20591072910652
            ],
            [
              6.158193470376273,
              46.2058901753368
            ],
            [
              6.158273162893575,
              46.20586409003748
            ],
            [
              6.158275946660531,
              46.20586293530206
            ],
            [
              6.15826219489526,
              46.20588305767375
            ],
            [
              6.158232495870421,
              46.20594050160004
            ],
            [
              6.158211075592175,
              46.20599968347661
            ],
            [
              6.158198140349509,
              46.20606003334497
            ],
            [
              6.158193814715881,
              46.20612097
            ],
            [
              6.158198140349509,
              46.206181906587425
            ],
            [
              6.158211075592175,
              46.2062422562556
            ],
            [
              6.158232495870421,
              46.20630143780707
            ],
            [
              6.15826219489526,
              46.20635888129586
            ],
            [
              6.158299886648845,
              46.20641403351605
            ],
            [
              6.158345208138988,
              46.20646636332929
            ],
            [
              6.158397722894961,
              46.20651536677964
            ],
            [
              6.158456925170956,
              46.20656057194657
            ],
            [
              6.158522244816694,
              46.20660154348951
            ],
            [
              6.158593052768277,
              46.20663788683998
            ],
            [
              6.158668667106425,
              46.206669252001156
            ],
            [
              6.158748359623727,
              46.20669533691813
            ],
            [
              6.158831362837677,
              46.20671589038659
            ],
            [
              6.158916877381949,
              46.20673071447168
            ],
            [
              6.159004079704737,
              46.20673966641406
            ],
            [
              6.15909213,
              46.2067426600045
            ],
            [
              6.159180180295265,
              46.20673966641406
            ],
            [
              6.159267382618051,
              46.20673071447168
            ],
            [
              6.159352897162324,
              46.20671589038659
            ],
            [
              6.159435900376273,
              46.20669533691813
            ],
            [
              6.159515592893576,
              46.206669252001156
            ],
            [
              6.159591207231723,
              46.20663788683998
            ],
            [
              6.159662015183308,
              46.20660154348951
            ],
            [
              6.159727334829045,
              46.20656057194657
            ],
            [
              6.159786537105041,
              46.20651536677964
            ],
            [
              6.159839051861012,
              46.20646636332929
            ],
            [
              6.159884373351154,
              46.20641403351605
            ],
            [
              6.15992206510474,
              46.20635888129586
            ],
            [
              6.15995176412958,
              46.20630143780707
            ],
            [
              6.159973184407826,
              46.2062422562556
            ],
            [
              6.159986119650491,
              46.206181906587425
            ],
            [
              6.159990445284119,
              46.20612097
            ],
            [
              6.159986119650491,
              46.20606003334497
            ],
            [
              6.159982575690437,
              46.20604349887066
            ],
            [
              6.160023278138988,
              46.206090495692585
            ],
            [
              6.16007579289496,
              46.206139499478226
            ],
            [
              6.160134995170956,
              46.20618470495447
            ],
            [
              6.160200314816693,
              46.20622567677776
            ],
            [
              6.160271122768276,
              46.206262020376904
            ],
            [
              6.160346737106424,
              46.20629338575269
            ],
            [
              6.160426429623727,
              46.20631947084814
            ],
            [
              6.160509432837676,
              46.20634002445725
            ],
            [
              6.160594947381949,
              46.20635484864377
            ],
            [
              6.160682149704736,
              46.2063638006474
            ],
            [
              6.1607702,
              46.20636679425833
            ],
            [
              6.160858250295265,
              46.2063638006474
            ],
            [
              6.16094545261805,
              46.20635484864377
            ],
            [
              6.161030967162324,
              46.20634002445725
            ],
            [
              6.161113970376273,
              46.20631947084814
            ],
            [
              6.161193662893576,
              46.20629338575269
            ],
            [
              6.161269277231723,
              46.206262020376904
            ],
            [
              6.161340085183308,
              46.20622567677776
            ],
            [
              6.161405404829044,
              46.20618470495447
            ],
            [
              6.161464607105041,
              46.206139499478226
            ],
            [
              6.161517121861012,
              46.206090495692585
            ],
            [
              6.161562443351154,
              46.206038165521285
            ],
            [
              6.16160013510474,
              46.20598301292372
            ],
            [
              6.161629834129579,
              46.20592556904189
            ],
            [
              6.161651254407825,
              46.20586638708548
            ],
            [
              6.161664189650492,
              46.20580603700437
            ],
            [
              6.161668515284119,
              46.2057451
            ],
            [
              6.161664189650492,
              46.205684162928016
            ],
            [
              6.161651254407825,
              46.20562381264672
            ],
            [
              6.161629834129579,
              46.20556463036521
            ],
            [
              6.16160013510474,
              46.20550718604588
            ],
            [
              6.161562443351154,
              46.20545203291521
            ],
            [
              6.161517121861012,
              46.2053997021357
            ],
            [
              6.161464607105041,
              46.20535069769012
            ],
            [
              6.161405404829044,
              46.205305491527554
            ],
            [
              6.161340085183308,
              46.20526451901796
            ],
            [
              6.161269277231723,
              46.205228174758865
            ],
            [
              6.161229070741959,
              46.20521149649418
            ],
            [
              6.161209404129578,
              46.20515715902659
            ],
            [
              6.16117970510474,
              46.20509971428116
            ],
            [
              6.16114587139186,
              46.2050502061327
            ],
            [
              6.161138766358478,
              46.205036463342545
            ],
            [
              6.161132014407825,
              46.20500496128037
            ],
            [
              6.161110594129579,
              46.20494577833217
            ]
          ]
        ]
      }
    },
    {
      "type": "Feature",
      "properties": {
        "cluster": 23
      },
      "geometry": {
        "type": "Polygon",
        "coordinates": [
          [
            [
              6.138616754407826,
              46.20306750700283
            ],
            [
              6.13859533412958,
              46.20300832196739
            ],
            [
              6.138565635104741,
              46.20295087497498
            ],
            [
              6.138527943351154,
              46.20289571927787
            ],
            [
              6.138482621861012,
              46.20284338606325
            ],
            [
              6.13843010710504,
              46.202794379337334
            ],
            [
              6.138370904829045,
              46.20274917107119
            ],
            [
              6.138305585183307,
              46.202708196655024
            ],
            [
              6.138234777231723,
              46.202671850704725
            ],
            [
              6.138159162893575,
              46.202640483261185
            ],
            [
              6.138079470376273,
              46.20261439641878
            ],
            [
              6.137996467162324,
              46.20259384141575
            ],
            [
              6.137910952618052,
              46.202579016214294
            ],
            [
              6.137823750295264,
              46.2025700635939
            ],
            [
              6.1377357,
              46.20256706977608
            ],
            [
              6.137647649704736,
              46.2025700635939
            ],
            [
              6.13756044738195,
              46.202579016214294
            ],
            [
              6.137474932837677,
              46.20259384141575
            ],
            [
              6.137391929623727,
              46.20261439641878
            ],
            [
              6.137312237106425,
              46.202640483261185
            ],
            [
              6.137236622768278,
              46.202671850704725
            ],
            [
              6.137165814816693,
              46.202708196655024
            ],
            [
              6.137100495170956,
              46.20274917107119
            ],
            [
              6.13704129289496,
              46.202794379337334
            ],
            [
              6.136988778138988,
              46.20284338606325
            ],
            [
              6.136943456648845,
              46.20289571927787
            ],
            [
              6.136938340296013,
              46.20290320622402
            ],
            [
              6.136910377231723,
              46.20288885274661
            ],
            [
              6.136834762893574,
              46.202857485426954
            ],
            [
              6.136755070376272,
              46.2028313986876
            ],
            [
              6.136672067162324,
              46.202810843765754
            ],
            [
              6.136586552618049,
              46.202796018622855
            ],
            [
              6.136499350295264,
              46.20278706603783
            ],
            [
              6.1364113,
              46.202784072231836
            ],
            [
              6.136323249704735,
              46.20278706603783
            ],
            [
              6.136236047381948,
              46.202796018622855
            ],
            [
              6.136150532837675,
              46.202810843765754
            ],
            [
              6.136067529623727,
              46.2028313986876
            ],
            [
              6.135987837106424,
              46.202857485426954
            ],
            [
              6.135912222768276,
              46.20288885274661
            ],
            [
              6.135841414816692,
              46.202925198553345
            ],
            [
              6.135776095170955,
              46.20296617280767
            ],
            [
              6.135716892894959,
              46.20301138089525
            ],
            [
              6.135664378138987,
              46.20306038742759
            ],
            [
              6.135619056648845,
              46.203112720435506
            ],
            [
              6.135581364895259,
              46.20316787591475
            ],
            [
              6.135551665870421,
              46.203225322680254
            ],
            [
              6.135530245592173,
              46.20328450748193
            ],
            [
              6.135517310349507,
              46.203344860333125
            ],
            [
              6.13551298471588,
              46.2034058
            ],
            [
              6.135517310349507,
              46.20346673959928
            ],
            [
              6.135530245592173,
              46.20352709225029
            ],
            [
              6.135551665870421,
              46.203586276726874
            ],
            [
              6.135581364895259,
              46.20364372305487
            ],
            [
              6.135619056648845,
              46.20369887800102
            ],
            [
              6.135664378138987,
              46.20375121040071
            ],
            [
              6.135716892894959,
              46.20380021627312
            ],
            [
              6.135776095170955,
              46.203845423674366
            ],
            [
              6.135841414816692,
              46.20388639724238
            ],
            [
              6.135912222768276,
              46.20392274238916
            ],
            [
              6.135987837106424,
              46.2039541091006
            ],
            [
              6.136054495422785,
              46.20397592874836
            ],
            [
              6.136054510349508,
              46.20397613903423
            ],
            [
              6.136067445592174,
              46.20403649112563
            ],
            [
              6.136088865870422,
              46.20409567505344
            ],
            [
              6.136118564895259,
              46.204153120848765
            ],
            [
              6.136156256648845,
              46.2042082752835
            ],
            [
              6.136201578138988,
              46.20426060719796
            ],
            [
              6.13625409289496,
              46.20430961261596
            ],
            [
              6.136313295170956,
              46.20435481959803
            ],
            [
              6.136378614816693,
              46.20439579278612
            ],
            [
              6.136449422768276,
              46.204432137595894
            ],
            [
              6.136525037106425,
              46.204463504016495
            ],
            [
              6.136604729623727,
              46.204489589980874
            ],
            [
              6.136687732837676,
              46.204510144274636
            ],
            [
              6.136773247381949,
              46.20452496895497
            ],
            [
              6.136860449704736,
              46.20453392125679
            ],
            [
              6.1369485,
              46.20453691496744
            ],
            [
              6.137036550295264,
              46.20453392125679
            ],
            [
              6.13712375261805,
              46.20452496895497
            ],
            [
              6.137209267162324,
              46.204510144274636
            ],
            [
              6.137292270376273,
              46.204489589980874
            ],
            [
              6.137371962893575,
              46.204463504016495
            ],
            [
              6.137447577231724,
              46.204432137595894
            ],
            [
              6.137506198428636,
              46.204402048092085
            ],
            [
              6.137523322768276,
              46.204410837796324
            ],
            [
              6.137598937106424,
              46.20444220422908
            ],
            [
              6.137678629623727,
              46.204468290203565
            ],
            [
              6.137761632837676,
              46.20448884450529
            ],
            [
              6.137847147381949,
              46.204503669191375
            ],
            [
              6.137934349704735,
              46.204512621496676
            ],
            [
              6.1380224,
              46.20451561520848
            ],
            [
              6.138110450295263,
              46.204512621496676
            ],
            [
              6.13819765261805,
              46.204503669191375
            ],
            [
              6.138283167162323,
              46.20448884450529
            ],
            [
              6.138366170376273,
              46.204468290203565
            ],
            [
              6.138445862893574,
              46.20444220422908
            ],
            [
              6.138521477231723,
              46.204410837796324
            ],
            [
              6.138592285183306,
              46.20437449297245
            ],
            [
              6.138657604829043,
              46.204333519768475
            ],
            [
              6.138716807105039,
              46.20428831276887
            ],
            [
              6.138769321861012,
              46.20423930733187
            ],
            [
              6.138814643351155,
              46.204186975397114
            ],
            [
              6.138852335104739,
              46.204131820941
            ],
            [
              6.138882034129578,
              46.204074375123405
            ],
            [
              6.138903454407825,
              46.204015191172644
            ],
            [
              6.138916389650491,
              46.20395483905785
            ],
            [
              6.138920715284119,
              46.2038939
            ],
            [
              6.138916389650491,
              46.203832960874536
            ],
            [
              6.138903454407825,
              46.20377260855955
            ],
            [
              6.138882034129578,
              46.2037134242837
            ],
            [
              6.138852335104739,
              46.2036559780286
            ],
            [
              6.138814643351155,
              46.20360082303937
            ],
            [
              6.138769321861012,
              46.203548490496416
            ],
            [
              6.138716807105039,
              46.20349948439947
            ],
            [
              6.138657604829043,
              46.20345427671354
            ],
            [
              6.138592285183306,
              46.20341330282325
            ],
            [
              6.138576707465255,
              46.20340530683494
            ],
            [
              6.13859533412958,
              46.20336927743973
            ],
            [
              6.138616754407826,
              46.203310092729375
            ],
            [
              6.138629689650492,
              46.20324973983998
            ],
            [
              6.138634015284119,
              46.2031888
            ],
            [
              6.138629689650492,
              46.203127860092415
            ],
            [
              6.138616754407826,
              46.20306750700283
            ]
          ]
        ]
      }
    },
    {
      "type": "Feature",
      "properties": {
        "cluster": 24
      },
      "geometry": {
        "type": "Polygon",
        "coordinates": [
          [
            [
              6.147470340376272,
              46.19931059187771
            ],
            [
              6.147387337162323,
              46.19929003563863
            ],
            [
              6.14730182261805,
              46.19927520954569
            ],
            [
              6.147214620295263,
              46.19926625638695
            ],
            [
              6.14712657,
              46.199263262389096
            ],
            [
              6.147038519704735,
              46.19926625638695
            ],
            [
              6.146951317381949,
              46.19927520954569
            ],
            [
              6.14693795545646,
              46.19927752617117
            ],
            [
              6.14688403,
              46.19927569252977
            ],
            [
              6.146795979704736,
              46.199278686526945
            ],
            [
              6.146708777381949,
              46.199287639683675
            ],
            [
              6.146623262837676,
              46.19930246577325
            ],
            [
              6.146540259623727,
              46.19932302200768
            ],
            [
              6.146460567106424,
              46.19934911041287
            ],
            [
              6.146384952768277,
              46.19938047973556
            ],
            [
              6.146314144816692,
              46.19941682786324
            ],
            [
              6.146248825170955,
              46.19945780473408
            ],
            [
              6.146189622894959,
              46.19950301570853
            ],
            [
              6.146137108138988,
              46.199552025370316
            ],
            [
              6.146091786648846,
              46.19960436172009
            ],
            [
              6.146066992342485,
              46.19964064629915
            ],
            [
              6.146051195170955,
              46.19965055627641
            ],
            [
              6.14599199289496,
              46.19969576709226
            ],
            [
              6.145939478138988,
              46.199744776582115
            ],
            [
              6.145894156648845,
              46.199797112748286
            ],
            [
              6.145856464895259,
              46.19985227155613
            ],
            [
              6.14582676587042,
              46.199909721788515
            ],
            [
              6.145805345592174,
              46.199968910161964
            ],
            [
              6.145792410349508,
              46.200029266655434
            ],
            [
              6.14578808471588,
              46.20009021
            ],
            [
              6.145792410349508,
              46.200151153276956
            ],
            [
              6.145805345592174,
              46.20021150957023
            ],
            [
              6.14582676587042,
              46.20027069761859
            ],
            [
              6.145856464895259,
              46.20032814741346
            ],
            [
              6.145894156648845,
              46.2003833056882
            ],
            [
              6.145939478138988,
              46.20043564124616
            ],
            [
              6.14599199289496,
              46.20048465007607
            ],
            [
              6.146051195170955,
              46.20052986020559
            ],
            [
              6.146062131299298,
              46.20053672061298
            ],
            [
              6.146061552768276,
              46.20053696061692
            ],
            [
              6.145990744816692,
              46.20057330797955
            ],
            [
              6.145925425170955,
              46.200614283987925
            ],
            [
              6.145866222894959,
              46.20065949401078
            ],
            [
              6.145813708138987,
              46.20070850264101
            ],
            [
              6.145768386648845,
              46.200760837889206
            ],
            [
              6.145730694895259,
              46.200815995729585
            ],
            [
              6.145700995870421,
              46.20087344495428
            ],
            [
              6.145679575592173,
              46.200932632289565
            ],
            [
              6.145666640349507,
              46.200992987724376
            ],
            [
              6.14566231471588,
              46.20105393
            ],
            [
              6.145666640349507,
              46.20111487220802
            ],
            [
              6.145679575592173,
              46.20117522744264
            ],
            [
              6.145700995870421,
              46.20123441445283
            ],
            [
              6.145730694895259,
              46.20129186324002
            ],
            [
              6.145768386648845,
              46.201347020547296
            ],
            [
              6.145813708138987,
              46.201399355187284
            ],
            [
              6.145866222894959,
              46.20144836315757
            ],
            [
              6.145925425170955,
              46.2014935724941
            ],
            [
              6.145990744816692,
              46.201534547816145
            ],
            [
              6.146009531413583,
              46.20154419123898
            ],
            [
              6.146053634816692,
              46.20157185748975
            ],
            [
              6.146124442768277,
              46.201608204167755
            ],
            [
              6.146200057106424,
              46.201639572200676
            ],
            [
              6.146279749623726,
              46.20166565950594
            ],
            [
              6.146362752837676,
              46.201686214856245
            ],
            [
              6.146448267381948,
              46.20170104029861
            ],
            [
              6.146535469704735,
              46.20170999306061
            ],
            [
              6.14662352,
              46.20171298692514
            ],
            [
              6.146711570295263,
              46.20170999306061
            ],
            [
              6.14679877261805,
              46.20170104029861
            ],
            [
              6.146884287162323,
              46.201686214856245
            ],
            [
              6.146967290376272,
              46.20166565950594
            ],
            [
              6.146969131857459,
              46.20166505669814
            ],
            [
              6.146988344895259,
              46.201702221462924
            ],
            [
              6.147026036648845,
              46.201757378358224
            ],
            [
              6.147071358138988,
              46.20180971260733
            ],
            [
              6.14712387289496,
              46.20185872021157
            ],
            [
              6.147183075170956,
              46.20190392921044
            ],
            [
              6.147248394816693,
              46.20194490422644
            ],
            [
              6.147319202768276,
              46.201981250657646
            ],
            [
              6.147394817106425,
              46.202012618477575
            ],
            [
              6.147474509623726,
              46.202038705605716
            ],
            [
              6.147557512837676,
              46.20205926081645
            ],
            [
              6.147643027381949,
              46.20207408615815
            ],
            [
              6.147730229704736,
              46.20208303885937
            ],
            [
              6.14781828,
              46.20208603270357
            ],
            [
              6.147906330295264,
              46.20208303885937
            ],
            [
              6.147993532618051,
              46.20207408615815
            ],
            [
              6.148079047162323,
              46.20205926081645
            ],
            [
              6.148162050376273,
              46.202038705605716
            ],
            [
              6.148241742893575,
              46.202012618477575
            ],
            [
              6.148317357231723,
              46.201981250657646
            ],
            [
              6.148388165183307,
              46.20194490422644
            ],
            [
              6.148453484829044,
              46.20190392921044
            ],
            [
              6.148512687105041,
              46.20185872021157
            ],
            [
              6.148565201861011,
              46.20180971260733
            ],
            [
              6.148610523351154,
              46.201757378358224
            ],
            [
              6.14864821510474,
              46.201702221462924
            ],
            [
              6.148677914129579,
              46.2016447731048
            ],
            [
              6.148699334407826,
              46.20158558653667
            ],
            [
              6.148712269650492,
              46.201525231752846
            ],
            [
              6.148716595284119,
              46.20146429
            ],
            [
              6.148712269650492,
              46.201403348179554
            ],
            [
              6.148700857286057,
              46.201350098847755
            ],
            [
              6.148765455183307,
              46.20131693971971
            ],
            [
              6.148830774829045,
              46.20127596423538
            ],
            [
              6.14888997710504,
              46.20123075471979
            ],
            [
              6.148942491861011,
              46.20118174655539
            ],
            [
              6.148987813351154,
              46.20112941170812
            ],
            [
              6.14902550510474,
              46.201074254182394
            ],
            [
              6.149055204129579,
              46.20101680516767
            ],
            [
              6.149076624407825,
              46.20095761792306
            ],
            [
              6.149089559650492,
              46.20089726244939
            ],
            [
              6.149093885284119,
              46.20083632
            ],
            [
              6.149089559650492,
              46.200775377483005
            ],
            [
              6.149076624407825,
              46.20071502180915
            ],
            [
              6.149066335645081,
              46.20068659236091
            ],
            [
              6.149107867231722,
              46.20066936300153
            ],
            [
              6.149178675183306,
              46.200633015702444
            ],
            [
              6.149243994829043,
              46.20059203970805
            ],
            [
              6.149303197105039,
              46.200546829629694
            ],
            [
              6.149355711861011,
              46.20049782085524
            ],
            [
              6.149401033351153,
              46.20044548535651
            ],
            [
              6.14943872510474,
              46.200390327144184
            ],
            [
              6.149468424129578,
              46.20033287741433
            ],
            [
              6.149489844407825,
              46.20027368943296
            ],
            [
              6.149502779650491,
              46.20021333320799
            ],
            [
              6.149507105284118,
              46.20015239
            ],
            [
              6.149502779650491,
              46.2000914467244
            ],
            [
              6.149489844407825,
              46.20003109029924
            ],
            [
              6.149468424129578,
              46.19997190199277
            ],
            [
              6.14943872510474,
              46.19991445182541
            ],
            [
              6.149401033351153,
              46.19985929307998
            ],
            [
              6.149355711861011,
              46.199806956973035
            ],
            [
              6.149303197105039,
              46.199757947538636
            ],
            [
              6.149243994829043,
              46.19971273677396
            ],
            [
              6.14923610679641,
              46.19970778841141
            ],
            [
              6.149238324407825,
              46.199701660695816
            ],
            [
              6.149251259650491,
              46.199641303842476
            ],
            [
              6.149255585284119,
              46.19958036
            ],
            [
              6.149251259650491,
              46.19951941608992
            ],
            [
              6.149238324407825,
              46.199459059036386
            ],
            [
              6.149216904129578,
              46.19939987011371
            ],
            [
              6.149187205104739,
              46.19934241934824
            ],
            [
              6.149149513351154,
              46.199287260028555
            ],
            [
              6.149104191861011,
              46.19923492337674
            ],
            [
              6.14905167710504,
              46.19918591343211
            ],
            [
              6.148992474829043,
              46.19914070219674
            ],
            [
              6.148927155183307,
              46.19909972508941
            ],
            [
              6.148856347231723,
              46.19906337675195
            ],
            [
              6.148780732893575,
              46.199032007248235
            ],
            [
              6.148701040376272,
              46.199005918692485
            ],
            [
              6.148618037162324,
              46.19898536233942
            ],
            [
              6.14853252261805,
              46.19897053616427
            ],
            [
              6.148445320295264,
              46.19896158295588
            ],
            [
              6.14835727,
              46.19895858894142
            ],
            [
              6.148269219704735,
              46.19896158295588
            ],
            [
              6.148182017381949,
              46.19897053616427
            ],
            [
              6.148096502837675,
              46.19898536233942
            ],
            [
              6.148013499623726,
              46.199005918692485
            ],
            [
              6.147933807106424,
              46.199032007248235
            ],
            [
              6.147858192768275,
              46.19906337675195
            ],
            [
              6.147787384816692,
              46.19909972508941
            ],
            [
              6.147722065170956,
              46.19914070219674
            ],
            [
              6.147662862894959,
              46.19918591343211
            ],
            [
              6.147610348138987,
              46.19923492337674
            ],
            [
              6.147565026648844,
              46.199287260028555
            ],
            [
              6.147534688921301,
              46.199331657235284
            ],
            [
              6.147470340376272,
              46.19931059187771
            ]
          ]
        ]
      }
    },
    {
      "type": "Feature",
      "properties": {
        "cluster": 25
      },
      "geometry": {
        "type": "Polygon",
        "coordinates": [
          [
            [
              6.147043285183306,
              46.20629452802884
            ],
            [
              6.146972477231722,
              46.20625818445121
            ],
            [
              6.146896862893574,
              46.20622681905532
            ],
            [
              6.146817170376272,
              46.206200733915864
            ],
            [
              6.146734167162323,
              46.20618018025465
            ],
            [
              6.146648652618049,
              46.20616535602098
            ],
            [
              6.146561450295263,
              46.20615640398502
            ],
            [
              6.1464734,
              46.206153410362624
            ],
            [
              6.146385349704735,
              46.20615640398502
            ],
            [
              6.146298147381947,
              46.20616535602098
            ],
            [
              6.146212632837675,
              46.20618018025465
            ],
            [
              6.146129629623726,
              46.206200733915864
            ],
            [
              6.146049937106424,
              46.20622681905532
            ],
            [
              6.145974322768276,
              46.20625818445121
            ],
            [
              6.145903514816692,
              46.20629452802884
            ],
            [
              6.145838195170954,
              46.20633549977021
            ],
            [
              6.145778992894959,
              46.20638070508516
            ],
            [
              6.145726478138987,
              46.20642970861193
            ],
            [
              6.145681156648845,
              46.20648203841022
            ],
            [
              6.145643464895258,
              46.20653719050677
            ],
            [
              6.14561376587042,
              46.20659463374903
            ],
            [
              6.145592345592173,
              46.20665381492086
            ],
            [
              6.145579410349507,
              46.20671416407059
            ],
            [
              6.14557508471588,
              46.2067751
            ],
            [
              6.145579410349507,
              46.206836035861805
            ],
            [
              6.145592345592173,
              46.20689638481134
            ],
            [
              6.14561376587042,
              46.20695556565808
            ],
            [
              6.145643464895258,
              46.20701300846284
            ],
            [
              6.145681156648845,
              46.20706816002628
            ],
            [
              6.145726478138987,
              46.20712048921638
            ],
            [
              6.145778992894959,
              46.207169492083196
            ],
            [
              6.145838195170954,
              46.20721469671183
            ],
            [
              6.145903514816692,
              46.20725566776688
            ],
            [
              6.145907502116835,
              46.2072577142908
            ],
            [
              6.145903548138988,
              46.20726140384132
            ],
            [
              6.145858226648845,
              46.20731373284733
            ],
            [
              6.14583000852246,
              46.207355022129896
            ],
            [
              6.14580579289496,
              46.20737351221324
            ],
            [
              6.145753278138987,
              46.20742251485434
            ],
            [
              6.145707956648845,
              46.20747484370687
            ],
            [
              6.145670264895259,
              46.20752999480662
            ],
            [
              6.14564056587042,
              46.20758743701068
            ],
            [
              6.145619145592174,
              46.20764661711291
            ],
            [
              6.145606210349507,
              46.20770696517192
            ],
            [
              6.14560188471588,
              46.2077679
            ],
            [
              6.145606210349507,
              46.207828834760484
            ],
            [
              6.145619145592174,
              46.20788918261929
            ],
            [
              6.14564056587042,
              46.20794836239643
            ],
            [
              6.145670264895259,
              46.20800580416299
            ],
            [
              6.145684780780054,
              46.20802704380941
            ],
            [
              6.145651478138988,
              46.20805811885085
            ],
            [
              6.145606156648845,
              46.20811044709787
            ],
            [
              6.145568464895259,
              46.20816559755947
            ],
            [
              6.145538765870421,
              46.20822303909886
            ],
            [
              6.145521679525823,
              46.20827024483626
            ],
            [
              6.145490114816693,
              46.208286445455286
            ],
            [
              6.145424795170956,
              46.208327415710954
            ],
            [
              6.14536559289496,
              46.20837261938668
            ],
            [
              6.145313078138988,
              46.20842162113647
            ],
            [
              6.145267756648845,
              46.20847394903721
            ],
            [
              6.14523006489526,
              46.208529099133834
            ],
            [
              6.145200365870421,
              46.20858654029309
            ],
            [
              6.145178945592174,
              46.208645719318916
            ],
            [
              6.145166010349508,
              46.20870606628026
            ],
            [
              6.14516168471588,
              46.208767
            ],
            [
              6.145166010349508,
              46.20882793365216
            ],
            [
              6.145178945592174,
              46.208888280413305
            ],
            [
              6.145200365870421,
              46.208947459114036
            ],
            [
              6.14523006489526,
              46.20900489983578
            ],
            [
              6.145267756648845,
              46.20906004939932
            ],
            [
              6.145313078138988,
              46.20911237669184
            ],
            [
              6.14536559289496,
              46.209161377781705
            ],
            [
              6.145424795170956,
              46.20920658077112
            ],
            [
              6.145490114816693,
              46.209247550340464
            ],
            [
              6.145560922768277,
              46.209283891940274
            ],
            [
              6.145636537106425,
              46.209315255590596
            ],
            [
              6.145716229623727,
              46.20934133925106
            ],
            [
              6.145799232837676,
              46.20936189172947
            ],
            [
              6.14588474738195,
              46.20937671510049
            ],
            [
              6.145971949704736,
              46.20938566661165
            ],
            [
              6.14606,
              46.20938866005789
            ],
            [
              6.146148050295264,
              46.20938566661165
            ],
            [
              6.146235252618051,
              46.20937671510049
            ],
            [
              6.146320767162324,
              46.20936189172947
            ],
            [
              6.146377097088037,
              46.209347943841706
            ],
            [
              6.146406598138987,
              46.20938200499644
            ],
            [
              6.146459112894958,
              46.20943100584576
            ],
            [
              6.146518315170955,
              46.209476208613275
            ],
            [
              6.146583634816691,
              46.20951717798151
            ],
            [
              6.146654442768276,
              46.20955351940293
            ],
            [
              6.146730057106423,
              46.20958488289929
            ],
            [
              6.146809749623726,
              46.209610966431725
            ],
            [
              6.146892752837675,
              46.20963151880924
            ],
            [
              6.146978267381948,
              46.20964634210749
            ],
            [
              6.147065469704734,
              46.209655293574706
            ],
            [
              6.14715352,
              46.209658287006256
            ],
            [
              6.147241570295263,
              46.209655293574706
            ],
            [
              6.147328772618049,
              46.20964634210749
            ],
            [
              6.147414287162323,
              46.20963151880924
            ],
            [
              6.147497290376272,
              46.209610966431725
            ],
            [
              6.147576982893574,
              46.20958488289929
            ],
            [
              6.147584603286909,
              46.2095817220951
            ],
            [
              6.147612922893575,
              46.20957245302337
            ],
            [
              6.147688537231723,
              46.20954108951991
            ],
            [
              6.147759345183307,
              46.20950474809027
            ],
            [
              6.147824664829043,
              46.20946377871276
            ],
            [
              6.14788386710504,
              46.20941857593502
            ],
            [
              6.147932838314901,
              46.20937288151443
            ],
            [
              6.14793764738195,
              46.20937371513379
            ],
            [
              6.148024849704735,
              46.20938266664544
            ],
            [
              6.1481129,
              46.20938566009185
            ],
            [
              6.148200950295264,
              46.20938266664544
            ],
            [
              6.148288152618051,
              46.20937371513379
            ],
            [
              6.148373667162324,
              46.209358891761966
            ],
            [
              6.148456670376273,
              46.20933833928244
            ],
            [
              6.148536362893575,
              46.209312255620546
            ],
            [
              6.148611977231723,
              46.209280891968504
            ],
            [
              6.148682785183307,
              46.209244550366705
            ],
            [
              6.148748104829044,
              46.20920358079512
            ],
            [
              6.14880730710504,
              46.20915837780325
            ],
            [
              6.148859821861012,
              46.20910937671071
            ],
            [
              6.148905143351154,
              46.209057049415314
            ],
            [
              6.14894283510474,
              46.209001899848786
            ],
            [
              6.148972534129579,
              46.208944459123884
            ],
            [
              6.148993954407826,
              46.208885280419935
            ],
            [
              6.149006889650492,
              46.208824933655485
            ],
            [
              6.149011215284119,
              46.208764
            ],
            [
              6.149006889650492,
              46.20870306627693
            ],
            [
              6.148993954407826,
              46.20864271931229
            ],
            [
              6.148985999569404,
              46.2086207420322
            ],
            [
              6.149017352618052,
              46.208617523527806
            ],
            [
              6.149102867162324,
              46.2086026999519
            ],
            [
              6.149185870376273,
              46.208582147189425
            ],
            [
              6.149265562893576,
              46.20855606316844
            ],
            [
              6.149341177231724,
              46.20852469908461
            ],
            [
              6.149411985183307,
              46.208488356982485
            ],
            [
              6.149477304829045,
              46.20844738684687
            ],
            [
              6.14953650710504,
              46.20840218323267
            ],
            [
              6.149589021861012,
              46.20835318146553
            ],
            [
              6.149634343351155,
              46.20830085344975
            ],
            [
              6.149672035104741,
              46.20824570312395
            ],
            [
              6.14970173412958,
              46.20818826160827
            ],
            [
              6.149723154407826,
              46.2081290820896
            ],
            [
              6.149736089650492,
              46.20806873449435
            ],
            [
              6.14974041528412,
              46.2080078
            ],
            [
              6.149736089650492,
              46.20794686543803
            ],
            [
              6.149723154407826,
              46.207886517642606
            ],
            [
              6.14970173412958,
              46.207827337798825
            ],
            [
              6.149672035104741,
              46.20776989584565
            ],
            [
              6.149634343351155,
              46.20771474498676
            ],
            [
              6.149589021861012,
              46.207662416362766
            ],
            [
              6.14953650710504,
              46.207613413935675
            ],
            [
              6.149477304829045,
              46.20756820963517
            ],
            [
              6.149411985183307,
              46.20752723881323
            ],
            [
              6.149341177231724,
              46.20749089605117
            ],
            [
              6.149265562893576,
              46.207459531359135
            ],
            [
              6.149185870376273,
              46.20743344680505
            ],
            [
              6.149102867162324,
              46.207412893605074
            ],
            [
              6.149017352618052,
              46.20739806970408
            ],
            [
              6.148930150295264,
              46.207389117869
            ],
            [
              6.1488421,
              46.20738612431378
            ],
            [
              6.148754049704736,
              46.207389117869
            ],
            [
              6.14866684738195,
              46.20739806970408
            ],
            [
              6.148581332837677,
              46.207412893605074
            ],
            [
              6.148498329623727,
              46.20743344680505
            ],
            [
              6.148418637106425,
              46.207459531359135
            ],
            [
              6.148343022768278,
              46.20749089605117
            ],
            [
              6.148272214816693,
              46.20752723881323
            ],
            [
              6.148206895170956,
              46.20756820963517
            ],
            [
              6.14814769289496,
              46.207613413935675
            ],
            [
              6.148095178138989,
              46.207662416362766
            ],
            [
              6.148049856648846,
              46.20771474498676
            ],
            [
              6.148012164895261,
              46.20776989584565
            ],
            [
              6.147982465870421,
              46.207827337798825
            ],
            [
              6.147961045592175,
              46.207886517642606
            ],
            [
              6.147948110349509,
              46.20794686543803
            ],
            [
              6.14794378471588,
              46.2080078
            ],
            [
              6.147948110349509,
              46.20806873449435
            ],
            [
              6.147961045592175,
              46.2081290820896
            ],
            [
              6.147969000430596,
              46.208151059566404
            ],
            [
              6.14793764738195,
              46.20815427809812
            ],
            [
              6.147852132837675,
              46.20816910179504
            ],
            [
              6.147769129623727,
              46.20818965471207
            ],
            [
              6.147689437106425,
              46.20821573890706
            ],
            [
              6.147613822768276,
              46.2082471031673
            ],
            [
              6.147543014816693,
              46.20828344542904
            ],
            [
              6.147477695170956,
              46.20832441568694
            ],
            [
              6.14741849289496,
              46.208369619365136
            ],
            [
              6.147369521685103,
              46.20841531462035
            ],
            [
              6.14736471261805,
              46.20841448098644
            ],
            [
              6.147296433328044,
              46.20840747184261
            ],
            [
              6.147296715284119,
              46.2084035
            ],
            [
              6.147292389650492,
              46.20834256587701
            ],
            [
              6.147279454407825,
              46.20828221851631
            ],
            [
              6.147258034129579,
              46.20822303909886
            ],
            [
              6.14722833510474,
              46.20816559755947
            ],
            [
              6.147213819219944,
              46.208144357966624
            ],
            [
              6.147247121861011,
              46.20811328297396
            ],
            [
              6.147292443351153,
              46.208060954729646
            ],
            [
              6.147320661477539,
              46.20801966597771
            ],
            [
              6.14734487710504,
              46.20800117611187
            ],
            [
              6.147397391861012,
              46.20795217398699
            ],
            [
              6.147442713351154,
              46.20789984558918
            ],
            [
              6.147459176097076,
              46.20787575723865
            ],
            [
              6.147490907231724,
              46.207862595315234
            ],
            [
              6.147561715183307,
              46.20782625277505
            ],
            [
              6.147627034829044,
              46.20778528214558
            ],
            [
              6.14768623710504,
              46.2077400779865
            ],
            [
              6.147738751861012,
              46.207691075628695
            ],
            [
              6.147784073351154,
              46.207638746982155
            ],
            [
              6.147821765104741,
              46.20758359599159
            ],
            [
              6.147834949543085,
              46.20755809538898
            ],
            [
              6.147850227231723,
              46.20755175824029
            ],
            [
              6.147921035183307,
              46.20751541549445
            ],
            [
              6.147986354829045,
              46.207474444633135
            ],
            [
              6.14804555710504,
              46.207429240218254
            ],
            [
              6.148098071861011,
              46.20738023758316
            ],
            [
              6.148143393351154,
              46.20732790864051
            ],
            [
              6.14818108510474,
              46.20727275733785
            ],
            [
              6.14821078412958,
              46.20721531480473
            ],
            [
              6.148232204407826,
              46.20715613423782
            ],
            [
              6.148245139650491,
              46.20709578557366
            ],
            [
              6.14824946528412,
              46.20703485
            ],
            [
              6.148245139650491,
              46.20697391435873
            ],
            [
              6.148232204407826,
              46.206913565494375
            ],
            [
              6.14821078412958,
              46.20685438460238
            ],
            [
              6.148186788934332,
              46.20680797381398
            ],
            [
              6.148184654407825,
              46.20679801523925
            ],
            [
              6.148163234129579,
              46.206738834222776
            ],
            [
              6.148133535104741,
              46.206681391131305
            ],
            [
              6.148095843351155,
              46.20662623917954
            ],
            [
              6.148050521861012,
              46.2065739095186
            ],
            [
              6.14799800710504,
              46.206524906120485
            ],
            [
              6.147938804829044,
              46.20647970092419
            ],
            [
              6.147873485183307,
              46.20643872929039
            ],
            [
              6.147802677231724,
              46.206402385808154
            ],
            [
              6.147727062893575,
              46.2063710204946
            ],
            [
              6.147647370376274,
              46.206344935423616
            ],
            [
              6.147564367162324,
              46.20632438181636
            ],
            [
              6.147478852618051,
              46.20630955762161
            ],
            [
              6.147391650295264,
              46.20630060560914
            ],
            [
              6.1473036,
              46.20629761199461
            ],
            [
              6.147215549704735,
              46.20630060560914
            ],
            [
              6.147128347381949,
              46.20630955762161
            ],
            [
              6.14708047637043,
              46.20631785620106
            ],
            [
              6.147043285183306,
              46.20629452802884
            ]
          ]
        ]
      }
    },
    {
      "type": "Feature",
      "properties": {
        "cluster": 26
      },
      "geometry": {
        "type": "Polygon",
        "coordinates": [
          [
            [
              6.137759654407826,
              46.207915217705974
            ],
            [
              6.137738234129579,
              46.20785603789312
            ],
            [
              6.137708535104741,
              46.207798595969955
            ],
            [
              6.137670843351155,
              46.20774344513988
            ],
            [
              6.137625521861012,
              46.207691116543224
            ],
            [
              6.13757300710504,
              46.20764211414175
            ],
            [
              6.137513804829045,
              46.207596909864854
            ],
            [
              6.137448485183307,
              46.20755593906433
            ],
            [
              6.137377677231724,
              46.20751959632124
            ],
            [
              6.137302062893576,
              46.207488231645605
            ],
            [
              6.137222370376274,
              46.20746214710514
            ],
            [
              6.137139367162324,
              46.20744159391591
            ],
            [
              6.137053852618052,
              46.20742677002266
            ],
            [
              6.136966650295264,
              46.20741781819225
            ],
            [
              6.1368786,
              46.207414824638605
            ],
            [
              6.136790549704735,
              46.20741781819225
            ],
            [
              6.13670334738195,
              46.20742677002266
            ],
            [
              6.136617832837677,
              46.20744159391591
            ],
            [
              6.136534829623727,
              46.20746214710514
            ],
            [
              6.136455137106426,
              46.207488231645605
            ],
            [
              6.136379522768277,
              46.20751959632124
            ],
            [
              6.136346668577286,
              46.2075364589985
            ],
            [
              6.136310467162324,
              46.20752749484624
            ],
            [
              6.136224952618051,
              46.207512670976165
            ],
            [
              6.136137750295264,
              46.20750371915976
            ],
            [
              6.1360497,
              46.2075007256108
            ],
            [
              6.135961649704736,
              46.20750371915976
            ],
            [
              6.13587444738195,
              46.207512670976165
            ],
            [
              6.135788932837677,
              46.20752749484624
            ],
            [
              6.135705929623727,
              46.20754804800334
            ],
            [
              6.135626237106425,
              46.207574132503005
            ],
            [
              6.135550622768277,
              46.20760549712959
            ],
            [
              6.135479814816693,
              46.207641839815835
            ],
            [
              6.135414495170956,
              46.20768281055229
            ],
            [
              6.13535529289496,
              46.2077280147585
            ],
            [
              6.135302778138989,
              46.20777701708335
            ],
            [
              6.135257456648846,
              46.207829345598164
            ],
            [
              6.13521976489526,
              46.207884496342
            ],
            [
              6.135194460481658,
              46.20793343842105
            ],
            [
              6.135167589623727,
              46.20794009210259
            ],
            [
              6.135087897106425,
              46.20796617641609
            ],
            [
              6.135012282768276,
              46.20799754081883
            ],
            [
              6.134941474816692,
              46.20803388324568
            ],
            [
              6.134876155170955,
              46.20807485368973
            ],
            [
              6.134816952894959,
              46.208120057573296
            ],
            [
              6.134764438138988,
              46.20816905954842
            ],
            [
              6.134719116648845,
              46.208221387689754
            ],
            [
              6.13468142489526,
              46.208276538039954
            ],
            [
              6.134651725870421,
              46.20833397946333
            ],
            [
              6.134630305592173,
              46.208393158761254
            ],
            [
              6.134617370349508,
              46.20845350600007
            ],
            [
              6.13461304471588,
              46.20851444
            ],
            [
              6.134617370349508,
              46.20857537393231
            ],
            [
              6.134630305592173,
              46.208635720970946
            ],
            [
              6.134651725870421,
              46.20869489994378
            ],
            [
              6.13468142489526,
              46.20875234092965
            ],
            [
              6.134719116648845,
              46.20880749074676
            ],
            [
              6.134764438138988,
              46.20885981827988
            ],
            [
              6.134816952894959,
              46.20890881959506
            ],
            [
              6.134876155170955,
              46.20895402279231
            ],
            [
              6.134941474816692,
              46.208994992550046
            ],
            [
              6.135012282768276,
              46.209031334316954
            ],
            [
              6.135087897106425,
              46.209062698111495
            ],
            [
              6.135167589623727,
              46.2090887818919
            ],
            [
              6.135250592837676,
              46.2091093344648
            ],
            [
              6.135336107381949,
              46.20912415790398
            ],
            [
              6.135423309704735,
              46.2091331094563
            ],
            [
              6.13551136,
              46.209136102916304
            ],
            [
              6.135599410295264,
              46.2091331094563
            ],
            [
              6.13568661261805,
              46.20912415790398
            ],
            [
              6.135728510038374,
              46.209116895235105
            ],
            [
              6.13574492,
              46.209117453127384
            ],
            [
              6.135776353470312,
              46.20911638447831
            ],
            [
              6.135821197381949,
              46.20912415790398
            ],
            [
              6.135908399704736,
              46.2091331094563
            ],
            [
              6.13599645,
              46.209136102916304
            ],
            [
              6.136084500295264,
              46.2091331094563
            ],
            [
              6.136171702618051,
              46.20912415790398
            ],
            [
              6.136257217162324,
              46.2091093344648
            ],
            [
              6.136340220376273,
              46.2090887818919
            ],
            [
              6.136419912893575,
              46.209062698111495
            ],
            [
              6.136495527231724,
              46.209031334316954
            ],
            [
              6.136566335183307,
              46.208994992550046
            ],
            [
              6.136631654829044,
              46.20895402279231
            ],
            [
              6.13669085710504,
              46.20890881959506
            ],
            [
              6.136743371861012,
              46.20885981827988
            ],
            [
              6.136788693351155,
              46.20880749074676
            ],
            [
              6.13682638510474,
              46.20875234092965
            ],
            [
              6.136856084129579,
              46.20869489994378
            ],
            [
              6.136869491506044,
              46.20865785865988
            ],
            [
              6.1368786,
              46.2086581683255
            ],
            [
              6.136966650295264,
              46.20865517483945
            ],
            [
              6.137053852618052,
              46.208646223209236
            ],
            [
              6.137139367162324,
              46.20863139964108
            ],
            [
              6.137222370376274,
              46.208610846889336
            ],
            [
              6.137302062893576,
              46.208584762881976
            ],
            [
              6.137377677231724,
              46.20855339881454
            ],
            [
              6.137448485183307,
              46.20851705673141
            ],
            [
              6.137513804829045,
              46.208476086617196
            ],
            [
              6.13757300710504,
              46.20843088302662
            ],
            [
              6.137625521861012,
              46.20838188128507
            ],
            [
              6.137670843351155,
              46.20832955329663
            ],
            [
              6.137708535104741,
              46.20827440299966
            ],
            [
              6.137738234129579,
              46.20821696151398
            ],
            [
              6.137759654407826,
              46.208157782026234
            ],
            [
              6.137772589650492,
              46.20809743446251
            ],
            [
              6.13777691528412,
              46.2080365
            ],
            [
              6.137772589650492,
              46.20797556546988
            ],
            [
              6.137759654407826,
              46.207915217705974
            ]
          ]
        ]
      }
    },
    {
      "type": "Feature",
      "properties": {
        "cluster": 27
      },
      "geometry": {
        "type": "Polygon",
        "coordinates": [
          [
            [
              6.149779854407826,
              46.203123507126456
            ],
            [
              6.14975843412958,
              46.20306432215134
            ],
            [
              6.14972873510474,
              46.20300687521749
            ],
            [
              6.149691043351154,
              46.20295171957661
            ],
            [
              6.149645721861012,
              46.20289938641533
            ],
            [
              6.149593207105041,
              46.20285037973937
            ],
            [
              6.149534004829045,
              46.20280517151931
            ],
            [
              6.149468685183308,
              46.2027641971449
            ],
            [
              6.149397877231723,
              46.20272785123166
            ],
            [
              6.149322262893576,
              46.20269648382009
            ],
            [
              6.149242570376273,
              46.20267039700427
            ],
            [
              6.149159567162324,
              46.20264984202219
            ],
            [
              6.149074052618051,
              46.20263501683585
            ],
            [
              6.148986850295265,
              46.202626064224596
            ],
            [
              6.1488988,
              46.202623070409814
            ],
            [
              6.148810749704737,
              46.202626064224596
            ],
            [
              6.148723547381949,
              46.20263501683585
            ],
            [
              6.148638032837677,
              46.20264984202219
            ],
            [
              6.148555029623727,
              46.20267039700427
            ],
            [
              6.148475337106425,
              46.20269648382009
            ],
            [
              6.148399722768277,
              46.20272785123166
            ],
            [
              6.148328914816694,
              46.2027641971449
            ],
            [
              6.148263595170956,
              46.20280517151931
            ],
            [
              6.148204392894961,
              46.20285037973937
            ],
            [
              6.148151878138989,
              46.20289938641533
            ],
            [
              6.148106556648846,
              46.20295171957661
            ],
            [
              6.14806886489526,
              46.20300687521749
            ],
            [
              6.148039165870421,
              46.20306432215134
            ],
            [
              6.148017745592175,
              46.203123507126456
            ],
            [
              6.148004810349509,
              46.20318386015453
            ],
            [
              6.148000484715881,
              46.2032448
            ],
            [
              6.148004810349509,
              46.20330573977786
            ],
            [
              6.148017745592175,
              46.203366092605734
            ],
            [
              6.148039165870421,
              46.20342527725577
            ],
            [
              6.14805388485585,
              46.203453748034526
            ],
            [
              6.148010902768276,
              46.20347157822978
            ],
            [
              6.147940094816692,
              46.203507923651
            ],
            [
              6.147874775170956,
              46.20354889747072
            ],
            [
              6.14781557289496,
              46.203594105078786
            ],
            [
              6.147763058138988,
              46.20364311109133
            ],
            [
              6.14774359657391,
              46.203665583249894
            ],
            [
              6.14769879289496,
              46.20369979583758
            ],
            [
              6.147646278138988,
              46.20374880175584
            ],
            [
              6.147600956648846,
              46.203801134107984
            ],
            [
              6.14756326489526,
              46.203856288896105
            ],
            [
              6.147533565870421,
              46.20391373494175
            ],
            [
              6.147512145592175,
              46.20397291900181
            ],
            [
              6.147499210349509,
              46.20403327109673
            ],
            [
              6.147494884715881,
              46.20409421
            ],
            [
              6.147499210349509,
              46.20415514883566
            ],
            [
              6.147512145592175,
              46.204215500730406
            ],
            [
              6.147533565870421,
              46.20427468446536
            ],
            [
              6.14756326489526,
              46.20433213007351
            ],
            [
              6.147600956648846,
              46.20438728432853
            ],
            [
              6.147646278138988,
              46.204439616072456
            ],
            [
              6.14769879289496,
              46.204488621330775
            ],
            [
              6.147757995170956,
              46.20453382816555
            ],
            [
              6.147823314816693,
              46.204574801220126
            ],
            [
              6.147894122768277,
              46.20461114591147
            ],
            [
              6.147969737106425,
              46.20464251222986
            ],
            [
              6.148049429623727,
              46.20466859810924
            ],
            [
              6.148132432837676,
              46.204689152336016
            ],
            [
              6.14821794738195,
              46.204703976968055
            ],
            [
              6.148305149704736,
              46.20471292924071
            ],
            [
              6.1483932,
              46.204715922941595
            ],
            [
              6.148481250295264,
              46.20471292924071
            ],
            [
              6.148568452618052,
              46.204703976968055
            ],
            [
              6.148653967162324,
              46.204689152336016
            ],
            [
              6.148736970376273,
              46.20466859810924
            ],
            [
              6.148816662893576,
              46.20464251222986
            ],
            [
              6.148886017928249,
              46.204613742394656
            ],
            [
              6.148892795170956,
              46.20461891748463
            ],
            [
              6.148958114816693,
              46.20465989047574
            ],
            [
              6.149028922768276,
              46.2046962351108
            ],
            [
              6.149104537106425,
              46.20472760138061
            ],
            [
              6.149184229623726,
              46.204753687219586
            ],
            [
              6.149267232837676,
              46.20477424141453
            ],
            [
              6.149352747381949,
              46.204789066023594
            ],
            [
              6.149439949704736,
              46.20479801828239
            ],
            [
              6.149528,
              46.20480101197864
            ],
            [
              6.149616050295264,
              46.20479801828239
            ],
            [
              6.149703252618051,
              46.204789066023594
            ],
            [
              6.149788767162324,
              46.20477424141453
            ],
            [
              6.149871770376273,
              46.204753687219586
            ],
            [
              6.149951462893575,
              46.20472760138061
            ],
            [
              6.150027077231723,
              46.2046962351108
            ],
            [
              6.150097885183307,
              46.20465989047574
            ],
            [
              6.150163204829044,
              46.20461891748463
            ],
            [
              6.15022240710504,
              46.204573710719885
            ],
            [
              6.150274921861011,
              46.20452470553747
            ],
            [
              6.150320243351154,
              46.20447237387459
            ],
            [
              6.15035793510474,
              46.204417219705
            ],
            [
              6.150387634129579,
              46.204359774185825
            ],
            [
              6.150409054407826,
              46.20430059054254
            ],
            [
              6.150421989650491,
              46.20424023874128
            ],
            [
              6.150426315284119,
              46.2041793
            ],
            [
              6.150421989650491,
              46.20411836119112
            ],
            [
              6.150409054407826,
              46.204058009189666
            ],
            [
              6.150387634129579,
              46.203998825221284
            ],
            [
              6.15035793510474,
              46.203941379264606
            ],
            [
              6.150320243351154,
              46.20388622456192
            ],
            [
              6.150274921861011,
              46.20383389229083
            ],
            [
              6.15022240710504,
              46.203784886448474
            ],
            [
              6.150163204829044,
              46.2037396789974
            ],
            [
              6.150097885183307,
              46.203698705319965
            ],
            [
              6.150027077231723,
              46.20366236002496
            ],
            [
              6.149951462893575,
              46.20363099314695
            ],
            [
              6.149871770376273,
              46.20360490677488
            ],
            [
              6.149788767162324,
              46.20358435214243
            ],
            [
              6.149703252618051,
              46.20356952720826
            ],
            [
              6.149666869750515,
              46.20356579203123
            ],
            [
              6.149691043351154,
              46.2035378788599
            ],
            [
              6.14972873510474,
              46.2034827237521
            ],
            [
              6.14975843412958,
              46.20342527725577
            ],
            [
              6.149779854407826,
              46.203366092605734
            ],
            [
              6.149792789650491,
              46.20330573977786
            ],
            [
              6.14979711528412,
              46.2032448
            ],
            [
              6.149792789650491,
              46.20318386015453
            ],
            [
              6.149779854407826,
              46.203123507126456
            ]
          ]
        ]
      }
    },
    {
      "type": "Feature",
      "properties": {
        "cluster": 28
      },
      "geometry": {
        "type": "Polygon",
        "coordinates": [
          [
            [
              6.143310463351154,
              46.20303641002841
            ],
            [
              6.143265141861012,
              46.2029840769478
            ],
            [
              6.14321262710504,
              46.202935070347394
            ],
            [
              6.143153424829045,
              46.20288986219702
            ],
            [
              6.143088105183307,
              46.20284888788578
            ],
            [
              6.143017297231723,
              46.20281254202856
            ],
            [
              6.142941682893576,
              46.20278117466534
            ],
            [
              6.142861990376273,
              46.20275508788974
            ],
            [
              6.142778987162324,
              46.202734532939346
            ],
            [
              6.142693472618051,
              46.20271970777586
            ],
            [
              6.142606270295264,
              46.202710755178394
            ],
            [
              6.14251822,
              46.20270776136824
            ],
            [
              6.142430169704736,
              46.202710755178394
            ],
            [
              6.142342967381949,
              46.20271970777586
            ],
            [
              6.142257452837677,
              46.202734532939346
            ],
            [
              6.142174449623727,
              46.20275508788974
            ],
            [
              6.142094757106425,
              46.20278117466534
            ],
            [
              6.142019142768277,
              46.20281254202856
            ],
            [
              6.141948334816693,
              46.20284888788578
            ],
            [
              6.141883015170956,
              46.20288986219702
            ],
            [
              6.14182381289496,
              46.202935070347394
            ],
            [
              6.141771298138988,
              46.2029840769478
            ],
            [
              6.141725976648845,
              46.20303641002841
            ],
            [
              6.14168828489526,
              46.20309156558427
            ],
            [
              6.141658585870421,
              46.20314901242956
            ],
            [
              6.141637165592175,
              46.203208197313444
            ],
            [
              6.141624230349508,
              46.20326855024847
            ],
            [
              6.14161990471588,
              46.20332949
            ],
            [
              6.141624230349508,
              46.20339042968392
            ],
            [
              6.141637165592175,
              46.203450782418756
            ],
            [
              6.141658585870421,
              46.20350996697755
            ],
            [
              6.14168828489526,
              46.203567413385336
            ],
            [
              6.141725976648845,
              46.2036225684081
            ],
            [
              6.141752963905824,
              46.203653730449524
            ],
            [
              6.141716309623727,
              46.20366280738025
            ],
            [
              6.141636617106425,
              46.203688893724824
            ],
            [
              6.141561002768277,
              46.20372026056978
            ],
            [
              6.141490194816694,
              46.203756605826484
            ],
            [
              6.141424875170956,
              46.20379757946073
            ],
            [
              6.141365672894961,
              46.20384278686416
            ],
            [
              6.141313158138988,
              46.203891792654865
            ],
            [
              6.141267836648845,
              46.2039441248708
            ],
            [
              6.14123014489526,
              46.20399927951537
            ],
            [
              6.141200445870421,
              46.20405672541149
            ],
            [
              6.141179025592175,
              46.204115909317494
            ],
            [
              6.141166090349508,
              46.20417626125535
            ],
            [
              6.141161764715881,
              46.2042372
            ],
            [
              6.141166090349508,
              46.204298138677046
            ],
            [
              6.141179025592175,
              46.204358490414705
            ],
            [
              6.141200445870421,
              46.204417673995614
            ],
            [
              6.14123014489526,
              46.204475119454244
            ],
            [
              6.141267836648845,
              46.2045302735657
            ],
            [
              6.141313158138988,
              46.20458260517343
            ],
            [
              6.141365672894961,
              46.2046316103042
            ],
            [
              6.141424875170956,
              46.204676817021294
            ],
            [
              6.141490194816694,
              46.20471778996923
            ],
            [
              6.141561002768277,
              46.20475413456598
            ],
            [
              6.141636617106425,
              46.204785500802735
            ],
            [
              6.141716309623727,
              46.204811586614206
            ],
            [
              6.141799312837676,
              46.20483214078749
            ],
            [
              6.141884827381949,
              46.20484696538094
            ],
            [
              6.141972029704736,
              46.20485591763029
            ],
            [
              6.14206008,
              46.20485891132339
            ],
            [
              6.142130736081176,
              46.204856509030236
            ],
            [
              6.142116725870419,
              46.20488360812793
            ],
            [
              6.142095305592173,
              46.20494279114312
            ],
            [
              6.142082370349507,
              46.20500314217258
            ],
            [
              6.14207804471588,
              46.20506408
            ],
            [
              6.142082370349507,
              46.205125017759826
            ],
            [
              6.142095305592173,
              46.205185368589085
            ],
            [
              6.142116725870419,
              46.205244551279186
            ],
            [
              6.142146424895259,
              46.20530199587316
            ],
            [
              6.142184116648845,
              46.205357149154445
            ],
            [
              6.142229438138987,
              46.20540947997449
            ],
            [
              6.142281952894959,
              46.20545848436765
            ],
            [
              6.142341155170954,
              46.205503690404306
            ],
            [
              6.142406474816692,
              46.20554466273553
            ],
            [
              6.142477282768276,
              46.20558100678523
            ],
            [
              6.142552897106423,
              46.205612372549865
            ],
            [
              6.142632589623726,
              46.2056384579687
            ],
            [
              6.142715592837675,
              46.20565901183261
            ],
            [
              6.142801107381948,
              46.20567383620292
            ],
            [
              6.142888309704735,
              46.20568278831752
            ],
            [
              6.14297636,
              46.205685781965556
            ],
            [
              6.143064410295263,
              46.20568278831752
            ],
            [
              6.143151612618049,
              46.20567383620292
            ],
            [
              6.143237127162323,
              46.20565901183261
            ],
            [
              6.143320130376272,
              46.2056384579687
            ],
            [
              6.143399822893574,
              46.205612372549865
            ],
            [
              6.143475437231722,
              46.20558100678523
            ],
            [
              6.143546245183306,
              46.20554466273553
            ],
            [
              6.143611564829043,
              46.205503690404306
            ],
            [
              6.143642441391943,
              46.20548011349386
            ],
            [
              6.143722217162323,
              46.20546628391982
            ],
            [
              6.143805220376272,
              46.2054457299838
            ],
            [
              6.143884912893575,
              46.20541964447345
            ],
            [
              6.143960527231722,
              46.205388278598775
            ],
            [
              6.144031335183307,
              46.205351934421564
            ],
            [
              6.144096654829044,
              46.20531096194661
            ],
            [
              6.14415585710504,
              46.20526575575135
            ],
            [
              6.144208371861011,
              46.20521675118627
            ],
            [
              6.144253693351153,
              46.20516442018263
            ],
            [
              6.144291385104739,
              46.20510926670784
            ],
            [
              6.144321084129579,
              46.20505182191233
            ],
            [
              6.144342504407825,
              46.2049926390146
            ],
            [
              6.144355439650491,
              46.204932287973605
            ],
            [
              6.144359765284118,
              46.20487135
            ],
            [
              6.144355439650491,
              46.20481041195878
            ],
            [
              6.144342504407825,
              46.20475006071759
            ],
            [
              6.144321084129579,
              46.20469087749477
            ],
            [
              6.144319842237162,
              46.20468847536999
            ],
            [
              6.144333514407825,
              46.20465069976955
            ],
            [
              6.144346449650492,
              46.204590348352916
            ],
            [
              6.144350775284119,
              46.20452941
            ],
            [
              6.144346449650492,
              46.20446847157948
            ],
            [
              6.144338329316533,
              46.204430584761575
            ],
            [
              6.144408625183307,
              46.2043945027974
            ],
            [
              6.144473944829044,
              46.204353529608355
            ],
            [
              6.14453314710504,
              46.20430832262522
            ],
            [
              6.144585661861012,
              46.20425931720606
            ],
            [
              6.144630983351154,
              46.204206985290384
            ],
            [
              6.144668675104739,
              46.20415183085434
            ],
            [
              6.144698374129579,
              46.204094385057665
            ],
            [
              6.144719794407825,
              46.20403520112847
            ],
            [
              6.144732729650491,
              46.20397484903565
            ],
            [
              6.144737055284119,
              46.20391391
            ],
            [
              6.144732729650491,
              46.20385297089673
            ],
            [
              6.144719794407825,
              46.20379261860373
            ],
            [
              6.144698374129579,
              46.20373343434944
            ],
            [
              6.144668675104739,
              46.20367598811526
            ],
            [
              6.144630983351154,
              46.203620833146125
            ],
            [
              6.144585661861012,
              46.203568500622225
            ],
            [
              6.14453314710504,
              46.20351949454314
            ],
            [
              6.144473944829044,
              46.20347428687367
            ],
            [
              6.144408625183307,
              46.20343331299831
            ],
            [
              6.144337817231722,
              46.20339696752772
            ],
            [
              6.144262202893575,
              46.20336560049818
            ],
            [
              6.144182510376273,
              46.20333951400009
            ],
            [
              6.144099507162323,
              46.20331895926835
            ],
            [
              6.14401399261805,
              46.20330413426257
            ],
            [
              6.143926790295263,
              46.20329518176034
            ],
            [
              6.14383874,
              46.20329218798202
            ],
            [
              6.143816863288687,
              46.20329293180719
            ],
            [
              6.143810677231723,
              46.20328975651892
            ],
            [
              6.143735062893575,
              46.203258389428164
            ],
            [
              6.143655370376274,
              46.203232302879165
            ],
            [
              6.143572367162323,
              46.203211748107314
            ],
            [
              6.143486852618051,
              46.20319692307261
            ],
            [
              6.143399650295264,
              46.2031879705529
            ],
            [
              6.14339185801806,
              46.203187705608926
            ],
            [
              6.14337785412958,
              46.20314901242956
            ],
            [
              6.14334815510474,
              46.20309156558427
            ],
            [
              6.143310463351154,
              46.20303641002841
            ]
          ]
        ]
      }
    },
    {
      "type": "Feature",
      "properties": {
        "cluster": 29
      },
      "geometry": {
        "type": "Polygon",
        "coordinates": [
          [
            [
              6.140278154407825,
              46.20811691815132
            ],
            [
              6.140256734129578,
              46.20805773855577
            ],
            [
              6.14022703510474,
              46.20800029684353
            ],
            [
              6.140189343351154,
              46.20794514621597
            ],
            [
              6.140144021861011,
              46.20789281781147
            ],
            [
              6.14009150710504,
              46.207843815589925
            ],
            [
              6.140032304829043,
              46.20779861147902
            ],
            [
              6.139966985183306,
              46.20775764082892
            ],
            [
              6.139896177231723,
              46.207721298219305
            ],
            [
              6.139820562893575,
              46.207689933658834
            ],
            [
              6.139740870376273,
              46.20766384921416
            ],
            [
              6.139657867162323,
              46.207643296100386
            ],
            [
              6.139572352618051,
              46.20762847226157
            ],
            [
              6.139485150295263,
              46.207619520464036
            ],
            [
              6.1393971,
              46.207616526921385
            ],
            [
              6.139309049704735,
              46.207619520464036
            ],
            [
              6.139221847381949,
              46.20762847226157
            ],
            [
              6.139136332837676,
              46.207643296100386
            ],
            [
              6.139053329623726,
              46.20766384921416
            ],
            [
              6.138973637106425,
              46.207689933658834
            ],
            [
              6.138898022768276,
              46.207721298219305
            ],
            [
              6.138827214816692,
              46.20775764082892
            ],
            [
              6.138761895170955,
              46.20779861147902
            ],
            [
              6.138760784509484,
              46.20779945952892
            ],
            [
              6.138704,
              46.20779752896989
            ],
            [
              6.138615949704735,
              46.20780052250268
            ],
            [
              6.138528747381948,
              46.20780947427072
            ],
            [
              6.138443232837676,
              46.20782429806069
            ],
            [
              6.138360229623726,
              46.207844851106735
            ],
            [
              6.138280537106424,
              46.20787093546546
            ],
            [
              6.138204922768276,
              46.20790229992257
            ],
            [
              6.138134114816692,
              46.20793864241245
            ],
            [
              6.138068795170954,
              46.20797961292754
            ],
            [
              6.138009592894958,
              46.208024816889484
            ],
            [
              6.137957078138988,
              46.20807381894956
            ],
            [
              6.137911756648845,
              46.20812614718162
            ],
            [
              6.137874064895259,
              46.208181297627455
            ],
            [
              6.13784436587042,
              46.208238739150424
            ],
            [
              6.137822945592173,
              46.208297918550954
            ],
            [
              6.137810010349507,
              46.20835826589441
            ],
            [
              6.13780568471588,
              46.2084192
            ],
            [
              6.137810010349507,
              46.20848013403796
            ],
            [
              6.137822945592173,
              46.20854048118123
            ],
            [
              6.13784436587042,
              46.208599660256674
            ],
            [
              6.137874064895259,
              46.20865710134213
            ],
            [
              6.137911756648845,
              46.20871225125487
            ],
            [
              6.137957078138988,
              46.20876457887873
            ],
            [
              6.138009592894958,
              46.20881358027887
            ],
            [
              6.138068795170954,
              46.208858783554504
            ],
            [
              6.138134114816692,
              46.20889975338327
            ],
            [
              6.138204922768276,
              46.2089360952132
            ],
            [
              6.138280537106424,
              46.208967459062116
            ],
            [
              6.138360229623726,
              46.20899354288775
            ],
            [
              6.138443232837676,
              46.209014095496286
            ],
            [
              6.138528747381948,
              46.20902891896116
            ],
            [
              6.138615949704735,
              46.20903787052901
            ],
            [
              6.138704,
              46.209040863994204
            ],
            [
              6.138792050295263,
              46.20903787052901
            ],
            [
              6.13887925261805,
              46.20902891896116
            ],
            [
              6.138913012106791,
              46.209023066944305
            ],
            [
              6.138915265592174,
              46.20903358009247
            ],
            [
              6.138936685870421,
              46.20909275863666
            ],
            [
              6.13896638489526,
              46.20915019920646
            ],
            [
              6.139004076648845,
              46.20920534862411
            ],
            [
              6.139049398138988,
              46.20925767577821
            ],
            [
              6.13910191289496,
              46.20930667673846
            ],
            [
              6.139161115170955,
              46.20935187960829
            ],
            [
              6.139226434816693,
              46.20939284906926
            ],
            [
              6.139297242768277,
              46.20942919057294
            ],
            [
              6.139372857106425,
              46.20946055414029
            ],
            [
              6.139452549623726,
              46.209486637731764
            ],
            [
              6.139535552837676,
              46.2095071901558
            ],
            [
              6.139621067381949,
              46.20952201348761
            ],
            [
              6.139700222698919,
              46.209530138934404
            ],
            [
              6.139711192894961,
              46.209540375060485
            ],
            [
              6.139770395170956,
              46.20958557773799
            ],
            [
              6.139835714816694,
              46.20962654702465
            ],
            [
              6.139906522768277,
              46.20966288837371
            ],
            [
              6.139982137106425,
              46.20969425180761
            ],
            [
              6.140061829623727,
              46.209720335288104
            ],
            [
              6.140144832837676,
              46.2097408876247
            ],
            [
              6.14023034738195,
              46.209755710893425
            ],
            [
              6.140317549704736,
              46.20976466234283
            ],
            [
              6.1404056,
              46.20976765576841
            ],
            [
              6.140493650295265,
              46.20976466234283
            ],
            [
              6.140580852618052,
              46.209755710893425
            ],
            [
              6.140666367162324,
              46.2097408876247
            ],
            [
              6.140749370376273,
              46.209720335288104
            ],
            [
              6.140829062893576,
              46.20969425180761
            ],
            [
              6.140904677231723,
              46.20966288837371
            ],
            [
              6.140975485183308,
              46.20962654702465
            ],
            [
              6.141040804829045,
              46.20958557773799
            ],
            [
              6.141100007105041,
              46.209540375060485
            ],
            [
              6.141152521861012,
              46.209491374308726
            ],
            [
              6.141197843351154,
              46.20943904737725
            ],
            [
              6.141235535104741,
              46.209383898194254
            ],
            [
              6.141265234129579,
              46.20932645786885
            ],
            [
              6.141286654407826,
              46.20926727957645
            ],
            [
              6.141299589650492,
              46.2092069332317
            ],
            [
              6.141303915284119,
              46.209146
            ],
            [
              6.141299589650492,
              46.20908506670068
            ],
            [
              6.141286654407826,
              46.20902472015573
            ],
            [
              6.141265234129579,
              46.20896554153825
            ],
            [
              6.141235535104741,
              46.20890810077533
            ],
            [
              6.141197843351154,
              46.20885295105924
            ],
            [
              6.141152521861012,
              46.208800623519565
            ],
            [
              6.141100007105041,
              46.208751622107876
            ],
            [
              6.141079746706692,
              46.20873615246765
            ],
            [
              6.141069184129578,
              46.20870697068875
            ],
            [
              6.14103948510474,
              46.20864952965543
            ],
            [
              6.141001793351154,
              46.208594379679724
            ],
            [
              6.140956471861011,
              46.20854205189372
            ],
            [
              6.140903957105039,
              46.20849305025135
            ],
            [
              6.140844754829043,
              46.20844784667474
            ],
            [
              6.140779435183306,
              46.2084068765089
            ],
            [
              6.140708627231723,
              46.20837053432882
            ],
            [
              6.140633012893574,
              46.20833917013906
            ],
            [
              6.140553320376273,
              46.20831308600268
            ],
            [
              6.140470317162323,
              46.208292533131846
            ],
            [
              6.14038480261805,
              46.20827770946823
            ],
            [
              6.140297600295264,
              46.20826875777651
            ],
            [
              6.140293256515769,
              46.20826861009801
            ],
            [
              6.140295415284119,
              46.2082382
            ],
            [
              6.140291089650491,
              46.20817726569363
            ],
            [
              6.140278154407825,
              46.20811691815132
            ]
          ]
        ]
      }
    }
  ]
}