{
  "type": "FeatureCollection",
  "features": [
    {
      "type": "Feature",
      "properties": {
        "station_id": "bs_18406",
        "station_type": "bike",
        "name": "Rive",
        "hub_id": 12
      },
      "geometry": {
        "type": "Point",
        "coordinates": [
          6.1530625,
          46.2014375
        ]
      }
    },
    {
      "type": "Feature",
      "properties": {
        "station_id": "bs_18500",
        "station_type": "bike",
        "name": "Genève Cornavin",
        "hub_id": 1
      },
      "geometry": {
        "type": "Point",
        "coordinates": [
          6.1425051,
          46.2093526
        ]
      }
    },
    {
      "type": "Feature",
      "properties": {
        "station_id": "bs_18394",
        "station_type": "bike",
        "name": "Bains des Pâquis",
        "hub_id": 9
      },
      "geometry": {
        "type": "Point",
        "coordinates": [
          6.1526709,
          46.2112069
        ]
      }
    },
    {
      "type": "Feature",
      "properties": {
        "station_id": "bs_18503",
        "station_type": "bike",
        "name": "Gare Routière",
        "hub_id": 25
      },
      "geometry": {
        "type": "Point",
        "coordinates": [
          6.1463984,
          46.2084035
        ]
      }
    },
    {
      "type": "Feature",
      "properties": {
        "station_id": "bs_18837",
        "station_type": "bike",
        "name": "Tir 1",
        "hub_id": 23
      },
      "geometry": {
        "type": "Point",
        "coordinates": [
          6.1364113,
          46.2034058
        ]
      }
    },
    {
      "type": "Feature",
      "properties": {
        "station_id": "bs_18770",
        "station_type": "bike",
        "name": "Boulevard du Théâtre",
        "hub_id": 0
      },
      "geometry": {
        "type": "Point",
        "coordinates": [
          6.1417309,
          46.2023851
        ]
      }
    },
    {
      "type": "Feature",
      "properties": {
        "station_id": "bs_22363",
        "station_type": "bike",
        "name": "La Turbine",
        "hub_id": 23
      },
      "geometry": {
        "type": "Point",
        "coordinates": [
          6.1369485,
          46.2039152
        ]
      }
    },
    {
      "type": "Feature",
      "properties": {
        "station_id": "bs_18552",
        "station_type": "bike",
        "name": "Pont Mont Blanc S",
        "hub_id": 27
      },
      "geometry": {
        "type": "Point",
        "coordinates": [
          6.149528,
          46.2041793
        ]
      }
    },
    {
      "type": "Feature",
      "properties": {
        "station_id": "bs_21969",
        "station_type": "bike",
        "name": "Jardin des Alpes",
        "hub_id": 25
      },
      "geometry": {
        "type": "Point",
        "coordinates": [
          6.1488421,
          46.2080078
        ]
      }
    },
    {
      "type": "Feature",
      "properties": {
        "station_id": "bs_18559",
        "station_type": "bike",
        "name": "Rhône Quai général Guisan",
        "hub_id": 14
      },
      "geometry": {
        "type": "Point",
        "coordinates": [
          6.1473441,
          46.2046392
        ]
      }
    },
    {
      "type": "Feature",
      "properties": {
        "station_id": "bs_22210",
        "station_type": "bike",
        "name": "Rue Du-Roveray 9",
        "hub_id": 22
      },
      "geometry": {
        "type": "Point",
        "coordinates": [
          6.1591623,
          46.2051736
        ]
      }
    },
    {
      "type": "Feature",
      "properties": {
        "station_id": "bs_18570",
        "station_type": "bike",
        "name": "Place de la Navigation",
        "hub_id": 5
      },
      "geometry": {
        "type": "Point",
        "coordinates": [
          6.1495787,
          46.2115266
        ]
      }
    },
    {
      "type": "Feature",
      "properties": {
        "station_id": "bs_21475",
        "station_type": "bike",
        "name": "Uni Bastions",
        "hub_id": 16
      },
      "geometry": {
        "type": "Point",
        "coordinates": [
          6.1441602,
          46.1987529
        ]
      }
    },
    {
      "type": "Feature",
      "properties": {
        "station_id": "bs_21949",
        "station_type": "bike",
        "name": "François-Bartholoni",
        "hub_id": 0
      },
      "geometry": {
        "type": "Point",
        "coordinates": [
          6.1429667,
          46.200731
        ]
      }
    },
    {
      "type": "Feature",
      "properties": {
        "station_id": "bs_18842",
        "station_type": "bike",
        "name": "Voltaire 20",
        "hub_id": 26
      },
      "geometry": {
        "type": "Point",
        "coordinates": [
          6.1368786,
          46.2080365
        ]
      }
    },
    {
      "type": "Feature",
      "properties": {
        "station_id": "bs_21485",
        "station_type": "bike",
        "name": "Rond-Point de Rive",
        "hub_id": 12
      },
      "geometry": {
        "type": "Point",
        "coordinates": [
          6.1539138,
          46.2017247
        ]
      }
    },
    {
      "type": "Feature",
      "properties": {
        "station_id": "bs_18611",
        "station_type": "bike",
        "name": "Plainpalais",
        "hub_id": 0
      },
      "geometry": {
        "type": "Point",
        "coordinates": [
          6.141155,
          46.1995996
        ]
      }
    },
    {
      "type": "Feature",
      "properties": {
        "station_id": "bs_18497",
        "station_type": "bike",
        "name": "Gare Cornavin gallerie",
        "hub_id": 29
      },
      "geometry": {
        "type": "Point",
        "coordinates": [
          6.1404056,
          46.209146
        ]
      }
    },
    {
      "type": "Feature",
      "properties": {
        "station_id": "bs_18567",
        "station_type": "bike",
        "name": "Rue de la Confédération 2",
        "hub_id": 28
      },
      "geometry": {
        "type": "Point",
        "coordinates": [
          6.1433116,
          46.2038067
        ]
      }
    },
    {
      "type": "Feature",
      "properties": {
        "station_id": "bs_21938",
        "station_type": "bike",
        "name": "Rue de Berne 65",
        "hub_id": 21
      },
      "geometry": {
        "type": "Point",
        "coordinates": [
          6.1483013,
          46.2135399
        ]
      }
    },
    {
      "type": "Feature",
      "properties": {
        "station_id": "bs_18473",
        "station_type": "bike",
        "name": "Beth-Yaacov",
        "hub_id": 19
      },
      "geometry": {
        "type": "Point",
        "coordinates": [
          6.1414002,
          46.2028401
        ]
      }
    },
    {
      "type": "Feature",
      "properties": {
        "station_id": "bs_18496",
        "station_type": "bike",
        "name": "Gare Cornavin Montbrillant",
        "hub_id": 1
      },
      "geometry": {
        "type": "Point",
        "coordinates": [
          6.1406665,
          46.209998599999984
        ]
      }
    },
    {
      "type": "Feature",
      "properties": {
        "station_id": "bs_18422",
        "station_type": "bike",
        "name": "Place St-Gervais",
        "hub_id": 8
      },
      "geometry": {
        "type": "Point",
        "coordinates": [
          6.1427931,
          46.2057147
        ]
      }
    },
    {
      "type": "Feature",
      "properties": {
        "station_id": "bs_20712",
        "station_type": "bike",
        "name": "Turrettini 1",
        "hub_id": 8
      },
      "geometry": {
        "type": "Point",
        "coordinates": [
          6.141601,
          46.205486499999985
        ]
      }
    },
    {
      "type": "Feature",
      "properties": {
        "station_id": "bs_22214",
        "station_type": "bike",
        "name": "Place Camoletti",
        "hub_id": 11
      },
      "geometry": {
        "type": "Point",
        "coordinates": [
          6.1555808,
          46.2031314
        ]
      }
    },
    {
      "type": "Feature",
      "properties": {
        "station_id": "bs_21909",
        "station_type": "bike",
        "name": "Cours des Bastions 10",
        "hub_id": 20
      },
      "geometry": {
        "type": "Point",
        "coordinates": [
          6.1482805,
          46.1977578
        ]
      }
    },
    {
      "type": "Feature",
      "properties": {
        "station_id": "bs_18551",
        "station_type": "bike",
        "name": "Pont de la Machine",
        "hub_id": 6
      },
      "geometry": {
        "type": "Point",
        "coordinates": [
          6.1447417,
          46.2064075
        ]
      }
    },
    {
      "type": "Feature",
      "properties": {
        "station_id": "bs_21905",
        "station_type": "bike",
        "name": "Rue Galloix",
        "hub_id": 20
      },
      "geometry": {
        "type": "Point",
        "coordinates": [
          6.1462508,
          46.1974452
        ]
      }
    },
    {
      "type": "Feature",
      "properties": {
        "station_id": "bs_18416",
        "station_type": "bike",
        "name": "Geneva Hostel",
        "hub_id": 21
      },
      "geometry": {
        "type": "Point",
        "coordinates": [
          6.1495471,
          46.21473539999999
        ]
      }
    },
    {
      "type": "Feature",
      "properties": {
        "station_id": "bs_18589",
        "station_type": "bike",
        "name": "Sablons",
        "hub_id": 7
      },
      "geometry": {
        "type": "Point",
        "coordinates": [
          6.1376221,
          46.200816199999984
        ]
      }
    },
    {
      "type": "Feature",
      "properties": {
        "station_id": "bs_18603",
        "station_type": "bike",
        "name": "Pécolat 8",
        "hub_id": 25
      },
      "geometry": {
        "type": "Point",
        "coordinates": [
          6.14606,
          46.208767
        ]
      }
    },
    {
      "type": "Feature",
      "properties": {
        "station_id": "bs_22236",
        "station_type": "bike",
        "name": "Rue du Môle 1",
        "hub_id": 5
      },
      "geometry": {
        "type": "Point",
        "coordinates": [
          6.1496226,
          46.2121962
        ]
      }
    },
    {
      "type": "Feature",
      "properties": {
        "station_id": "bs_18833",
        "station_type": "bike",
        "name": "Rue du Prince",
        "hub_id": 12
      },
      "geometry": {
        "type": "Point",
        "coordinates": [
          6.1514251,
          46.2031806
        ]
      }
    },
    {
      "type": "Feature",
      "properties": {
        "station_id": "bs_20715",
        "station_type": "bike",
        "name": "Rue du Lac 17",
        "hub_id": 10
      },
      "geometry": {
        "type": "Point",
        "coordinates": [
          6.1577807,
          46.20400269999998
        ]
      }
    },
    {
      "type": "Feature",
      "properties": {
        "station_id": "bs_21967",
        "station_type": "bike",
        "name": "Place des Alpes",
        "hub_id": 25
      },
      "geometry": {
        "type": "Point",
        "coordinates": [
          6.1481129,
          46.208764
        ]
      }
    },
    {
      "type": "Feature",
      "properties": {
        "station_id": "bs_21993",
        "station_type": "bike",
        "name": "Terreaux-du-Temple",
        "hub_id": 8
      },
      "geometry": {
        "type": "Point",
        "coordinates": [
          6.1412344,
          46.2072477
        ]
      }
    },
    {
      "type": "Feature",
      "properties": {
        "station_id": "bs_21963",
        "station_type": "bike",
        "name": "Plantamour 22",
        "hub_id": 9
      },
      "geometry": {
        "type": "Point",
        "coordinates": [
          6.1498047,
          46.2104074
        ]
      }
    },
    {
      "type": "Feature",
      "properties": {
        "station_id": "bs_22023",
        "station_type": "bike",
        "name": "Rue des Savoises 3",
        "hub_id": 7
      },
      "geometry": {
        "type": "Point",
        "coordinates": [
          6.1396609,
          46.2007559
        ]
      }
    },
    {
      "type": "Feature",
      "properties": {
        "station_id": "bs_21994",
        "station_type": "bike",
        "name": "Rue Necker",
        "hub_id": 8
      },
      "geometry": {
        "type": "Point",
        "coordinates": [
          6.1409662,
          46.2076433
        ]
      }
    },
    {
      "type": "Feature",
      "properties": {
        "station_id": "bs_22017",
        "station_type": "bike",
        "name": "Verdaine 6",
        "hub_id": 12
      },
      "geometry": {
        "type": "Point",
        "coordinates": [
          6.1506667,
          46.20169869999999
        ]
      }
    },
    {
      "type": "Feature",
      "properties": {
        "station_id": "bs_18574",
        "station_type": "bike",
        "name": "Rue des Rois",
        "hub_id": 23
      },
      "geometry": {
        "type": "Point",
        "coordinates": [
          6.1377357,
          46.2031888
        ]
      }
    },
    {
      "type": "Feature",
      "properties": {
        "station_id": "bs_20720",
        "station_type": "bike",
        "name": "Bartholoni 2",
        "hub_id": 0
      },
      "geometry": {
        "type": "Point",
        "coordinates": [
          6.1414694,
          46.2002036
        ]
      }
    },
    {
      "type": "Feature",
      "properties": {
        "station_id": "bs_18839",
        "station_type": "bike",
        "name": "Berne 2",
        "hub_id": 6
      },
      "geometry": {
        "type": "Point",
        "coordinates": [
          6.1447897,
          46.2087736
        ]
      }
    },
    {
      "type": "Feature",
      "properties": {
        "station_id": "bs_22369",
        "station_type": "bike",
        "name": "Rue Fendt",
        "hub_id": 1
      },
      "geometry": {
        "type": "Point",
        "coordinates": [
          6.1409182,
          46.2111408
        ]
      }
    },
    {
      "type": "Feature",
      "properties": {
        "station_id": "bs_21940",
        "station_type": "bike",
        "name": "Rue de Bâle 26",
        "hub_id": 21
      },
      "geometry": {
        "type": "Point",
        "coordinates": [
          6.1491878,
          46.2131834
        ]
      }
    },
    {
      "type": "Feature",
      "properties": {
        "station_id": "bs_21477",
        "station_type": "bike",
        "name": "Place de Neuve",
        "hub_id": 0
      },
      "geometry": {
        "type": "Point",
        "coordinates": [
          6.1438301,
          46.2017625
        ]
      }
    },
    {
      "type": "Feature",
      "properties": {
        "station_id": "bs_18569",
        "station_type": "bike",
        "name": "Rue de la Madeleine",
        "hub_id": 14
      },
      "geometry": {
        "type": "Point",
        "coordinates": [
          6.1473478,
          46.2023685
        ]
      }
    },
    {
      "type": "Feature",
      "properties": {
        "station_id": "bs_18542",
        "station_type": "bike",
        "name": "Terrassières",
        "hub_id": 4
      },
      "geometry": {
        "type": "Point",
        "coordinates": [
          6.1558235,
          46.2012952
        ]
      }
    },
    {
      "type": "Feature",
      "properties": {
        "station_id": "bs_22313",
        "station_type": "bike",
        "name": "Montchoisy 8",
        "hub_id": 10
      },
      "geometry": {
        "type": "Point",
        "coordinates": [
          6.1594761,
          46.20278909999998
        ]
      }
    },
    {
      "type": "Feature",
      "properties": {
        "station_id": "bs_18613",
        "station_type": "bike",
        "name": "Pont des Bergues",
        "hub_id": 25
      },
      "geometry": {
        "type": "Point",
        "coordinates": [
          6.1464734,
          46.2067751
        ]
      }
    },
    {
      "type": "Feature",
      "properties": {
        "station_id": "bs_24674",
        "station_type": "bike",
        "name": "Gavroche",
        "hub_id": 3
      },
      "geometry": {
        "type": "Point",
        "coordinates": [
          6.1396961,
          46.2060901
        ]
      }
    },
    {
      "type": "Feature",
      "properties": {
        "station_id": "bs_22234",
        "station_type": "bike",
        "name": "Place du Cirque",
        "hub_id": 7
      },
      "geometry": {
        "type": "Point",
        "coordinates": [
          6.1398463,
          46.201185899999984
        ]
      }
    },
    {
      "type": "Feature",
      "properties": {
        "station_id": "bs_22211",
        "station_type": "bike",
        "name": "31 Décembre 6",
        "hub_id": 22
      },
      "geometry": {
        "type": "Point",
        "coordinates": [
          6.1578497,
          46.2053158
        ]
      }
    },
    {
      "type": "Feature",
      "properties": {
        "station_id": "bs_18533",
        "station_type": "bike",
        "name": "Pictet de Rochemont 7",
        "hub_id": 10
      },
      "geometry": {
        "type": "Point",
        "coordinates": [
          6.1576766,
          46.2023365
        ]
      }
    },
    {
      "type": "Feature",
      "properties": {
        "station_id": "bs_22237",
        "station_type": "bike",
        "name": "Rue de Lausanne 17",
        "hub_id": 13
      },
      "geometry": {
        "type": "Point",
        "coordinates": [
          6.1442478,
          46.2113707
        ]
      }
    },
    {
      "type": "Feature",
      "properties": {
        "station_id": "bs_22187",
        "station_type": "bike",
        "name": "L'Ancien-Port",
        "hub_id": 9
      },
      "geometry": {
        "type": "Point",
        "coordinates": [
          6.15037,
          46.2123003
        ]
      }
    },
    {
      "type": "Feature",
      "properties": {
        "station_id": "bs_18840",
        "station_type": "bike",
        "name": "Servette 18",
        "hub_id": 18
      },
      "geometry": {
        "type": "Point",
        "coordinates": [
          6.1374097,
          46.21027560000001
        ]
      }
    },
    {
      "type": "Feature",
      "properties": {
        "station_id": "bs_18516",
        "station_type": "bike",
        "name": "Jean-Jaquet",
        "hub_id": 21
      },
      "geometry": {
        "type": "Point",
        "coordinates": [
          6.1511388,
          46.2138681
        ]
      }
    },
    {
      "type": "Feature",
      "properties": {
        "station_id": "bs_18835",
        "station_type": "bike",
        "name": "Saint-Georges 60",
        "hub_id": 7
      },
      "geometry": {
        "type": "Point",
        "coordinates": [
          6.1372219,
          46.2013132
        ]
      }
    },
    {
      "type": "Feature",
      "properties": {
        "station_id": "bs_27875",
        "station_type": "bike",
        "name": "Rue du Môle 31",
        "hub_id": 15
      },
      "geometry": {
        "type": "Point",
        "coordinates": [
          6.1458686,
          46.2134789
        ]
      }
    },
    {
      "type": "Feature",
      "properties": {
        "station_id": "bs_22741",
        "station_type": "bike",
        "name": "Résidence Universitaire",
        "hub_id": 15
      },
      "geometry": {
        "type": "Point",
        "coordinates": [
          6.1475462,
          46.2147665
        ]
      }
    },
    {
      "type": "Feature",
      "properties": {
        "station_id": "bs_27876",
        "station_type": "bike",
        "name": "Rue du Prieuré 32",
        "hub_id": 15
      },
      "geometry": {
        "type": "Point",
        "coordinates": [
          6.145709,
          46.2147902
        ]
      }
    },
    {
      "type": "Feature",
      "properties": {
        "station_id": "bs_18843",
        "station_type": "bike",
        "name": "Encyclopédie 1",
        "hub_id": 26
      },
      "geometry": {
        "type": "Point",
        "coordinates": [
          6.1360497,
          46.2081224
        ]
      }
    },
    {
      "type": "Feature",
      "properties": {
        "station_id": "bs_22188",
        "station_type": "bike",
        "name": "Rue de Berne 36",
        "hub_id": 5
      },
      "geometry": {
        "type": "Point",
        "coordinates": [
          6.1466122,
          46.2111603
        ]
      }
    },
    {
      "type": "Feature",
      "properties": {
        "station_id": "bs_22208",
        "station_type": "bike",
        "name": "Vollandes 16",
        "hub_id": 22
      },
      "geometry": {
        "type": "Point",
        "coordinates": [
          6.1602549,
          46.205223
        ]
      }
    },
    {
      "type": "Feature",
      "properties": {
        "station_id": "bs_22189",
        "station_type": "bike",
        "name": "L'Aigle Noir",
        "hub_id": 5
      },
      "geometry": {
        "type": "Point",
        "coordinates": [
          6.1470947,
          46.210525
        ]
      }
    },
    {
      "type": "Feature",
      "properties": {
        "station_id": "bs_18540",
        "station_type": "bike",
        "name": "Place de la Fusterie",
        "hub_id": 14
      },
      "geometry": {
        "type": "Point",
        "coordinates": [
          6.1460944,
          46.2041587
        ]
      }
    },
    {
      "type": "Feature",
      "properties": {
        "station_id": "bs_21479",
        "station_type": "bike",
        "name": "Bourg de Four",
        "hub_id": 24
      },
      "geometry": {
        "type": "Point",
        "coordinates": [
          6.1484456,
          46.2000917
        ]
      }
    },
    {
      "type": "Feature",
      "properties": {
        "station_id": "bs_20636",
        "station_type": "bike",
        "name": "Saint-Léger 14",
        "hub_id": 20
      },
      "geometry": {
        "type": "Point",
        "coordinates": [
          6.147423,
          46.1986323
        ]
      }
    },
    {
      "type": "Feature",
      "properties": {
        "station_id": "bs_22227",
        "station_type": "bike",
        "name": "Coulouvrenière",
        "hub_id": 23
      },
      "geometry": {
        "type": "Point",
        "coordinates": [
          6.1380224,
          46.2038939
        ]
      }
    },
    {
      "type": "Feature",
      "properties": {
        "station_id": "bs_22311",
        "station_type": "bike",
        "name": "Rue des Photographes 2",
        "hub_id": 10
      },
      "geometry": {
        "type": "Point",
        "coordinates": [
          6.1592887,
          46.2022268
        ]
      }
    },
    {
      "type": "Feature",
      "properties": {
        "station_id": "bs_18538",
        "station_type": "bike",
        "name": "Place de Grenus",
        "hub_id": 8
      },
      "geometry": {
        "type": "Point",
        "coordinates": [
          6.1428894,
          46.2069752
        ]
      }
    },
    {
      "type": "Feature",
      "properties": {
        "station_id": "bs_30704",
        "station_type": "bike",
        "name": "Place des Trois-Perdrix",
        "hub_id": 14
      },
      "geometry": {
        "type": "Point",
        "coordinates": [
          6.1453593,
          46.2030061
        ]
      }
    },
    {
      "type": "Feature",
      "properties": {
        "station_id": "bs_22414",
        "station_type": "bike",
        "name": "Rue des Gares 29",
        "hub_id": 17
      },
      "geometry": {
        "type": "Point",
        "coordinates": [
          6.1418191,
          46.2126713
        ]
      }
    },
    {
      "type": "Feature",
      "properties": {
        "station_id": "bs_21911",
        "station_type": "bike",
        "name": "Rue Saint-Victor",
        "hub_id": 2
      },
      "geometry": {
        "type": "Point",
        "coordinates": [
          6.151061,
          46.1978841
        ]
      }
    },
    {
      "type": "Feature",
      "properties": {
        "station_id": "bs_21962",
        "station_type": "bike",
        "name": "Rue Barton",
        "hub_id": 9
      },
      "geometry": {
        "type": "Point",
        "coordinates": [
          6.1510593,
          46.2107688
        ]
      }
    },
    {
      "type": "Feature",
      "properties": {
        "station_id": "bs_22361",
        "station_type": "bike",
        "name": "Quai des Forces-Motrices",
        "hub_id": 19
      },
      "geometry": {
        "type": "Point",
        "coordinates": [
          6.139265,
          46.2041899
        ]
      }
    },
    {
      "type": "Feature",
      "properties": {
        "station_id": "bs_22213",
        "station_type": "bike",
        "name": "Muzy 7",
        "hub_id": 11
      },
      "geometry": {
        "type": "Point",
        "coordinates": [
          6.15607,
          46.2039075
        ]
      }
    },
    {
      "type": "Feature",
      "properties": {
        "station_id": "bs_21966",
        "station_type": "bike",
        "name": "Rue Sismondi",
        "hub_id": 5
      },
      "geometry": {
        "type": "Point",
        "coordinates": [
          6.1472328,
          46.2100823
        ]
      }
    },
    {
      "type": "Feature",
      "properties": {
        "station_id": "bs_21965",
        "station_type": "bike",
        "name": "Rue Léon-Nicole",
        "hub_id": 5
      },
      "geometry": {
        "type": "Point",
        "coordinates": [
          6.1483385,
          46.2117783
        ]
      }
    },
    {
      "type": "Feature",
      "properties": {
        "station_id": "bs_22185",
        "station_type": "bike",
        "name": "Rue des Buis 2",
        "hub_id": 21
      },
      "geometry": {
        "type": "Point",
        "coordinates": [
          6.1488294,
          46.2134901
        ]
      }
    },
    {
      "type": "Feature",
      "properties": {
        "station_id": "bs_22366",
        "station_type": "bike",
        "name": "Rue de la Sibérie 1",
        "hub_id": 18
      },
      "geometry": {
        "type": "Point",
        "coordinates": [
          6.1391218,
          46.2108941
        ]
      }
    },
    {
      "type": "Feature",
      "properties": {
        "station_id": "bs_22315",
        "station_type": "bike",
        "name": "Le Shogun",
        "hub_id": 10
      },
      "geometry": {
        "type": "Point",
        "coordinates": [
          6.1589403,
          46.204237
        ]
      }
    },
    {
      "type": "Feature",
      "properties": {
        "station_id": "bs_20626",
        "station_type": "bike",
        "name": "Rue des Savoises 17",
        "hub_id": 7
      },
      "geometry": {
        "type": "Point",
        "coordinates": [
          6.1385006,
          46.20106159999999
        ]
      }
    },
    {
      "type": "Feature",
      "properties": {
        "station_id": "bs_18807",
        "station_type": "bike",
        "name": "Louis-Favre 19",
        "hub_id": 18
      },
      "geometry": {
        "type": "Point",
        "coordinates": [
          6.1374893,
          46.2113011
        ]
      }
    },
    {
      "type": "Feature",
      "properties": {
        "station_id": "bs_21906",
        "station_type": "bike",
        "name": "Jean-Sénebier",
        "hub_id": 20
      },
      "geometry": {
        "type": "Point",
        "coordinates": [
          6.1471238,
          46.1979739
        ]
      }
    },
    {
      "type": "Feature",
      "properties": {
        "station_id": "bs_18579",
        "station_type": "bike",
        "name": "Rue du Temple",
        "hub_id": 8
      },
      "geometry": {
        "type": "Point",
        "coordinates": [
          6.1411253,
          46.2061256
        ]
      }
    },
    {
      "type": "Feature",
      "properties": {
        "station_id": "bs_20624",
        "station_type": "bike",
        "name": "Dufour 14",
        "hub_id": 0
      },
      "geometry": {
        "type": "Point",
        "coordinates": [
          6.1417383,
          46.201206
        ]
      }
    },
    {
      "type": "Feature",
      "properties": {
        "station_id": "bs_22364",
        "station_type": "bike",
        "name": "Rue du Midi",
        "hub_id": 18
      },
      "geometry": {
        "type": "Point",
        "coordinates": [
          6.1375131,
          46.21092989999999
        ]
      }
    },
    {
      "type": "Feature",
      "properties": {
        "station_id": "bs_21934",
        "station_type": "bike",
        "name": "Chaponnière 16",
        "hub_id": 13
      },
      "geometry": {
        "type": "Point",
        "coordinates": [
          6.1451953,
          46.209787
        ]
      }
    },
    {
      "type": "Feature",
      "properties": {
        "station_id": "bs_22314",
        "station_type": "bike",
        "name": "Rue Henri-Blanvalet",
        "hub_id": 10
      },
      "geometry": {
        "type": "Point",
        "coordinates": [
          6.1587204,
          46.2032123
        ]
      }
    },
    {
      "type": "Feature",
      "properties": {
        "station_id": "bs_18555",
        "station_type": "bike",
        "name": "Promenade du Pin",
        "hub_id": 2
      },
      "geometry": {
        "type": "Point",
        "coordinates": [
          6.1502622,
          46.198398
        ]
      }
    },
    {
      "type": "Feature",
      "properties": {
        "station_id": "bs_18509",
        "station_type": "bike",
        "name": "Grand théâtre",
        "hub_id": 0
      },
      "geometry": {
        "type": "Point",
        "coordinates": [
          6.1433392,
          46.2016606
        ]
      }
    },
    {
      "type": "Feature",
      "properties": {
        "station_id": "bs_21480",
        "station_type": "bike",
        "name": "Chaudronniers",
        "hub_id": 2
      },
      "geometry": {
        "type": "Point",
        "coordinates": [
          6.1501578,
          46.200212
        ]
      }
    },
    {
      "type": "Feature",
      "properties": {
        "station_id": "bs_21907",
        "station_type": "bike",
        "name": "Jean-Sénebier 14",
        "hub_id": 20
      },
      "geometry": {
        "type": "Point",
        "coordinates": [
          6.1478058,
          46.197339
        ]
      }
    },
    {
      "type": "Feature",
      "properties": {
        "station_id": "bs_18598",
        "station_type": "bike",
        "name": "Rue Necker 1",
        "hub_id": 3
      },
      "geometry": {
        "type": "Point",
        "coordinates": [
          6.1401026,
          46.2068494
        ]
      }
    },
    {
      "type": "Feature",
      "properties": {
        "station_id": "bs_21960",
        "station_type": "bike",
        "name": "Jean-Jaquet 8",
        "hub_id": 9
      },
      "geometry": {
        "type": "Point",
        "coordinates": [
          6.150956,
          46.21267179999999
        ]
      }
    },
    {
      "type": "Feature",
      "properties": {
        "station_id": "bs_21996",
        "station_type": "bike",
        "name": "Jean-Dassier",
        "hub_id": 29
      },
      "geometry": {
        "type": "Point",
        "coordinates": [
          6.138704,
          46.2084192
        ]
      }
    },
    {
      "type": "Feature",
      "properties": {
        "station_id": "bs_18471",
        "station_type": "bike",
        "name": "Basilique Notre Dame",
        "hub_id": 1
      },
      "geometry": {
        "type": "Point",
        "coordinates": [
          6.1424073,
          46.2085539
        ]
      }
    },
    {
      "type": "Feature",
      "properties": {
        "station_id": "bs_18593",
        "station_type": "bike",
        "name": "Temple des Pâquis",
        "hub_id": 5
      },
      "geometry": {
        "type": "Point",
        "coordinates": [
          6.1472369,
          46.2116452
        ]
      }
    },
    {
      "type": "Feature",
      "properties": {
        "station_id": "bs_22368",
        "station_type": "bike",
        "name": "CBD Shop",
        "hub_id": 18
      },
      "geometry": {
        "type": "Point",
        "coordinates": [
          6.1392143,
          46.2106327
        ]
      }
    },
    {
      "type": "Feature",
      "properties": {
        "station_id": "bs_21910",
        "station_type": "bike",
        "name": "Franz-Liszt",
        "hub_id": 2
      },
      "geometry": {
        "type": "Point",
        "coordinates": [
          6.1494832,
          46.1988497
        ]
      }
    },
    {
      "type": "Feature",
      "properties": {
        "station_id": "bs_22207",
        "station_type": "bike",
        "name": "Av. De la Grenade 11",
        "hub_id": 22
      },
      "geometry": {
        "type": "Point",
        "coordinates": [
          6.1607702,
          46.2057451
        ]
      }
    },
    {
      "type": "Feature",
      "properties": {
        "station_id": "bs_21476",
        "station_type": "bike",
        "name": "Uni-Dufour",
        "hub_id": 0
      },
      "geometry": {
        "type": "Point",
        "coordinates": [
          6.1429661,
          46.1996601
        ]
      }
    },
    {
      "type": "Feature",
      "properties": {
        "station_id": "bs_18838",
        "station_type": "bike",
        "name": "Rousseau 5",
        "hub_id": 6
      },
      "geometry": {
        "type": "Point",
        "coordinates": [
          6.1441195,
          46.2068767
        ]
      }
    },
    {
      "type": "Feature",
      "properties": {
        "station_id": "bs_22022",
        "station_type": "bike",
        "name": "Carosello",
        "hub_id": 0
      },
      "geometry": {
        "type": "Point",
        "coordinates": [
          6.141049,
          46.2006217
        ]
      }
    },
    {
      "type": "Feature",
      "properties": {
        "station_id": "bs_18511",
        "station_type": "bike",
        "name": "HEAD",
        "hub_id": 1
      },
      "geometry": {
        "type": "Point",
        "coordinates": [
          6.1412041,
          46.2087165
        ]
      }
    },
    {
      "type": "Feature",
      "properties": {
        "station_id": "bs_21936",
        "station_type": "bike",
        "name": "Rue de Zurich 17",
        "hub_id": 5
      },
      "geometry": {
        "type": "Point",
        "coordinates": [
          6.1477451,
          46.2114083
        ]
      }
    },
    {
      "type": "Feature",
      "properties": {
        "station_id": "bs_22367",
        "station_type": "bike",
        "name": "Rue de la Sibérie 2",
        "hub_id": 18
      },
      "geometry": {
        "type": "Point",
        "coordinates": [
          6.1396381,
          46.21053520000001
        ]
      }
    },
    {
      "type": "Feature",
      "properties": {
        "station_id": "bs_22365",
        "station_type": "bike",
        "name": "Rue des Grottes 17",
        "hub_id": 18
      },
      "geometry": {
        "type": "Point",
        "coordinates": [
          6.1385629,
          46.2112438
        ]
      }
    },
    {
      "type": "Feature",
      "properties": {
        "station_id": "bs_21995",
        "station_type": "bike",
        "name": "Malatrex",
        "hub_id": 29
      },
      "geometry": {
        "type": "Point",
        "coordinates": [
          6.1393971,
          46.2082382
        ]
      }
    },
    {
      "type": "Feature",
      "properties": {
        "station_id": "bs_20714",
        "station_type": "bike",
        "name": "Robert-Céard 10",
        "hub_id": 27
      },
      "geometry": {
        "type": "Point",
        "coordinates": [
          6.1488988,
          46.2032448
        ]
      }
    },
    {
      "type": "Feature",
      "properties": {
        "station_id": "bs_18543",
        "station_type": "bike",
        "name": "Place des Eaux-Vives",
        "hub_id": 4
      },
      "geometry": {
        "type": "Point",
        "coordinates": [
          6.1563643,
          46.2023076
        ]
      }
    },
    {
      "type": "Feature",
      "properties": {
        "station_id": "bs_18612",
        "station_type": "bike",
        "name": "Pont du Mont-Blanc",
        "hub_id": 25
      },
      "geometry": {
        "type": "Point",
        "coordinates": [
          6.1473036,
          46.2069193
        ]
      }
    },
    {
      "type": "Feature",
      "properties": {
        "station_id": "bs_22349",
        "station_type": "bike",
        "name": "Pierre-Fatio",
        "hub_id": 11
      },
      "geometry": {
        "type": "Point",
        "coordinates": [
          6.1541791,
          46.202988199999986
        ]
      }
    },
    {
      "type": "Feature",
      "properties": {
        "station_id": "bs_21869",
        "station_type": "bike",
        "name": "Saint-Jean 67",
        "hub_id": 3
      },
      "geometry": {
        "type": "Point",
        "coordinates": [
          6.1380201,
          46.206409599999986
        ]
      }
    },
    {
      "type": "Feature",
      "properties": {
        "station_id": "bs_22360",
        "station_type": "bike",
        "name": "Le Lyrique",
        "hub_id": 0
      },
      "geometry": {
        "type": "Point",
        "coordinates": [
          6.1424538,
          46.201362
        ]
      }
    },
    {
      "type": "Feature",
      "properties": {
        "station_id": "bs_21964",
        "station_type": "bike",
        "name": "Rue de Zurich 5",
        "hub_id": 5
      },
      "geometry": {
        "type": "Point",
        "coordinates": [
          6.148367,
          46.2112231
        ]
      }
    },
    {
      "type": "Feature",
      "properties": {
        "station_id": "bs_22186",
        "station_type": "bike",
        "name": "Rue des Pâquis 36",
        "hub_id": 21
      },
      "geometry": {
        "type": "Point",
        "coordinates": [
          6.1504783,
          46.2133671
        ]
      }
    },
    {
      "type": "Feature",
      "properties": {
        "station_id": "bs_18487",
        "station_type": "bike",
        "name": "Cherbuliez",
        "hub_id": 10
      },
      "geometry": {
        "type": "Point",
        "coordinates": [
          6.1586265,
          46.20359959999998
        ]
      }
    },
    {
      "type": "Feature",
      "properties": {
        "station_id": "bs_21968",
        "station_type": "bike",
        "name": "Bonivard",
        "hub_id": 25
      },
      "geometry": {
        "type": "Point",
        "coordinates": [
          6.1465002,
          46.2077679
        ]
      }
    },
    {
      "type": "Feature",
      "properties": {
        "station_id": "bs_22362",
        "station_type": "bike",
        "name": "Rue de l'Arquebuse",
        "hub_id": 7
      },
      "geometry": {
        "type": "Point",
        "coordinates": [
          6.139445,
          46.2016516
        ]
      }
    },
    {
      "type": "Feature",
      "properties": {
        "station_id": "bs_21935",
        "station_type": "bike",
        "name": "Rue des Alpes",
        "hub_id": 13
      },
      "geometry": {
        "type": "Point",
        "coordinates": [
          6.1457237,
          46.209689
        ]
      }
    },
    {
      "type": "Feature",
      "properties": {
        "station_id": "pts_8511617:0:M",
        "station_type": "pt",
        "name": "Genève, Chausse-Coq",
        "hub_id": 24
      },
      "geometry": {
        "type": "Point",
        "coordinates": [
          6.14835727,
          46.19958036
        ]
      }
    },
    {
      "type": "Feature",
      "properties": {
        "station_id": "pts_8511618:0:H",
        "station_type": "pt",
        "name": "Genève, Saint-Léger",
        "hub_id": 20
      },
      "geometry": {
        "type": "Point",
        "coordinates": [
          6.14749488,
          46.19842386
        ]
      }
    },
    {
      "type": "Feature",
      "properties": {
        "station_id": "pts_8511621",
        "station_type": "pt",
        "name": "Genève, Bains des Pâquis",
        "hub_id": 9
      },
      "geometry": {
        "type": "Point",
        "coordinates": [
          6.1525524,
          46.2113243
        ]
      }
    },
    {
      "type": "Feature",
      "properties": {
        "station_id": "pts_8511621:0:A",
        "station_type": "pt",
        "name": "Genève, Bains des Pâquis",
        "hub_id": 9
      },
      "geometry": {
        "type": "Point",
        "coordinates": [
          6.15275003,
          46.21197079
        ]
      }
    },
    {
      "type": "Feature",
      "properties": {
        "station_id": "pts_8511621:0:B",
        "station_type": "pt",
        "name": "Genève, Bains des Pâquis",
        "hub_id": 9
      },
      "geometry": {
        "type": "Point",
        "coordinates": [
          6.15184273,
          46.21075861
        ]
      }
    },
    {
      "type": "Feature",
      "properties": {
        "station_id": "pts_8587057",
        "station_type": "pt",
        "name": "Genève, gare Cornavin",
        "hub_id": 1
      },
      "geometry": {
        "type": "Point",
        "coordinates": [
          6.14243737,
          46.20973289
        ]
      }
    },
    {
      "type": "Feature",
      "properties": {
        "station_id": "pts_8587057:0:A",
        "station_type": "pt",
        "name": "Genève, gare Cornavin",
        "hub_id": 1
      },
      "geometry": {
        "type": "Point",
        "coordinates": [
          6.14232957,
          46.20965207
        ]
      }
    },
    {
      "type": "Feature",
      "properties": {
        "station_id": "pts_8587057:0:B",
        "station_type": "pt",
        "name": "Genève, gare Cornavin",
        "hub_id": 13
      },
      "geometry": {
        "type": "Point",
        "coordinates": [
          6.14283263,
          46.21009966
        ]
      }
    },
    {
      "type": "Feature",
      "properties": {
        "station_id": "pts_8587057:0:C",
        "station_type": "pt",
        "name": "Genève, gare Cornavin",
        "hub_id": 13
      },
      "geometry": {
        "type": "Point",
        "coordinates": [
          6.14324585,
          46.21046022
        ]
      }
    },
    {
      "type": "Feature",
      "properties": {
        "station_id": "pts_8587057:0:D",
        "station_type": "pt",
        "name": "Genève, gare Cornavin",
        "hub_id": 13
      },
      "geometry": {
        "type": "Point",
        "coordinates": [
          6.14294941,
          46.20989452
        ]
      }
    },
    {
      "type": "Feature",
      "properties": {
        "station_id": "pts_8587057:0:E",
        "station_type": "pt",
        "name": "Genève, gare Cornavin",
        "hub_id": 13
      },
      "geometry": {
        "type": "Point",
        "coordinates": [
          6.14363213,
          46.21039805
        ]
      }
    },
    {
      "type": "Feature",
      "properties": {
        "station_id": "pts_8587057:0:F",
        "station_type": "pt",
        "name": "Genève, gare Cornavin",
        "hub_id": 1
      },
      "geometry": {
        "type": "Point",
        "coordinates": [
          6.14230262,
          46.20939719
        ]
      }
    },
    {
      "type": "Feature",
      "properties": {
        "station_id": "pts_8587057:0:G",
        "station_type": "pt",
        "name": "Genève, gare Cornavin",
        "hub_id": 1
      },
      "geometry": {
        "type": "Point",
        "coordinates": [
          6.14223974,
          46.2093599
        ]
      }
    },
    {
      "type": "Feature",
      "properties": {
        "station_id": "pts_8587057:0:H",
        "station_type": "pt",
        "name": "Genève, gare Cornavin",
        "hub_id": 1
      },
      "geometry": {
        "type": "Point",
        "coordinates": [
          6.1414582,
          46.20991938
        ]
      }
    },
    {
      "type": "Feature",
      "properties": {
        "station_id": "pts_8587057:0:I",
        "station_type": "pt",
        "name": "Genève, gare Cornavin",
        "hub_id": 1
      },
      "geometry": {
        "type": "Point",
        "coordinates": [
          6.14184448,
          46.20957747
        ]
      }
    },
    {
      "type": "Feature",
      "properties": {
        "station_id": "pts_8587057:0:J",
        "station_type": "pt",
        "name": "Genève, gare Cornavin",
        "hub_id": 1
      },
      "geometry": {
        "type": "Point",
        "coordinates": [
          6.14153905,
          46.21051616
        ]
      }
    },
    {
      "type": "Feature",
      "properties": {
        "station_id": "pts_8587057:0:K",
        "station_type": "pt",
        "name": "Genève, gare Cornavin",
        "hub_id": 29
      },
      "geometry": {
        "type": "Point",
        "coordinates": [
          6.14020955,
          46.20888743
        ]
      }
    },
    {
      "type": "Feature",
      "properties": {
        "station_id": "pts_8587057:0:L",
        "station_type": "pt",
        "name": "Genève, gare Cornavin",
        "hub_id": 29
      },
      "geometry": {
        "type": "Point",
        "coordinates": [
          6.13979632,
          46.2089123
        ]
      }
    },
    {
      "type": "Feature",
      "properties": {
        "station_id": "pts_8587061",
        "station_type": "pt",
        "name": "Genève, Rive",
        "hub_id": 12
      },
      "geometry": {
        "type": "Point",
        "coordinates": [
          6.15281291,
          46.2018622
        ]
      }
    },
    {
      "type": "Feature",
      "properties": {
        "station_id": "pts_8587061:0:A",
        "station_type": "pt",
        "name": "Genève, Rive",
        "hub_id": 12
      },
      "geometry": {
        "type": "Point",
        "coordinates": [
          6.15272308,
          46.2016819
        ]
      }
    },
    {
      "type": "Feature",
      "properties": {
        "station_id": "pts_8587061:0:B",
        "station_type": "pt",
        "name": "Genève, Rive",
        "hub_id": 12
      },
      "geometry": {
        "type": "Point",
        "coordinates": [
          6.15286681,
          46.2017192
        ]
      }
    },
    {
      "type": "Feature",
      "properties": {
        "station_id": "pts_8587061:0:C",
        "station_type": "pt",
        "name": "Genève, Rive",
        "hub_id": 12
      },
      "geometry": {
        "type": "Point",
        "coordinates": [
          6.15225595,
          46.20190572
        ]
      }
    },
    {
      "type": "Feature",
      "properties": {
        "station_id": "pts_8587061:0:D",
        "station_type": "pt",
        "name": "Genève, Rive",
        "hub_id": 12
      },
      "geometry": {
        "type": "Point",
        "coordinates": [
          6.1524446,
          46.20191816
        ]
      }
    },
    {
      "type": "Feature",
      "properties": {
        "station_id": "pts_8587061:0:E",
        "station_type": "pt",
        "name": "Genève, Rive",
        "hub_id": 12
      },
      "geometry": {
        "type": "Point",
        "coordinates": [
          6.15206731,
          46.20165703
        ]
      }
    },
    {
      "type": "Feature",
      "properties": {
        "station_id": "pts_8587061:0:F",
        "station_type": "pt",
        "name": "Genève, Rive",
        "hub_id": 12
      },
      "geometry": {
        "type": "Point",
        "coordinates": [
          6.15185171,
          46.20163215999999
        ]
      }
    },
    {
      "type": "Feature",
      "properties": {
        "station_id": "pts_8587061:0:G",
        "station_type": "pt",
        "name": "Genève, Rive",
        "hub_id": 12
      },
      "geometry": {
        "type": "Point",
        "coordinates": [
          6.15349563,
          46.20143942
        ]
      }
    },
    {
      "type": "Feature",
      "properties": {
        "station_id": "pts_8587061:0:H",
        "station_type": "pt",
        "name": "Genève, Rive",
        "hub_id": 12
      },
      "geometry": {
        "type": "Point",
        "coordinates": [
          6.1535136,
          46.20150159
        ]
      }
    },
    {
      "type": "Feature",
      "properties": {
        "station_id": "pts_8587061:0:I",
        "station_type": "pt",
        "name": "Genève, Rive",
        "hub_id": 12
      },
      "geometry": {
        "type": "Point",
        "coordinates": [
          6.15350461,
          46.2020052
        ]
      }
    },
    {
      "type": "Feature",
      "properties": {
        "station_id": "pts_8587061:0:J",
        "station_type": "pt",
        "name": "Genève, Rive",
        "hub_id": 11
      },
      "geometry": {
        "type": "Point",
        "coordinates": [
          6.1539358,
          46.20263937
        ]
      }
    },
    {
      "type": "Feature",
      "properties": {
        "station_id": "pts_8587061:0:K",
        "station_type": "pt",
        "name": "Genève, Rive",
        "hub_id": 11
      },
      "geometry": {
        "type": "Point",
        "coordinates": [
          6.15355851,
          46.20282589
        ]
      }
    },
    {
      "type": "Feature",
      "properties": {
        "station_id": "pts_8587387",
        "station_type": "pt",
        "name": "Genève, Bel-Air",
        "hub_id": 28
      },
      "geometry": {
        "type": "Point",
        "coordinates": [
          6.14304822,
          46.20472836
        ]
      }
    },
    {
      "type": "Feature",
      "properties": {
        "station_id": "pts_8587387:0:A",
        "station_type": "pt",
        "name": "Genève, Bel-Air",
        "hub_id": 28
      },
      "geometry": {
        "type": "Point",
        "coordinates": [
          6.14346145,
          46.20487135
        ]
      }
    },
    {
      "type": "Feature",
      "properties": {
        "station_id": "pts_8587387:0:B",
        "station_type": "pt",
        "name": "Genève, Bel-Air",
        "hub_id": 28
      },
      "geometry": {
        "type": "Point",
        "coordinates": [
          6.14345246,
          46.20452941
        ]
      }
    },
    {
      "type": "Feature",
      "properties": {
        "station_id": "pts_8587387:0:C",
        "station_type": "pt",
        "name": "Genève, Bel-Air",
        "hub_id": 28
      },
      "geometry": {
        "type": "Point",
        "coordinates": [
          6.14297636,
          46.20506408
        ]
      }
    },
    {
      "type": "Feature",
      "properties": {
        "station_id": "pts_8587387:0:D",
        "station_type": "pt",
        "name": "Genève, Bel-Air",
        "hub_id": 28
      },
      "geometry": {
        "type": "Point",
        "coordinates": [
          6.14206008,
          46.2042372
        ]
      }
    },
    {
      "type": "Feature",
      "properties": {
        "station_id": "pts_8587387:0:E",
        "station_type": "pt",
        "name": "Genève, Bel-Air",
        "hub_id": 28
      },
      "geometry": {
        "type": "Point",
        "coordinates": [
          6.14383874,
          46.20391391
        ]
      }
    },
    {
      "type": "Feature",
      "properties": {
        "station_id": "pts_8587387:0:F",
        "station_type": "pt",
        "name": "Genève, Bel-Air",
        "hub_id": 14
      },
      "geometry": {
        "type": "Point",
        "coordinates": [
          6.14464722,
          46.20365901
        ]
      }
    },
    {
      "type": "Feature",
      "properties": {
        "station_id": "pts_8587387:0:G",
        "station_type": "pt",
        "name": "Genève, Bel-Air",
        "hub_id": 28
      },
      "geometry": {
        "type": "Point",
        "coordinates": [
          6.14251822,
          46.20332949
        ]
      }
    },
    {
      "type": "Feature",
      "properties": {
        "station_id": "pts_8587387:0:Z",
        "station_type": "pt",
        "name": "Genève, Bel-Air",
        "hub_id": 28
      },
      "geometry": {
        "type": "Point",
        "coordinates": [
          6.14373992,
          46.20392635
        ]
      }
    },
    {
      "type": "Feature",
      "properties": {
        "station_id": "pts_8587907",
        "station_type": "pt",
        "name": "Genève, Plainpalais",
        "hub_id": 16
      },
      "geometry": {
        "type": "Point",
        "coordinates": [
          6.14281466,
          46.19803836
        ]
      }
    },
    {
      "type": "Feature",
      "properties": {
        "station_id": "pts_8587907:0:A",
        "station_type": "pt",
        "name": "Genève, Plainpalais",
        "hub_id": 16
      },
      "geometry": {
        "type": "Point",
        "coordinates": [
          6.14194329,
          46.19828085
        ]
      }
    },
    {
      "type": "Feature",
      "properties": {
        "station_id": "pts_8587907:0:B",
        "station_type": "pt",
        "name": "Genève, Plainpalais",
        "hub_id": 16
      },
      "geometry": {
        "type": "Point",
        "coordinates": [
          6.14204211,
          46.19864149
        ]
      }
    },
    {
      "type": "Feature",
      "properties": {
        "station_id": "pts_8587907:0:C",
        "station_type": "pt",
        "name": "Genève, Plainpalais",
        "hub_id": 16
      },
      "geometry": {
        "type": "Point",
        "coordinates": [
          6.14285958,
          46.19808188
        ]
      }
    },
    {
      "type": "Feature",
      "properties": {
        "station_id": "pts_8587907:0:E",
        "station_type": "pt",
        "name": "Genève, Plainpalais",
        "hub_id": 16
      },
      "geometry": {
        "type": "Point",
        "coordinates": [
          6.14304822,
          46.1980881
        ]
      }
    },
    {
      "type": "Feature",
      "properties": {
        "station_id": "pts_8587907:0:F",
        "station_type": "pt",
        "name": "Genève, Plainpalais",
        "hub_id": 16
      },
      "geometry": {
        "type": "Point",
        "coordinates": [
          6.14356026,
          46.19768394
        ]
      }
    },
    {
      "type": "Feature",
      "properties": {
        "station_id": "pts_8587907:0:T",
        "station_type": "pt",
        "name": "Genève, Plainpalais",
        "hub_id": 16
      },
      "geometry": {
        "type": "Point",
        "coordinates": [
          6.14306619,
          46.1980881
        ]
      }
    },
    {
      "type": "Feature",
      "properties": {
        "station_id": "pts_8592777",
        "station_type": "pt",
        "name": "Genève, Alpes",
        "hub_id": 25
      },
      "geometry": {
        "type": "Point",
        "coordinates": [
          6.14718946,
          46.2090242
        ]
      }
    },
    {
      "type": "Feature",
      "properties": {
        "station_id": "pts_8592777:0:O",
        "station_type": "pt",
        "name": "Genève, Alpes",
        "hub_id": 25
      },
      "geometry": {
        "type": "Point",
        "coordinates": [
          6.14715352,
          46.20903663
        ]
      }
    },
    {
      "type": "Feature",
      "properties": {
        "station_id": "pts_8592779",
        "station_type": "pt",
        "name": "Genève, Athénée",
        "hub_id": 2
      },
      "geometry": {
        "type": "Point",
        "coordinates": [
          6.1489232,
          46.19815649999999
        ]
      }
    },
    {
      "type": "Feature",
      "properties": {
        "station_id": "pts_8592779:0:I",
        "station_type": "pt",
        "name": "Genève, Athénée",
        "hub_id": 2
      },
      "geometry": {
        "type": "Point",
        "coordinates": [
          6.14869863,
          46.19818137
        ]
      }
    },
    {
      "type": "Feature",
      "properties": {
        "station_id": "pts_8592779:0:J",
        "station_type": "pt",
        "name": "Genève, Athénée",
        "hub_id": 2
      },
      "geometry": {
        "type": "Point",
        "coordinates": [
          6.14860879,
          46.19837412
        ]
      }
    },
    {
      "type": "Feature",
      "properties": {
        "station_id": "pts_8592779:0:K",
        "station_type": "pt",
        "name": "Genève, Athénée",
        "hub_id": 2
      },
      "geometry": {
        "type": "Point",
        "coordinates": [
          6.14909388,
          46.1982622
        ]
      }
    },
    {
      "type": "Feature",
      "properties": {
        "station_id": "pts_8592779:0:L",
        "station_type": "pt",
        "name": "Genève, Athénée",
        "hub_id": 2
      },
      "geometry": {
        "type": "Point",
        "coordinates": [
          6.14956999,
          46.198361679999984
        ]
      }
    },
    {
      "type": "Feature",
      "properties": {
        "station_id": "pts_8592779:0:O",
        "station_type": "pt",
        "name": "Genève, Athénée",
        "hub_id": 2
      },
      "geometry": {
        "type": "Point",
        "coordinates": [
          6.14878846,
          46.19846117
        ]
      }
    },
    {
      "type": "Feature",
      "properties": {
        "station_id": "pts_8592792:0:Q",
        "station_type": "pt",
        "name": "Genève, Bourg-de-Four",
        "hub_id": 24
      },
      "geometry": {
        "type": "Point",
        "coordinates": [
          6.14852795,
          46.20013995
        ]
      }
    },
    {
      "type": "Feature",
      "properties": {
        "station_id": "pts_8592794",
        "station_type": "pt",
        "name": "Genève, Bovy-Lysberg",
        "hub_id": 0
      },
      "geometry": {
        "type": "Point",
        "coordinates": [
          6.14294042,
          46.20238446
        ]
      }
    },
    {
      "type": "Feature",
      "properties": {
        "station_id": "pts_8592794:0:U",
        "station_type": "pt",
        "name": "Genève, Bovy-Lysberg",
        "hub_id": 0
      },
      "geometry": {
        "type": "Point",
        "coordinates": [
          6.14294042,
          46.20238446
        ]
      }
    },
    {
      "type": "Feature",
      "properties": {
        "station_id": "pts_8592799:0:V",
        "station_type": "pt",
        "name": "Genève, Cathédrale",
        "hub_id": 24
      },
      "geometry": {
        "type": "Point",
        "coordinates": [
          6.14781828,
          46.20146429
        ]
      }
    },
    {
      "type": "Feature",
      "properties": {
        "station_id": "pts_8592801",
        "station_type": "pt",
        "name": "Genève, Chantepoulet",
        "hub_id": 6
      },
      "geometry": {
        "type": "Point",
        "coordinates": [
          6.14355128,
          46.20815387
        ]
      }
    },
    {
      "type": "Feature",
      "properties": {
        "station_id": "pts_8592801:0:Q",
        "station_type": "pt",
        "name": "Genève, Chantepoulet",
        "hub_id": 6
      },
      "geometry": {
        "type": "Point",
        "coordinates": [
          6.14363213,
          46.20815387
        ]
      }
    },
    {
      "type": "Feature",
      "properties": {
        "station_id": "pts_8592804",
        "station_type": "pt",
        "name": "Genève, Cirque",
        "hub_id": 7
      },
      "geometry": {
        "type": "Point",
        "coordinates": [
          6.14032633,
          46.20108502
        ]
      }
    },
    {
      "type": "Feature",
      "properties": {
        "station_id": "pts_8592804:0:P",
        "station_type": "pt",
        "name": "Genève, Cirque",
        "hub_id": 7
      },
      "geometry": {
        "type": "Point",
        "coordinates": [
          6.1406048,
          46.20080523
        ]
      }
    },
    {
      "type": "Feature",
      "properties": {
        "station_id": "pts_8592804:0:Q",
        "station_type": "pt",
        "name": "Genève, Cirque",
        "hub_id": 0
      },
      "geometry": {
        "type": "Point",
        "coordinates": [
          6.14083837,
          46.20035135
        ]
      }
    },
    {
      "type": "Feature",
      "properties": {
        "station_id": "pts_8592804:0:R",
        "station_type": "pt",
        "name": "Genève, Cirque",
        "hub_id": 7
      },
      "geometry": {
        "type": "Point",
        "coordinates": [
          6.139967,
          46.20075549
        ]
      }
    },
    {
      "type": "Feature",
      "properties": {
        "station_id": "pts_8592804:0:S",
        "station_type": "pt",
        "name": "Genève, Cirque",
        "hub_id": 7
      },
      "geometry": {
        "type": "Point",
        "coordinates": [
          6.139967,
          46.20129641
        ]
      }
    },
    {
      "type": "Feature",
      "properties": {
        "station_id": "pts_8592804:0:T",
        "station_type": "pt",
        "name": "Genève, Cirque",
        "hub_id": 7
      },
      "geometry": {
        "type": "Point",
        "coordinates": [
          6.13948191,
          46.20145185
        ]
      }
    },
    {
      "type": "Feature",
      "properties": {
        "station_id": "pts_8592812",
        "station_type": "pt",
        "name": "Genève, Coutance",
        "hub_id": 8
      },
      "geometry": {
        "type": "Point",
        "coordinates": [
          6.14219482,
          46.20744516
        ]
      }
    },
    {
      "type": "Feature",
      "properties": {
        "station_id": "pts_8592812:0:W",
        "station_type": "pt",
        "name": "Genève, Coutance",
        "hub_id": 8
      },
      "geometry": {
        "type": "Point",
        "coordinates": [
          6.14192533,
          46.20725243999998
        ]
      }
    },
    {
      "type": "Feature",
      "properties": {
        "station_id": "pts_8592812:0:X",
        "station_type": "pt",
        "name": "Genève, Coutance",
        "hub_id": 8
      },
      "geometry": {
        "type": "Point",
        "coordinates": [
          6.1423655,
          46.20760058
        ]
      }
    },
    {
      "type": "Feature",
      "properties": {
        "station_id": "pts_8592812:0:Y",
        "station_type": "pt",
        "name": "Genève, Coutance",
        "hub_id": 8
      },
      "geometry": {
        "type": "Point",
        "coordinates": [
          6.14200618,
          46.20725243999998
        ]
      }
    },
    {
      "type": "Feature",
      "properties": {
        "station_id": "pts_8592812:0:Z",
        "station_type": "pt",
        "name": "Genève, Coutance",
        "hub_id": 8
      },
      "geometry": {
        "type": "Point",
        "coordinates": [
          6.14229364,
          46.20761301
        ]
      }
    },
    {
      "type": "Feature",
      "properties": {
        "station_id": "pts_8592820:0:E",
        "station_type": "pt",
        "name": "Genève, Eglise Russe",
        "hub_id": 2
      },
      "geometry": {
        "type": "Point",
        "coordinates": [
          6.15277698,
          46.19841764
        ]
      }
    },
    {
      "type": "Feature",
      "properties": {
        "station_id": "pts_8592830",
        "station_type": "pt",
        "name": "Genève, Gautier",
        "hub_id": 21
      },
      "geometry": {
        "type": "Point",
        "coordinates": [
          6.15049526,
          46.21351862
        ]
      }
    },
    {
      "type": "Feature",
      "properties": {
        "station_id": "pts_8592830:0:Q",
        "station_type": "pt",
        "name": "Genève, Gautier",
        "hub_id": 21
      },
      "geometry": {
        "type": "Point",
        "coordinates": [
          6.15059407,
          46.21358078
        ]
      }
    },
    {
      "type": "Feature",
      "properties": {
        "station_id": "pts_8592830:0:R",
        "station_type": "pt",
        "name": "Genève, Gautier",
        "hub_id": 21
      },
      "geometry": {
        "type": "Point",
        "coordinates": [
          6.15039644,
          46.21344403
        ]
      }
    },
    {
      "type": "Feature",
      "properties": {
        "station_id": "pts_8592831",
        "station_type": "pt",
        "name": "Genève, Goulart",
        "hub_id": 8
      },
      "geometry": {
        "type": "Point",
        "coordinates": [
          6.14144922,
          46.20753841
        ]
      }
    },
    {
      "type": "Feature",
      "properties": {
        "station_id": "pts_8592831:0:S",
        "station_type": "pt",
        "name": "Genève, Goulart",
        "hub_id": 8
      },
      "geometry": {
        "type": "Point",
        "coordinates": [
          6.14153007,
          46.20761301
        ]
      }
    },
    {
      "type": "Feature",
      "properties": {
        "station_id": "pts_8592838:0:O",
        "station_type": "pt",
        "name": "Genève, Hôtel-de-Ville",
        "hub_id": 24
      },
      "geometry": {
        "type": "Point",
        "coordinates": [
          6.14656063,
          46.20105393
        ]
      }
    },
    {
      "type": "Feature",
      "properties": {
        "station_id": "pts_8592841",
        "station_type": "pt",
        "name": "Genève, Mercier",
        "hub_id": 3
      },
      "geometry": {
        "type": "Point",
        "coordinates": [
          6.13953581,
          46.20686699
        ]
      }
    },
    {
      "type": "Feature",
      "properties": {
        "station_id": "pts_8592841:0:A",
        "station_type": "pt",
        "name": "Genève, Mercier",
        "hub_id": 3
      },
      "geometry": {
        "type": "Point",
        "coordinates": [
          6.13958971,
          46.20725243999998
        ]
      }
    },
    {
      "type": "Feature",
      "properties": {
        "station_id": "pts_8592841:0:T",
        "station_type": "pt",
        "name": "Genève, Mercier",
        "hub_id": 3
      },
      "geometry": {
        "type": "Point",
        "coordinates": [
          6.13904174,
          46.20680483
        ]
      }
    },
    {
      "type": "Feature",
      "properties": {
        "station_id": "pts_8592841:0:U",
        "station_type": "pt",
        "name": "Genève, Mercier",
        "hub_id": 3
      },
      "geometry": {
        "type": "Point",
        "coordinates": [
          6.13998497,
          46.20650642
        ]
      }
    },
    {
      "type": "Feature",
      "properties": {
        "station_id": "pts_8592841:0:V",
        "station_type": "pt",
        "name": "Genève, Mercier",
        "hub_id": 3
      },
      "geometry": {
        "type": "Point",
        "coordinates": [
          6.13949089,
          46.20717162
        ]
      }
    },
    {
      "type": "Feature",
      "properties": {
        "station_id": "pts_8592850",
        "station_type": "pt",
        "name": "Genève, Lyon",
        "hub_id": 18
      },
      "geometry": {
        "type": "Point",
        "coordinates": [
          6.13830512,
          46.20980749
        ]
      }
    },
    {
      "type": "Feature",
      "properties": {
        "station_id": "pts_8592850:0:M",
        "station_type": "pt",
        "name": "Genève, Lyon",
        "hub_id": 18
      },
      "geometry": {
        "type": "Point",
        "coordinates": [
          6.1385297,
          46.20966451
        ]
      }
    },
    {
      "type": "Feature",
      "properties": {
        "station_id": "pts_8592850:0:N",
        "station_type": "pt",
        "name": "Genève, Lyon",
        "hub_id": 18
      },
      "geometry": {
        "type": "Point",
        "coordinates": [
          6.13784698,
          46.21003128
        ]
      }
    },
    {
      "type": "Feature",
      "properties": {
        "station_id": "pts_8592851",
        "station_type": "pt",
        "name": "Genève, Musée art et histoire",
        "hub_id": 2
      },
      "geometry": {
        "type": "Point",
        "coordinates": [
          6.15114204,
          46.1996301
        ]
      }
    },
    {
      "type": "Feature",
      "properties": {
        "station_id": "pts_8592851:0:N",
        "station_type": "pt",
        "name": "Genève, Musée art et histoire",
        "hub_id": 2
      },
      "geometry": {
        "type": "Point",
        "coordinates": [
          6.15165408,
          46.19986016
        ]
      }
    },
    {
      "type": "Feature",
      "properties": {
        "station_id": "pts_8592851:0:O",
        "station_type": "pt",
        "name": "Genève, Musée art et histoire",
        "hub_id": 2
      },
      "geometry": {
        "type": "Point",
        "coordinates": [
          6.15069289,
          46.19940004999999
        ]
      }
    },
    {
      "type": "Feature",
      "properties": {
        "station_id": "pts_8592856",
        "station_type": "pt",
        "name": "Genève, Métropole",
        "hub_id": 12
      },
      "geometry": {
        "type": "Point",
        "coordinates": [
          6.15151934,
          46.20339787999998
        ]
      }
    },
    {
      "type": "Feature",
      "properties": {
        "station_id": "pts_8592856:0:M",
        "station_type": "pt",
        "name": "Genève, Métropole",
        "hub_id": 12
      },
      "geometry": {
        "type": "Point",
        "coordinates": [
          6.15151035,
          46.20337301
        ]
      }
    },
    {
      "type": "Feature",
      "properties": {
        "station_id": "pts_8592856:0:N",
        "station_type": "pt",
        "name": "Genève, Métropole",
        "hub_id": 12
      },
      "geometry": {
        "type": "Point",
        "coordinates": [
          6.15094441,
          46.20337301
        ]
      }
    },
    {
      "type": "Feature",
      "properties": {
        "station_id": "pts_8592862",
        "station_type": "pt",
        "name": "Genève, Molard",
        "hub_id": 14
      },
      "geometry": {
        "type": "Point",
        "coordinates": [
          6.14718047,
          46.20311189
        ]
      }
    },
    {
      "type": "Feature",
      "properties": {
        "station_id": "pts_8592862:0:W",
        "station_type": "pt",
        "name": "Genève, Molard",
        "hub_id": 27
      },
      "geometry": {
        "type": "Point",
        "coordinates": [
          6.14850998,
          46.20398852
        ]
      }
    },
    {
      "type": "Feature",
      "properties": {
        "station_id": "pts_8592862:0:X",
        "station_type": "pt",
        "name": "Genève, Molard",
        "hub_id": 27
      },
      "geometry": {
        "type": "Point",
        "coordinates": [
          6.1483932,
          46.20409421
        ]
      }
    },
    {
      "type": "Feature",
      "properties": {
        "station_id": "pts_8592862:0:Y",
        "station_type": "pt",
        "name": "Genève, Molard",
        "hub_id": 14
      },
      "geometry": {
        "type": "Point",
        "coordinates": [
          6.14740505,
          46.20301863
        ]
      }
    },
    {
      "type": "Feature",
      "properties": {
        "station_id": "pts_8592862:0:Z",
        "station_type": "pt",
        "name": "Genève, Molard",
        "hub_id": 14
      },
      "geometry": {
        "type": "Point",
        "coordinates": [
          6.14692894,
          46.20320515
        ]
      }
    },
    {
      "type": "Feature",
      "properties": {
        "station_id": "pts_8592863",
        "station_type": "pt",
        "name": "Genève, Môle",
        "hub_id": 15
      },
      "geometry": {
        "type": "Point",
        "coordinates": [
          6.14549164,
          46.21315187
        ]
      }
    },
    {
      "type": "Feature",
      "properties": {
        "station_id": "pts_8592863:0:S",
        "station_type": "pt",
        "name": "Genève, Môle",
        "hub_id": 15
      },
      "geometry": {
        "type": "Point",
        "coordinates": [
          6.14557249,
          46.21339429999998
        ]
      }
    },
    {
      "type": "Feature",
      "properties": {
        "station_id": "pts_8592863:0:Z",
        "station_type": "pt",
        "name": "Genève, Môle",
        "hub_id": 15
      },
      "geometry": {
        "type": "Point",
        "coordinates": [
          6.14530299,
          46.21312079
        ]
      }
    },
    {
      "type": "Feature",
      "properties": {
        "station_id": "pts_8592864",
        "station_type": "pt",
        "name": "Genève, Mont-Blanc",
        "hub_id": 25
      },
      "geometry": {
        "type": "Point",
        "coordinates": [
          6.14699183,
          46.20734569
        ]
      }
    },
    {
      "type": "Feature",
      "properties": {
        "station_id": "pts_8592864:0:G",
        "station_type": "pt",
        "name": "Genève, Mont-Blanc",
        "hub_id": 25
      },
      "geometry": {
        "type": "Point",
        "coordinates": [
          6.14735115,
          46.20703485
        ]
      }
    },
    {
      "type": "Feature",
      "properties": {
        "station_id": "pts_8592864:0:H",
        "station_type": "pt",
        "name": "Genève, Mont-Blanc",
        "hub_id": 25
      },
      "geometry": {
        "type": "Point",
        "coordinates": [
          6.14665047,
          46.20760679
        ]
      }
    },
    {
      "type": "Feature",
      "properties": {
        "station_id": "pts_8592866",
        "station_type": "pt",
        "name": "Genève, Monthoux",
        "hub_id": 5
      },
      "geometry": {
        "type": "Point",
        "coordinates": [
          6.148501,
          46.21047887
        ]
      }
    },
    {
      "type": "Feature",
      "properties": {
        "station_id": "pts_8592866:0:U",
        "station_type": "pt",
        "name": "Genève, Monthoux",
        "hub_id": 5
      },
      "geometry": {
        "type": "Point",
        "coordinates": [
          6.14837523,
          46.210534809999984
        ]
      }
    },
    {
      "type": "Feature",
      "properties": {
        "station_id": "pts_8592866:0:V",
        "station_type": "pt",
        "name": "Genève, Monthoux",
        "hub_id": 5
      },
      "geometry": {
        "type": "Point",
        "coordinates": [
          6.14830337,
          46.21019291
        ]
      }
    },
    {
      "type": "Feature",
      "properties": {
        "station_id": "pts_8592871",
        "station_type": "pt",
        "name": "Genève, Navigation",
        "hub_id": 5
      },
      "geometry": {
        "type": "Point",
        "coordinates": [
          6.14964186,
          46.21188998
        ]
      }
    },
    {
      "type": "Feature",
      "properties": {
        "station_id": "pts_8592871:0:M",
        "station_type": "pt",
        "name": "Genève, Navigation",
        "hub_id": 5
      },
      "geometry": {
        "type": "Point",
        "coordinates": [
          6.14965084,
          46.21195214
        ]
      }
    },
    {
      "type": "Feature",
      "properties": {
        "station_id": "pts_8592871:0:N",
        "station_type": "pt",
        "name": "Genève, Navigation",
        "hub_id": 5
      },
      "geometry": {
        "type": "Point",
        "coordinates": [
          6.14947118,
          46.21182782
        ]
      }
    },
    {
      "type": "Feature",
      "properties": {
        "station_id": "pts_8592873",
        "station_type": "pt",
        "name": "Genève, Ormeaux",
        "hub_id": 3
      },
      "geometry": {
        "type": "Point",
        "coordinates": [
          6.13652645,
          46.2060215
        ]
      }
    },
    {
      "type": "Feature",
      "properties": {
        "station_id": "pts_8592873:0:C",
        "station_type": "pt",
        "name": "Genève, Ormeaux",
        "hub_id": 3
      },
      "geometry": {
        "type": "Point",
        "coordinates": [
          6.13652645,
          46.20612097
        ]
      }
    },
    {
      "type": "Feature",
      "properties": {
        "station_id": "pts_8592873:0:D",
        "station_type": "pt",
        "name": "Genève, Ormeaux",
        "hub_id": 3
      },
      "geometry": {
        "type": "Point",
        "coordinates": [
          6.13639171,
          46.20597176
        ]
      }
    },
    {
      "type": "Feature",
      "properties": {
        "station_id": "pts_8592879:0:G",
        "station_type": "pt",
        "name": "Genève,Conservatoire populaire",
        "hub_id": 2
      },
      "geometry": {
        "type": "Point",
        "coordinates": [
          6.15171696,
          46.19765907
        ]
      }
    },
    {
      "type": "Feature",
      "properties": {
        "station_id": "pts_8592883",
        "station_type": "pt",
        "name": "Genève, Place des Eaux-Vives",
        "hub_id": 4
      },
      "geometry": {
        "type": "Point",
        "coordinates": [
          6.15601091,
          46.2022912
        ]
      }
    },
    {
      "type": "Feature",
      "properties": {
        "station_id": "pts_8592883:0:O",
        "station_type": "pt",
        "name": "Genève, Place des Eaux-Vives",
        "hub_id": 4
      },
      "geometry": {
        "type": "Point",
        "coordinates": [
          6.15541802,
          46.20255855
        ]
      }
    },
    {
      "type": "Feature",
      "properties": {
        "station_id": "pts_8592883:0:P",
        "station_type": "pt",
        "name": "Genève, Place des Eaux-Vives",
        "hub_id": 4
      },
      "geometry": {
        "type": "Point",
        "coordinates": [
          6.15578633,
          46.20235959
        ]
      }
    },
    {
      "type": "Feature",
      "properties": {
        "station_id": "pts_8592883:0:Q",
        "station_type": "pt",
        "name": "Genève, Place des Eaux-Vives",
        "hub_id": 4
      },
      "geometry": {
        "type": "Point",
        "coordinates": [
          6.15658583,
          46.20232229
        ]
      }
    },
    {
      "type": "Feature",
      "properties": {
        "station_id": "pts_8592883:0:R",
        "station_type": "pt",
        "name": "Genève, Place des Eaux-Vives",
        "hub_id": 4
      },
      "geometry": {
        "type": "Point",
        "coordinates": [
          6.15578633,
          46.20179381
        ]
      }
    },
    {
      "type": "Feature",
      "properties": {
        "station_id": "pts_8592883:0:S",
        "station_type": "pt",
        "name": "Genève, Place des Eaux-Vives",
        "hub_id": 4
      },
      "geometry": {
        "type": "Point",
        "coordinates": [
          6.15690923,
          46.201750289999985
        ]
      }
    },
    {
      "type": "Feature",
      "properties": {
        "station_id": "pts_8592883:0:Z",
        "station_type": "pt",
        "name": "Genève, Place des Eaux-Vives",
        "hub_id": 4
      },
      "geometry": {
        "type": "Point",
        "coordinates": [
          6.15555277,
          46.20250258999999
        ]
      }
    },
    {
      "type": "Feature",
      "properties": {
        "station_id": "pts_8592885",
        "station_type": "pt",
        "name": "Genève, Place de Neuve",
        "hub_id": 0
      },
      "geometry": {
        "type": "Point",
        "coordinates": [
          6.1441801,
          46.20119692999999
        ]
      }
    },
    {
      "type": "Feature",
      "properties": {
        "station_id": "pts_8592885:0:I",
        "station_type": "pt",
        "name": "Genève, Place de Neuve",
        "hub_id": 0
      },
      "geometry": {
        "type": "Point",
        "coordinates": [
          6.14385671,
          46.20099176
        ]
      }
    },
    {
      "type": "Feature",
      "properties": {
        "station_id": "pts_8592885:0:J",
        "station_type": "pt",
        "name": "Genève, Place de Neuve",
        "hub_id": 0
      },
      "geometry": {
        "type": "Point",
        "coordinates": [
          6.14329975,
          46.2006871
        ]
      }
    },
    {
      "type": "Feature",
      "properties": {
        "station_id": "pts_8592885:0:L",
        "station_type": "pt",
        "name": "Genève, Place de Neuve",
        "hub_id": 0
      },
      "geometry": {
        "type": "Point",
        "coordinates": [
          6.14464722,
          46.20096688999999
        ]
      }
    },
    {
      "type": "Feature",
      "properties": {
        "station_id": "pts_8592885:0:M",
        "station_type": "pt",
        "name": "Genève, Place de Neuve",
        "hub_id": 0
      },
      "geometry": {
        "type": "Point",
        "coordinates": [
          6.14424298,
          46.20126533
        ]
      }
    },
    {
      "type": "Feature",
      "properties": {
        "station_id": "pts_8592885:0:N",
        "station_type": "pt",
        "name": "Genève, Place de Neuve",
        "hub_id": 0
      },
      "geometry": {
        "type": "Point",
        "coordinates": [
          6.14399145,
          46.20152646
        ]
      }
    },
    {
      "type": "Feature",
      "properties": {
        "station_id": "pts_8592888",
        "station_type": "pt",
        "name": "Genève, poste",
        "hub_id": 17
      },
      "geometry": {
        "type": "Point",
        "coordinates": [
          6.14123363,
          46.21293431
        ]
      }
    },
    {
      "type": "Feature",
      "properties": {
        "station_id": "pts_8592888:0:T",
        "station_type": "pt",
        "name": "Genève, poste",
        "hub_id": 17
      },
      "geometry": {
        "type": "Point",
        "coordinates": [
          6.14135939,
          46.21338808
        ]
      }
    },
    {
      "type": "Feature",
      "properties": {
        "station_id": "pts_8592888:0:U",
        "station_type": "pt",
        "name": "Genève, poste",
        "hub_id": 17
      },
      "geometry": {
        "type": "Point",
        "coordinates": [
          6.14111684,
          46.21266079
        ]
      }
    },
    {
      "type": "Feature",
      "properties": {
        "station_id": "pts_8592890",
        "station_type": "pt",
        "name": "Genève, Prairie",
        "hub_id": 26
      },
      "geometry": {
        "type": "Point",
        "coordinates": [
          6.13574492,
          46.208495789999986
        ]
      }
    },
    {
      "type": "Feature",
      "properties": {
        "station_id": "pts_8592890:0:O",
        "station_type": "pt",
        "name": "Genève, Prairie",
        "hub_id": 26
      },
      "geometry": {
        "type": "Point",
        "coordinates": [
          6.13551136,
          46.20851444
        ]
      }
    },
    {
      "type": "Feature",
      "properties": {
        "station_id": "pts_8592890:0:P",
        "station_type": "pt",
        "name": "Genève, Prairie",
        "hub_id": 26
      },
      "geometry": {
        "type": "Point",
        "coordinates": [
          6.13599645,
          46.20851444
        ]
      }
    },
    {
      "type": "Feature",
      "properties": {
        "station_id": "pts_8592900",
        "station_type": "pt",
        "name": "Genève, Rue du Lac",
        "hub_id": 10
      },
      "geometry": {
        "type": "Point",
        "coordinates": [
          6.15801415,
          46.203839299999984
        ]
      }
    },
    {
      "type": "Feature",
      "properties": {
        "station_id": "pts_8592900:0:T",
        "station_type": "pt",
        "name": "Genève, Rue du Lac",
        "hub_id": 10
      },
      "geometry": {
        "type": "Point",
        "coordinates": [
          6.15748415,
          46.20352222999998
        ]
      }
    },
    {
      "type": "Feature",
      "properties": {
        "station_id": "pts_8592900:0:U",
        "station_type": "pt",
        "name": "Genève, Rue du Lac",
        "hub_id": 10
      },
      "geometry": {
        "type": "Point",
        "coordinates": [
          6.15854416,
          46.20410664
        ]
      }
    },
    {
      "type": "Feature",
      "properties": {
        "station_id": "pts_8592906",
        "station_type": "pt",
        "name": "Genève, Stand",
        "hub_id": 19
      },
      "geometry": {
        "type": "Point",
        "coordinates": [
          6.13988615,
          46.20369009
        ]
      }
    },
    {
      "type": "Feature",
      "properties": {
        "station_id": "pts_8592906:0:H",
        "station_type": "pt",
        "name": "Genève, Stand",
        "hub_id": 19
      },
      "geometry": {
        "type": "Point",
        "coordinates": [
          6.13985022,
          46.20364035
        ]
      }
    },
    {
      "type": "Feature",
      "properties": {
        "station_id": "pts_8592906:0:I",
        "station_type": "pt",
        "name": "Genève, Stand",
        "hub_id": 19
      },
      "geometry": {
        "type": "Point",
        "coordinates": [
          6.13994903,
          46.20397608
        ]
      }
    },
    {
      "type": "Feature",
      "properties": {
        "station_id": "pts_8592906:0:J",
        "station_type": "pt",
        "name": "Genève, Stand",
        "hub_id": 19
      },
      "geometry": {
        "type": "Point",
        "coordinates": [
          6.14105396,
          46.20359683
        ]
      }
    },
    {
      "type": "Feature",
      "properties": {
        "station_id": "pts_8592906:0:K",
        "station_type": "pt",
        "name": "Genève, Stand",
        "hub_id": 19
      },
      "geometry": {
        "type": "Point",
        "coordinates": [
          6.14022751,
          46.20410664
        ]
      }
    },
    {
      "type": "Feature",
      "properties": {
        "station_id": "pts_8592906:0:L",
        "station_type": "pt",
        "name": "Genève, Stand",
        "hub_id": 19
      },
      "geometry": {
        "type": "Point",
        "coordinates": [
          6.14033531,
          46.20417503
        ]
      }
    },
    {
      "type": "Feature",
      "properties": {
        "station_id": "pts_8592906:0:W",
        "station_type": "pt",
        "name": "Genève, Stand",
        "hub_id": 19
      },
      "geometry": {
        "type": "Point",
        "coordinates": [
          6.13988615,
          46.20369009
        ]
      }
    },
    {
      "type": "Feature",
      "properties": {
        "station_id": "pts_8592906:0:Y",
        "station_type": "pt",
        "name": "Genève, Stand",
        "hub_id": 19
      },
      "geometry": {
        "type": "Point",
        "coordinates": [
          6.14028141,
          46.20416882
        ]
      }
    },
    {
      "type": "Feature",
      "properties": {
        "station_id": "pts_8592907:0:M",
        "station_type": "pt",
        "name": "Genève, Saint-Antoine",
        "hub_id": 2
      },
      "geometry": {
        "type": "Point",
        "coordinates": [
          6.15094441,
          46.19992854999999
        ]
      }
    },
    {
      "type": "Feature",
      "properties": {
        "station_id": "pts_8592909:0:P",
        "station_type": "pt",
        "name": "Genève, Taconnerie",
        "hub_id": 24
      },
      "geometry": {
        "type": "Point",
        "coordinates": [
          6.14819557,
          46.20083632
        ]
      }
    },
    {
      "type": "Feature",
      "properties": {
        "station_id": "pts_8592910",
        "station_type": "pt",
        "name": "Genève, Terrassière",
        "hub_id": 4
      },
      "geometry": {
        "type": "Point",
        "coordinates": [
          6.15641515,
          46.2010788
        ]
      }
    },
    {
      "type": "Feature",
      "properties": {
        "station_id": "pts_8592910:0:T",
        "station_type": "pt",
        "name": "Genève, Terrassière",
        "hub_id": 4
      },
      "geometry": {
        "type": "Point",
        "coordinates": [
          6.15647804,
          46.20098554
        ]
      }
    },
    {
      "type": "Feature",
      "properties": {
        "station_id": "pts_8592910:0:U",
        "station_type": "pt",
        "name": "Genève, Terrassière",
        "hub_id": 4
      },
      "geometry": {
        "type": "Point",
        "coordinates": [
          6.15590311,
          46.20114719
        ]
      }
    },
    {
      "type": "Feature",
      "properties": {
        "station_id": "pts_8592910:0:V",
        "station_type": "pt",
        "name": "Genève, Terrassière",
        "hub_id": 4
      },
      "geometry": {
        "type": "Point",
        "coordinates": [
          6.15520243,
          46.20073061999999
        ]
      }
    },
    {
      "type": "Feature",
      "properties": {
        "station_id": "pts_8592910:0:W",
        "station_type": "pt",
        "name": "Genève, Terrassière",
        "hub_id": 4
      },
      "geometry": {
        "type": "Point",
        "coordinates": [
          6.15574142,
          46.20096688999999
        ]
      }
    },
    {
      "type": "Feature",
      "properties": {
        "station_id": "pts_8592924:0:Y",
        "station_type": "pt",
        "name": "Genève, Villereuse",
        "hub_id": 4
      },
      "geometry": {
        "type": "Point",
        "coordinates": [
          6.15822077,
          46.20069953
        ]
      }
    },
    {
      "type": "Feature",
      "properties": {
        "station_id": "pts_8592925",
        "station_type": "pt",
        "name": "Genève, Vollandes",
        "hub_id": 22
      },
      "geometry": {
        "type": "Point",
        "coordinates": [
          6.16028689,
          46.20523194
        ]
      }
    },
    {
      "type": "Feature",
      "properties": {
        "station_id": "pts_8592925:0:V",
        "station_type": "pt",
        "name": "Genève, Vollandes",
        "hub_id": 22
      },
      "geometry": {
        "type": "Point",
        "coordinates": [
          6.16034977,
          46.20533763
        ]
      }
    },
    {
      "type": "Feature",
      "properties": {
        "station_id": "pts_8592925:0:W",
        "station_type": "pt",
        "name": "Genève, Vollandes",
        "hub_id": 22
      },
      "geometry": {
        "type": "Point",
        "coordinates": [
          6.16025096,
          46.20512625
        ]
      }
    },
    {
      "type": "Feature",
      "properties": {
        "station_id": "pts_8592925:0:X",
        "station_type": "pt",
        "name": "Genève, Vollandes",
        "hub_id": 22
      },
      "geometry": {
        "type": "Point",
        "coordinates": [
          6.15909213,
          46.20612097
        ]
      }
    },
    {
      "type": "Feature",
      "properties": {
        "station_id": "pts_8595021",
        "station_type": "pt",
        "name": "Genève, Palais Eynard",
        "hub_id": 24
      },
      "geometry": {
        "type": "Point",
        "coordinates": [
          6.14712657,
          46.19988503
        ]
      }
    },
    {
      "type": "Feature",
      "properties": {
        "station_id": "pts_8595021:0:R",
        "station_type": "pt",
        "name": "Genève, Palais Eynard",
        "hub_id": 24
      },
      "geometry": {
        "type": "Point",
        "coordinates": [
          6.14688403,
          46.19989746
        ]
      }
    },
    {
      "type": "Feature",
      "properties": {
        "station_id": "pts_8595021:0:S",
        "station_type": "pt",
        "name": "Genève, Palais Eynard",
        "hub_id": 24
      },
      "geometry": {
        "type": "Point",
        "coordinates": [
          6.1466864,
          46.20009021
        ]
      }
    },
    {
      "type": "Feature",
      "properties": {
        "station_id": "pts_8595022",
        "station_type": "pt",
        "name": "Genève, Théâtre",
        "hub_id": 0
      },
      "geometry": {
        "type": "Point",
        "coordinates": [
          6.14185346,
          46.20217307
        ]
      }
    },
    {
      "type": "Feature",
      "properties": {
        "station_id": "pts_8595022:0:N",
        "station_type": "pt",
        "name": "Genève, Théâtre",
        "hub_id": 0
      },
      "geometry": {
        "type": "Point",
        "coordinates": [
          6.14181753,
          46.20207358999998
        ]
      }
    },
    {
      "type": "Feature",
      "properties": {
        "station_id": "pts_8595022:0:O",
        "station_type": "pt",
        "name": "Genève, Théâtre",
        "hub_id": 0
      },
      "geometry": {
        "type": "Point",
        "coordinates": [
          6.14187143,
          46.20234716
        ]
      }
    },
    {
      "type": "Feature",
      "properties": {
        "station_id": "pts_8595022:0:Y",
        "station_type": "pt",
        "name": "Genève, Théâtre",
        "hub_id": 0
      },
      "geometry": {
        "type": "Point",
        "coordinates": [
          6.14166482,
          46.20188085
        ]
      }
    },
    {
      "type": "Feature",
      "properties": {
        "station_id": "pts_Parent8511617",
        "station_type": "pt",
        "name": "Genève, Chausse-Coq",
        "hub_id": 24
      },
      "geometry": {
        "type": "Point",
        "coordinates": [
          6.14835727,
          46.19958036
        ]
      }
    },
    {
      "type": "Feature",
      "properties": {
        "station_id": "pts_Parent8511618",
        "station_type": "pt",
        "name": "Genève, Saint-Léger",
        "hub_id": 20
      },
      "geometry": {
        "type": "Point",
        "coordinates": [
          6.14749488,
          46.19842386
        ]
      }
    },
    {
      "type": "Feature",
      "properties": {
        "station_id": "pts_Parent8511621",
        "station_type": "pt",
        "name": "Genève, Bains des Pâquis",
        "hub_id": 9
      },
      "geometry": {
        "type": "Point",
        "coordinates": [
          6.1525524,
          46.2113243
        ]
      }
    },
    {
      "type": "Feature",
      "properties": {
        "station_id": "pts_Parent8587057",
        "station_type": "pt",
        "name": "Genève, gare Cornavin",
        "hub_id": 1
      },
      "geometry": {
        "type": "Point",
        "coordinates": [
          6.14243737,
          46.20973289
        ]
      }
    },
    {
      "type": "Feature",
      "properties": {
        "station_id": "pts_Parent8587061",
        "station_type": "pt",
        "name": "Genève, Rive",
        "hub_id": 12
      },
      "geometry": {
        "type": "Point",
        "coordinates": [
          6.15281291,
          46.2018622
        ]
      }
    },
    {
      "type": "Feature",
      "properties": {
        "station_id": "pts_Parent8587387",
        "station_type": "pt",
        "name": "Genève, Bel-Air",
        "hub_id": 28
      },
      "geometry": {
        "type": "Point",
        "coordinates": [
          6.14304822,
          46.20472836
        ]
      }
    },
    {
      "type": "Feature",
      "properties": {
        "station_id": "pts_Parent8587907",
        "station_type": "pt",
        "name": "Genève, Plainpalais",
        "hub_id": 16
      },
      "geometry": {
        "type": "Point",
        "coordinates": [
          6.14281466,
          46.19803836
        ]
      }
    },
    {
      "type": "Feature",
      "properties": {
        "station_id": "pts_Parent8592777",
        "station_type": "pt",
        "name": "Genève, Alpes",
        "hub_id": 25
      },
      "geometry": {
        "type": "Point",
        "coordinates": [
          6.14718946,
          46.2090242
        ]
      }
    },
    {
      "type": "Feature",
      "properties": {
        "station_id": "pts_Parent8592779",
        "station_type": "pt",
        "name": "Genève, Athénée",
        "hub_id": 2
      },
      "geometry": {
        "type": "Point",
        "coordinates": [
          6.1489232,
          46.19815649999999
        ]
      }
    },
    {
      "type": "Feature",
      "properties": {
        "station_id": "pts_Parent8592792",
        "station_type": "pt",
        "name": "Genève, Bourg-de-Four",
        "hub_id": 24
      },
      "geometry": {
        "type": "Point",
        "coordinates": [
          6.14860879,
          46.20015239
        ]
      }
    },
    {
      "type": "Feature",
      "properties": {
        "station_id": "pts_Parent8592794",
        "station_type": "pt",
        "name": "Genève, Bovy-Lysberg",
        "hub_id": 0
      },
      "geometry": {
        "type": "Point",
        "coordinates": [
          6.14294042,
          46.20238446
        ]
      }
    },
    {
      "type": "Feature",
      "properties": {
        "station_id": "pts_Parent8592799",
        "station_type": "pt",
        "name": "Genève, Cathédrale",
        "hub_id": 24
      },
      "geometry": {
        "type": "Point",
        "coordinates": [
          6.14781828,
          46.20146429
        ]
      }
    },
    {
      "type": "Feature",
      "properties": {
        "station_id": "pts_Parent8592801",
        "station_type": "pt",
        "name": "Genève, Chantepoulet",
        "hub_id": 6
      },
      "geometry": {
        "type": "Point",
        "coordinates": [
          6.14355128,
          46.20815387
        ]
      }
    },
    {
      "type": "Feature",
      "properties": {
        "station_id": "pts_Parent8592804",
        "station_type": "pt",
        "name": "Genève, Cirque",
        "hub_id": 7
      },
      "geometry": {
        "type": "Point",
        "coordinates": [
          6.14032633,
          46.20108502
        ]
      }
    },
    {
      "type": "Feature",
      "properties": {
        "station_id": "pts_Parent8592812",
        "station_type": "pt",
        "name": "Genève, Coutance",
        "hub_id": 8
      },
      "geometry": {
        "type": "Point",
        "coordinates": [
          6.14219482,
          46.20744516
        ]
      }
    },
    {
      "type": "Feature",
      "properties": {
        "station_id": "pts_Parent8592820",
        "station_type": "pt",
        "name": "Genève, Eglise Russe",
        "hub_id": 2
      },
      "geometry": {
        "type": "Point",
        "coordinates": [
          6.15280393,
          46.19841764
        ]
      }
    },
    {
      "type": "Feature",
      "properties": {
        "station_id": "pts_Parent8592830",
        "station_type": "pt",
        "name": "Genève, Gautier",
        "hub_id": 21
      },
      "geometry": {
        "type": "Point",
        "coordinates": [
          6.15049526,
          46.21351862
        ]
      }
    },
    {
      "type": "Feature",
      "properties": {
        "station_id": "pts_Parent8592831",
        "station_type": "pt",
        "name": "Genève, Goulart",
        "hub_id": 8
      },
      "geometry": {
        "type": "Point",
        "coordinates": [
          6.14144922,
          46.20753841
        ]
      }
    },
    {
      "type": "Feature",
      "properties": {
        "station_id": "pts_Parent8592838",
        "station_type": "pt",
        "name": "Genève, Hôtel-de-Ville",
        "hub_id": 24
      },
      "geometry": {
        "type": "Point",
        "coordinates": [
          6.14662352,
          46.20109124
        ]
      }
    },
    {
      "type": "Feature",
      "properties": {
        "station_id": "pts_Parent8592841",
        "station_type": "pt",
        "name": "Genève, Mercier",
        "hub_id": 3
      },
      "geometry": {
        "type": "Point",
        "coordinates": [
          6.13953581,
          46.20686699
        ]
      }
    },
    {
      "type": "Feature",
      "properties": {
        "station_id": "pts_Parent8592850",
        "station_type": "pt",
        "name": "Genève, Lyon",
        "hub_id": 18
      },
      "geometry": {
        "type": "Point",
        "coordinates": [
          6.13830512,
          46.20980749
        ]
      }
    },
    {
      "type": "Feature",
      "properties": {
        "station_id": "pts_Parent8592851",
        "station_type": "pt",
        "name": "Genève, Musée art et histoire",
        "hub_id": 2
      },
      "geometry": {
        "type": "Point",
        "coordinates": [
          6.15114204,
          46.1996301
        ]
      }
    },
    {
      "type": "Feature",
      "properties": {
        "station_id": "pts_Parent8592856",
        "station_type": "pt",
        "name": "Genève, Métropole",
        "hub_id": 12
      },
      "geometry": {
        "type": "Point",
        "coordinates": [
          6.15151934,
          46.20339787999998
        ]
      }
    },
    {
      "type": "Feature",
      "properties": {
        "station_id": "pts_Parent8592862",
        "station_type": "pt",
        "name": "Genève, Molard",
        "hub_id": 14
      },
      "geometry": {
        "type": "Point",
        "coordinates": [
          6.14718047,
          46.20311189
        ]
      }
    },
    {
      "type": "Feature",
      "properties": {
        "station_id": "pts_Parent8592863",
        "station_type": "pt",
        "name": "Genève, Môle",
        "hub_id": 15
      },
      "geometry": {
        "type": "Point",
        "coordinates": [
          6.14549164,
          46.21315187
        ]
      }
    },
    {
      "type": "Feature",
      "properties": {
        "station_id": "pts_Parent8592864",
        "station_type": "pt",
        "name": "Genève, Mont-Blanc",
        "hub_id": 25
      },
      "geometry": {
        "type": "Point",
        "coordinates": [
          6.14699183,
          46.20734569
        ]
      }
    },
    {
      "type": "Feature",
      "properties": {
        "station_id": "pts_Parent8592866",
        "station_type": "pt",
        "name": "Genève, Monthoux",
        "hub_id": 5
      },
      "geometry": {
        "type": "Point",
        "coordinates": [
          6.148501,
          46.21047887
        ]
      }
    },
    {
      "type": "Feature",
      "properties": {
        "station_id": "pts_Parent8592871",
        "station_type": "pt",
        "name": "Genève, Navigation",
        "hub_id": 5
      },
      "geometry": {
        "type": "Point",
        "coordinates": [
          6.14964186,
          46.21188998
        ]
      }
    },
    {
      "type": "Feature",
      "properties": {
        "station_id": "pts_Parent8592873",
        "station_type": "pt",
        "name": "Genève, Ormeaux",
        "hub_id": 3
      },
      "geometry": {
        "type": "Point",
        "coordinates": [
          6.13652645,
          46.2060215
        ]
      }
    },
    {
      "type": "Feature",
      "properties": {
        "station_id": "pts_Parent8592879",
        "station_type": "pt",
        "name": "Genève,Conservatoire populaire",
        "hub_id": 2
      },
      "geometry": {
        "type": "Point",
        "coordinates": [
          6.15169002,
          46.1976342
        ]
      }
    },
    {
      "type": "Feature",
      "properties": {
        "station_id": "pts_Parent8592883",
        "station_type": "pt",
        "name": "Genève, Place des Eaux-Vives",
        "hub_id": 4
      },
      "geometry": {
        "type": "Point",
        "coordinates": [
          6.15601091,
          46.2022912
        ]
      }
    },
    {
      "type": "Feature",
      "properties": {
        "station_id": "pts_Parent8592885",
        "station_type": "pt",
        "name": "Genève, Place de Neuve",
        "hub_id": 0
      },
      "geometry": {
        "type": "Point",
        "coordinates": [
          6.1441801,
          46.20119692999999
        ]
      }
    },
    {
      "type": "Feature",
      "properties": {
        "station_id": "pts_Parent8592888",
        "station_type": "pt",
        "name": "Genève, poste",
        "hub_id": 17
      },
      "geometry": {
        "type": "Point",
        "coordinates": [
          6.14123363,
          46.21293431
        ]
      }
    },
    {
      "type": "Feature",
      "properties": {
        "station_id": "pts_Parent8592890",
        "station_type": "pt",
        "name": "Genève, Prairie",
        "hub_id": 26
      },
      "geometry": {
        "type": "Point",
        "coordinates": [
          6.13574492,
          46.208495789999986
        ]
      }
    },
    {
      "type": "Feature",
      "properties": {
        "station_id": "pts_Parent8592900",
        "station_type": "pt",
        "name": "Genève, Rue du Lac",
        "hub_id": 10
      },
      "geometry": {
        "type": "Point",
        "coordinates": [
          6.15801415,
          46.203839299999984
        ]
      }
    },
    {
      "type": "Feature",
      "properties": {
        "station_id": "pts_Parent8592906",
        "station_type": "pt",
        "name": "Genève, Stand",
        "hub_id": 19
      },
      "geometry": {
        "type": "Point",
        "coordinates": [
          6.13988615,
          46.20369009
        ]
      }
    },
    {
      "type": "Feature",
      "properties": {
        "station_id": "pts_Parent8592907",
        "station_type": "pt",
        "name": "Genève, Saint-Antoine",
        "hub_id": 2
      },
      "geometry": {
        "type": "Point",
        "coordinates": [
          6.15098035,
          46.1999099
        ]
      }
    },
    {
      "type": "Feature",
      "properties": {
        "station_id": "pts_Parent8592909",
        "station_type": "pt",
        "name": "Genève, Taconnerie",
        "hub_id": 24
      },
      "geometry": {
        "type": "Point",
        "coordinates": [
          6.14784523,
          46.2004757
        ]
      }
    },
    {
      "type": "Feature",
      "properties": {
        "station_id": "pts_Parent8592910",
        "station_type": "pt",
        "name": "Genève, Terrassière",
        "hub_id": 4
      },
      "geometry": {
        "type": "Point",
        "coordinates": [
          6.15641515,
          46.2010788
        ]
      }
    },
    {
      "type": "Feature",
      "properties": {
        "station_id": "pts_Parent8592925",
        "station_type": "pt",
        "name": "Genève, Vollandes",
        "hub_id": 22
      },
      "geometry": {
        "type": "Point",
        "coordinates": [
          6.16028689,
          46.20523194
        ]
      }
    },
    {
      "type": "Feature",
      "properties": {
        "station_id": "pts_Parent8595021",
        "station_type": "pt",
        "name": "Genève, Palais Eynard",
        "hub_id": 24
      },
      "geometry": {
        "type": "Point",
        "coordinates": [
          6.14712657,
          46.19988503
        ]
      }
    },
    {
      "type": "Feature",
      "properties": {
        "station_id": "pts_Parent8595022",
        "station_type": "pt",
        "name": "Genève, Théâtre",
        "hub_id": 0
      },
      "geometry": {
        "type": "Point",
        "coordinates": [
          6.14185346,
          46.20217307
        ]
      }
    }
  ]
}